numero_controle_pncp;numero_item;descricao;material_ou_servico;quantidade;unidade_original;unidade_normalizada;fator_conversao;evidencia_conversao;valor_unitario_estimado;valor_total_estimado;orcamento_sigiloso;situacao_compra_item_id;situacao_compra_item_nome;tem_resultado;ncm_nbs_codigo;catalogo_codigo_item;categoria_item_catalogo;data_inclusao;data_atualizacao;classificacao_status;classificacao_produto_id;classificacao_linha;classificacao_motivo;classificacao_regra_versao;resultados_status;raw_json;captured_at;cnpj;orgao_razao_social;esfera_classificada;esfera_id;unidade_codigo;unidade_nome;municipio_nome;uf_sigla;modalidade_id;modalidade_nome;srp;data_publicacao_pncp;data_abertura_proposta;data_encerramento_proposta;situacao_compra_id;situacao_compra_nome;especificacao_chave;quantidade_homologada_total;valor_homologado_elegivel;n_resultados_elegiveis;n_fornecedores_vencedores;homologado_acima_da_quantidade_flag;base_estimada_pareada;desagio_pct;desagio_negativo_flag;produto_id;linha;produto_nome;ncm_referencia
23066640000108-1-000002/2025;1;Apito;M;23.0;Unidade  ;unidade;1.0;unidade original ja comparavel (sem conversao);22.75;523.25;0;2;Homologado;1;;;;2025-01-07T07:13:25;2025-09-16T19:26:01;ACEITO;E12;esportivo;casou regra de identidade do produto E12;v2;ok;"{""numeroItem"": 1, ""descricao"": ""Apito"", ""materialOuServico"": ""M"", ""materialOuServicoNome"": ""Material"", ""valorUnitarioEstimado"": 22.75, ""valorTotal"": 523.25, ""quantidade"": 23.0, ""unidadeMedida"": ""Unidade  "", ""orcamentoSigiloso"": false, ""itemCategoriaId"": 3, ""itemCategoriaNome"": ""Não se aplica"", ""patrimonio"": null, ""codigoRegistroImobiliario"": null, ""criterioJulgamentoId"": 1, ""criterioJulgamentoNome"": ""Menor preço"", ""situacaoCompraItem"": 2, ""situacaoCompraItemNome"": ""Homologado"", ""tipoBeneficio"": 5, ""tipoBeneficioNome"": ""Não se aplica"", ""incentivoProdutivoBasico"": false, ""dataInclusao"": ""2025-01-07T07:13:25"", ""dataAtualizacao"": ""2025-09-16T19:26:01"", ""temResultado"": true, ""imagem"": 0, ""aplicabilidadeMargemPreferenciaNormal"": false, ""aplicabilidadeMargemPreferenciaAdicional"": false, ""percentualMargemPreferenciaNormal"": null, ""percentualMargemPreferenciaAdicional"": null, ""ncmNbsCodigo"": null, ""ncmNbsDescricao"": null, ""catalogo"": null, ""categoriaItemCatalogo"": null, ""catalogoCodigoItem"": null, ""informacaoComplementar"": null, ""tipoMargemPreferencia"": null, ""exigenciaConteudoNacional"": false}";2026-09-12T19:08:40.895761;23066640000108;MUNICIPIO DE SANTANA;municipal;M;980615;PREFEITURA MUNICIPAL DE SANTANA - AP;Santana;AP;6;Pregão - Eletrônico;0;2025-01-07T07:13:25;2025-01-07T08:00:00;2025-02-13T09:00:00;1;Divulgada no PNCP;generico;23.0;523.25;1.0;1.0;False;523.25;0.0;False;E12;esportivo;Apito de arbitro;9208.90.00
23066640000108-1-000002/2025;2;Bola Futebol;M;323.0;Unidade  ;unidade;1.0;unidade original ja comparavel (sem conversao);170.51;55074.73;0;2;Homologado;1;;;;2025-01-07T07:13:25;2025-07-22T19:15:31;ACEITO;E01;esportivo;casou regra de identidade do produto E01;v2;nao_consultado;"{""numeroItem"": 2, ""descricao"": ""Bola Futebol"", ""materialOuServico"": ""M"", ""materialOuServicoNome"": ""Material"", ""valorUnitarioEstimado"": 170.51, ""valorTotal"": 55074.73, ""quantidade"": 323.0, ""unidadeMedida"": ""Unidade  "", ""orcamentoSigiloso"": false, ""itemCategoriaId"": 3, ""itemCategoriaNome"": ""Não se aplica"", ""patrimonio"": null, ""codigoRegistroImobiliario"": null, ""criterioJulgamentoId"": 1, ""criterioJulgamentoNome"": ""Menor preço"", ""situacaoCompraItem"": 2, ""situacaoCompraItemNome"": ""Homologado"", ""tipoBeneficio"": 5, ""tipoBeneficioNome"": ""Não se aplica"", ""incentivoProdutivoBasico"": false, ""dataInclusao"": ""2025-01-07T07:13:25"", ""dataAtualizacao"": ""2025-07-22T19:15:31"", ""temResultado"": true, ""imagem"": 0, ""aplicabilidadeMargemPreferenciaNormal"": false, ""aplicabilidadeMargemPreferenciaAdicional"": false, ""percentualMargemPreferenciaNormal"": null, ""percentualMargemPreferenciaAdicional"": null, ""ncmNbsCodigo"": null, ""ncmNbsDescricao"": null, ""catalogo"": null, ""categoriaItemCatalogo"": null, ""catalogoCodigoItem"": null, ""informacaoComplementar"": null, ""tipoMargemPreferencia"": null, ""exigenciaConteudoNacional"": false}";2026-09-12T19:08:40.895761;23066640000108;MUNICIPIO DE SANTANA;municipal;M;980615;PREFEITURA MUNICIPAL DE SANTANA - AP;Santana;AP;6;Pregão - Eletrônico;0;2025-01-07T07:13:25;2025-01-07T08:00:00;2025-02-13T09:00:00;1;Divulgada no PNCP;generico;0.0;0.0;;;False;;;False;E01;esportivo;Bola de futebol de campo;9506.62.00
23066640000108-1-000002/2025;3;Bola Voleibol;M;30.0;Unidade  ;unidade;1.0;unidade original ja comparavel (sem conversao);120.33;3609.9;0;2;Homologado;1;;;;2025-01-07T07:13:25;2025-09-16T19:26:02;ACEITO;E03;esportivo;casou regra de identidade do produto E03;v2;ok;"{""numeroItem"": 3, ""descricao"": ""Bola Voleibol"", ""materialOuServico"": ""M"", ""materialOuServicoNome"": ""Material"", ""valorUnitarioEstimado"": 120.33, ""valorTotal"": 3609.9, ""quantidade"": 30.0, ""unidadeMedida"": ""Unidade  "", ""orcamentoSigiloso"": false, ""itemCategoriaId"": 3, ""itemCategoriaNome"": ""Não se aplica"", ""patrimonio"": null, ""codigoRegistroImobiliario"": null, ""criterioJulgamentoId"": 1, ""criterioJulgamentoNome"": ""Menor preço"", ""situacaoCompraItem"": 2, ""situacaoCompraItemNome"": ""Homologado"", ""tipoBeneficio"": 5, ""tipoBeneficioNome"": ""Não se aplica"", ""incentivoProdutivoBasico"": false, ""dataInclusao"": ""2025-01-07T07:13:25"", ""dataAtualizacao"": ""2025-09-16T19:26:02"", ""temResultado"": true, ""imagem"": 0, ""aplicabilidadeMargemPreferenciaNormal"": false, ""aplicabilidadeMargemPreferenciaAdicional"": false, ""percentualMargemPreferenciaNormal"": null, ""percentualMargemPreferenciaAdicional"": null, ""ncmNbsCodigo"": null, ""ncmNbsDescricao"": null, ""catalogo"": null, ""categoriaItemCatalogo"": null, ""catalogoCodigoItem"": null, ""informacaoComplementar"": null, ""tipoMargemPreferencia"": null, ""exigenciaConteudoNacional"": false}";2026-09-12T19:08:40.895761;23066640000108;MUNICIPIO DE SANTANA;municipal;M;980615;PREFEITURA MUNICIPAL DE SANTANA - AP;Santana;AP;6;Pregão - Eletrônico;0;2025-01-07T07:13:25;2025-01-07T08:00:00;2025-02-13T09:00:00;1;Divulgada no PNCP;generico;30.0;3609.9;1.0;1.0;False;3609.9;0.0;False;E03;esportivo;Bola de volei;9506.62.00
23066640000108-1-000002/2025;4;Bola Basquetebol;M;15.0;Unidade  ;unidade;1.0;unidade original ja comparavel (sem conversao);172.0;2580.0;0;2;Homologado;1;;;;2025-01-07T07:13:25;2025-07-22T19:17:09;ACEITO;E04;esportivo;casou regra de identidade do produto E04;v2;ok;"{""numeroItem"": 4, ""descricao"": ""Bola Basquetebol"", ""materialOuServico"": ""M"", ""materialOuServicoNome"": ""Material"", ""valorUnitarioEstimado"": 172.0, ""valorTotal"": 2580.0, ""quantidade"": 15.0, ""unidadeMedida"": ""Unidade  "", ""orcamentoSigiloso"": false, ""itemCategoriaId"": 3, ""itemCategoriaNome"": ""Não se aplica"", ""patrimonio"": null, ""codigoRegistroImobiliario"": null, ""criterioJulgamentoId"": 1, ""criterioJulgamentoNome"": ""Menor preço"", ""situacaoCompraItem"": 2, ""situacaoCompraItemNome"": ""Homologado"", ""tipoBeneficio"": 5, ""tipoBeneficioNome"": ""Não se aplica"", ""incentivoProdutivoBasico"": false, ""dataInclusao"": ""2025-01-07T07:13:25"", ""dataAtualizacao"": ""2025-07-22T19:17:09"", ""temResultado"": true, ""imagem"": 0, ""aplicabilidadeMargemPreferenciaNormal"": false, ""aplicabilidadeMargemPreferenciaAdicional"": false, ""percentualMargemPreferenciaNormal"": null, ""percentualMargemPreferenciaAdicional"": null, ""ncmNbsCodigo"": null, ""ncmNbsDescricao"": null, ""catalogo"": null, ""categoriaItemCatalogo"": null, ""catalogoCodigoItem"": null, ""informacaoComplementar"": null, ""tipoMargemPreferencia"": null, ""exigenciaConteudoNacional"": false}";2026-09-12T19:08:40.895761;23066640000108;MUNICIPIO DE SANTANA;municipal;M;980615;PREFEITURA MUNICIPAL DE SANTANA - AP;Santana;AP;6;Pregão - Eletrônico;0;2025-01-07T07:13:25;2025-01-07T08:00:00;2025-02-13T09:00:00;1;Divulgada no PNCP;generico;15.0;742.5;1.0;1.0;False;2580.0;71.22093023255813;False;E04;esportivo;Bola de basquete;9506.62.00
34869354000199-1-000208/2024;2;Apagador quadro branco;M;100.0;Unidade;unidade;1.0;unidade original ja comparavel (sem conversao);23.19;2319.0;0;2;Homologado;1;;;;2025-01-08T07:09:16;2025-02-05T16:42:24;ACEITO;P19;educativo;casou regra de identidade do produto P19;v2;ok;"{""numeroItem"": 2, ""descricao"": ""Apagador quadro branco"", ""materialOuServico"": ""M"", ""materialOuServicoNome"": ""Material"", ""valorUnitarioEstimado"": 23.19, ""valorTotal"": 2319.0, ""quantidade"": 100.0, ""unidadeMedida"": ""Unidade"", ""orcamentoSigiloso"": false, ""itemCategoriaId"": 3, ""itemCategoriaNome"": ""Não se aplica"", ""patrimonio"": null, ""codigoRegistroImobiliario"": null, ""criterioJulgamentoId"": 1, ""criterioJulgamentoNome"": ""Menor preço"", ""situacaoCompraItem"": 2, ""situacaoCompraItemNome"": ""Homologado"", ""tipoBeneficio"": 1, ""tipoBeneficioNome"": ""Participação exclusiva para ME/EPP"", ""incentivoProdutivoBasico"": false, ""dataInclusao"": ""2025-01-08T07:09:16"", ""dataAtualizacao"": ""2025-02-05T16:42:24"", ""temResultado"": true, ""imagem"": 0, ""aplicabilidadeMargemPreferenciaNormal"": false, ""aplicabilidadeMargemPreferenciaAdicional"": false, ""percentualMargemPreferenciaNormal"": null, ""percentualMargemPreferenciaAdicional"": null, ""ncmNbsCodigo"": null, ""ncmNbsDescricao"": null, ""catalogo"": null, ""categoriaItemCatalogo"": null, ""catalogoCodigoItem"": null, ""informacaoComplementar"": null, ""tipoMargemPreferencia"": null, ""exigenciaConteudoNacional"": false}";2026-09-12T19:08:44.702689;34869354000199;MINISTERIO PUBLICO DO ESTADO DO AMAPA;estadual;E;925037;MINISTéRIO PúBLICO DO ESTADO DO AMAPá;Macapá;AP;6;Pregão - Eletrônico;1;2025-01-08T07:09:16;2025-01-08T08:00:00;2025-01-20T10:00:00;1;Divulgada no PNCP;generico;100.0;533.0;1.0;1.0;False;2319.0;77.01595515308323;False;P19;educativo;Apagador para quadro/lousa;9603.90.00
34869354000199-1-000208/2024;3;Apontador lápis;M;500.0;Unidade;unidade;1.0;unidade original ja comparavel (sem conversao);5.37;2685.0;0;2;Homologado;1;;;;2025-01-08T07:09:16;2025-09-16T23:48:28;ACEITO;P08;educativo;casou regra de identidade do produto P08;v2;nao_consultado;"{""numeroItem"": 3, ""descricao"": ""Apontador lápis"", ""materialOuServico"": ""M"", ""materialOuServicoNome"": ""Material"", ""valorUnitarioEstimado"": 5.37, ""valorTotal"": 2685.0, ""quantidade"": 500.0, ""unidadeMedida"": ""Unidade"", ""orcamentoSigiloso"": false, ""itemCategoriaId"": 3, ""itemCategoriaNome"": ""Não se aplica"", ""patrimonio"": null, ""codigoRegistroImobiliario"": null, ""criterioJulgamentoId"": 1, ""criterioJulgamentoNome"": ""Menor preço"", ""situacaoCompraItem"": 2, ""situacaoCompraItemNome"": ""Homologado"", ""tipoBeneficio"": 1, ""tipoBeneficioNome"": ""Participação exclusiva para ME/EPP"", ""incentivoProdutivoBasico"": false, ""dataInclusao"": ""2025-01-08T07:09:16"", ""dataAtualizacao"": ""2025-09-16T23:48:28"", ""temResultado"": true, ""imagem"": 0, ""aplicabilidadeMargemPreferenciaNormal"": false, ""aplicabilidadeMargemPreferenciaAdicional"": false, ""percentualMargemPreferenciaNormal"": null, ""percentualMargemPreferenciaAdicional"": null, ""ncmNbsCodigo"": null, ""ncmNbsDescricao"": null, ""catalogo"": null, ""categoriaItemCatalogo"": null, ""catalogoCodigoItem"": null, ""informacaoComplementar"": null, ""tipoMargemPreferencia"": null, ""exigenciaConteudoNacional"": false}";2026-09-12T19:08:44.702689;34869354000199;MINISTERIO PUBLICO DO ESTADO DO AMAPA;estadual;E;925037;MINISTéRIO PúBLICO DO ESTADO DO AMAPá;Macapá;AP;6;Pregão - Eletrônico;1;2025-01-08T07:09:16;2025-01-08T08:00:00;2025-01-20T10:00:00;1;Divulgada no PNCP;generico;0.0;0.0;;;False;;;False;P08;educativo;Apontador de lapis;8214.10.00
34869354000199-1-000208/2024;4;Lápis Preto;M;70.0;Caixa 12,00 UN;Caixa 12,00 UN;;"unidade nao reconhecida no dicionario; preservada como original";30.71;2149.7;0;2;Homologado;1;;;;2025-01-08T07:09:16;2025-09-16T23:48:29;ACEITO;P05;educativo;casou regra de identidade do produto P05;v2;ok;"{""numeroItem"": 4, ""descricao"": ""Lápis Preto"", ""materialOuServico"": ""M"", ""materialOuServicoNome"": ""Material"", ""valorUnitarioEstimado"": 30.71, ""valorTotal"": 2149.7, ""quantidade"": 70.0, ""unidadeMedida"": ""Caixa 12,00 UN"", ""orcamentoSigiloso"": false, ""itemCategoriaId"": 3, ""itemCategoriaNome"": ""Não se aplica"", ""patrimonio"": null, ""codigoRegistroImobiliario"": null, ""criterioJulgamentoId"": 1, ""criterioJulgamentoNome"": ""Menor preço"", ""situacaoCompraItem"": 2, ""situacaoCompraItemNome"": ""Homologado"", ""tipoBeneficio"": 1, ""tipoBeneficioNome"": ""Participação exclusiva para ME/EPP"", ""incentivoProdutivoBasico"": false, ""dataInclusao"": ""2025-01-08T07:09:16"", ""dataAtualizacao"": ""2025-09-16T23:48:29"", ""temResultado"": true, ""imagem"": 0, ""aplicabilidadeMargemPreferenciaNormal"": false, ""aplicabilidadeMargemPreferenciaAdicional"": false, ""percentualMargemPreferenciaNormal"": null, ""percentualMargemPreferenciaAdicional"": null, ""ncmNbsCodigo"": null, ""ncmNbsDescricao"": null, ""catalogo"": null, ""categoriaItemCatalogo"": null, ""catalogoCodigoItem"": null, ""informacaoComplementar"": null, ""tipoMargemPreferencia"": null, ""exigenciaConteudoNacional"": false}";2026-09-12T19:08:44.704195;34869354000199;MINISTERIO PUBLICO DO ESTADO DO AMAPA;estadual;E;925037;MINISTéRIO PúBLICO DO ESTADO DO AMAPá;Macapá;AP;6;Pregão - Eletrônico;1;2025-01-08T07:09:16;2025-01-08T08:00:00;2025-01-20T10:00:00;1;Divulgada no PNCP;generico;70.0;453.6;1.0;1.0;False;2149.7000000000003;78.89938130901987;False;P05;educativo;Lapis grafite numero 2/HB;9609.10.00
34869354000199-1-000208/2024;6;Caneta Esferográfica;M;250.0;Caixa 12,00 UN;Caixa 12,00 UN;;"unidade nao reconhecida no dicionario; preservada como original";50.03;12507.5;0;2;Homologado;1;;;;2025-01-08T07:09:16;2025-09-16T23:48:29;ACEITO;P06;educativo;casou regra de identidade do produto P06;v2;ok;"{""numeroItem"": 6, ""descricao"": ""Caneta Esferográfica"", ""materialOuServico"": ""M"", ""materialOuServicoNome"": ""Material"", ""valorUnitarioEstimado"": 50.03, ""valorTotal"": 12507.5, ""quantidade"": 250.0, ""unidadeMedida"": ""Caixa 12,00 UN"", ""orcamentoSigiloso"": false, ""itemCategoriaId"": 3, ""itemCategoriaNome"": ""Não se aplica"", ""patrimonio"": null, ""codigoRegistroImobiliario"": null, ""criterioJulgamentoId"": 1, ""criterioJulgamentoNome"": ""Menor preço"", ""situacaoCompraItem"": 2, ""situacaoCompraItemNome"": ""Homologado"", ""tipoBeneficio"": 1, ""tipoBeneficioNome"": ""Participação exclusiva para ME/EPP"", ""incentivoProdutivoBasico"": false, ""dataInclusao"": ""2025-01-08T07:09:16"", ""dataAtualizacao"": ""2025-09-16T23:48:29"", ""temResultado"": true, ""imagem"": 0, ""aplicabilidadeMargemPreferenciaNormal"": false, ""aplicabilidadeMargemPreferenciaAdicional"": false, ""percentualMargemPreferenciaNormal"": null, ""percentualMargemPreferenciaAdicional"": null, ""ncmNbsCodigo"": null, ""ncmNbsDescricao"": null, ""catalogo"": null, ""categoriaItemCatalogo"": null, ""catalogoCodigoItem"": null, ""informacaoComplementar"": null, ""tipoMargemPreferencia"": null, ""exigenciaConteudoNacional"": false}";2026-09-12T19:08:44.704195;34869354000199;MINISTERIO PUBLICO DO ESTADO DO AMAPA;estadual;E;925037;MINISTéRIO PúBLICO DO ESTADO DO AMAPá;Macapá;AP;6;Pregão - Eletrônico;1;2025-01-08T07:09:16;2025-01-08T08:00:00;2025-01-20T10:00:00;1;Divulgada no PNCP;generico;250.0;4050.0;1.0;1.0;False;12507.5;67.6194283429942;False;P06;educativo;Caneta esferografica azul/preta/vermelha;9608.10.00
34869354000199-1-000208/2024;7;Caneta Esferográfica;M;150.0;Caixa 12,00 UN;Caixa 12,00 UN;;"unidade nao reconhecida no dicionario; preservada como original";50.03;7504.5;0;2;Homologado;1;;;;2025-01-08T07:09:16;2025-02-05T16:42:22;ACEITO;P06;educativo;casou regra de identidade do produto P06;v2;ok;"{""numeroItem"": 7, ""descricao"": ""Caneta Esferográfica"", ""materialOuServico"": ""M"", ""materialOuServicoNome"": ""Material"", ""valorUnitarioEstimado"": 50.03, ""valorTotal"": 7504.5, ""quantidade"": 150.0, ""unidadeMedida"": ""Caixa 12,00 UN"", ""orcamentoSigiloso"": false, ""itemCategoriaId"": 3, ""itemCategoriaNome"": ""Não se aplica"", ""patrimonio"": null, ""codigoRegistroImobiliario"": null, ""criterioJulgamentoId"": 1, ""criterioJulgamentoNome"": ""Menor preço"", ""situacaoCompraItem"": 2, ""situacaoCompraItemNome"": ""Homologado"", ""tipoBeneficio"": 1, ""tipoBeneficioNome"": ""Participação exclusiva para ME/EPP"", ""incentivoProdutivoBasico"": false, ""dataInclusao"": ""2025-01-08T07:09:16"", ""dataAtualizacao"": ""2025-02-05T16:42:22"", ""temResultado"": true, ""imagem"": 0, ""aplicabilidadeMargemPreferenciaNormal"": false, ""aplicabilidadeMargemPreferenciaAdicional"": false, ""percentualMargemPreferenciaNormal"": null, ""percentualMargemPreferenciaAdicional"": null, ""ncmNbsCodigo"": null, ""ncmNbsDescricao"": null, ""catalogo"": null, ""categoriaItemCatalogo"": null, ""catalogoCodigoItem"": null, ""informacaoComplementar"": null, ""tipoMargemPreferencia"": null, ""exigenciaConteudoNacional"": false}";2026-09-12T19:08:44.704195;34869354000199;MINISTERIO PUBLICO DO ESTADO DO AMAPA;estadual;E;925037;MINISTéRIO PúBLICO DO ESTADO DO AMAPá;Macapá;AP;6;Pregão - Eletrônico;1;2025-01-08T07:09:16;2025-01-08T08:00:00;2025-01-20T10:00:00;1;Divulgada no PNCP;generico;150.0;2430.0;1.0;1.0;False;7504.5;67.6194283429942;False;P06;educativo;Caneta esferografica azul/preta/vermelha;9608.10.00
34869354000199-1-000208/2024;8;Caneta Esferográfica;M;100.0;Caixa 12,00 UN;Caixa 12,00 UN;;"unidade nao reconhecida no dicionario; preservada como original";50.03;5003.0;0;2;Homologado;1;;;;2025-01-08T07:09:16;2025-09-16T23:48:29;ACEITO;P06;educativo;casou regra de identidade do produto P06;v2;ok;"{""numeroItem"": 8, ""descricao"": ""Caneta Esferográfica"", ""materialOuServico"": ""M"", ""materialOuServicoNome"": ""Material"", ""valorUnitarioEstimado"": 50.03, ""valorTotal"": 5003.0, ""quantidade"": 100.0, ""unidadeMedida"": ""Caixa 12,00 UN"", ""orcamentoSigiloso"": false, ""itemCategoriaId"": 3, ""itemCategoriaNome"": ""Não se aplica"", ""patrimonio"": null, ""codigoRegistroImobiliario"": null, ""criterioJulgamentoId"": 1, ""criterioJulgamentoNome"": ""Menor preço"", ""situacaoCompraItem"": 2, ""situacaoCompraItemNome"": ""Homologado"", ""tipoBeneficio"": 1, ""tipoBeneficioNome"": ""Participação exclusiva para ME/EPP"", ""incentivoProdutivoBasico"": false, ""dataInclusao"": ""2025-01-08T07:09:16"", ""dataAtualizacao"": ""2025-09-16T23:48:29"", ""temResultado"": true, ""imagem"": 0, ""aplicabilidadeMargemPreferenciaNormal"": false, ""aplicabilidadeMargemPreferenciaAdicional"": false, ""percentualMargemPreferenciaNormal"": null, ""percentualMargemPreferenciaAdicional"": null, ""ncmNbsCodigo"": null, ""ncmNbsDescricao"": null, ""catalogo"": null, ""categoriaItemCatalogo"": null, ""catalogoCodigoItem"": null, ""informacaoComplementar"": null, ""tipoMargemPreferencia"": null, ""exigenciaConteudoNacional"": false}";2026-09-12T19:08:44.704195;34869354000199;MINISTERIO PUBLICO DO ESTADO DO AMAPA;estadual;E;925037;MINISTéRIO PúBLICO DO ESTADO DO AMAPá;Macapá;AP;6;Pregão - Eletrônico;1;2025-01-08T07:09:16;2025-01-08T08:00:00;2025-01-20T10:00:00;1;Divulgada no PNCP;generico;100.0;1620.0;1.0;1.0;False;5003.0;67.6194283429942;False;P06;educativo;Caneta esferografica azul/preta/vermelha;9608.10.00
23066905000160-1-000003/2025;4;APAGADOR DE QUADRO BRANCO COM COMPARTIMENTO PARA PINCEL                      Cor: Suporte transparente e feltro preto, composição: Resina termoplástica.;M;2025.0;UNID.;UNID.;;"unidade nao reconhecida no dicionario; preservada como original";8.5933;17401.4325;0;2;Homologado;1;;;;2025-01-08T14:38:51;2025-02-05T11:28:16;ACEITO;P19;educativo;casou regra de identidade do produto P19;v2;ok;"{""numeroItem"": 4, ""descricao"": ""APAGADOR DE QUADRO BRANCO COM COMPARTIMENTO PARA PINCEL                      Cor: Suporte transparente e feltro preto, composição: Resina termoplástica."", ""materialOuServico"": ""M"", ""materialOuServicoNome"": ""Material"", ""valorUnitarioEstimado"": 8.5933, ""valorTotal"": 17401.4325, ""quantidade"": 2025.0, ""unidadeMedida"": ""UNID."", ""orcamentoSigiloso"": false, ""itemCategoriaId"": 3, ""itemCategoriaNome"": ""Não se aplica"", ""patrimonio"": null, ""codigoRegistroImobiliario"": null, ""criterioJulgamentoId"": 1, ""criterioJulgamentoNome"": ""Menor preço"", ""situacaoCompraItem"": 2, ""situacaoCompraItemNome"": ""Homologado"", ""tipoBeneficio"": 4, ""tipoBeneficioNome"": ""Sem benefício"", ""incentivoProdutivoBasico"": false, ""dataInclusao"": ""2025-01-08T14:38:51"", ""dataAtualizacao"": ""2025-02-05T11:28:16"", ""temResultado"": true, ""imagem"": 0, ""aplicabilidadeMargemPreferenciaNormal"": false, ""aplicabilidadeMargemPreferenciaAdicional"": false, ""percentualMargemPreferenciaNormal"": null, ""percentualMargemPreferenciaAdicional"": null, ""ncmNbsCodigo"": null, ""ncmNbsDescricao"": null, ""catalogo"": null, ""categoriaItemCatalogo"": null, ""catalogoCodigoItem"": null, ""informacaoComplementar"": null, ""tipoMargemPreferencia"": null, ""exigenciaConteudoNacional"": false}";2026-09-12T19:08:50.385920;23066905000160;MUNICIPIO DE LARANJAL DO JARI;municipal;M;2210;MUNICIPIO DE LARANJAL DO JARI/AP;Laranjal do Jari;AP;6;Pregão - Eletrônico;1;2025-01-08T14:38:51;2025-01-10T08:00:00;2025-01-21T08:00:00;1;Divulgada no PNCP;generico;2025.0;16200.0;1.0;1.0;False;17401.4325;6.904216075314484;False;P19;educativo;Apagador para quadro/lousa;9603.90.00
23066905000160-1-000003/2025;5;APONTADOR C/DEPÓSITO                     Composição: Resina termoplástica e lâmina em aço inox. Descrição: Cores diversas: laranja, azul, rosa, verde, roxo, preto. Altura: 60 mm. Largura: 23 mm Dimensões: 15 × 10 × 10 com Peso: 0,3 kg.;M;9450.0;UNID.;UNID.;;"unidade nao reconhecida no dicionario; preservada como original";1.61;15214.5;0;2;Homologado;1;;;;2025-01-08T14:38:51;2025-02-05T11:28:20;ACEITO;P08;educativo;casou regra de identidade do produto P08;v2;nao_consultado;"{""numeroItem"": 5, ""descricao"": ""APONTADOR C/DEPÓSITO                     Composição: Resina termoplástica e lâmina em aço inox. Descrição: Cores diversas: laranja, azul, rosa, verde, roxo, preto. Altura: 60 mm. Largura: 23 mm Dimensões: 15 × 10 × 10 com Peso: 0,3 kg."", ""materialOuServico"": ""M"", ""materialOuServicoNome"": ""Material"", ""valorUnitarioEstimado"": 1.61, ""valorTotal"": 15214.5, ""quantidade"": 9450.0, ""unidadeMedida"": ""UNID."", ""orcamentoSigiloso"": false, ""itemCategoriaId"": 3, ""itemCategoriaNome"": ""Não se aplica"", ""patrimonio"": null, ""codigoRegistroImobiliario"": null, ""criterioJulgamentoId"": 1, ""criterioJulgamentoNome"": ""Menor preço"", ""situacaoCompraItem"": 2, ""situacaoCompraItemNome"": ""Homologado"", ""tipoBeneficio"": 4, ""tipoBeneficioNome"": ""Sem benefício"", ""incentivoProdutivoBasico"": false, ""dataInclusao"": ""2025-01-08T14:38:51"", ""dataAtualizacao"": ""2025-02-05T11:28:20"", ""temResultado"": true, ""imagem"": 0, ""aplicabilidadeMargemPreferenciaNormal"": false, ""aplicabilidadeMargemPreferenciaAdicional"": false, ""percentualMargemPreferenciaNormal"": null, ""percentualMargemPreferenciaAdicional"": null, ""ncmNbsCodigo"": null, ""ncmNbsDescricao"": null, ""catalogo"": null, ""categoriaItemCatalogo"": null, ""catalogoCodigoItem"": null, ""informacaoComplementar"": null, ""tipoMargemPreferencia"": null, ""exigenciaConteudoNacional"": false}";2026-09-12T19:08:50.387447;23066905000160;MUNICIPIO DE LARANJAL DO JARI;municipal;M;2210;MUNICIPIO DE LARANJAL DO JARI/AP;Laranjal do Jari;AP;6;Pregão - Eletrônico;1;2025-01-08T14:38:51;2025-01-10T08:00:00;2025-01-21T08:00:00;1;Divulgada no PNCP;generico;0.0;0.0;;;False;;;False;P08;educativo;Apontador de lapis;8214.10.00
23066905000160-1-000005/2025;2;"APONTADOR COM DEPÓSITO                         Descrição: depósito em plástico transparente; altura de 4 cm; comprimento 2,2 cm e largura 1,5 cm; o diâmetro deve ser compatível com o diâmetro do lápis grafite e lápis de cor deste instrumento.";M;7100.0;UND;unidade;1.0;unidade original ja comparavel (sem conversao);2.6866;19074.86;0;2;Homologado;1;;;;2025-01-10T10:16:31;2025-02-17T09:42:26;ACEITO;P08;educativo;casou regra de identidade do produto P08;v2;ok;"{""numeroItem"": 2, ""descricao"": ""APONTADOR COM DEPÓSITO                         Descrição: depósito em plástico transparente; altura de 4 cm; comprimento 2,2 cm e largura 1,5 cm; o diâmetro deve ser compatível com o diâmetro do lápis grafite e lápis de cor deste instrumento."", ""materialOuServico"": ""M"", ""materialOuServicoNome"": ""Material"", ""valorUnitarioEstimado"": 2.6866, ""valorTotal"": 19074.86, ""quantidade"": 7100.0, ""unidadeMedida"": ""UND"", ""orcamentoSigiloso"": false, ""itemCategoriaId"": 3, ""itemCategoriaNome"": ""Não se aplica"", ""patrimonio"": null, ""codigoRegistroImobiliario"": null, ""criterioJulgamentoId"": 1, ""criterioJulgamentoNome"": ""Menor preço"", ""situacaoCompraItem"": 2, ""situacaoCompraItemNome"": ""Homologado"", ""tipoBeneficio"": 4, ""tipoBeneficioNome"": ""Sem benefício"", ""incentivoProdutivoBasico"": false, ""dataInclusao"": ""2025-01-10T10:16:31"", ""dataAtualizacao"": ""2025-02-17T09:42:26"", ""temResultado"": true, ""imagem"": 0, ""aplicabilidadeMargemPreferenciaNormal"": false, ""aplicabilidadeMargemPreferenciaAdicional"": false, ""percentualMargemPreferenciaNormal"": null, ""percentualMargemPreferenciaAdicional"": null, ""ncmNbsCodigo"": null, ""ncmNbsDescricao"": null, ""catalogo"": null, ""categoriaItemCatalogo"": null, ""catalogoCodigoItem"": null, ""informacaoComplementar"": null, ""tipoMargemPreferencia"": null, ""exigenciaConteudoNacional"": false}";2026-09-12T19:09:08.996071;23066905000160;MUNICIPIO DE LARANJAL DO JARI;municipal;M;2210;MUNICIPIO DE LARANJAL DO JARI/AP;Laranjal do Jari;AP;6;Pregão - Eletrônico;1;2025-01-10T10:16:31;2025-01-13T08:00:00;2025-01-22T08:00:00;1;Divulgada no PNCP;generico;7100.0;10650.0;1.0;1.0;False;19074.86;44.16734906573364;False;P08;educativo;Apontador de lapis;8214.10.00
23066905000160-1-000005/2025;6;"CADERNO UNIVERSITÁRIO 12 MATÉRIAS
Descrição: material: papel ofsete, material capa: papel cartão, comprimento: 275 mm, largura: 200 mm, características adicionais: 12 materias/espiral revestido em nylon/plastificado, quantidade folhas: 240 fl.";M;5300.0;UND;unidade;1.0;unidade original ja comparavel (sem conversao);32.2266;170800.98;0;2;Homologado;1;;;;2025-01-10T10:16:31;2025-02-17T09:42:45;ACEITO;P02;educativo;casou regra de identidade do produto P02;v2;ok;"{""numeroItem"": 6, ""descricao"": ""CADERNO UNIVERSITÁRIO 12 MATÉRIAS\nDescrição: material: papel ofsete, material capa: papel cartão, comprimento: 275 mm, largura: 200 mm, características adicionais: 12 materias/espiral revestido em nylon/plastificado, quantidade folhas: 240 fl."", ""materialOuServico"": ""M"", ""materialOuServicoNome"": ""Material"", ""valorUnitarioEstimado"": 32.2266, ""valorTotal"": 170800.98, ""quantidade"": 5300.0, ""unidadeMedida"": ""UND"", ""orcamentoSigiloso"": false, ""itemCategoriaId"": 3, ""itemCategoriaNome"": ""Não se aplica"", ""patrimonio"": null, ""codigoRegistroImobiliario"": null, ""criterioJulgamentoId"": 1, ""criterioJulgamentoNome"": ""Menor preço"", ""situacaoCompraItem"": 2, ""situacaoCompraItemNome"": ""Homologado"", ""tipoBeneficio"": 4, ""tipoBeneficioNome"": ""Sem benefício"", ""incentivoProdutivoBasico"": false, ""dataInclusao"": ""2025-01-10T10:16:31"", ""dataAtualizacao"": ""2025-02-17T09:42:45"", ""temResultado"": true, ""imagem"": 0, ""aplicabilidadeMargemPreferenciaNormal"": false, ""aplicabilidadeMargemPreferenciaAdicional"": false, ""percentualMargemPreferenciaNormal"": null, ""percentualMargemPreferenciaAdicional"": null, ""ncmNbsCodigo"": null, ""ncmNbsDescricao"": null, ""catalogo"": null, ""categoriaItemCatalogo"": null, ""catalogoCodigoItem"": null, ""informacaoComplementar"": null, ""tipoMargemPreferencia"": null, ""exigenciaConteudoNacional"": false}";2026-09-12T19:09:08.997077;23066905000160;MUNICIPIO DE LARANJAL DO JARI;municipal;M;2210;MUNICIPIO DE LARANJAL DO JARI/AP;Laranjal do Jari;AP;6;Pregão - Eletrônico;1;2025-01-10T10:16:31;2025-01-13T08:00:00;2025-01-22T08:00:00;1;Divulgada no PNCP;generico;5300.0;116600.0;1.0;1.0;False;170800.97999999998;31.73341277081665;False;P02;educativo;Caderno universitario, capa dura, 10+ materias;4820.20.00
23066905000160-1-000005/2025;8;CANETA ESFEROGRÁFICA AZUL                          Descrição: Quantidade carga: 1(um), material ponta: latão com esfera de tungstênio, tipo escrita: média, cor tinta azul und 14.000   ;M;14000.0;UND;unidade;1.0;unidade original ja comparavel (sem conversao);1.0733;15026.2;0;2;Homologado;1;;;;2025-01-10T10:16:31;2025-02-17T09:42:55;ACEITO;P06;educativo;casou regra de identidade do produto P06;v2;ok;"{""numeroItem"": 8, ""descricao"": ""CANETA ESFEROGRÁFICA AZUL                          Descrição: Quantidade carga: 1(um), material ponta: latão com esfera de tungstênio, tipo escrita: média, cor tinta azul und 14.000   "", ""materialOuServico"": ""M"", ""materialOuServicoNome"": ""Material"", ""valorUnitarioEstimado"": 1.0733, ""valorTotal"": 15026.2, ""quantidade"": 14000.0, ""unidadeMedida"": ""UND"", ""orcamentoSigiloso"": false, ""itemCategoriaId"": 3, ""itemCategoriaNome"": ""Não se aplica"", ""patrimonio"": null, ""codigoRegistroImobiliario"": null, ""criterioJulgamentoId"": 1, ""criterioJulgamentoNome"": ""Menor preço"", ""situacaoCompraItem"": 2, ""situacaoCompraItemNome"": ""Homologado"", ""tipoBeneficio"": 4, ""tipoBeneficioNome"": ""Sem benefício"", ""incentivoProdutivoBasico"": false, ""dataInclusao"": ""2025-01-10T10:16:31"", ""dataAtualizacao"": ""2025-02-17T09:42:55"", ""temResultado"": true, ""imagem"": 0, ""aplicabilidadeMargemPreferenciaNormal"": false, ""aplicabilidadeMargemPreferenciaAdicional"": false, ""percentualMargemPreferenciaNormal"": null, ""percentualMargemPreferenciaAdicional"": null, ""ncmNbsCodigo"": null, ""ncmNbsDescricao"": null, ""catalogo"": null, ""categoriaItemCatalogo"": null, ""catalogoCodigoItem"": null, ""informacaoComplementar"": null, ""tipoMargemPreferencia"": null, ""exigenciaConteudoNacional"": false}";2026-09-12T19:09:08.997077;23066905000160;MUNICIPIO DE LARANJAL DO JARI;municipal;M;2210;MUNICIPIO DE LARANJAL DO JARI/AP;Laranjal do Jari;AP;6;Pregão - Eletrônico;1;2025-01-10T10:16:31;2025-01-13T08:00:00;2025-01-22T08:00:00;1;Divulgada no PNCP;generico;14000.0;14000.0;1.0;1.0;False;15026.199999999999;6.8294046398956425;False;P06;educativo;Caneta esferografica azul/preta/vermelha;9608.10.00
23066905000160-1-000005/2025;9;"CANETA ESFEROGRÁFICA PRETA
Descrição: quantidade carga: 1(um), material ponta: latão com esfera de tungstênio, tipo escrita: média, cor tinta preta   ";M;14000.0;UND;unidade;1.0;unidade original ja comparavel (sem conversao);1.0733;15026.2;0;2;Homologado;1;;;;2025-01-10T10:16:31;2025-02-17T09:42:59;ACEITO;P06;educativo;casou regra de identidade do produto P06;v2;ok;"{""numeroItem"": 9, ""descricao"": ""CANETA ESFEROGRÁFICA PRETA\nDescrição: quantidade carga: 1(um), material ponta: latão com esfera de tungstênio, tipo escrita: média, cor tinta preta   "", ""materialOuServico"": ""M"", ""materialOuServicoNome"": ""Material"", ""valorUnitarioEstimado"": 1.0733, ""valorTotal"": 15026.2, ""quantidade"": 14000.0, ""unidadeMedida"": ""UND"", ""orcamentoSigiloso"": false, ""itemCategoriaId"": 3, ""itemCategoriaNome"": ""Não se aplica"", ""patrimonio"": null, ""codigoRegistroImobiliario"": null, ""criterioJulgamentoId"": 1, ""criterioJulgamentoNome"": ""Menor preço"", ""situacaoCompraItem"": 2, ""situacaoCompraItemNome"": ""Homologado"", ""tipoBeneficio"": 4, ""tipoBeneficioNome"": ""Sem benefício"", ""incentivoProdutivoBasico"": false, ""dataInclusao"": ""2025-01-10T10:16:31"", ""dataAtualizacao"": ""2025-02-17T09:42:59"", ""temResultado"": true, ""imagem"": 0, ""aplicabilidadeMargemPreferenciaNormal"": false, ""aplicabilidadeMargemPreferenciaAdicional"": false, ""percentualMargemPreferenciaNormal"": null, ""percentualMargemPreferenciaAdicional"": null, ""ncmNbsCodigo"": null, ""ncmNbsDescricao"": null, ""catalogo"": null, ""categoriaItemCatalogo"": null, ""catalogoCodigoItem"": null, ""informacaoComplementar"": null, ""tipoMargemPreferencia"": null, ""exigenciaConteudoNacional"": false}";2026-09-12T19:09:08.997583;23066905000160;MUNICIPIO DE LARANJAL DO JARI;municipal;M;2210;MUNICIPIO DE LARANJAL DO JARI/AP;Laranjal do Jari;AP;6;Pregão - Eletrônico;1;2025-01-10T10:16:31;2025-01-13T08:00:00;2025-01-22T08:00:00;1;Divulgada no PNCP;generico;14000.0;14000.0;1.0;1.0;False;15026.199999999999;6.8294046398956425;False;P06;educativo;Caneta esferografica azul/preta/vermelha;9608.10.00
15126437000143-1-000134/2025;4;Arco de ginástica rítmica ( bambolê );M;70.0;Unidade;unidade;1.0;unidade original ja comparavel (sem conversao);31.54;2207.8;0;2;Homologado;1;;;;2025-01-16T07:02:55;2025-02-21T11:14:46;ACEITO;E24;esportivo;casou regra de identidade do produto E24;v2;ok;"{""numeroItem"": 4, ""descricao"": ""Arco de ginástica rítmica ( bambolê )"", ""materialOuServico"": ""M"", ""materialOuServicoNome"": ""Material"", ""valorUnitarioEstimado"": 31.54, ""valorTotal"": 2207.8, ""quantidade"": 70.0, ""unidadeMedida"": ""Unidade"", ""orcamentoSigiloso"": false, ""itemCategoriaId"": 3, ""itemCategoriaNome"": ""Não se aplica"", ""patrimonio"": null, ""codigoRegistroImobiliario"": null, ""criterioJulgamentoId"": 1, ""criterioJulgamentoNome"": ""Menor preço"", ""situacaoCompraItem"": 2, ""situacaoCompraItemNome"": ""Homologado"", ""tipoBeneficio"": 5, ""tipoBeneficioNome"": ""Não se aplica"", ""incentivoProdutivoBasico"": false, ""dataInclusao"": ""2025-01-16T07:02:55"", ""dataAtualizacao"": ""2025-02-21T11:14:46"", ""temResultado"": true, ""imagem"": 0, ""aplicabilidadeMargemPreferenciaNormal"": false, ""aplicabilidadeMargemPreferenciaAdicional"": false, ""percentualMargemPreferenciaNormal"": null, ""percentualMargemPreferenciaAdicional"": null, ""ncmNbsCodigo"": null, ""ncmNbsDescricao"": null, ""catalogo"": null, ""categoriaItemCatalogo"": null, ""catalogoCodigoItem"": null, ""informacaoComplementar"": null, ""tipoMargemPreferencia"": null, ""exigenciaConteudoNacional"": false}";2026-09-12T19:09:27.810666;15126437000143;EMPRESA BRASILEIRA DE SERVIÇOS HOSPITALARES;federal;F;156956;HOSPITAL UNIV DA UNIVERSIDADE FEDERAL AMAPA;Macapá;AP;6;Pregão - Eletrônico;1;2025-01-16T07:02:55;2025-01-16T08:00:00;2025-01-28T09:00:00;1;Divulgada no PNCP;generico;70.0;700.0;1.0;1.0;False;2207.7999999999997;68.29422954977807;False;E24;esportivo;Bambole;9506.99.00
15126437000143-1-000134/2025;5;Lápis De Cor;M;50.0;Caixa 24,00 UN;Caixa 24,00 UN;;"unidade nao reconhecida no dicionario; preservada como original";16.23;811.5;0;2;Homologado;1;;;;2025-01-16T07:02:55;2025-02-21T11:14:44;ACEITO;P04;educativo;casou regra de identidade do produto P04;v2;ok;"{""numeroItem"": 5, ""descricao"": ""Lápis De Cor"", ""materialOuServico"": ""M"", ""materialOuServicoNome"": ""Material"", ""valorUnitarioEstimado"": 16.23, ""valorTotal"": 811.5, ""quantidade"": 50.0, ""unidadeMedida"": ""Caixa 24,00 UN"", ""orcamentoSigiloso"": false, ""itemCategoriaId"": 3, ""itemCategoriaNome"": ""Não se aplica"", ""patrimonio"": null, ""codigoRegistroImobiliario"": null, ""criterioJulgamentoId"": 1, ""criterioJulgamentoNome"": ""Menor preço"", ""situacaoCompraItem"": 2, ""situacaoCompraItemNome"": ""Homologado"", ""tipoBeneficio"": 5, ""tipoBeneficioNome"": ""Não se aplica"", ""incentivoProdutivoBasico"": false, ""dataInclusao"": ""2025-01-16T07:02:55"", ""dataAtualizacao"": ""2025-02-21T11:14:44"", ""temResultado"": true, ""imagem"": 0, ""aplicabilidadeMargemPreferenciaNormal"": false, ""aplicabilidadeMargemPreferenciaAdicional"": false, ""percentualMargemPreferenciaNormal"": null, ""percentualMargemPreferenciaAdicional"": null, ""ncmNbsCodigo"": null, ""ncmNbsDescricao"": null, ""catalogo"": null, ""categoriaItemCatalogo"": null, ""catalogoCodigoItem"": null, ""informacaoComplementar"": null, ""tipoMargemPreferencia"": null, ""exigenciaConteudoNacional"": false}";2026-09-12T19:09:27.810666;15126437000143;EMPRESA BRASILEIRA DE SERVIÇOS HOSPITALARES;federal;F;156956;HOSPITAL UNIV DA UNIVERSIDADE FEDERAL AMAPA;Macapá;AP;6;Pregão - Eletrônico;1;2025-01-16T07:02:55;2025-01-16T08:00:00;2025-01-28T09:00:00;1;Divulgada no PNCP;generico;50.0;800.0;1.0;1.0;False;811.5;1.4171287738755423;False;P04;educativo;Lapis de cor, caixa de 12 cores;9609.10.00
15126437000143-1-000134/2025;6;Tinta Guache;M;30.0;Caixa 6,00 UN;Caixa 6,00 UN;;"unidade nao reconhecida no dicionario; preservada como original";6.62;198.6;0;2;Homologado;1;;;;2025-01-16T07:02:55;2025-02-07T10:41:09;ACEITO;P10;educativo;casou regra de identidade do produto P10;v2;ok;"{""numeroItem"": 6, ""descricao"": ""Tinta Guache"", ""materialOuServico"": ""M"", ""materialOuServicoNome"": ""Material"", ""valorUnitarioEstimado"": 6.62, ""valorTotal"": 198.6, ""quantidade"": 30.0, ""unidadeMedida"": ""Caixa 6,00 UN"", ""orcamentoSigiloso"": false, ""itemCategoriaId"": 3, ""itemCategoriaNome"": ""Não se aplica"", ""patrimonio"": null, ""codigoRegistroImobiliario"": null, ""criterioJulgamentoId"": 1, ""criterioJulgamentoNome"": ""Menor preço"", ""situacaoCompraItem"": 2, ""situacaoCompraItemNome"": ""Homologado"", ""tipoBeneficio"": 5, ""tipoBeneficioNome"": ""Não se aplica"", ""incentivoProdutivoBasico"": false, ""dataInclusao"": ""2025-01-16T07:02:55"", ""dataAtualizacao"": ""2025-02-07T10:41:09"", ""temResultado"": true, ""imagem"": 0, ""aplicabilidadeMargemPreferenciaNormal"": false, ""aplicabilidadeMargemPreferenciaAdicional"": false, ""percentualMargemPreferenciaNormal"": null, ""percentualMargemPreferenciaAdicional"": null, ""ncmNbsCodigo"": null, ""ncmNbsDescricao"": null, ""catalogo"": null, ""categoriaItemCatalogo"": null, ""catalogoCodigoItem"": null, ""informacaoComplementar"": null, ""tipoMargemPreferencia"": null, ""exigenciaConteudoNacional"": false}";2026-09-12T19:09:27.810666;15126437000143;EMPRESA BRASILEIRA DE SERVIÇOS HOSPITALARES;federal;F;156956;HOSPITAL UNIV DA UNIVERSIDADE FEDERAL AMAPA;Macapá;AP;6;Pregão - Eletrônico;1;2025-01-16T07:02:55;2025-01-16T08:00:00;2025-01-28T09:00:00;1;Divulgada no PNCP;generico;30.0;120.0;1.0;1.0;False;198.6;39.57703927492447;False;P10;educativo;Tinta guache, conjunto de seis cores;3213.10.00
15126437000143-1-000134/2025;7;Cone sinalização;M;5.0;Unidade;unidade;1.0;unidade original ja comparavel (sem conversao);10.76;53.8;0;2;Homologado;1;;;;2025-01-16T07:02:55;2025-02-17T14:33:22;ACEITO;E10;esportivo;casou regra de identidade do produto E10;v2;ok;"{""numeroItem"": 7, ""descricao"": ""Cone sinalização"", ""materialOuServico"": ""M"", ""materialOuServicoNome"": ""Material"", ""valorUnitarioEstimado"": 10.76, ""valorTotal"": 53.8, ""quantidade"": 5.0, ""unidadeMedida"": ""Unidade"", ""orcamentoSigiloso"": false, ""itemCategoriaId"": 3, ""itemCategoriaNome"": ""Não se aplica"", ""patrimonio"": null, ""codigoRegistroImobiliario"": null, ""criterioJulgamentoId"": 1, ""criterioJulgamentoNome"": ""Menor preço"", ""situacaoCompraItem"": 2, ""situacaoCompraItemNome"": ""Homologado"", ""tipoBeneficio"": 5, ""tipoBeneficioNome"": ""Não se aplica"", ""incentivoProdutivoBasico"": false, ""dataInclusao"": ""2025-01-16T07:02:55"", ""dataAtualizacao"": ""2025-02-17T14:33:22"", ""temResultado"": true, ""imagem"": 0, ""aplicabilidadeMargemPreferenciaNormal"": false, ""aplicabilidadeMargemPreferenciaAdicional"": false, ""percentualMargemPreferenciaNormal"": null, ""percentualMargemPreferenciaAdicional"": null, ""ncmNbsCodigo"": null, ""ncmNbsDescricao"": null, ""catalogo"": null, ""categoriaItemCatalogo"": null, ""catalogoCodigoItem"": null, ""informacaoComplementar"": null, ""tipoMargemPreferencia"": null, ""exigenciaConteudoNacional"": false}";2026-09-12T19:09:27.810666;15126437000143;EMPRESA BRASILEIRA DE SERVIÇOS HOSPITALARES;federal;F;156956;HOSPITAL UNIV DA UNIVERSIDADE FEDERAL AMAPA;Macapá;AP;6;Pregão - Eletrônico;1;2025-01-16T07:02:55;2025-01-16T08:00:00;2025-01-28T09:00:00;1;Divulgada no PNCP;generico;5.0;53.8;1.0;1.0;False;53.8;0.0;False;E10;esportivo;Cone esportivo de sinalizacao;3926.90.90
05989116000119-1-000001/2025;3;APONTADOR: material plástico tipo escolar, cores variadas, tamanho pequeno, quantidade de furos 01, características adicionais sem deposito.;M;2000.0;;NAO_INFORMADA;;"unidade nao reconhecida no dicionario; preservada como original";0.0;0.0;1;3;Anulado/Revogado/Cancelado;0;;;;2025-02-05T10:09:09;2025-02-10T16:33:24;ACEITO;P08;educativo;casou regra de identidade do produto P08;v2;nao_consultado;"{""numeroItem"": 3, ""descricao"": ""APONTADOR: material plástico tipo escolar, cores variadas, tamanho pequeno, quantidade de furos 01, características adicionais sem deposito."", ""materialOuServico"": ""M"", ""materialOuServicoNome"": ""Material"", ""valorUnitarioEstimado"": 0, ""valorTotal"": 0, ""quantidade"": 2000.0, ""unidadeMedida"": """", ""orcamentoSigiloso"": true, ""itemCategoriaId"": 3, ""itemCategoriaNome"": ""Não se aplica"", ""patrimonio"": ""nao_se_aplica"", ""codigoRegistroImobiliario"": ""nao_se_aplica"", ""criterioJulgamentoId"": 1, ""criterioJulgamentoNome"": ""Menor preço"", ""situacaoCompraItem"": 3, ""situacaoCompraItemNome"": ""Anulado/Revogado/Cancelado"", ""tipoBeneficio"": 4, ""tipoBeneficioNome"": ""Sem benefício"", ""incentivoProdutivoBasico"": false, ""dataInclusao"": ""2025-02-05T10:09:09"", ""dataAtualizacao"": ""2025-02-10T16:33:24"", ""temResultado"": false, ""imagem"": 0, ""aplicabilidadeMargemPreferenciaNormal"": false, ""aplicabilidadeMargemPreferenciaAdicional"": false, ""percentualMargemPreferenciaNormal"": null, ""percentualMargemPreferenciaAdicional"": null, ""ncmNbsCodigo"": null, ""ncmNbsDescricao"": null, ""catalogo"": null, ""categoriaItemCatalogo"": null, ""catalogoCodigoItem"": null, ""informacaoComplementar"": null, ""tipoMargemPreferencia"": null, ""exigenciaConteudoNacional"": false}";2026-09-12T19:10:41.815826;05989116000119;MUNICIPIO DE AMAPA;municipal;M;2137;Prefeitura Municipal de Amapá;Amapá;AP;6;Pregão - Eletrônico;1;2025-02-05T10:09:09;2025-02-05T12:00:00;2025-02-14T18:00:00;1;Divulgada no PNCP;generico;0.0;0.0;;;False;;;False;P08;educativo;Apontador de lapis;8214.10.00
05989116000119-1-000001/2025;10;CANETA ESFEROGRÁFICA AZUL C/50: Escrita média na cor preta, corpo em plástico transparente, sextavado, ponta de tungstênio, corpo com orifício para respiro, carga removível, não rosqueada, tampa cônica ventilada e tampão superior de pressão, protetor plástico entre a carga e o corpo da caneta, tamanho de aproximadamente 15cm, coma tampa, fabricação nacional, embalagem com dados de identificação do produto e data de validade. Caixa com 50 Unidade.;M;190.0;Caixa;unidade;50.0;fator extraido da descricao: 'caixa com 50 unidade';0.0;0.0;1;1;Em andamento;0;;;;2025-02-05T10:09:09;2025-02-05T10:09:09;ACEITO;P06;educativo;casou regra de identidade do produto P06;v2;sem_registros;"{""numeroItem"": 10, ""descricao"": ""CANETA ESFEROGRÁFICA AZUL C/50: Escrita média na cor preta, corpo em plástico transparente, sextavado, ponta de tungstênio, corpo com orifício para respiro, carga removível, não rosqueada, tampa cônica ventilada e tampão superior de pressão, protetor plástico entre a carga e o corpo da caneta, tamanho de aproximadamente 15cm, coma tampa, fabricação nacional, embalagem com dados de identificação do produto e data de validade. Caixa com 50 Unidade."", ""materialOuServico"": ""M"", ""materialOuServicoNome"": ""Material"", ""valorUnitarioEstimado"": 0, ""valorTotal"": 0, ""quantidade"": 190.0, ""unidadeMedida"": ""Caixa"", ""orcamentoSigiloso"": true, ""itemCategoriaId"": 3, ""itemCategoriaNome"": ""Não se aplica"", ""patrimonio"": ""nao_se_aplica"", ""codigoRegistroImobiliario"": ""nao_se_aplica"", ""criterioJulgamentoId"": 1, ""criterioJulgamentoNome"": ""Menor preço"", ""situacaoCompraItem"": 1, ""situacaoCompraItemNome"": ""Em andamento"", ""tipoBeneficio"": 4, ""tipoBeneficioNome"": ""Sem benefício"", ""incentivoProdutivoBasico"": false, ""dataInclusao"": ""2025-02-05T10:09:09"", ""dataAtualizacao"": ""2025-02-05T10:09:09"", ""temResultado"": false, ""imagem"": 0, ""aplicabilidadeMargemPreferenciaNormal"": false, ""aplicabilidadeMargemPreferenciaAdicional"": false, ""percentualMargemPreferenciaNormal"": null, ""percentualMargemPreferenciaAdicional"": null, ""ncmNbsCodigo"": null, ""ncmNbsDescricao"": null, ""catalogo"": null, ""categoriaItemCatalogo"": null, ""catalogoCodigoItem"": null, ""informacaoComplementar"": null, ""tipoMargemPreferencia"": null, ""exigenciaConteudoNacional"": false}";2026-09-12T19:10:41.817834;05989116000119;MUNICIPIO DE AMAPA;municipal;M;2137;Prefeitura Municipal de Amapá;Amapá;AP;6;Pregão - Eletrônico;1;2025-02-05T10:09:09;2025-02-05T12:00:00;2025-02-14T18:00:00;1;Divulgada no PNCP;generico;0.0;0.0;;;False;;;False;P06;educativo;Caneta esferografica azul/preta/vermelha;9608.10.00
00394452000103-1-022955/2024;9;Colchonete ginástica;M;5.0;Unidade;unidade;1.0;unidade original ja comparavel (sem conversao);34.65;173.25;0;2;Homologado;1;;;;2025-02-12T07:02:59;2025-03-28T09:52:27;ACEITO;E15;esportivo;casou regra de identidade do produto E15;v2;ok;"{""numeroItem"": 9, ""descricao"": ""Colchonete ginástica"", ""materialOuServico"": ""M"", ""materialOuServicoNome"": ""Material"", ""valorUnitarioEstimado"": 34.65, ""valorTotal"": 173.25, ""quantidade"": 5.0, ""unidadeMedida"": ""Unidade"", ""orcamentoSigiloso"": false, ""itemCategoriaId"": 3, ""itemCategoriaNome"": ""Não se aplica"", ""patrimonio"": null, ""codigoRegistroImobiliario"": null, ""criterioJulgamentoId"": 1, ""criterioJulgamentoNome"": ""Menor preço"", ""situacaoCompraItem"": 2, ""situacaoCompraItemNome"": ""Homologado"", ""tipoBeneficio"": 1, ""tipoBeneficioNome"": ""Participação exclusiva para ME/EPP"", ""incentivoProdutivoBasico"": false, ""dataInclusao"": ""2025-02-12T07:02:59"", ""dataAtualizacao"": ""2025-03-28T09:52:27"", ""temResultado"": true, ""imagem"": 0, ""aplicabilidadeMargemPreferenciaNormal"": false, ""aplicabilidadeMargemPreferenciaAdicional"": false, ""percentualMargemPreferenciaNormal"": null, ""percentualMargemPreferenciaAdicional"": null, ""ncmNbsCodigo"": null, ""ncmNbsDescricao"": null, ""catalogo"": null, ""categoriaItemCatalogo"": null, ""catalogoCodigoItem"": null, ""informacaoComplementar"": null, ""tipoMargemPreferencia"": null, ""exigenciaConteudoNacional"": false}";2026-09-12T19:10:57.797926;00394452000103;COMANDO DO EXERCITO;federal;F;160026;COMANDO DA 22ª BRIGADA DE INFANTARIA DE SELVA;Macapá;AP;6;Pregão - Eletrônico;1;2025-02-12T07:02:59;2025-02-12T10:00:00;2025-02-26T10:00:00;1;Divulgada no PNCP;generico;5.0;170.0;1.0;1.0;False;173.25;1.8759018759018753;False;E15;esportivo;Colchonete de ginastica;3921.19.00
15126437000143-1-000439/2025;2;Colchonete;M;15.0;Unidade;unidade;1.0;unidade original ja comparavel (sem conversao);0.0;0.0;1;5;Fracassado;0;;;;2025-02-14T07:10:42;2025-04-04T12:46:53;ACEITO;E15;esportivo;casou regra de identidade do produto E15;v2;sem_registros;"{""numeroItem"": 2, ""descricao"": ""Colchonete"", ""materialOuServico"": ""M"", ""materialOuServicoNome"": ""Material"", ""valorUnitarioEstimado"": 0, ""valorTotal"": 0, ""quantidade"": 15.0, ""unidadeMedida"": ""Unidade"", ""orcamentoSigiloso"": true, ""itemCategoriaId"": 3, ""itemCategoriaNome"": ""Não se aplica"", ""patrimonio"": null, ""codigoRegistroImobiliario"": null, ""criterioJulgamentoId"": 1, ""criterioJulgamentoNome"": ""Menor preço"", ""situacaoCompraItem"": 5, ""situacaoCompraItemNome"": ""Fracassado"", ""tipoBeneficio"": 5, ""tipoBeneficioNome"": ""Não se aplica"", ""incentivoProdutivoBasico"": false, ""dataInclusao"": ""2025-02-14T07:10:42"", ""dataAtualizacao"": ""2025-04-04T12:46:53"", ""temResultado"": false, ""imagem"": 0, ""aplicabilidadeMargemPreferenciaNormal"": false, ""aplicabilidadeMargemPreferenciaAdicional"": false, ""percentualMargemPreferenciaNormal"": null, ""percentualMargemPreferenciaAdicional"": null, ""ncmNbsCodigo"": null, ""ncmNbsDescricao"": null, ""catalogo"": null, ""categoriaItemCatalogo"": null, ""catalogoCodigoItem"": null, ""informacaoComplementar"": null, ""tipoMargemPreferencia"": null, ""exigenciaConteudoNacional"": false}";2026-09-12T19:11:06.795964;15126437000143;EMPRESA BRASILEIRA DE SERVIÇOS HOSPITALARES;federal;F;156956;HOSPITAL UNIV DA UNIVERSIDADE FEDERAL AMAPA;Macapá;AP;6;Pregão - Eletrônico;1;2025-02-14T07:10:42;2025-02-14T08:00:00;2025-02-26T09:00:00;1;Divulgada no PNCP;generico;0.0;0.0;;;False;;;False;E15;esportivo;Colchonete de ginastica;3921.19.00
05989116000119-1-000003/2025;3;APONTADOR: material plástico tipo escolar, cores variadas, tamanho pequeno, quantidade de furos 01, características adicionais sem deposito.;M;2000.0;Unidade;unidade;1.0;unidade original ja comparavel (sem conversao);0.0;0.0;1;1;Em andamento;0;;;;2025-02-17T09:28:52;2025-02-17T09:28:52;ACEITO;P08;educativo;casou regra de identidade do produto P08;v2;nao_consultado;"{""numeroItem"": 3, ""descricao"": ""APONTADOR: material plástico tipo escolar, cores variadas, tamanho pequeno, quantidade de furos 01, características adicionais sem deposito."", ""materialOuServico"": ""M"", ""materialOuServicoNome"": ""Material"", ""valorUnitarioEstimado"": 0, ""valorTotal"": 0, ""quantidade"": 2000.0, ""unidadeMedida"": ""Unidade"", ""orcamentoSigiloso"": true, ""itemCategoriaId"": 3, ""itemCategoriaNome"": ""Não se aplica"", ""patrimonio"": ""nao_se_aplica"", ""codigoRegistroImobiliario"": ""nao_se_aplica"", ""criterioJulgamentoId"": 1, ""criterioJulgamentoNome"": ""Menor preço"", ""situacaoCompraItem"": 1, ""situacaoCompraItemNome"": ""Em andamento"", ""tipoBeneficio"": 4, ""tipoBeneficioNome"": ""Sem benefício"", ""incentivoProdutivoBasico"": false, ""dataInclusao"": ""2025-02-17T09:28:52"", ""dataAtualizacao"": ""2025-02-17T09:28:52"", ""temResultado"": false, ""imagem"": 0, ""aplicabilidadeMargemPreferenciaNormal"": false, ""aplicabilidadeMargemPreferenciaAdicional"": false, ""percentualMargemPreferenciaNormal"": null, ""percentualMargemPreferenciaAdicional"": null, ""ncmNbsCodigo"": null, ""ncmNbsDescricao"": null, ""catalogo"": null, ""categoriaItemCatalogo"": null, ""catalogoCodigoItem"": null, ""informacaoComplementar"": null, ""tipoMargemPreferencia"": null, ""exigenciaConteudoNacional"": false}";2026-09-12T19:11:14.796354;05989116000119;MUNICIPIO DE AMAPA;municipal;M;2137;Prefeitura Municipal de Amapá;Amapá;AP;6;Pregão - Eletrônico;1;2025-02-17T09:28:52;2025-02-17T10:00:00;2025-02-26T18:00:00;1;Divulgada no PNCP;generico;0.0;0.0;;;False;;;False;P08;educativo;Apontador de lapis;8214.10.00
05989116000119-1-000003/2025;10;CANETA ESFEROGRÁFICA AZUL C/50: Escrita média na cor preta, corpo em plástico transparente, sextavado, ponta de tungstênio, corpo com orifício para respiro, carga removível, não rosqueada, tampa cônica ventilada e tampão superior de pressão, protetor plástico entre a carga e o corpo da caneta, tamanho de aproximadamente 15cm, coma tampa, fabricação nacional, embalagem com dados de identificação do produto e data de validade. Caixa com 50 Unidade.;M;190.0;Caixa;unidade;50.0;fator extraido da descricao: 'caixa com 50 unidade';0.0;0.0;1;1;Em andamento;0;;;;2025-02-17T09:28:52;2025-02-17T09:28:52;ACEITO;P06;educativo;casou regra de identidade do produto P06;v2;sem_registros;"{""numeroItem"": 10, ""descricao"": ""CANETA ESFEROGRÁFICA AZUL C/50: Escrita média na cor preta, corpo em plástico transparente, sextavado, ponta de tungstênio, corpo com orifício para respiro, carga removível, não rosqueada, tampa cônica ventilada e tampão superior de pressão, protetor plástico entre a carga e o corpo da caneta, tamanho de aproximadamente 15cm, coma tampa, fabricação nacional, embalagem com dados de identificação do produto e data de validade. Caixa com 50 Unidade."", ""materialOuServico"": ""M"", ""materialOuServicoNome"": ""Material"", ""valorUnitarioEstimado"": 0, ""valorTotal"": 0, ""quantidade"": 190.0, ""unidadeMedida"": ""Caixa"", ""orcamentoSigiloso"": true, ""itemCategoriaId"": 3, ""itemCategoriaNome"": ""Não se aplica"", ""patrimonio"": ""nao_se_aplica"", ""codigoRegistroImobiliario"": ""nao_se_aplica"", ""criterioJulgamentoId"": 1, ""criterioJulgamentoNome"": ""Menor preço"", ""situacaoCompraItem"": 1, ""situacaoCompraItemNome"": ""Em andamento"", ""tipoBeneficio"": 4, ""tipoBeneficioNome"": ""Sem benefício"", ""incentivoProdutivoBasico"": false, ""dataInclusao"": ""2025-02-17T09:28:52"", ""dataAtualizacao"": ""2025-02-17T09:28:52"", ""temResultado"": false, ""imagem"": 0, ""aplicabilidadeMargemPreferenciaNormal"": false, ""aplicabilidadeMargemPreferenciaAdicional"": false, ""percentualMargemPreferenciaNormal"": null, ""percentualMargemPreferenciaAdicional"": null, ""ncmNbsCodigo"": null, ""ncmNbsDescricao"": null, ""catalogo"": null, ""categoriaItemCatalogo"": null, ""catalogoCodigoItem"": null, ""informacaoComplementar"": null, ""tipoMargemPreferencia"": null, ""exigenciaConteudoNacional"": false}";2026-09-12T19:11:14.796354;05989116000119;MUNICIPIO DE AMAPA;municipal;M;2137;Prefeitura Municipal de Amapá;Amapá;AP;6;Pregão - Eletrônico;1;2025-02-17T09:28:52;2025-02-17T10:00:00;2025-02-26T18:00:00;1;Divulgada no PNCP;generico;0.0;0.0;;;False;;;False;P06;educativo;Caneta esferografica azul/preta/vermelha;9608.10.00
34925222000137-1-000006/2025;10001;"APITO: Material: plástico; Aplicação: esporte; Tamanho: grande; Características adicionais: Cordão, cor preta, sem esfera, 115 db.";M;100.0;UNIDADE;unidade;1.0;unidade original ja comparavel (sem conversao);26.7;2670.0;0;2;Homologado;1;;;;2025-02-18T18:31:03;2025-09-19T10:59:17;ACEITO;E12;esportivo;casou regra de identidade do produto E12;v2;ok;"{""numeroItem"": 10001, ""descricao"": ""APITO: Material: plástico; Aplicação: esporte; Tamanho: grande; Características adicionais: Cordão, cor preta, sem esfera, 115 db."", ""materialOuServico"": ""M"", ""materialOuServicoNome"": ""Material"", ""valorUnitarioEstimado"": 26.7, ""valorTotal"": 2670.0, ""quantidade"": 100.0, ""unidadeMedida"": ""UNIDADE"", ""orcamentoSigiloso"": false, ""itemCategoriaId"": 3, ""itemCategoriaNome"": ""Não se aplica"", ""patrimonio"": null, ""codigoRegistroImobiliario"": null, ""criterioJulgamentoId"": 1, ""criterioJulgamentoNome"": ""Menor preço"", ""situacaoCompraItem"": 2, ""situacaoCompraItemNome"": ""Homologado"", ""tipoBeneficio"": 5, ""tipoBeneficioNome"": ""Não se aplica"", ""incentivoProdutivoBasico"": false, ""dataInclusao"": ""2025-02-18T18:31:03"", ""dataAtualizacao"": ""2025-09-19T10:59:17"", ""temResultado"": true, ""imagem"": 0, ""aplicabilidadeMargemPreferenciaNormal"": false, ""aplicabilidadeMargemPreferenciaAdicional"": false, ""percentualMargemPreferenciaNormal"": null, ""percentualMargemPreferenciaAdicional"": null, ""ncmNbsCodigo"": null, ""ncmNbsDescricao"": null, ""catalogo"": null, ""categoriaItemCatalogo"": null, ""catalogoCodigoItem"": null, ""informacaoComplementar"": null, ""tipoMargemPreferencia"": null, ""exigenciaConteudoNacional"": false}";2026-09-12T19:11:20.027674;34925222000137;MUNICIPIO DE PRACUUBA;municipal;M;000000001;SECRETARIA MUNICIPAL DE ADMINISTRACAO;Pracuúba;AP;6;Pregão - Eletrônico;1;2025-02-18T18:31:03;2025-02-18T15:00:00;2025-02-28T08:00:00;1;Divulgada no PNCP;generico;100.0;1500.0;1.0;1.0;False;2670.0;43.82022471910112;False;E12;esportivo;Apito de arbitro;9208.90.00
34925222000137-1-000006/2025;10002;"APITO: Material: plástico; Aplicação: esporte; Tipo: profissional; Tamanho: médio.";M;60.0;UNIDADE;unidade;1.0;unidade original ja comparavel (sem conversao);36.25;2175.0;0;2;Homologado;1;;;;2025-02-18T18:31:03;2025-09-19T10:59:18;ACEITO;E12;esportivo;casou regra de identidade do produto E12;v2;ok;"{""numeroItem"": 10002, ""descricao"": ""APITO: Material: plástico; Aplicação: esporte; Tipo: profissional; Tamanho: médio."", ""materialOuServico"": ""M"", ""materialOuServicoNome"": ""Material"", ""valorUnitarioEstimado"": 36.25, ""valorTotal"": 2175.0, ""quantidade"": 60.0, ""unidadeMedida"": ""UNIDADE"", ""orcamentoSigiloso"": false, ""itemCategoriaId"": 3, ""itemCategoriaNome"": ""Não se aplica"", ""patrimonio"": null, ""codigoRegistroImobiliario"": null, ""criterioJulgamentoId"": 1, ""criterioJulgamentoNome"": ""Menor preço"", ""situacaoCompraItem"": 2, ""situacaoCompraItemNome"": ""Homologado"", ""tipoBeneficio"": 5, ""tipoBeneficioNome"": ""Não se aplica"", ""incentivoProdutivoBasico"": false, ""dataInclusao"": ""2025-02-18T18:31:03"", ""dataAtualizacao"": ""2025-09-19T10:59:18"", ""temResultado"": true, ""imagem"": 0, ""aplicabilidadeMargemPreferenciaNormal"": false, ""aplicabilidadeMargemPreferenciaAdicional"": false, ""percentualMargemPreferenciaNormal"": null, ""percentualMargemPreferenciaAdicional"": null, ""ncmNbsCodigo"": null, ""ncmNbsDescricao"": null, ""catalogo"": null, ""categoriaItemCatalogo"": null, ""catalogoCodigoItem"": null, ""informacaoComplementar"": null, ""tipoMargemPreferencia"": null, ""exigenciaConteudoNacional"": false}";2026-09-12T19:11:20.027674;34925222000137;MUNICIPIO DE PRACUUBA;municipal;M;000000001;SECRETARIA MUNICIPAL DE ADMINISTRACAO;Pracuúba;AP;6;Pregão - Eletrônico;1;2025-02-18T18:31:03;2025-02-18T15:00:00;2025-02-28T08:00:00;1;Divulgada no PNCP;generico;60.0;2160.0;1.0;1.0;False;2175.0;0.6896551724137945;False;E12;esportivo;Apito de arbitro;9208.90.00
34925222000137-1-000006/2025;10003;"CRONÔMETRO: Material carcaça: plástico abs; Tipo: bolso; Tipo mostrador: digital; Funcionamento: pilha alcalina aaa; Tensão: 1,50 v; Características adicionais: 3 entradas para leitura.";M;100.0;UNIDADE;unidade;1.0;unidade original ja comparavel (sem conversao);74.3;7430.0;0;2;Homologado;1;;;;2025-02-18T18:31:03;2025-09-19T10:59:19;ACEITO;E13;esportivo;casou regra de identidade do produto E13;v2;ok;"{""numeroItem"": 10003, ""descricao"": ""CRONÔMETRO: Material carcaça: plástico abs; Tipo: bolso; Tipo mostrador: digital; Funcionamento: pilha alcalina aaa; Tensão: 1,50 v; Características adicionais: 3 entradas para leitura."", ""materialOuServico"": ""M"", ""materialOuServicoNome"": ""Material"", ""valorUnitarioEstimado"": 74.3, ""valorTotal"": 7430.0, ""quantidade"": 100.0, ""unidadeMedida"": ""UNIDADE"", ""orcamentoSigiloso"": false, ""itemCategoriaId"": 3, ""itemCategoriaNome"": ""Não se aplica"", ""patrimonio"": null, ""codigoRegistroImobiliario"": null, ""criterioJulgamentoId"": 1, ""criterioJulgamentoNome"": ""Menor preço"", ""situacaoCompraItem"": 2, ""situacaoCompraItemNome"": ""Homologado"", ""tipoBeneficio"": 5, ""tipoBeneficioNome"": ""Não se aplica"", ""incentivoProdutivoBasico"": false, ""dataInclusao"": ""2025-02-18T18:31:03"", ""dataAtualizacao"": ""2025-09-19T10:59:19"", ""temResultado"": true, ""imagem"": 0, ""aplicabilidadeMargemPreferenciaNormal"": false, ""aplicabilidadeMargemPreferenciaAdicional"": false, ""percentualMargemPreferenciaNormal"": null, ""percentualMargemPreferenciaAdicional"": null, ""ncmNbsCodigo"": null, ""ncmNbsDescricao"": null, ""catalogo"": null, ""categoriaItemCatalogo"": null, ""catalogoCodigoItem"": null, ""informacaoComplementar"": null, ""tipoMargemPreferencia"": null, ""exigenciaConteudoNacional"": false}";2026-09-12T19:11:20.027674;34925222000137;MUNICIPIO DE PRACUUBA;municipal;M;000000001;SECRETARIA MUNICIPAL DE ADMINISTRACAO;Pracuúba;AP;6;Pregão - Eletrônico;1;2025-02-18T18:31:03;2025-02-18T15:00:00;2025-02-28T08:00:00;1;Divulgada no PNCP;generico;100.0;7000.0;1.0;1.0;False;7430.0;5.787348586810226;False;E13;esportivo;Cronometro digital profissional;9106.90.00
34925222000137-1-000006/2025;10006;"BOLA: Material: microfibra; Peso cheia: 260 a 280 g; Pressão: 4.5 Ib a 5 Ib; Modalidade: voleibol; Circunferência: 65 a 67 cm; Características adicionais: camara butil, miolo removível com tratamento anti-bactericida, matrizada; Norma regulamentadora: FIV e CBV.";M;200.0;UNIDADE;unidade;1.0;unidade original ja comparavel (sem conversao);560.0;112000.0;0;2;Homologado;1;;;;2025-02-18T18:31:03;2025-09-19T10:59:20;ACEITO;E03;esportivo;casou regra de identidade do produto E03;v2;ok;"{""numeroItem"": 10006, ""descricao"": ""BOLA: Material: microfibra; Peso cheia: 260 a 280 g; Pressão: 4.5 Ib a 5 Ib; Modalidade: voleibol; Circunferência: 65 a 67 cm; Características adicionais: camara butil, miolo removível com tratamento anti-bactericida, matrizada; Norma regulamentadora: FIV e CBV."", ""materialOuServico"": ""M"", ""materialOuServicoNome"": ""Material"", ""valorUnitarioEstimado"": 560.0, ""valorTotal"": 112000.0, ""quantidade"": 200.0, ""unidadeMedida"": ""UNIDADE"", ""orcamentoSigiloso"": false, ""itemCategoriaId"": 3, ""itemCategoriaNome"": ""Não se aplica"", ""patrimonio"": null, ""codigoRegistroImobiliario"": null, ""criterioJulgamentoId"": 1, ""criterioJulgamentoNome"": ""Menor preço"", ""situacaoCompraItem"": 2, ""situacaoCompraItemNome"": ""Homologado"", ""tipoBeneficio"": 5, ""tipoBeneficioNome"": ""Não se aplica"", ""incentivoProdutivoBasico"": false, ""dataInclusao"": ""2025-02-18T18:31:03"", ""dataAtualizacao"": ""2025-09-19T10:59:20"", ""temResultado"": true, ""imagem"": 0, ""aplicabilidadeMargemPreferenciaNormal"": false, ""aplicabilidadeMargemPreferenciaAdicional"": false, ""percentualMargemPreferenciaNormal"": null, ""percentualMargemPreferenciaAdicional"": null, ""ncmNbsCodigo"": null, ""ncmNbsDescricao"": null, ""catalogo"": null, ""categoriaItemCatalogo"": null, ""catalogoCodigoItem"": null, ""informacaoComplementar"": null, ""tipoMargemPreferencia"": null, ""exigenciaConteudoNacional"": false}";2026-09-12T19:11:20.028676;34925222000137;MUNICIPIO DE PRACUUBA;municipal;M;000000001;SECRETARIA MUNICIPAL DE ADMINISTRACAO;Pracuúba;AP;6;Pregão - Eletrônico;1;2025-02-18T18:31:03;2025-02-18T15:00:00;2025-02-28T08:00:00;1;Divulgada no PNCP;280g;200.0;56800.0;1.0;1.0;False;112000.0;49.28571428571429;False;E03;esportivo;Bola de volei;9506.62.00
34925222000137-1-000006/2025;10007;"BOLA VOLEIBOL: Material: poliuretano; Peso cheia: 260 a 280 g; Circunferência: 66 a 68 cm; Características adicionais: matrizada, com miolo substituível; Aplicação: vôlei de praia";M;200.0;UNIDADE;unidade;1.0;unidade original ja comparavel (sem conversao);297.45;59490.0;0;2;Homologado;1;;;;2025-02-18T18:31:03;2025-09-19T10:59:21;ACEITO;E03;esportivo;casou regra de identidade do produto E03;v2;ok;"{""numeroItem"": 10007, ""descricao"": ""BOLA VOLEIBOL: Material: poliuretano; Peso cheia: 260 a 280 g; Circunferência: 66 a 68 cm; Características adicionais: matrizada, com miolo substituível; Aplicação: vôlei de praia"", ""materialOuServico"": ""M"", ""materialOuServicoNome"": ""Material"", ""valorUnitarioEstimado"": 297.45, ""valorTotal"": 59490.0, ""quantidade"": 200.0, ""unidadeMedida"": ""UNIDADE"", ""orcamentoSigiloso"": false, ""itemCategoriaId"": 3, ""itemCategoriaNome"": ""Não se aplica"", ""patrimonio"": null, ""codigoRegistroImobiliario"": null, ""criterioJulgamentoId"": 1, ""criterioJulgamentoNome"": ""Menor preço"", ""situacaoCompraItem"": 2, ""situacaoCompraItemNome"": ""Homologado"", ""tipoBeneficio"": 5, ""tipoBeneficioNome"": ""Não se aplica"", ""incentivoProdutivoBasico"": false, ""dataInclusao"": ""2025-02-18T18:31:03"", ""dataAtualizacao"": ""2025-09-19T10:59:21"", ""temResultado"": true, ""imagem"": 0, ""aplicabilidadeMargemPreferenciaNormal"": false, ""aplicabilidadeMargemPreferenciaAdicional"": false, ""percentualMargemPreferenciaNormal"": null, ""percentualMargemPreferenciaAdicional"": null, ""ncmNbsCodigo"": null, ""ncmNbsDescricao"": null, ""catalogo"": null, ""categoriaItemCatalogo"": null, ""catalogoCodigoItem"": null, ""informacaoComplementar"": null, ""tipoMargemPreferencia"": null, ""exigenciaConteudoNacional"": false}";2026-09-12T19:11:20.028676;34925222000137;MUNICIPIO DE PRACUUBA;municipal;M;000000001;SECRETARIA MUNICIPAL DE ADMINISTRACAO;Pracuúba;AP;6;Pregão - Eletrônico;1;2025-02-18T18:31:03;2025-02-18T15:00:00;2025-02-28T08:00:00;1;Divulgada no PNCP;praia|280g;200.0;48000.0;1.0;1.0;False;59490.0;19.314170448814927;False;E03;esportivo;Bola de volei;9506.62.00
34925222000137-1-000006/2025;10008;"BOLA: Material: microfibra; Peso cheia: 600 a 650g; Pressão: 9 Ib; Modalidade: basquetebol; Circunferência: 75 a 78 cm; Características adicionais: miolo removível e lubrificado; Norma regulamentadora: CBB.";M;200.0;UNIDADE;unidade;1.0;unidade original ja comparavel (sem conversao);331.71;66342.0;0;2;Homologado;1;;;;2025-02-18T18:31:03;2025-09-19T10:59:21;ACEITO;E04;esportivo;casou regra de identidade do produto E04;v2;ok;"{""numeroItem"": 10008, ""descricao"": ""BOLA: Material: microfibra; Peso cheia: 600 a 650g; Pressão: 9 Ib; Modalidade: basquetebol; Circunferência: 75 a 78 cm; Características adicionais: miolo removível e lubrificado; Norma regulamentadora: CBB."", ""materialOuServico"": ""M"", ""materialOuServicoNome"": ""Material"", ""valorUnitarioEstimado"": 331.71, ""valorTotal"": 66342.0, ""quantidade"": 200.0, ""unidadeMedida"": ""UNIDADE"", ""orcamentoSigiloso"": false, ""itemCategoriaId"": 3, ""itemCategoriaNome"": ""Não se aplica"", ""patrimonio"": null, ""codigoRegistroImobiliario"": null, ""criterioJulgamentoId"": 1, ""criterioJulgamentoNome"": ""Menor preço"", ""situacaoCompraItem"": 2, ""situacaoCompraItemNome"": ""Homologado"", ""tipoBeneficio"": 5, ""tipoBeneficioNome"": ""Não se aplica"", ""incentivoProdutivoBasico"": false, ""dataInclusao"": ""2025-02-18T18:31:03"", ""dataAtualizacao"": ""2025-09-19T10:59:21"", ""temResultado"": true, ""imagem"": 0, ""aplicabilidadeMargemPreferenciaNormal"": false, ""aplicabilidadeMargemPreferenciaAdicional"": false, ""percentualMargemPreferenciaNormal"": null, ""percentualMargemPreferenciaAdicional"": null, ""ncmNbsCodigo"": null, ""ncmNbsDescricao"": null, ""catalogo"": null, ""categoriaItemCatalogo"": null, ""catalogoCodigoItem"": null, ""informacaoComplementar"": null, ""tipoMargemPreferencia"": null, ""exigenciaConteudoNacional"": false}";2026-09-12T19:11:20.028676;34925222000137;MUNICIPIO DE PRACUUBA;municipal;M;000000001;SECRETARIA MUNICIPAL DE ADMINISTRACAO;Pracuúba;AP;6;Pregão - Eletrônico;1;2025-02-18T18:31:03;2025-02-18T15:00:00;2025-02-28T08:00:00;1;Divulgada no PNCP;650g;200.0;60000.0;1.0;1.0;False;66342.0;9.559555033010758;False;E04;esportivo;Bola de basquete;9506.62.00
34925222000137-1-000006/2025;10009;"BOMBA ENCHER: Material corpo: plástico; Material Bico: metal; Aplicação: para bola esportiva; Características adicionais: dupla ação.";M;50.0;UNIDADE;unidade;1.0;unidade original ja comparavel (sem conversao);51.0;2550.0;0;2;Homologado;1;;;;2025-02-18T18:31:03;2025-09-19T10:59:21;ACEITO;E14;esportivo;casou regra de identidade do produto E14;v2;ok;"{""numeroItem"": 10009, ""descricao"": ""BOMBA ENCHER: Material corpo: plástico; Material Bico: metal; Aplicação: para bola esportiva; Características adicionais: dupla ação."", ""materialOuServico"": ""M"", ""materialOuServicoNome"": ""Material"", ""valorUnitarioEstimado"": 51.0, ""valorTotal"": 2550.0, ""quantidade"": 50.0, ""unidadeMedida"": ""UNIDADE"", ""orcamentoSigiloso"": false, ""itemCategoriaId"": 3, ""itemCategoriaNome"": ""Não se aplica"", ""patrimonio"": null, ""codigoRegistroImobiliario"": null, ""criterioJulgamentoId"": 1, ""criterioJulgamentoNome"": ""Menor preço"", ""situacaoCompraItem"": 2, ""situacaoCompraItemNome"": ""Homologado"", ""tipoBeneficio"": 5, ""tipoBeneficioNome"": ""Não se aplica"", ""incentivoProdutivoBasico"": false, ""dataInclusao"": ""2025-02-18T18:31:03"", ""dataAtualizacao"": ""2025-09-19T10:59:21"", ""temResultado"": true, ""imagem"": 0, ""aplicabilidadeMargemPreferenciaNormal"": false, ""aplicabilidadeMargemPreferenciaAdicional"": false, ""percentualMargemPreferenciaNormal"": null, ""percentualMargemPreferenciaAdicional"": null, ""ncmNbsCodigo"": null, ""ncmNbsDescricao"": null, ""catalogo"": null, ""categoriaItemCatalogo"": null, ""catalogoCodigoItem"": null, ""informacaoComplementar"": null, ""tipoMargemPreferencia"": null, ""exigenciaConteudoNacional"": false}";2026-09-12T19:11:20.028676;34925222000137;MUNICIPIO DE PRACUUBA;municipal;M;000000001;SECRETARIA MUNICIPAL DE ADMINISTRACAO;Pracuúba;AP;6;Pregão - Eletrônico;1;2025-02-18T18:31:03;2025-02-18T15:00:00;2025-02-28T08:00:00;1;Divulgada no PNCP;generico;50.0;3250.0;1.0;1.0;False;2550.0;-27.450980392156854;True;E14;esportivo;Bomba manual de ar para bolas;8414.20.00
05995766000177-1-000009/2025;1;Bola Futebol;M;10.0;Unidade  ;unidade;1.0;unidade original ja comparavel (sem conversao);163.65;1636.57;0;2;Homologado;1;;;;2025-02-19T07:11:15;2025-08-05T14:12:05;ACEITO;E01;esportivo;casou regra de identidade do produto E01;v2;nao_consultado;"{""numeroItem"": 1, ""descricao"": ""Bola Futebol"", ""materialOuServico"": ""M"", ""materialOuServicoNome"": ""Material"", ""valorUnitarioEstimado"": 163.65, ""valorTotal"": 1636.57, ""quantidade"": 10.0, ""unidadeMedida"": ""Unidade  "", ""orcamentoSigiloso"": false, ""itemCategoriaId"": 3, ""itemCategoriaNome"": ""Não se aplica"", ""patrimonio"": null, ""codigoRegistroImobiliario"": null, ""criterioJulgamentoId"": 1, ""criterioJulgamentoNome"": ""Menor preço"", ""situacaoCompraItem"": 2, ""situacaoCompraItemNome"": ""Homologado"", ""tipoBeneficio"": 5, ""tipoBeneficioNome"": ""Não se aplica"", ""incentivoProdutivoBasico"": false, ""dataInclusao"": ""2025-02-19T07:11:15"", ""dataAtualizacao"": ""2025-08-05T14:12:05"", ""temResultado"": true, ""imagem"": 0, ""aplicabilidadeMargemPreferenciaNormal"": false, ""aplicabilidadeMargemPreferenciaAdicional"": false, ""percentualMargemPreferenciaNormal"": null, ""percentualMargemPreferenciaAdicional"": null, ""ncmNbsCodigo"": null, ""ncmNbsDescricao"": null, ""catalogo"": null, ""categoriaItemCatalogo"": null, ""catalogoCodigoItem"": null, ""informacaoComplementar"": null, ""tipoMargemPreferencia"": null, ""exigenciaConteudoNacional"": false}";2026-09-12T19:11:21.795940;05995766000177;MUNICIPIO DE MACAPA;municipal;M;980605;PMAP - PREFEITURA MUNICIPAL DE MACAPÁ;Macapá;AP;6;Pregão - Eletrônico;0;2025-02-19T07:11:15;2025-02-19T08:00:00;2025-03-05T09:00:00;1;Divulgada no PNCP;generico;0.0;0.0;;;False;;;False;E01;esportivo;Bola de futebol de campo;9506.62.00
05995766000177-1-000009/2025;2;Bola Futebol;M;45.0;Unidade  ;unidade;1.0;unidade original ja comparavel (sem conversao);116.81;5256.75;0;2;Homologado;1;;;;2025-02-19T07:11:15;2025-09-16T18:48:37;ACEITO;E01;esportivo;casou regra de identidade do produto E01;v2;nao_consultado;"{""numeroItem"": 2, ""descricao"": ""Bola Futebol"", ""materialOuServico"": ""M"", ""materialOuServicoNome"": ""Material"", ""valorUnitarioEstimado"": 116.81, ""valorTotal"": 5256.75, ""quantidade"": 45.0, ""unidadeMedida"": ""Unidade  "", ""orcamentoSigiloso"": false, ""itemCategoriaId"": 3, ""itemCategoriaNome"": ""Não se aplica"", ""patrimonio"": null, ""codigoRegistroImobiliario"": null, ""criterioJulgamentoId"": 1, ""criterioJulgamentoNome"": ""Menor preço"", ""situacaoCompraItem"": 2, ""situacaoCompraItemNome"": ""Homologado"", ""tipoBeneficio"": 5, ""tipoBeneficioNome"": ""Não se aplica"", ""incentivoProdutivoBasico"": false, ""dataInclusao"": ""2025-02-19T07:11:15"", ""dataAtualizacao"": ""2025-09-16T18:48:37"", ""temResultado"": true, ""imagem"": 0, ""aplicabilidadeMargemPreferenciaNormal"": false, ""aplicabilidadeMargemPreferenciaAdicional"": false, ""percentualMargemPreferenciaNormal"": null, ""percentualMargemPreferenciaAdicional"": null, ""ncmNbsCodigo"": null, ""ncmNbsDescricao"": null, ""catalogo"": null, ""categoriaItemCatalogo"": null, ""catalogoCodigoItem"": null, ""informacaoComplementar"": null, ""tipoMargemPreferencia"": null, ""exigenciaConteudoNacional"": false}";2026-09-12T19:11:21.795940;05995766000177;MUNICIPIO DE MACAPA;municipal;M;980605;PMAP - PREFEITURA MUNICIPAL DE MACAPÁ;Macapá;AP;6;Pregão - Eletrônico;0;2025-02-19T07:11:15;2025-02-19T08:00:00;2025-03-05T09:00:00;1;Divulgada no PNCP;generico;0.0;0.0;;;False;;;False;E01;esportivo;Bola de futebol de campo;9506.62.00
05995766000177-1-000009/2025;9;Bola Futebol;M;15.0;Unidade  ;unidade;1.0;unidade original ja comparavel (sem conversao);87.98;1319.7;0;2;Homologado;1;;;;2025-02-19T07:11:15;2025-09-16T18:48:37;ACEITO;E01;esportivo;casou regra de identidade do produto E01;v2;nao_consultado;"{""numeroItem"": 9, ""descricao"": ""Bola Futebol"", ""materialOuServico"": ""M"", ""materialOuServicoNome"": ""Material"", ""valorUnitarioEstimado"": 87.98, ""valorTotal"": 1319.7, ""quantidade"": 15.0, ""unidadeMedida"": ""Unidade  "", ""orcamentoSigiloso"": false, ""itemCategoriaId"": 3, ""itemCategoriaNome"": ""Não se aplica"", ""patrimonio"": null, ""codigoRegistroImobiliario"": null, ""criterioJulgamentoId"": 1, ""criterioJulgamentoNome"": ""Menor preço"", ""situacaoCompraItem"": 2, ""situacaoCompraItemNome"": ""Homologado"", ""tipoBeneficio"": 5, ""tipoBeneficioNome"": ""Não se aplica"", ""incentivoProdutivoBasico"": false, ""dataInclusao"": ""2025-02-19T07:11:15"", ""dataAtualizacao"": ""2025-09-16T18:48:37"", ""temResultado"": true, ""imagem"": 0, ""aplicabilidadeMargemPreferenciaNormal"": false, ""aplicabilidadeMargemPreferenciaAdicional"": false, ""percentualMargemPreferenciaNormal"": null, ""percentualMargemPreferenciaAdicional"": null, ""ncmNbsCodigo"": null, ""ncmNbsDescricao"": null, ""catalogo"": null, ""categoriaItemCatalogo"": null, ""catalogoCodigoItem"": null, ""informacaoComplementar"": null, ""tipoMargemPreferencia"": null, ""exigenciaConteudoNacional"": false}";2026-09-12T19:11:21.797471;05995766000177;MUNICIPIO DE MACAPA;municipal;M;980605;PMAP - PREFEITURA MUNICIPAL DE MACAPÁ;Macapá;AP;6;Pregão - Eletrônico;0;2025-02-19T07:11:15;2025-02-19T08:00:00;2025-03-05T09:00:00;1;Divulgada no PNCP;generico;0.0;0.0;;;False;;;False;E01;esportivo;Bola de futebol de campo;9506.62.00
05995766000177-1-000009/2025;10;Bola Futebol;M;15.0;Unidade  ;unidade;1.0;unidade original ja comparavel (sem conversao);80.16;1202.45;0;2;Homologado;1;;;;2025-02-19T07:11:15;2025-08-05T14:09:24;ACEITO;E01;esportivo;casou regra de identidade do produto E01;v2;nao_consultado;"{""numeroItem"": 10, ""descricao"": ""Bola Futebol"", ""materialOuServico"": ""M"", ""materialOuServicoNome"": ""Material"", ""valorUnitarioEstimado"": 80.16, ""valorTotal"": 1202.45, ""quantidade"": 15.0, ""unidadeMedida"": ""Unidade  "", ""orcamentoSigiloso"": false, ""itemCategoriaId"": 3, ""itemCategoriaNome"": ""Não se aplica"", ""patrimonio"": null, ""codigoRegistroImobiliario"": null, ""criterioJulgamentoId"": 1, ""criterioJulgamentoNome"": ""Menor preço"", ""situacaoCompraItem"": 2, ""situacaoCompraItemNome"": ""Homologado"", ""tipoBeneficio"": 5, ""tipoBeneficioNome"": ""Não se aplica"", ""incentivoProdutivoBasico"": false, ""dataInclusao"": ""2025-02-19T07:11:15"", ""dataAtualizacao"": ""2025-08-05T14:09:24"", ""temResultado"": true, ""imagem"": 0, ""aplicabilidadeMargemPreferenciaNormal"": false, ""aplicabilidadeMargemPreferenciaAdicional"": false, ""percentualMargemPreferenciaNormal"": null, ""percentualMargemPreferenciaAdicional"": null, ""ncmNbsCodigo"": null, ""ncmNbsDescricao"": null, ""catalogo"": null, ""categoriaItemCatalogo"": null, ""catalogoCodigoItem"": null, ""informacaoComplementar"": null, ""tipoMargemPreferencia"": null, ""exigenciaConteudoNacional"": false}";2026-09-12T19:11:21.797471;05995766000177;MUNICIPIO DE MACAPA;municipal;M;980605;PMAP - PREFEITURA MUNICIPAL DE MACAPÁ;Macapá;AP;6;Pregão - Eletrônico;0;2025-02-19T07:11:15;2025-02-19T08:00:00;2025-03-05T09:00:00;1;Divulgada no PNCP;generico;0.0;0.0;;;False;;;False;E01;esportivo;Bola de futebol de campo;9506.62.00
00394452000103-1-010162/2025;2;Apito;M;40.0;Unidade;unidade;1.0;unidade original ja comparavel (sem conversao);17.1;684.0;0;2;Homologado;1;;;;2025-05-08T07:32:37;2025-09-16T21:41:19;ACEITO;E12;esportivo;casou regra de identidade do produto E12;v2;ok;"{""numeroItem"": 2, ""descricao"": ""Apito"", ""materialOuServico"": ""M"", ""materialOuServicoNome"": ""Material"", ""valorUnitarioEstimado"": 17.1, ""valorTotal"": 684.0, ""quantidade"": 40.0, ""unidadeMedida"": ""Unidade"", ""orcamentoSigiloso"": false, ""itemCategoriaId"": 3, ""itemCategoriaNome"": ""Não se aplica"", ""patrimonio"": null, ""codigoRegistroImobiliario"": null, ""criterioJulgamentoId"": 1, ""criterioJulgamentoNome"": ""Menor preço"", ""situacaoCompraItem"": 2, ""situacaoCompraItemNome"": ""Homologado"", ""tipoBeneficio"": 1, ""tipoBeneficioNome"": ""Participação exclusiva para ME/EPP"", ""incentivoProdutivoBasico"": false, ""dataInclusao"": ""2025-05-08T07:32:37"", ""dataAtualizacao"": ""2025-09-16T21:41:19"", ""temResultado"": true, ""imagem"": 0, ""aplicabilidadeMargemPreferenciaNormal"": false, ""aplicabilidadeMargemPreferenciaAdicional"": false, ""percentualMargemPreferenciaNormal"": null, ""percentualMargemPreferenciaAdicional"": null, ""ncmNbsCodigo"": null, ""ncmNbsDescricao"": null, ""catalogo"": null, ""categoriaItemCatalogo"": null, ""catalogoCodigoItem"": null, ""informacaoComplementar"": null, ""tipoMargemPreferencia"": null, ""exigenciaConteudoNacional"": false}";2026-09-12T19:14:35.917965;00394452000103;COMANDO DO EXERCITO;federal;F;160026;COMANDO DA 22ª BRIGADA DE INFANTARIA DE SELVA;Macapá;AP;6;Pregão - Eletrônico;1;2025-05-08T07:32:37;2025-05-08T09:00:00;2025-05-21T09:30:00;1;Divulgada no PNCP;generico;40.0;480.0;1.0;1.0;False;684.0;29.824561403508774;False;E12;esportivo;Apito de arbitro;9208.90.00
00394452000103-1-010162/2025;3;Bola basquetebol;M;50.0;Unidade;unidade;1.0;unidade original ja comparavel (sem conversao);182.5;9125.0;0;2;Homologado;1;;;;2025-05-08T07:32:37;2025-09-16T21:41:22;ACEITO;E04;esportivo;casou regra de identidade do produto E04;v2;ok;"{""numeroItem"": 3, ""descricao"": ""Bola basquetebol"", ""materialOuServico"": ""M"", ""materialOuServicoNome"": ""Material"", ""valorUnitarioEstimado"": 182.5, ""valorTotal"": 9125.0, ""quantidade"": 50.0, ""unidadeMedida"": ""Unidade"", ""orcamentoSigiloso"": false, ""itemCategoriaId"": 3, ""itemCategoriaNome"": ""Não se aplica"", ""patrimonio"": null, ""codigoRegistroImobiliario"": null, ""criterioJulgamentoId"": 1, ""criterioJulgamentoNome"": ""Menor preço"", ""situacaoCompraItem"": 2, ""situacaoCompraItemNome"": ""Homologado"", ""tipoBeneficio"": 1, ""tipoBeneficioNome"": ""Participação exclusiva para ME/EPP"", ""incentivoProdutivoBasico"": false, ""dataInclusao"": ""2025-05-08T07:32:37"", ""dataAtualizacao"": ""2025-09-16T21:41:22"", ""temResultado"": true, ""imagem"": 0, ""aplicabilidadeMargemPreferenciaNormal"": false, ""aplicabilidadeMargemPreferenciaAdicional"": false, ""percentualMargemPreferenciaNormal"": null, ""percentualMargemPreferenciaAdicional"": null, ""ncmNbsCodigo"": null, ""ncmNbsDescricao"": null, ""catalogo"": null, ""categoriaItemCatalogo"": null, ""catalogoCodigoItem"": null, ""informacaoComplementar"": null, ""tipoMargemPreferencia"": null, ""exigenciaConteudoNacional"": false}";2026-09-12T19:14:35.917965;00394452000103;COMANDO DO EXERCITO;federal;F;160026;COMANDO DA 22ª BRIGADA DE INFANTARIA DE SELVA;Macapá;AP;6;Pregão - Eletrônico;1;2025-05-08T07:32:37;2025-05-08T09:00:00;2025-05-21T09:30:00;1;Divulgada no PNCP;generico;50.0;4495.0;1.0;1.0;False;9125.0;50.73972602739726;False;E04;esportivo;Bola de basquete;9506.62.00
00394452000103-1-010162/2025;4;Bola futebol;M;50.0;Unidade;unidade;1.0;unidade original ja comparavel (sem conversao);132.21;6610.5;0;2;Homologado;1;;;;2025-05-08T07:32:37;2025-09-16T21:41:21;ACEITO;E01;esportivo;casou regra de identidade do produto E01;v2;nao_consultado;"{""numeroItem"": 4, ""descricao"": ""Bola futebol"", ""materialOuServico"": ""M"", ""materialOuServicoNome"": ""Material"", ""valorUnitarioEstimado"": 132.21, ""valorTotal"": 6610.5, ""quantidade"": 50.0, ""unidadeMedida"": ""Unidade"", ""orcamentoSigiloso"": false, ""itemCategoriaId"": 3, ""itemCategoriaNome"": ""Não se aplica"", ""patrimonio"": null, ""codigoRegistroImobiliario"": null, ""criterioJulgamentoId"": 1, ""criterioJulgamentoNome"": ""Menor preço"", ""situacaoCompraItem"": 2, ""situacaoCompraItemNome"": ""Homologado"", ""tipoBeneficio"": 1, ""tipoBeneficioNome"": ""Participação exclusiva para ME/EPP"", ""incentivoProdutivoBasico"": false, ""dataInclusao"": ""2025-05-08T07:32:37"", ""dataAtualizacao"": ""2025-09-16T21:41:21"", ""temResultado"": true, ""imagem"": 0, ""aplicabilidadeMargemPreferenciaNormal"": false, ""aplicabilidadeMargemPreferenciaAdicional"": false, ""percentualMargemPreferenciaNormal"": null, ""percentualMargemPreferenciaAdicional"": null, ""ncmNbsCodigo"": null, ""ncmNbsDescricao"": null, ""catalogo"": null, ""categoriaItemCatalogo"": null, ""catalogoCodigoItem"": null, ""informacaoComplementar"": null, ""tipoMargemPreferencia"": null, ""exigenciaConteudoNacional"": false}";2026-09-12T19:14:35.917965;00394452000103;COMANDO DO EXERCITO;federal;F;160026;COMANDO DA 22ª BRIGADA DE INFANTARIA DE SELVA;Macapá;AP;6;Pregão - Eletrônico;1;2025-05-08T07:32:37;2025-05-08T09:00:00;2025-05-21T09:30:00;1;Divulgada no PNCP;generico;0.0;0.0;;;False;;;False;E01;esportivo;Bola de futebol de campo;9506.62.00
00394452000103-1-010162/2025;5;Arco de ginástica rítmica ( bambolê );M;100.0;Unidade;unidade;1.0;unidade original ja comparavel (sem conversao);16.22;1622.0;0;2;Homologado;1;;;;2025-05-08T07:32:37;2025-09-16T21:41:22;ACEITO;E24;esportivo;casou regra de identidade do produto E24;v2;ok;"{""numeroItem"": 5, ""descricao"": ""Arco de ginástica rítmica ( bambolê )"", ""materialOuServico"": ""M"", ""materialOuServicoNome"": ""Material"", ""valorUnitarioEstimado"": 16.22, ""valorTotal"": 1622.0, ""quantidade"": 100.0, ""unidadeMedida"": ""Unidade"", ""orcamentoSigiloso"": false, ""itemCategoriaId"": 3, ""itemCategoriaNome"": ""Não se aplica"", ""patrimonio"": null, ""codigoRegistroImobiliario"": null, ""criterioJulgamentoId"": 1, ""criterioJulgamentoNome"": ""Menor preço"", ""situacaoCompraItem"": 2, ""situacaoCompraItemNome"": ""Homologado"", ""tipoBeneficio"": 1, ""tipoBeneficioNome"": ""Participação exclusiva para ME/EPP"", ""incentivoProdutivoBasico"": false, ""dataInclusao"": ""2025-05-08T07:32:37"", ""dataAtualizacao"": ""2025-09-16T21:41:22"", ""temResultado"": true, ""imagem"": 0, ""aplicabilidadeMargemPreferenciaNormal"": false, ""aplicabilidadeMargemPreferenciaAdicional"": false, ""percentualMargemPreferenciaNormal"": null, ""percentualMargemPreferenciaAdicional"": null, ""ncmNbsCodigo"": null, ""ncmNbsDescricao"": null, ""catalogo"": null, ""categoriaItemCatalogo"": null, ""catalogoCodigoItem"": null, ""informacaoComplementar"": null, ""tipoMargemPreferencia"": null, ""exigenciaConteudoNacional"": false}";2026-09-12T19:14:35.918965;00394452000103;COMANDO DO EXERCITO;federal;F;160026;COMANDO DA 22ª BRIGADA DE INFANTARIA DE SELVA;Macapá;AP;6;Pregão - Eletrônico;1;2025-05-08T07:32:37;2025-05-08T09:00:00;2025-05-21T09:30:00;1;Divulgada no PNCP;generico;100.0;340.0;1.0;1.0;False;1622.0;79.03822441430333;False;E24;esportivo;Bambole;9506.99.00
00394452000103-1-010162/2025;6;Bola handebol;M;50.0;Unidade;unidade;1.0;unidade original ja comparavel (sem conversao);140.05;7002.5;0;2;Homologado;1;;;;2025-05-08T07:32:37;2025-09-16T21:41:19;ACEITO;E05;esportivo;casou regra de identidade do produto E05;v2;ok;"{""numeroItem"": 6, ""descricao"": ""Bola handebol"", ""materialOuServico"": ""M"", ""materialOuServicoNome"": ""Material"", ""valorUnitarioEstimado"": 140.05, ""valorTotal"": 7002.5, ""quantidade"": 50.0, ""unidadeMedida"": ""Unidade"", ""orcamentoSigiloso"": false, ""itemCategoriaId"": 3, ""itemCategoriaNome"": ""Não se aplica"", ""patrimonio"": null, ""codigoRegistroImobiliario"": null, ""criterioJulgamentoId"": 1, ""criterioJulgamentoNome"": ""Menor preço"", ""situacaoCompraItem"": 2, ""situacaoCompraItemNome"": ""Homologado"", ""tipoBeneficio"": 1, ""tipoBeneficioNome"": ""Participação exclusiva para ME/EPP"", ""incentivoProdutivoBasico"": false, ""dataInclusao"": ""2025-05-08T07:32:37"", ""dataAtualizacao"": ""2025-09-16T21:41:19"", ""temResultado"": true, ""imagem"": 0, ""aplicabilidadeMargemPreferenciaNormal"": false, ""aplicabilidadeMargemPreferenciaAdicional"": false, ""percentualMargemPreferenciaNormal"": null, ""percentualMargemPreferenciaAdicional"": null, ""ncmNbsCodigo"": null, ""ncmNbsDescricao"": null, ""catalogo"": null, ""categoriaItemCatalogo"": null, ""catalogoCodigoItem"": null, ""informacaoComplementar"": null, ""tipoMargemPreferencia"": null, ""exigenciaConteudoNacional"": false}";2026-09-12T19:14:35.918965;00394452000103;COMANDO DO EXERCITO;federal;F;160026;COMANDO DA 22ª BRIGADA DE INFANTARIA DE SELVA;Macapá;AP;6;Pregão - Eletrônico;1;2025-05-08T07:32:37;2025-05-08T09:00:00;2025-05-21T09:30:00;1;Divulgada no PNCP;generico;50.0;3000.0;1.0;1.0;False;7002.500000000001;57.15815780078544;False;E05;esportivo;Bola de handebol;9506.62.00
00394452000103-1-010162/2025;7;Bola futsal;M;50.0;Unidade;unidade;1.0;unidade original ja comparavel (sem conversao);127.54;6377.0;0;2;Homologado;1;;;;2025-05-08T07:32:37;2025-09-16T21:41:21;ACEITO;E02;esportivo;casou regra de identidade do produto E02;v2;ok;"{""numeroItem"": 7, ""descricao"": ""Bola futsal"", ""materialOuServico"": ""M"", ""materialOuServicoNome"": ""Material"", ""valorUnitarioEstimado"": 127.54, ""valorTotal"": 6377.0, ""quantidade"": 50.0, ""unidadeMedida"": ""Unidade"", ""orcamentoSigiloso"": false, ""itemCategoriaId"": 3, ""itemCategoriaNome"": ""Não se aplica"", ""patrimonio"": null, ""codigoRegistroImobiliario"": null, ""criterioJulgamentoId"": 1, ""criterioJulgamentoNome"": ""Menor preço"", ""situacaoCompraItem"": 2, ""situacaoCompraItemNome"": ""Homologado"", ""tipoBeneficio"": 1, ""tipoBeneficioNome"": ""Participação exclusiva para ME/EPP"", ""incentivoProdutivoBasico"": false, ""dataInclusao"": ""2025-05-08T07:32:37"", ""dataAtualizacao"": ""2025-09-16T21:41:21"", ""temResultado"": true, ""imagem"": 0, ""aplicabilidadeMargemPreferenciaNormal"": false, ""aplicabilidadeMargemPreferenciaAdicional"": false, ""percentualMargemPreferenciaNormal"": null, ""percentualMargemPreferenciaAdicional"": null, ""ncmNbsCodigo"": null, ""ncmNbsDescricao"": null, ""catalogo"": null, ""categoriaItemCatalogo"": null, ""catalogoCodigoItem"": null, ""informacaoComplementar"": null, ""tipoMargemPreferencia"": null, ""exigenciaConteudoNacional"": false}";2026-09-12T19:14:35.918965;00394452000103;COMANDO DO EXERCITO;federal;F;160026;COMANDO DA 22ª BRIGADA DE INFANTARIA DE SELVA;Macapá;AP;6;Pregão - Eletrônico;1;2025-05-08T07:32:37;2025-05-08T09:00:00;2025-05-21T09:30:00;1;Divulgada no PNCP;futsal;50.0;3000.0;1.0;1.0;False;6377.0;52.955935392817935;False;E02;esportivo;Bola de futsal;9506.62.00
00394452000103-1-010162/2025;8;Bola voleibol;M;50.0;Unidade;unidade;1.0;unidade original ja comparavel (sem conversao);144.13;7206.5;0;2;Homologado;1;;;;2025-05-08T07:32:37;2025-09-16T21:41:21;ACEITO;E03;esportivo;casou regra de identidade do produto E03;v2;ok;"{""numeroItem"": 8, ""descricao"": ""Bola voleibol"", ""materialOuServico"": ""M"", ""materialOuServicoNome"": ""Material"", ""valorUnitarioEstimado"": 144.13, ""valorTotal"": 7206.5, ""quantidade"": 50.0, ""unidadeMedida"": ""Unidade"", ""orcamentoSigiloso"": false, ""itemCategoriaId"": 3, ""itemCategoriaNome"": ""Não se aplica"", ""patrimonio"": null, ""codigoRegistroImobiliario"": null, ""criterioJulgamentoId"": 1, ""criterioJulgamentoNome"": ""Menor preço"", ""situacaoCompraItem"": 2, ""situacaoCompraItemNome"": ""Homologado"", ""tipoBeneficio"": 1, ""tipoBeneficioNome"": ""Participação exclusiva para ME/EPP"", ""incentivoProdutivoBasico"": false, ""dataInclusao"": ""2025-05-08T07:32:37"", ""dataAtualizacao"": ""2025-09-16T21:41:21"", ""temResultado"": true, ""imagem"": 0, ""aplicabilidadeMargemPreferenciaNormal"": false, ""aplicabilidadeMargemPreferenciaAdicional"": false, ""percentualMargemPreferenciaNormal"": null, ""percentualMargemPreferenciaAdicional"": null, ""ncmNbsCodigo"": null, ""ncmNbsDescricao"": null, ""catalogo"": null, ""categoriaItemCatalogo"": null, ""catalogoCodigoItem"": null, ""informacaoComplementar"": null, ""tipoMargemPreferencia"": null, ""exigenciaConteudoNacional"": false}";2026-09-12T19:14:35.918965;00394452000103;COMANDO DO EXERCITO;federal;F;160026;COMANDO DA 22ª BRIGADA DE INFANTARIA DE SELVA;Macapá;AP;6;Pregão - Eletrônico;1;2025-05-08T07:32:37;2025-05-08T09:00:00;2025-05-21T09:30:00;1;Divulgada no PNCP;generico;50.0;3240.0;1.0;1.0;False;7206.5;55.0405883577326;False;E03;esportivo;Bola de volei;9506.62.00
00394452000103-1-010162/2025;9;Bola voleibol;M;50.0;Unidade;unidade;1.0;unidade original ja comparavel (sem conversao);151.33;7566.5;0;2;Homologado;1;;;;2025-05-08T07:32:37;2025-09-16T21:41:19;ACEITO;E03;esportivo;casou regra de identidade do produto E03;v2;ok;"{""numeroItem"": 9, ""descricao"": ""Bola voleibol"", ""materialOuServico"": ""M"", ""materialOuServicoNome"": ""Material"", ""valorUnitarioEstimado"": 151.33, ""valorTotal"": 7566.5, ""quantidade"": 50.0, ""unidadeMedida"": ""Unidade"", ""orcamentoSigiloso"": false, ""itemCategoriaId"": 3, ""itemCategoriaNome"": ""Não se aplica"", ""patrimonio"": null, ""codigoRegistroImobiliario"": null, ""criterioJulgamentoId"": 1, ""criterioJulgamentoNome"": ""Menor preço"", ""situacaoCompraItem"": 2, ""situacaoCompraItemNome"": ""Homologado"", ""tipoBeneficio"": 1, ""tipoBeneficioNome"": ""Participação exclusiva para ME/EPP"", ""incentivoProdutivoBasico"": false, ""dataInclusao"": ""2025-05-08T07:32:37"", ""dataAtualizacao"": ""2025-09-16T21:41:19"", ""temResultado"": true, ""imagem"": 0, ""aplicabilidadeMargemPreferenciaNormal"": false, ""aplicabilidadeMargemPreferenciaAdicional"": false, ""percentualMargemPreferenciaNormal"": null, ""percentualMargemPreferenciaAdicional"": null, ""ncmNbsCodigo"": null, ""ncmNbsDescricao"": null, ""catalogo"": null, ""categoriaItemCatalogo"": null, ""catalogoCodigoItem"": null, ""informacaoComplementar"": null, ""tipoMargemPreferencia"": null, ""exigenciaConteudoNacional"": false}";2026-09-12T19:14:35.918965;00394452000103;COMANDO DO EXERCITO;federal;F;160026;COMANDO DA 22ª BRIGADA DE INFANTARIA DE SELVA;Macapá;AP;6;Pregão - Eletrônico;1;2025-05-08T07:32:37;2025-05-08T09:00:00;2025-05-21T09:30:00;1;Divulgada no PNCP;generico;50.0;2725.0;1.0;1.0;False;7566.500000000001;63.98599088085641;False;E03;esportivo;Bola de volei;9506.62.00
00394452000103-1-010162/2025;10;Bomba encher;M;26.0;Unidade;unidade;1.0;unidade original ja comparavel (sem conversao);32.05;833.3;0;2;Homologado;1;;;;2025-05-08T07:32:37;2025-09-16T21:41:19;ACEITO;E14;esportivo;casou regra de identidade do produto E14;v2;nao_consultado;"{""numeroItem"": 10, ""descricao"": ""Bomba encher"", ""materialOuServico"": ""M"", ""materialOuServicoNome"": ""Material"", ""valorUnitarioEstimado"": 32.05, ""valorTotal"": 833.3, ""quantidade"": 26.0, ""unidadeMedida"": ""Unidade"", ""orcamentoSigiloso"": false, ""itemCategoriaId"": 3, ""itemCategoriaNome"": ""Não se aplica"", ""patrimonio"": null, ""codigoRegistroImobiliario"": null, ""criterioJulgamentoId"": 1, ""criterioJulgamentoNome"": ""Menor preço"", ""situacaoCompraItem"": 2, ""situacaoCompraItemNome"": ""Homologado"", ""tipoBeneficio"": 1, ""tipoBeneficioNome"": ""Participação exclusiva para ME/EPP"", ""incentivoProdutivoBasico"": false, ""dataInclusao"": ""2025-05-08T07:32:37"", ""dataAtualizacao"": ""2025-09-16T21:41:19"", ""temResultado"": true, ""imagem"": 0, ""aplicabilidadeMargemPreferenciaNormal"": false, ""aplicabilidadeMargemPreferenciaAdicional"": false, ""percentualMargemPreferenciaNormal"": null, ""percentualMargemPreferenciaAdicional"": null, ""ncmNbsCodigo"": null, ""ncmNbsDescricao"": null, ""catalogo"": null, ""categoriaItemCatalogo"": null, ""catalogoCodigoItem"": null, ""informacaoComplementar"": null, ""tipoMargemPreferencia"": null, ""exigenciaConteudoNacional"": false}";2026-09-12T19:14:35.918965;00394452000103;COMANDO DO EXERCITO;federal;F;160026;COMANDO DA 22ª BRIGADA DE INFANTARIA DE SELVA;Macapá;AP;6;Pregão - Eletrônico;1;2025-05-08T07:32:37;2025-05-08T09:00:00;2025-05-21T09:30:00;1;Divulgada no PNCP;generico;0.0;0.0;;;False;;;False;E14;esportivo;Bomba manual de ar para bolas;8414.20.00
34870246000136-1-000019/2025;8;Caneta Esferográfica;M;25.0;Caixa 50,00 UN;Caixa 50,00 UN;;"unidade nao reconhecida no dicionario; preservada como original";36.42;910.5;0;2;Homologado;1;;;;2025-05-22T07:37:58;2025-07-08T12:15:21;ACEITO;P06;educativo;casou regra de identidade do produto P06;v2;ok;"{""numeroItem"": 8, ""descricao"": ""Caneta Esferográfica"", ""materialOuServico"": ""M"", ""materialOuServicoNome"": ""Material"", ""valorUnitarioEstimado"": 36.42, ""valorTotal"": 910.5, ""quantidade"": 25.0, ""unidadeMedida"": ""Caixa 50,00 UN"", ""orcamentoSigiloso"": false, ""itemCategoriaId"": 3, ""itemCategoriaNome"": ""Não se aplica"", ""patrimonio"": null, ""codigoRegistroImobiliario"": null, ""criterioJulgamentoId"": 1, ""criterioJulgamentoNome"": ""Menor preço"", ""situacaoCompraItem"": 2, ""situacaoCompraItemNome"": ""Homologado"", ""tipoBeneficio"": 1, ""tipoBeneficioNome"": ""Participação exclusiva para ME/EPP"", ""incentivoProdutivoBasico"": false, ""dataInclusao"": ""2025-05-22T07:37:58"", ""dataAtualizacao"": ""2025-07-08T12:15:21"", ""temResultado"": true, ""imagem"": 0, ""aplicabilidadeMargemPreferenciaNormal"": false, ""aplicabilidadeMargemPreferenciaAdicional"": false, ""percentualMargemPreferenciaNormal"": null, ""percentualMargemPreferenciaAdicional"": null, ""ncmNbsCodigo"": null, ""ncmNbsDescricao"": null, ""catalogo"": null, ""categoriaItemCatalogo"": null, ""catalogoCodigoItem"": null, ""informacaoComplementar"": null, ""tipoMargemPreferencia"": null, ""exigenciaConteudoNacional"": false}";2026-09-12T19:15:05.586274;34870246000136;TRIBUNAL DE CONTAS DO ESTADO DO AMAPA;estadual;E;927045;TRIBUNAL DE CONTAS DO ESTADO DO AMAPÁ;Macapá;AP;6;Pregão - Eletrônico;1;2025-05-22T07:37:58;2025-05-22T08:00:00;2025-06-05T09:00:00;1;Divulgada no PNCP;generico;25.0;450.0;1.0;1.0;False;910.5;50.57660626029654;False;P06;educativo;Caneta esferografica azul/preta/vermelha;9608.10.00
34870246000136-1-000019/2025;9;Caneta Esferográfica;M;15.0;Caixa 50,00 UN;Caixa 50,00 UN;;"unidade nao reconhecida no dicionario; preservada como original";37.12;556.8;0;2;Homologado;1;;;;2025-05-22T07:37:58;2025-07-08T12:16:01;ACEITO;P06;educativo;casou regra de identidade do produto P06;v2;ok;"{""numeroItem"": 9, ""descricao"": ""Caneta Esferográfica"", ""materialOuServico"": ""M"", ""materialOuServicoNome"": ""Material"", ""valorUnitarioEstimado"": 37.12, ""valorTotal"": 556.8, ""quantidade"": 15.0, ""unidadeMedida"": ""Caixa 50,00 UN"", ""orcamentoSigiloso"": false, ""itemCategoriaId"": 3, ""itemCategoriaNome"": ""Não se aplica"", ""patrimonio"": null, ""codigoRegistroImobiliario"": null, ""criterioJulgamentoId"": 1, ""criterioJulgamentoNome"": ""Menor preço"", ""situacaoCompraItem"": 2, ""situacaoCompraItemNome"": ""Homologado"", ""tipoBeneficio"": 1, ""tipoBeneficioNome"": ""Participação exclusiva para ME/EPP"", ""incentivoProdutivoBasico"": false, ""dataInclusao"": ""2025-05-22T07:37:58"", ""dataAtualizacao"": ""2025-07-08T12:16:01"", ""temResultado"": true, ""imagem"": 0, ""aplicabilidadeMargemPreferenciaNormal"": false, ""aplicabilidadeMargemPreferenciaAdicional"": false, ""percentualMargemPreferenciaNormal"": null, ""percentualMargemPreferenciaAdicional"": null, ""ncmNbsCodigo"": null, ""ncmNbsDescricao"": null, ""catalogo"": null, ""categoriaItemCatalogo"": null, ""catalogoCodigoItem"": null, ""informacaoComplementar"": null, ""tipoMargemPreferencia"": null, ""exigenciaConteudoNacional"": false}";2026-09-12T19:15:05.586274;34870246000136;TRIBUNAL DE CONTAS DO ESTADO DO AMAPA;estadual;E;927045;TRIBUNAL DE CONTAS DO ESTADO DO AMAPÁ;Macapá;AP;6;Pregão - Eletrônico;1;2025-05-22T07:37:58;2025-05-22T08:00:00;2025-06-05T09:00:00;1;Divulgada no PNCP;generico;15.0;240.0;1.0;1.0;False;556.8;56.89655172413792;False;P06;educativo;Caneta esferografica azul/preta/vermelha;9608.10.00
34868927000160-1-000004/2025;3;Apagador Quadro Branco;M;30.0;Unidade  ;unidade;1.0;unidade original ja comparavel (sem conversao);7.89;236.85;0;2;Homologado;1;;;;2025-06-04T07:09:01;2025-07-02T19:35:07;ACEITO;P19;educativo;casou regra de identidade do produto P19;v2;ok;"{""numeroItem"": 3, ""descricao"": ""Apagador Quadro Branco"", ""materialOuServico"": ""M"", ""materialOuServicoNome"": ""Material"", ""valorUnitarioEstimado"": 7.89, ""valorTotal"": 236.85, ""quantidade"": 30.0, ""unidadeMedida"": ""Unidade  "", ""orcamentoSigiloso"": false, ""itemCategoriaId"": 3, ""itemCategoriaNome"": ""Não se aplica"", ""patrimonio"": null, ""codigoRegistroImobiliario"": null, ""criterioJulgamentoId"": 1, ""criterioJulgamentoNome"": ""Menor preço"", ""situacaoCompraItem"": 2, ""situacaoCompraItemNome"": ""Homologado"", ""tipoBeneficio"": 1, ""tipoBeneficioNome"": ""Participação exclusiva para ME/EPP"", ""incentivoProdutivoBasico"": false, ""dataInclusao"": ""2025-06-04T07:09:01"", ""dataAtualizacao"": ""2025-07-02T19:35:07"", ""temResultado"": true, ""imagem"": 0, ""aplicabilidadeMargemPreferenciaNormal"": false, ""aplicabilidadeMargemPreferenciaAdicional"": false, ""percentualMargemPreferenciaNormal"": null, ""percentualMargemPreferenciaAdicional"": null, ""ncmNbsCodigo"": null, ""ncmNbsDescricao"": null, ""catalogo"": null, ""categoriaItemCatalogo"": null, ""catalogoCodigoItem"": null, ""informacaoComplementar"": null, ""tipoMargemPreferencia"": null, ""exigenciaConteudoNacional"": false}";2026-09-12T19:15:39.309139;34868927000160;ASSEMBLEIA LEGISLATIVA DO ESTADO DO AMAPA;estadual;E;926714;ASSEMBLÉIA LEGISLATIVA DO ESTADO AO AMAPÁ;Macapá;AP;6;Pregão - Eletrônico;0;2025-06-04T07:09:01;2025-06-04T08:00:00;2025-06-16T09:00:00;1;Divulgada no PNCP;generico;30.0;90.0;1.0;1.0;False;236.7;61.97718631178707;False;P19;educativo;Apagador para quadro/lousa;9603.90.00
34868927000160-1-000004/2025;4;Apontador Lápis;M;20.0;Caixa 24,00 UN;Caixa 24,00 UN;;"unidade nao reconhecida no dicionario; preservada como original";30.05;601.1;0;2;Homologado;1;;;;2025-06-04T07:09:01;2025-07-02T19:35:24;ACEITO;P08;educativo;casou regra de identidade do produto P08;v2;nao_consultado;"{""numeroItem"": 4, ""descricao"": ""Apontador Lápis"", ""materialOuServico"": ""M"", ""materialOuServicoNome"": ""Material"", ""valorUnitarioEstimado"": 30.05, ""valorTotal"": 601.1, ""quantidade"": 20.0, ""unidadeMedida"": ""Caixa 24,00 UN"", ""orcamentoSigiloso"": false, ""itemCategoriaId"": 3, ""itemCategoriaNome"": ""Não se aplica"", ""patrimonio"": null, ""codigoRegistroImobiliario"": null, ""criterioJulgamentoId"": 1, ""criterioJulgamentoNome"": ""Menor preço"", ""situacaoCompraItem"": 2, ""situacaoCompraItemNome"": ""Homologado"", ""tipoBeneficio"": 1, ""tipoBeneficioNome"": ""Participação exclusiva para ME/EPP"", ""incentivoProdutivoBasico"": false, ""dataInclusao"": ""2025-06-04T07:09:01"", ""dataAtualizacao"": ""2025-07-02T19:35:24"", ""temResultado"": true, ""imagem"": 0, ""aplicabilidadeMargemPreferenciaNormal"": false, ""aplicabilidadeMargemPreferenciaAdicional"": false, ""percentualMargemPreferenciaNormal"": null, ""percentualMargemPreferenciaAdicional"": null, ""ncmNbsCodigo"": null, ""ncmNbsDescricao"": null, ""catalogo"": null, ""categoriaItemCatalogo"": null, ""catalogoCodigoItem"": null, ""informacaoComplementar"": null, ""tipoMargemPreferencia"": null, ""exigenciaConteudoNacional"": false}";2026-09-12T19:15:39.310147;34868927000160;ASSEMBLEIA LEGISLATIVA DO ESTADO DO AMAPA;estadual;E;926714;ASSEMBLÉIA LEGISLATIVA DO ESTADO AO AMAPÁ;Macapá;AP;6;Pregão - Eletrônico;0;2025-06-04T07:09:01;2025-06-04T08:00:00;2025-06-16T09:00:00;1;Divulgada no PNCP;generico;0.0;0.0;;;False;;;False;P08;educativo;Apontador de lapis;8214.10.00
10820882000195-1-000024/2025;4;Caneta esferográfica;M;2940.0;Unidade;unidade;1.0;unidade original ja comparavel (sem conversao);2.19;6438.6;0;2;Homologado;1;;;;2025-06-23T07:38:13;2025-07-18T15:23:54;ACEITO;P06;educativo;casou regra de identidade do produto P06;v2;ok;"{""numeroItem"": 4, ""descricao"": ""Caneta esferográfica"", ""materialOuServico"": ""M"", ""materialOuServicoNome"": ""Material"", ""valorUnitarioEstimado"": 2.19, ""valorTotal"": 6438.6, ""quantidade"": 2940.0, ""unidadeMedida"": ""Unidade"", ""orcamentoSigiloso"": false, ""itemCategoriaId"": 3, ""itemCategoriaNome"": ""Não se aplica"", ""patrimonio"": null, ""codigoRegistroImobiliario"": null, ""criterioJulgamentoId"": 1, ""criterioJulgamentoNome"": ""Menor preço"", ""situacaoCompraItem"": 2, ""situacaoCompraItemNome"": ""Homologado"", ""tipoBeneficio"": 1, ""tipoBeneficioNome"": ""Participação exclusiva para ME/EPP"", ""incentivoProdutivoBasico"": false, ""dataInclusao"": ""2025-06-23T07:38:13"", ""dataAtualizacao"": ""2025-07-18T15:23:54"", ""temResultado"": true, ""imagem"": 0, ""aplicabilidadeMargemPreferenciaNormal"": false, ""aplicabilidadeMargemPreferenciaAdicional"": false, ""percentualMargemPreferenciaNormal"": null, ""percentualMargemPreferenciaAdicional"": null, ""ncmNbsCodigo"": null, ""ncmNbsDescricao"": null, ""catalogo"": null, ""categoriaItemCatalogo"": null, ""catalogoCodigoItem"": null, ""informacaoComplementar"": null, ""tipoMargemPreferencia"": null, ""exigenciaConteudoNacional"": false}";2026-09-12T19:16:16.543681;10820882000195;INSTITUTO FEDERAL DE EDUCACAO, CIENCIA E TECNOLOGIA DO AMAPA;federal;F;158150;INST.FED.DE EDUC.,CIENC.E TEC.DO AMAPA;Macapá;AP;6;Pregão - Eletrônico;1;2025-06-23T07:38:13;2025-06-23T09:00:00;2025-07-03T09:00:00;1;Divulgada no PNCP;generico;2940.0;5115.6;1.0;1.0;False;6438.599999999999;20.547945205479433;False;P06;educativo;Caneta esferografica azul/preta/vermelha;9608.10.00
00394452000103-1-013536/2025;5;Tatame;M;15.0;Unidade;unidade;1.0;unidade original ja comparavel (sem conversao);372.0;5580.0;0;2;Homologado;1;;;;2025-06-24T07:42:40;2025-09-16T18:42:59;ACEITO;E17;esportivo;casou regra de identidade do produto E17;v2;ok;"{""numeroItem"": 5, ""descricao"": ""Tatame"", ""materialOuServico"": ""M"", ""materialOuServicoNome"": ""Material"", ""valorUnitarioEstimado"": 372.0, ""valorTotal"": 5580.0, ""quantidade"": 15.0, ""unidadeMedida"": ""Unidade"", ""orcamentoSigiloso"": false, ""itemCategoriaId"": 3, ""itemCategoriaNome"": ""Não se aplica"", ""patrimonio"": null, ""codigoRegistroImobiliario"": null, ""criterioJulgamentoId"": 1, ""criterioJulgamentoNome"": ""Menor preço"", ""situacaoCompraItem"": 2, ""situacaoCompraItemNome"": ""Homologado"", ""tipoBeneficio"": 1, ""tipoBeneficioNome"": ""Participação exclusiva para ME/EPP"", ""incentivoProdutivoBasico"": false, ""dataInclusao"": ""2025-06-24T07:42:40"", ""dataAtualizacao"": ""2025-09-16T18:42:59"", ""temResultado"": true, ""imagem"": 0, ""aplicabilidadeMargemPreferenciaNormal"": false, ""aplicabilidadeMargemPreferenciaAdicional"": false, ""percentualMargemPreferenciaNormal"": null, ""percentualMargemPreferenciaAdicional"": null, ""ncmNbsCodigo"": null, ""ncmNbsDescricao"": null, ""catalogo"": null, ""categoriaItemCatalogo"": null, ""catalogoCodigoItem"": null, ""informacaoComplementar"": null, ""tipoMargemPreferencia"": null, ""exigenciaConteudoNacional"": false}";2026-09-12T19:16:17.466183;00394452000103;COMANDO DO EXERCITO;federal;F;160026;COMANDO DA 22ª BRIGADA DE INFANTARIA DE SELVA;Macapá;AP;6;Pregão - Eletrônico;1;2025-06-24T07:42:40;2025-06-24T10:00:00;2025-07-04T10:00:00;1;Divulgada no PNCP;generico;15.0;3397.95;1.0;1.0;False;5580.0;39.10483870967742;False;E17;esportivo;Placa de tatame em EVA;3921.19.00
01762561000190-1-000007/2025;1752;"CRONÔMETRO - Tipo: progressivo e regressivo; Tipo mostrador: digital; Requisito: à prova d'água e com cordão; Características adicionais: tempo total, tempo parcial e tempo memorizado; cronometragem centesimal, visualizador de horário, calendário, alarme.";M;11.0;Ind - 1 - un;Ind - 1 - un;;"unidade nao reconhecida no dicionario; preservada como original";64.37;708.07;0;5;Fracassado;0;;;;2025-07-01T14:28:09;2025-12-04T16:12:38;ACEITO;E13;esportivo;casou regra de identidade do produto E13;v2;sem_registros;"{""numeroItem"": 1752, ""descricao"": ""CRONÔMETRO - Tipo: progressivo e regressivo; Tipo mostrador: digital; Requisito: à prova d'água e com cordão; Características adicionais: tempo total, tempo parcial e tempo memorizado; cronometragem centesimal, visualizador de horário, calendário, alarme."", ""materialOuServico"": ""M"", ""materialOuServicoNome"": ""Material"", ""valorUnitarioEstimado"": 64.37, ""valorTotal"": 708.07, ""quantidade"": 11.0, ""unidadeMedida"": ""Ind - 1 - un"", ""orcamentoSigiloso"": false, ""itemCategoriaId"": 3, ""itemCategoriaNome"": ""Não se aplica"", ""patrimonio"": null, ""codigoRegistroImobiliario"": null, ""criterioJulgamentoId"": 1, ""criterioJulgamentoNome"": ""Menor preço"", ""situacaoCompraItem"": 5, ""situacaoCompraItemNome"": ""Fracassado"", ""tipoBeneficio"": 1, ""tipoBeneficioNome"": ""Participação exclusiva para ME/EPP"", ""incentivoProdutivoBasico"": false, ""dataInclusao"": ""2025-07-01T14:28:09"", ""dataAtualizacao"": ""2025-12-04T16:12:38"", ""temResultado"": false, ""imagem"": 0, ""aplicabilidadeMargemPreferenciaNormal"": false, ""aplicabilidadeMargemPreferenciaAdicional"": false, ""percentualMargemPreferenciaNormal"": null, ""percentualMargemPreferenciaAdicional"": null, ""ncmNbsCodigo"": null, ""ncmNbsDescricao"": null, ""catalogo"": null, ""categoriaItemCatalogo"": null, ""catalogoCodigoItem"": null, ""informacaoComplementar"": null, ""tipoMargemPreferencia"": null, ""exigenciaConteudoNacional"": false}";2026-09-12T19:16:36.906523;01762561000190;INSTITUTO DE HEMATOLOGIA E HEMOTERAPIA DO AMAPA;estadual;E;35;INSTITUTO DE HEMATOLOGIA E HEMOTERAPIA DO AMAPÁ ;Macapá;AP;6;Pregão - Eletrônico;0;2025-07-01T14:28:09;2025-07-01T12:00:00;2025-07-23T08:29:00;1;Divulgada no PNCP;generico;0.0;0.0;;;False;;;False;E13;esportivo;Cronometro digital profissional;9106.90.00
34925222000137-1-000016/2025;10008;CANETA PERSONALIZADA, caneta esferográfica, material papel reciclado, material ponta plástico, cor: tinta  azul, características adicionais: impressão em silkscreen do órgão.;M;700.0;UNIDADE;unidade;1.0;unidade original ja comparavel (sem conversao);12.31;8617.0;0;2;Homologado;1;;;;2025-07-28T18:30:57;2025-09-19T11:00:08;ACEITO;P06;educativo;casou regra de identidade do produto P06;v2;ok;"{""numeroItem"": 10008, ""descricao"": ""CANETA PERSONALIZADA, caneta esferográfica, material papel reciclado, material ponta plástico, cor: tinta  azul, características adicionais: impressão em silkscreen do órgão."", ""materialOuServico"": ""M"", ""materialOuServicoNome"": ""Material"", ""valorUnitarioEstimado"": 12.31, ""valorTotal"": 8617.0, ""quantidade"": 700.0, ""unidadeMedida"": ""UNIDADE"", ""orcamentoSigiloso"": false, ""itemCategoriaId"": 3, ""itemCategoriaNome"": ""Não se aplica"", ""patrimonio"": null, ""codigoRegistroImobiliario"": null, ""criterioJulgamentoId"": 1, ""criterioJulgamentoNome"": ""Menor preço"", ""situacaoCompraItem"": 2, ""situacaoCompraItemNome"": ""Homologado"", ""tipoBeneficio"": 5, ""tipoBeneficioNome"": ""Não se aplica"", ""incentivoProdutivoBasico"": false, ""dataInclusao"": ""2025-07-28T18:30:57"", ""dataAtualizacao"": ""2025-09-19T11:00:08"", ""temResultado"": true, ""imagem"": 0, ""aplicabilidadeMargemPreferenciaNormal"": false, ""aplicabilidadeMargemPreferenciaAdicional"": false, ""percentualMargemPreferenciaNormal"": null, ""percentualMargemPreferenciaAdicional"": null, ""ncmNbsCodigo"": null, ""ncmNbsDescricao"": null, ""catalogo"": null, ""categoriaItemCatalogo"": null, ""catalogoCodigoItem"": null, ""informacaoComplementar"": null, ""tipoMargemPreferencia"": null, ""exigenciaConteudoNacional"": false}";2026-09-12T19:17:46.718030;34925222000137;MUNICIPIO DE PRACUUBA;municipal;M;000000001;SECRETARIA MUNICIPAL DE ADMINISTRACAO;Pracuúba;AP;6;Pregão - Eletrônico;1;2025-07-28T18:30:57;2025-07-28T15:30:00;2025-08-08T08:00:00;1;Divulgada no PNCP;generico;700.0;1750.0;1.0;1.0;False;8617.0;79.69130787977254;False;P06;educativo;Caneta esferografica azul/preta/vermelha;9608.10.00
05990437000133-1-000027/2025;2;Antena Rede Voleibol;M;20.0;Jogo  ;jogo;;unidade preservada sem fator de conversao confirmado (nao somar com outras unidades);132.57;2651.4;0;2;Homologado;1;;;;2025-08-19T07:01:50;2025-10-21T17:39:11;ACEITO;E07;esportivo;casou regra de identidade do produto E07;v2;ok;"{""numeroItem"": 2, ""descricao"": ""Antena Rede Voleibol"", ""materialOuServico"": ""M"", ""materialOuServicoNome"": ""Material"", ""valorUnitarioEstimado"": 132.57, ""valorTotal"": 2651.4, ""quantidade"": 20.0, ""unidadeMedida"": ""Jogo  "", ""orcamentoSigiloso"": false, ""itemCategoriaId"": 3, ""itemCategoriaNome"": ""Não se aplica"", ""patrimonio"": null, ""codigoRegistroImobiliario"": null, ""criterioJulgamentoId"": 1, ""criterioJulgamentoNome"": ""Menor preço"", ""situacaoCompraItem"": 2, ""situacaoCompraItemNome"": ""Homologado"", ""tipoBeneficio"": 1, ""tipoBeneficioNome"": ""Participação exclusiva para ME/EPP"", ""incentivoProdutivoBasico"": false, ""dataInclusao"": ""2025-08-19T07:01:50"", ""dataAtualizacao"": ""2025-10-21T17:39:11"", ""temResultado"": true, ""imagem"": 0, ""aplicabilidadeMargemPreferenciaNormal"": false, ""aplicabilidadeMargemPreferenciaAdicional"": false, ""percentualMargemPreferenciaNormal"": null, ""percentualMargemPreferenciaAdicional"": null, ""ncmNbsCodigo"": null, ""ncmNbsDescricao"": null, ""catalogo"": null, ""categoriaItemCatalogo"": null, ""catalogoCodigoItem"": null, ""informacaoComplementar"": null, ""tipoMargemPreferencia"": null, ""exigenciaConteudoNacional"": false}";2026-09-12T19:18:22.806045;05990437000133;MUNICIPIO DE CALCOENE;municipal;M;932334;MAP-PREFEITURA MUNICIPAL DE CALÇOENE;Calçoene;AP;6;Pregão - Eletrônico;0;2025-08-19T07:01:50;2025-08-20T08:00:00;2025-09-01T14:00:00;1;Divulgada no PNCP;generico;20.0;1481.0;1.0;1.0;False;2651.3999999999996;44.142717055140665;False;E07;esportivo;Rede de volei;9506.99.00
05990437000133-1-000027/2025;4;Apito;M;30.0;Unidade  ;unidade;1.0;unidade original ja comparavel (sem conversao);19.11;573.3;0;2;Homologado;1;;;;2025-08-19T07:01:50;2025-10-21T17:39:11;ACEITO;E12;esportivo;casou regra de identidade do produto E12;v2;ok;"{""numeroItem"": 4, ""descricao"": ""Apito"", ""materialOuServico"": ""M"", ""materialOuServicoNome"": ""Material"", ""valorUnitarioEstimado"": 19.11, ""valorTotal"": 573.3, ""quantidade"": 30.0, ""unidadeMedida"": ""Unidade  "", ""orcamentoSigiloso"": false, ""itemCategoriaId"": 3, ""itemCategoriaNome"": ""Não se aplica"", ""patrimonio"": null, ""codigoRegistroImobiliario"": null, ""criterioJulgamentoId"": 1, ""criterioJulgamentoNome"": ""Menor preço"", ""situacaoCompraItem"": 2, ""situacaoCompraItemNome"": ""Homologado"", ""tipoBeneficio"": 1, ""tipoBeneficioNome"": ""Participação exclusiva para ME/EPP"", ""incentivoProdutivoBasico"": false, ""dataInclusao"": ""2025-08-19T07:01:50"", ""dataAtualizacao"": ""2025-10-21T17:39:11"", ""temResultado"": true, ""imagem"": 0, ""aplicabilidadeMargemPreferenciaNormal"": false, ""aplicabilidadeMargemPreferenciaAdicional"": false, ""percentualMargemPreferenciaNormal"": null, ""percentualMargemPreferenciaAdicional"": null, ""ncmNbsCodigo"": null, ""ncmNbsDescricao"": null, ""catalogo"": null, ""categoriaItemCatalogo"": null, ""catalogoCodigoItem"": null, ""informacaoComplementar"": null, ""tipoMargemPreferencia"": null, ""exigenciaConteudoNacional"": false}";2026-09-12T19:18:22.806045;05990437000133;MUNICIPIO DE CALCOENE;municipal;M;932334;MAP-PREFEITURA MUNICIPAL DE CALÇOENE;Calçoene;AP;6;Pregão - Eletrônico;0;2025-08-19T07:01:50;2025-08-20T08:00:00;2025-09-01T14:00:00;1;Divulgada no PNCP;generico;30.0;401.4;1.0;1.0;False;573.3;29.98430141287284;False;E12;esportivo;Apito de arbitro;9208.90.00
05990437000133-1-000027/2025;6;Arco De Ginástica Rítmica ( Bambolê );M;200.0;Unidade  ;unidade;1.0;unidade original ja comparavel (sem conversao);9.26;1852.0;0;2;Homologado;1;;;;2025-08-19T07:01:50;2025-10-21T17:39:11;ACEITO;E24;esportivo;casou regra de identidade do produto E24;v2;ok;"{""numeroItem"": 6, ""descricao"": ""Arco De Ginástica Rítmica ( Bambolê )"", ""materialOuServico"": ""M"", ""materialOuServicoNome"": ""Material"", ""valorUnitarioEstimado"": 9.26, ""valorTotal"": 1852.0, ""quantidade"": 200.0, ""unidadeMedida"": ""Unidade  "", ""orcamentoSigiloso"": false, ""itemCategoriaId"": 3, ""itemCategoriaNome"": ""Não se aplica"", ""patrimonio"": null, ""codigoRegistroImobiliario"": null, ""criterioJulgamentoId"": 1, ""criterioJulgamentoNome"": ""Menor preço"", ""situacaoCompraItem"": 2, ""situacaoCompraItemNome"": ""Homologado"", ""tipoBeneficio"": 1, ""tipoBeneficioNome"": ""Participação exclusiva para ME/EPP"", ""incentivoProdutivoBasico"": false, ""dataInclusao"": ""2025-08-19T07:01:50"", ""dataAtualizacao"": ""2025-10-21T17:39:11"", ""temResultado"": true, ""imagem"": 0, ""aplicabilidadeMargemPreferenciaNormal"": false, ""aplicabilidadeMargemPreferenciaAdicional"": false, ""percentualMargemPreferenciaNormal"": null, ""percentualMargemPreferenciaAdicional"": null, ""ncmNbsCodigo"": null, ""ncmNbsDescricao"": null, ""catalogo"": null, ""categoriaItemCatalogo"": null, ""catalogoCodigoItem"": null, ""informacaoComplementar"": null, ""tipoMargemPreferencia"": null, ""exigenciaConteudoNacional"": false}";2026-09-12T19:18:22.806645;05990437000133;MUNICIPIO DE CALCOENE;municipal;M;932334;MAP-PREFEITURA MUNICIPAL DE CALÇOENE;Calçoene;AP;6;Pregão - Eletrônico;0;2025-08-19T07:01:50;2025-08-20T08:00:00;2025-09-01T14:00:00;1;Divulgada no PNCP;generico;200.0;1198.0;1.0;1.0;False;1852.0;35.313174946004324;False;E24;esportivo;Bambole;9506.99.00
05990437000133-1-000027/2025;10;Bola Basquetebol;M;40.0;Unidade  ;unidade;1.0;unidade original ja comparavel (sem conversao);177.7;7108.0;0;2;Homologado;1;;;;2025-08-19T07:01:50;2025-10-21T17:39:11;ACEITO;E04;esportivo;casou regra de identidade do produto E04;v2;ok;"{""numeroItem"": 10, ""descricao"": ""Bola Basquetebol"", ""materialOuServico"": ""M"", ""materialOuServicoNome"": ""Material"", ""valorUnitarioEstimado"": 177.7, ""valorTotal"": 7108.0, ""quantidade"": 40.0, ""unidadeMedida"": ""Unidade  "", ""orcamentoSigiloso"": false, ""itemCategoriaId"": 3, ""itemCategoriaNome"": ""Não se aplica"", ""patrimonio"": null, ""codigoRegistroImobiliario"": null, ""criterioJulgamentoId"": 1, ""criterioJulgamentoNome"": ""Menor preço"", ""situacaoCompraItem"": 2, ""situacaoCompraItemNome"": ""Homologado"", ""tipoBeneficio"": 1, ""tipoBeneficioNome"": ""Participação exclusiva para ME/EPP"", ""incentivoProdutivoBasico"": false, ""dataInclusao"": ""2025-08-19T07:01:50"", ""dataAtualizacao"": ""2025-10-21T17:39:11"", ""temResultado"": true, ""imagem"": 0, ""aplicabilidadeMargemPreferenciaNormal"": false, ""aplicabilidadeMargemPreferenciaAdicional"": false, ""percentualMargemPreferenciaNormal"": null, ""percentualMargemPreferenciaAdicional"": null, ""ncmNbsCodigo"": null, ""ncmNbsDescricao"": null, ""catalogo"": null, ""categoriaItemCatalogo"": null, ""catalogoCodigoItem"": null, ""informacaoComplementar"": null, ""tipoMargemPreferencia"": null, ""exigenciaConteudoNacional"": false}";2026-09-12T19:18:22.806645;05990437000133;MUNICIPIO DE CALCOENE;municipal;M;932334;MAP-PREFEITURA MUNICIPAL DE CALÇOENE;Calçoene;AP;6;Pregão - Eletrônico;0;2025-08-19T07:01:50;2025-08-20T08:00:00;2025-09-01T14:00:00;1;Divulgada no PNCP;generico;40.0;2800.0;1.0;1.0;False;7108.0;60.607765897580194;False;E04;esportivo;Bola de basquete;9506.62.00
23066640000108-1-000043/2025;2;Apontador lápis;M;3855.0;Unidade;unidade;1.0;unidade original ja comparavel (sem conversao);3.26;12567.3;0;2;Homologado;1;;;;2025-08-20T07:08:12;2026-01-12T14:27:50;ACEITO;P08;educativo;casou regra de identidade do produto P08;v2;nao_consultado;"{""numeroItem"": 2, ""descricao"": ""Apontador lápis"", ""materialOuServico"": ""M"", ""materialOuServicoNome"": ""Material"", ""valorUnitarioEstimado"": 3.26, ""valorTotal"": 12567.3, ""quantidade"": 3855.0, ""unidadeMedida"": ""Unidade"", ""orcamentoSigiloso"": false, ""itemCategoriaId"": 3, ""itemCategoriaNome"": ""Não se aplica"", ""patrimonio"": null, ""codigoRegistroImobiliario"": null, ""criterioJulgamentoId"": 1, ""criterioJulgamentoNome"": ""Menor preço"", ""situacaoCompraItem"": 2, ""situacaoCompraItemNome"": ""Homologado"", ""tipoBeneficio"": 5, ""tipoBeneficioNome"": ""Não se aplica"", ""incentivoProdutivoBasico"": false, ""dataInclusao"": ""2025-08-20T07:08:12"", ""dataAtualizacao"": ""2026-01-12T14:27:50"", ""temResultado"": true, ""imagem"": 0, ""aplicabilidadeMargemPreferenciaNormal"": false, ""aplicabilidadeMargemPreferenciaAdicional"": false, ""percentualMargemPreferenciaNormal"": null, ""percentualMargemPreferenciaAdicional"": null, ""ncmNbsCodigo"": null, ""ncmNbsDescricao"": null, ""catalogo"": null, ""categoriaItemCatalogo"": null, ""catalogoCodigoItem"": null, ""informacaoComplementar"": null, ""tipoMargemPreferencia"": null, ""exigenciaConteudoNacional"": false}";2026-09-12T19:18:27.583813;23066640000108;MUNICIPIO DE SANTANA;municipal;M;980615;PREFEITURA MUNICIPAL DE SANTANA - AP;Santana;AP;6;Pregão - Eletrônico;1;2025-08-20T07:08:12;2025-09-17T08:00:00;2025-10-03T09:00:00;1;Divulgada no PNCP;generico;0.0;0.0;;;False;;;False;P08;educativo;Apontador de lapis;8214.10.00
15126437000305-1-002276/2025;1;Apontador lápis;M;500.0;Unidade;unidade;1.0;unidade original ja comparavel (sem conversao);0.6125;306.25;0;2;Homologado;1;;;;2025-08-22T07:31:23;2025-10-10T08:32:47;ACEITO;P08;educativo;casou regra de identidade do produto P08;v2;nao_consultado;"{""numeroItem"": 1, ""descricao"": ""Apontador lápis"", ""materialOuServico"": ""M"", ""materialOuServicoNome"": ""Material"", ""valorUnitarioEstimado"": 0.6125, ""valorTotal"": 306.25, ""quantidade"": 500.0, ""unidadeMedida"": ""Unidade"", ""orcamentoSigiloso"": false, ""itemCategoriaId"": 3, ""itemCategoriaNome"": ""Não se aplica"", ""patrimonio"": null, ""codigoRegistroImobiliario"": null, ""criterioJulgamentoId"": 1, ""criterioJulgamentoNome"": ""Menor preço"", ""situacaoCompraItem"": 2, ""situacaoCompraItemNome"": ""Homologado"", ""tipoBeneficio"": 5, ""tipoBeneficioNome"": ""Não se aplica"", ""incentivoProdutivoBasico"": false, ""dataInclusao"": ""2025-08-22T07:31:23"", ""dataAtualizacao"": ""2025-10-10T08:32:47"", ""temResultado"": true, ""imagem"": 0, ""aplicabilidadeMargemPreferenciaNormal"": false, ""aplicabilidadeMargemPreferenciaAdicional"": false, ""percentualMargemPreferenciaNormal"": null, ""percentualMargemPreferenciaAdicional"": null, ""ncmNbsCodigo"": null, ""ncmNbsDescricao"": null, ""catalogo"": null, ""categoriaItemCatalogo"": null, ""catalogoCodigoItem"": null, ""informacaoComplementar"": null, ""tipoMargemPreferencia"": null, ""exigenciaConteudoNacional"": false}";2026-09-12T19:18:33.903826;15126437000305;EMPRESA BRASILEIRA DE SERVICOS HOSPITALARES - EBSERH;indefinida;N;156956;HOSPITAL UNIV DA UNIVERSIDADE FEDERAL AMAPA;Macapá;AP;6;Pregão - Eletrônico;1;2025-08-22T07:31:23;2025-08-22T08:00:00;2025-09-04T09:00:00;1;Divulgada no PNCP;generico;0.0;0.0;;;False;;;False;P08;educativo;Apontador de lapis;8214.10.00
15126437000305-1-002276/2025;3;Caneta esferográfica;M;5000.0;Unidade;unidade;1.0;unidade original ja comparavel (sem conversao);0.7743;3871.5;0;2;Homologado;1;;;;2025-08-22T07:31:23;2025-10-10T08:32:47;ACEITO;P06;educativo;casou regra de identidade do produto P06;v2;ok;"{""numeroItem"": 3, ""descricao"": ""Caneta esferográfica"", ""materialOuServico"": ""M"", ""materialOuServicoNome"": ""Material"", ""valorUnitarioEstimado"": 0.7743, ""valorTotal"": 3871.5, ""quantidade"": 5000.0, ""unidadeMedida"": ""Unidade"", ""orcamentoSigiloso"": false, ""itemCategoriaId"": 3, ""itemCategoriaNome"": ""Não se aplica"", ""patrimonio"": null, ""codigoRegistroImobiliario"": null, ""criterioJulgamentoId"": 1, ""criterioJulgamentoNome"": ""Menor preço"", ""situacaoCompraItem"": 2, ""situacaoCompraItemNome"": ""Homologado"", ""tipoBeneficio"": 5, ""tipoBeneficioNome"": ""Não se aplica"", ""incentivoProdutivoBasico"": false, ""dataInclusao"": ""2025-08-22T07:31:23"", ""dataAtualizacao"": ""2025-10-10T08:32:47"", ""temResultado"": true, ""imagem"": 0, ""aplicabilidadeMargemPreferenciaNormal"": false, ""aplicabilidadeMargemPreferenciaAdicional"": false, ""percentualMargemPreferenciaNormal"": null, ""percentualMargemPreferenciaAdicional"": null, ""ncmNbsCodigo"": null, ""ncmNbsDescricao"": null, ""catalogo"": null, ""categoriaItemCatalogo"": null, ""catalogoCodigoItem"": null, ""informacaoComplementar"": null, ""tipoMargemPreferencia"": null, ""exigenciaConteudoNacional"": false}";2026-09-12T19:18:33.903826;15126437000305;EMPRESA BRASILEIRA DE SERVICOS HOSPITALARES - EBSERH;indefinida;N;156956;HOSPITAL UNIV DA UNIVERSIDADE FEDERAL AMAPA;Macapá;AP;6;Pregão - Eletrônico;1;2025-08-22T07:31:23;2025-08-22T08:00:00;2025-09-04T09:00:00;1;Divulgada no PNCP;generico;5000.0;2500.0;1.0;1.0;False;3871.5;35.42554565413922;False;P06;educativo;Caneta esferografica azul/preta/vermelha;9608.10.00
15126437000305-1-002276/2025;4;Caneta esferográfica;M;6000.0;Unidade;unidade;1.0;unidade original ja comparavel (sem conversao);0.635;3810.0;0;2;Homologado;1;;;;2025-08-22T07:31:23;2025-10-10T08:32:48;ACEITO;P06;educativo;casou regra de identidade do produto P06;v2;ok;"{""numeroItem"": 4, ""descricao"": ""Caneta esferográfica"", ""materialOuServico"": ""M"", ""materialOuServicoNome"": ""Material"", ""valorUnitarioEstimado"": 0.635, ""valorTotal"": 3810.0, ""quantidade"": 6000.0, ""unidadeMedida"": ""Unidade"", ""orcamentoSigiloso"": false, ""itemCategoriaId"": 3, ""itemCategoriaNome"": ""Não se aplica"", ""patrimonio"": null, ""codigoRegistroImobiliario"": null, ""criterioJulgamentoId"": 1, ""criterioJulgamentoNome"": ""Menor preço"", ""situacaoCompraItem"": 2, ""situacaoCompraItemNome"": ""Homologado"", ""tipoBeneficio"": 5, ""tipoBeneficioNome"": ""Não se aplica"", ""incentivoProdutivoBasico"": false, ""dataInclusao"": ""2025-08-22T07:31:23"", ""dataAtualizacao"": ""2025-10-10T08:32:48"", ""temResultado"": true, ""imagem"": 0, ""aplicabilidadeMargemPreferenciaNormal"": false, ""aplicabilidadeMargemPreferenciaAdicional"": false, ""percentualMargemPreferenciaNormal"": null, ""percentualMargemPreferenciaAdicional"": null, ""ncmNbsCodigo"": null, ""ncmNbsDescricao"": null, ""catalogo"": null, ""categoriaItemCatalogo"": null, ""catalogoCodigoItem"": null, ""informacaoComplementar"": null, ""tipoMargemPreferencia"": null, ""exigenciaConteudoNacional"": false}";2026-09-12T19:18:33.903826;15126437000305;EMPRESA BRASILEIRA DE SERVICOS HOSPITALARES - EBSERH;indefinida;N;156956;HOSPITAL UNIV DA UNIVERSIDADE FEDERAL AMAPA;Macapá;AP;6;Pregão - Eletrônico;1;2025-08-22T07:31:23;2025-08-22T08:00:00;2025-09-04T09:00:00;1;Divulgada no PNCP;generico;6000.0;3000.0;1.0;1.0;False;3810.0;21.259842519685034;False;P06;educativo;Caneta esferografica azul/preta/vermelha;9608.10.00
15126437000305-1-002276/2025;5;Caneta esferográfica;M;6000.0;Unidade;unidade;1.0;unidade original ja comparavel (sem conversao);0.648;3888.0;0;2;Homologado;1;;;;2025-08-22T07:31:23;2025-10-10T08:32:47;ACEITO;P06;educativo;casou regra de identidade do produto P06;v2;ok;"{""numeroItem"": 5, ""descricao"": ""Caneta esferográfica"", ""materialOuServico"": ""M"", ""materialOuServicoNome"": ""Material"", ""valorUnitarioEstimado"": 0.648, ""valorTotal"": 3888.0, ""quantidade"": 6000.0, ""unidadeMedida"": ""Unidade"", ""orcamentoSigiloso"": false, ""itemCategoriaId"": 3, ""itemCategoriaNome"": ""Não se aplica"", ""patrimonio"": null, ""codigoRegistroImobiliario"": null, ""criterioJulgamentoId"": 1, ""criterioJulgamentoNome"": ""Menor preço"", ""situacaoCompraItem"": 2, ""situacaoCompraItemNome"": ""Homologado"", ""tipoBeneficio"": 5, ""tipoBeneficioNome"": ""Não se aplica"", ""incentivoProdutivoBasico"": false, ""dataInclusao"": ""2025-08-22T07:31:23"", ""dataAtualizacao"": ""2025-10-10T08:32:47"", ""temResultado"": true, ""imagem"": 0, ""aplicabilidadeMargemPreferenciaNormal"": false, ""aplicabilidadeMargemPreferenciaAdicional"": false, ""percentualMargemPreferenciaNormal"": null, ""percentualMargemPreferenciaAdicional"": null, ""ncmNbsCodigo"": null, ""ncmNbsDescricao"": null, ""catalogo"": null, ""categoriaItemCatalogo"": null, ""catalogoCodigoItem"": null, ""informacaoComplementar"": null, ""tipoMargemPreferencia"": null, ""exigenciaConteudoNacional"": false}";2026-09-12T19:18:33.903826;15126437000305;EMPRESA BRASILEIRA DE SERVICOS HOSPITALARES - EBSERH;indefinida;N;156956;HOSPITAL UNIV DA UNIVERSIDADE FEDERAL AMAPA;Macapá;AP;6;Pregão - Eletrônico;1;2025-08-22T07:31:23;2025-08-22T08:00:00;2025-09-04T09:00:00;1;Divulgada no PNCP;generico;6000.0;3000.0;1.0;1.0;False;3888.0;22.839506172839506;False;P06;educativo;Caneta esferografica azul/preta/vermelha;9608.10.00
23066905000160-1-000026/2025;4;APAGADOR DE QUADRO BRANCO COM COMPARTIMENTO PARA PINCEL  Cor: Suporte transparente e feltro preto, composição: Resina termoplástica.;M;100.0;UNID.;UNID.;;"unidade nao reconhecida no dicionario; preservada como original";8.9775;897.75;0;2;Homologado;1;;;;2025-09-11T16:05:32;2025-09-26T08:44:41;ACEITO;P19;educativo;casou regra de identidade do produto P19;v2;ok;"{""numeroItem"": 4, ""descricao"": ""APAGADOR DE QUADRO BRANCO COM COMPARTIMENTO PARA PINCEL  Cor: Suporte transparente e feltro preto, composição: Resina termoplástica."", ""materialOuServico"": ""M"", ""materialOuServicoNome"": ""Material"", ""valorUnitarioEstimado"": 8.9775, ""valorTotal"": 897.75, ""quantidade"": 100.0, ""unidadeMedida"": ""UNID."", ""orcamentoSigiloso"": false, ""itemCategoriaId"": 3, ""itemCategoriaNome"": ""Não se aplica"", ""patrimonio"": null, ""codigoRegistroImobiliario"": null, ""criterioJulgamentoId"": 1, ""criterioJulgamentoNome"": ""Menor preço"", ""situacaoCompraItem"": 2, ""situacaoCompraItemNome"": ""Homologado"", ""tipoBeneficio"": 4, ""tipoBeneficioNome"": ""Sem benefício"", ""incentivoProdutivoBasico"": false, ""dataInclusao"": ""2025-09-11T16:05:32"", ""dataAtualizacao"": ""2025-09-26T08:44:41"", ""temResultado"": true, ""imagem"": 0, ""aplicabilidadeMargemPreferenciaNormal"": false, ""aplicabilidadeMargemPreferenciaAdicional"": false, ""percentualMargemPreferenciaNormal"": null, ""percentualMargemPreferenciaAdicional"": null, ""ncmNbsCodigo"": null, ""ncmNbsDescricao"": null, ""catalogo"": null, ""categoriaItemCatalogo"": null, ""catalogoCodigoItem"": null, ""informacaoComplementar"": null, ""tipoMargemPreferencia"": null, ""exigenciaConteudoNacional"": false}";2026-09-12T19:19:14.584363;23066905000160;MUNICIPIO DE LARANJAL DO JARI;municipal;M;2210;MUNICIPIO DE LARANJAL DO JARI/AP;Laranjal do Jari;AP;6;Pregão - Eletrônico;1;2025-09-11T16:05:32;2025-09-15T08:00:00;2025-09-24T00:00:00;1;Divulgada no PNCP;generico;100.0;589.0;1.0;1.0;False;897.7499999999999;34.391534391534385;False;P19;educativo;Apagador para quadro/lousa;9603.90.00
23066905000160-1-000026/2025;5;APONTADOR C/DEPÓSITO                     Composição: Resina termoplástica e lâmina em aço inox. Descrição: Cores diversas: laranja, azul, rosa, verde, roxo, preto. Altura: 60 mm. Largura: 23 mm Dimensões: 15 × 10 × 10 com Peso: 0,3 kg.;M;1000.0;UNID.;UNID.;;"unidade nao reconhecida no dicionario; preservada como original";1.425;1425.0;0;2;Homologado;1;;;;2025-09-11T16:05:32;2025-09-26T08:44:42;ACEITO;P08;educativo;casou regra de identidade do produto P08;v2;nao_consultado;"{""numeroItem"": 5, ""descricao"": ""APONTADOR C/DEPÓSITO                     Composição: Resina termoplástica e lâmina em aço inox. Descrição: Cores diversas: laranja, azul, rosa, verde, roxo, preto. Altura: 60 mm. Largura: 23 mm Dimensões: 15 × 10 × 10 com Peso: 0,3 kg."", ""materialOuServico"": ""M"", ""materialOuServicoNome"": ""Material"", ""valorUnitarioEstimado"": 1.425, ""valorTotal"": 1425.0, ""quantidade"": 1000.0, ""unidadeMedida"": ""UNID."", ""orcamentoSigiloso"": false, ""itemCategoriaId"": 3, ""itemCategoriaNome"": ""Não se aplica"", ""patrimonio"": null, ""codigoRegistroImobiliario"": null, ""criterioJulgamentoId"": 1, ""criterioJulgamentoNome"": ""Menor preço"", ""situacaoCompraItem"": 2, ""situacaoCompraItemNome"": ""Homologado"", ""tipoBeneficio"": 4, ""tipoBeneficioNome"": ""Sem benefício"", ""incentivoProdutivoBasico"": false, ""dataInclusao"": ""2025-09-11T16:05:32"", ""dataAtualizacao"": ""2025-09-26T08:44:42"", ""temResultado"": true, ""imagem"": 0, ""aplicabilidadeMargemPreferenciaNormal"": false, ""aplicabilidadeMargemPreferenciaAdicional"": false, ""percentualMargemPreferenciaNormal"": null, ""percentualMargemPreferenciaAdicional"": null, ""ncmNbsCodigo"": null, ""ncmNbsDescricao"": null, ""catalogo"": null, ""categoriaItemCatalogo"": null, ""catalogoCodigoItem"": null, ""informacaoComplementar"": null, ""tipoMargemPreferencia"": null, ""exigenciaConteudoNacional"": false}";2026-09-12T19:19:14.584363;23066905000160;MUNICIPIO DE LARANJAL DO JARI;municipal;M;2210;MUNICIPIO DE LARANJAL DO JARI/AP;Laranjal do Jari;AP;6;Pregão - Eletrônico;1;2025-09-11T16:05:32;2025-09-15T08:00:00;2025-09-24T00:00:00;1;Divulgada no PNCP;generico;0.0;0.0;;;False;;;False;P08;educativo;Apontador de lapis;8214.10.00
00593411000138-1-000009/2025;8;Caneta Esferográfica;M;3.0;Caixa 50,00 UN;Caixa 50,00 UN;;"unidade nao reconhecida no dicionario; preservada como original";35.33;105.99;0;2;Homologado;1;;;;2025-09-18T07:17:57;2025-10-15T10:58:00;ACEITO;P06;educativo;casou regra de identidade do produto P06;v2;ok;"{""numeroItem"": 8, ""descricao"": ""Caneta Esferográfica"", ""materialOuServico"": ""M"", ""materialOuServicoNome"": ""Material"", ""valorUnitarioEstimado"": 35.33, ""valorTotal"": 105.99, ""quantidade"": 3.0, ""unidadeMedida"": ""Caixa 50,00 UN"", ""orcamentoSigiloso"": false, ""itemCategoriaId"": 3, ""itemCategoriaNome"": ""Não se aplica"", ""patrimonio"": null, ""codigoRegistroImobiliario"": null, ""criterioJulgamentoId"": 1, ""criterioJulgamentoNome"": ""Menor preço"", ""situacaoCompraItem"": 2, ""situacaoCompraItemNome"": ""Homologado"", ""tipoBeneficio"": 1, ""tipoBeneficioNome"": ""Participação exclusiva para ME/EPP"", ""incentivoProdutivoBasico"": false, ""dataInclusao"": ""2025-09-18T07:17:57"", ""dataAtualizacao"": ""2025-10-15T10:58:00"", ""temResultado"": true, ""imagem"": 0, ""aplicabilidadeMargemPreferenciaNormal"": false, ""aplicabilidadeMargemPreferenciaAdicional"": false, ""percentualMargemPreferenciaNormal"": null, ""percentualMargemPreferenciaAdicional"": null, ""ncmNbsCodigo"": null, ""ncmNbsDescricao"": null, ""catalogo"": null, ""categoriaItemCatalogo"": null, ""catalogoCodigoItem"": null, ""informacaoComplementar"": null, ""tipoMargemPreferencia"": null, ""exigenciaConteudoNacional"": false}";2026-09-12T19:19:33.729189;00593411000138;CONSELHO REGIONAL DE ENFERMAGEM DO AMAPA;federal;F;389346;CONSELHO REGIONAL DE ENFERMAGEM DO AMAPA;Macapá;AP;6;Pregão - Eletrônico;0;2025-09-18T07:17:57;2025-09-18T08:00:00;2025-10-01T09:00:00;1;Divulgada no PNCP;generico;3.0;105.99;1.0;1.0;False;105.99;0.0;False;P06;educativo;Caneta esferografica azul/preta/vermelha;9608.10.00
00593411000138-1-000009/2025;9;Caneta Esferográfica;M;3.0;Caixa 50,00 UN;Caixa 50,00 UN;;"unidade nao reconhecida no dicionario; preservada como original";35.43;106.3;0;2;Homologado;1;;;;2025-09-18T07:17:57;2025-10-15T10:58:00;ACEITO;P06;educativo;casou regra de identidade do produto P06;v2;ok;"{""numeroItem"": 9, ""descricao"": ""Caneta Esferográfica"", ""materialOuServico"": ""M"", ""materialOuServicoNome"": ""Material"", ""valorUnitarioEstimado"": 35.43, ""valorTotal"": 106.3, ""quantidade"": 3.0, ""unidadeMedida"": ""Caixa 50,00 UN"", ""orcamentoSigiloso"": false, ""itemCategoriaId"": 3, ""itemCategoriaNome"": ""Não se aplica"", ""patrimonio"": null, ""codigoRegistroImobiliario"": null, ""criterioJulgamentoId"": 1, ""criterioJulgamentoNome"": ""Menor preço"", ""situacaoCompraItem"": 2, ""situacaoCompraItemNome"": ""Homologado"", ""tipoBeneficio"": 1, ""tipoBeneficioNome"": ""Participação exclusiva para ME/EPP"", ""incentivoProdutivoBasico"": false, ""dataInclusao"": ""2025-09-18T07:17:57"", ""dataAtualizacao"": ""2025-10-15T10:58:00"", ""temResultado"": true, ""imagem"": 0, ""aplicabilidadeMargemPreferenciaNormal"": false, ""aplicabilidadeMargemPreferenciaAdicional"": false, ""percentualMargemPreferenciaNormal"": null, ""percentualMargemPreferenciaAdicional"": null, ""ncmNbsCodigo"": null, ""ncmNbsDescricao"": null, ""catalogo"": null, ""categoriaItemCatalogo"": null, ""catalogoCodigoItem"": null, ""informacaoComplementar"": null, ""tipoMargemPreferencia"": null, ""exigenciaConteudoNacional"": false}";2026-09-12T19:19:33.730195;00593411000138;CONSELHO REGIONAL DE ENFERMAGEM DO AMAPA;federal;F;389346;CONSELHO REGIONAL DE ENFERMAGEM DO AMAPA;Macapá;AP;6;Pregão - Eletrônico;0;2025-09-18T07:17:57;2025-09-18T08:00:00;2025-10-01T09:00:00;1;Divulgada no PNCP;generico;3.0;106.2;1.0;1.0;False;106.28999999999999;0.08467400508043177;False;P06;educativo;Caneta esferografica azul/preta/vermelha;9608.10.00
05986427000124-1-000018/2025;1;Apagador p/ quadro branco - c/72;M;130.0;Unidade;unidade;1.0;unidade original ja comparavel (sem conversao);112.5;14625.0;0;2;Homologado;1;;;;2025-09-22T13:19:35;2025-12-01T12:01:42;ACEITO;P19;educativo;casou regra de identidade do produto P19;v2;ok;"{""numeroItem"": 1, ""descricao"": ""Apagador p/ quadro branco - c/72"", ""materialOuServico"": ""M"", ""materialOuServicoNome"": ""Material"", ""valorUnitarioEstimado"": 112.5, ""valorTotal"": 14625.0, ""quantidade"": 130.0, ""unidadeMedida"": ""Unidade"", ""orcamentoSigiloso"": false, ""itemCategoriaId"": 3, ""itemCategoriaNome"": ""Não se aplica"", ""patrimonio"": ""nao_se_aplica"", ""codigoRegistroImobiliario"": ""nao_se_aplica"", ""criterioJulgamentoId"": 1, ""criterioJulgamentoNome"": ""Menor preço"", ""situacaoCompraItem"": 2, ""situacaoCompraItemNome"": ""Homologado"", ""tipoBeneficio"": 4, ""tipoBeneficioNome"": ""Sem benefício"", ""incentivoProdutivoBasico"": false, ""dataInclusao"": ""2025-09-22T13:19:35"", ""dataAtualizacao"": ""2025-12-01T12:01:42"", ""temResultado"": true, ""imagem"": 0, ""aplicabilidadeMargemPreferenciaNormal"": false, ""aplicabilidadeMargemPreferenciaAdicional"": false, ""percentualMargemPreferenciaNormal"": null, ""percentualMargemPreferenciaAdicional"": null, ""ncmNbsCodigo"": null, ""ncmNbsDescricao"": null, ""catalogo"": null, ""categoriaItemCatalogo"": null, ""catalogoCodigoItem"": null, ""informacaoComplementar"": null, ""tipoMargemPreferencia"": null, ""exigenciaConteudoNacional"": false}";2026-09-12T19:19:44.503929;05986427000124;MUNICIPIO DE MAZAGAO;municipal;M;2138;Mazagão;Mazagão;AP;6;Pregão - Eletrônico;1;2025-09-22T13:19:35;2025-09-22T17:00:00;2025-10-02T08:00:00;1;Divulgada no PNCP;generico;130.0;11992.5;1.0;1.0;False;14625.0;18.000000000000004;False;P19;educativo;Apagador para quadro/lousa;9603.90.00
05986427000124-1-000018/2025;3;Apontador com deposito;M;23800.0;Unidade;unidade;1.0;unidade original ja comparavel (sem conversao);7.2;171360.0;0;2;Homologado;1;;;;2025-09-22T13:19:35;2025-12-01T12:01:42;ACEITO;P08;educativo;casou regra de identidade do produto P08;v2;nao_consultado;"{""numeroItem"": 3, ""descricao"": ""Apontador com deposito"", ""materialOuServico"": ""M"", ""materialOuServicoNome"": ""Material"", ""valorUnitarioEstimado"": 7.2, ""valorTotal"": 171360.0, ""quantidade"": 23800.0, ""unidadeMedida"": ""Unidade"", ""orcamentoSigiloso"": false, ""itemCategoriaId"": 3, ""itemCategoriaNome"": ""Não se aplica"", ""patrimonio"": ""nao_se_aplica"", ""codigoRegistroImobiliario"": ""nao_se_aplica"", ""criterioJulgamentoId"": 1, ""criterioJulgamentoNome"": ""Menor preço"", ""situacaoCompraItem"": 2, ""situacaoCompraItemNome"": ""Homologado"", ""tipoBeneficio"": 4, ""tipoBeneficioNome"": ""Sem benefício"", ""incentivoProdutivoBasico"": false, ""dataInclusao"": ""2025-09-22T13:19:35"", ""dataAtualizacao"": ""2025-12-01T12:01:42"", ""temResultado"": true, ""imagem"": 0, ""aplicabilidadeMargemPreferenciaNormal"": false, ""aplicabilidadeMargemPreferenciaAdicional"": false, ""percentualMargemPreferenciaNormal"": null, ""percentualMargemPreferenciaAdicional"": null, ""ncmNbsCodigo"": null, ""ncmNbsDescricao"": null, ""catalogo"": null, ""categoriaItemCatalogo"": null, ""catalogoCodigoItem"": null, ""informacaoComplementar"": null, ""tipoMargemPreferencia"": null, ""exigenciaConteudoNacional"": false}";2026-09-12T19:19:44.503929;05986427000124;MUNICIPIO DE MAZAGAO;municipal;M;2138;Mazagão;Mazagão;AP;6;Pregão - Eletrônico;1;2025-09-22T13:19:35;2025-09-22T17:00:00;2025-10-02T08:00:00;1;Divulgada no PNCP;generico;0.0;0.0;;;False;;;False;P08;educativo;Apontador de lapis;8214.10.00
04199826000182-1-000009/2025;10;Caneta Esferográfica;M;13.0;Caixa 50,00 UN;Caixa 50,00 UN;;"unidade nao reconhecida no dicionario; preservada como original";43.86;570.18;0;2;Homologado;1;;;;2025-09-30T07:17:55;2025-10-16T14:51:52;ACEITO;P06;educativo;casou regra de identidade do produto P06;v2;ok;"{""numeroItem"": 10, ""descricao"": ""Caneta Esferográfica"", ""materialOuServico"": ""M"", ""materialOuServicoNome"": ""Material"", ""valorUnitarioEstimado"": 43.86, ""valorTotal"": 570.18, ""quantidade"": 13.0, ""unidadeMedida"": ""Caixa 50,00 UN"", ""orcamentoSigiloso"": false, ""itemCategoriaId"": 3, ""itemCategoriaNome"": ""Não se aplica"", ""patrimonio"": null, ""codigoRegistroImobiliario"": null, ""criterioJulgamentoId"": 1, ""criterioJulgamentoNome"": ""Menor preço"", ""situacaoCompraItem"": 2, ""situacaoCompraItemNome"": ""Homologado"", ""tipoBeneficio"": 1, ""tipoBeneficioNome"": ""Participação exclusiva para ME/EPP"", ""incentivoProdutivoBasico"": false, ""dataInclusao"": ""2025-09-30T07:17:55"", ""dataAtualizacao"": ""2025-10-16T14:51:52"", ""temResultado"": true, ""imagem"": 0, ""aplicabilidadeMargemPreferenciaNormal"": false, ""aplicabilidadeMargemPreferenciaAdicional"": false, ""percentualMargemPreferenciaNormal"": null, ""percentualMargemPreferenciaAdicional"": null, ""ncmNbsCodigo"": null, ""ncmNbsDescricao"": null, ""catalogo"": null, ""categoriaItemCatalogo"": null, ""catalogoCodigoItem"": null, ""informacaoComplementar"": null, ""tipoMargemPreferencia"": null, ""exigenciaConteudoNacional"": false}";2026-09-12T19:19:59.906554;04199826000182;CONSELHO REGIONAL DE MEDICINA DO ESTADO DO AMAPA;federal;F;926464;CONSELHO REGIONAL DE MEDICINA DO AMAPA;Macapá;AP;6;Pregão - Eletrônico;1;2025-09-30T07:17:55;2025-09-30T08:00:00;2025-10-13T09:00:00;1;Divulgada no PNCP;generico;13.0;338.0;1.0;1.0;False;570.18;40.72047423620611;False;P06;educativo;Caneta esferografica azul/preta/vermelha;9608.10.00
03592977000133-1-000023/2025;1;Cartolina;M;200.0;Unidade;unidade;1.0;unidade original ja comparavel (sem conversao);2.25;450.0;0;2;Homologado;1;;;;2025-10-21T07:20:18;2026-01-15T11:23:49;ACEITO;P15;educativo;casou regra de identidade do produto P15;v2;ok;"{""numeroItem"": 1, ""descricao"": ""Cartolina"", ""materialOuServico"": ""M"", ""materialOuServicoNome"": ""Material"", ""valorUnitarioEstimado"": 2.25, ""valorTotal"": 450.0, ""quantidade"": 200.0, ""unidadeMedida"": ""Unidade"", ""orcamentoSigiloso"": false, ""itemCategoriaId"": 3, ""itemCategoriaNome"": ""Não se aplica"", ""patrimonio"": null, ""codigoRegistroImobiliario"": null, ""criterioJulgamentoId"": 1, ""criterioJulgamentoNome"": ""Menor preço"", ""situacaoCompraItem"": 2, ""situacaoCompraItemNome"": ""Homologado"", ""tipoBeneficio"": 5, ""tipoBeneficioNome"": ""Não se aplica"", ""incentivoProdutivoBasico"": false, ""dataInclusao"": ""2025-10-21T07:20:18"", ""dataAtualizacao"": ""2026-01-15T11:23:49"", ""temResultado"": true, ""imagem"": 0, ""aplicabilidadeMargemPreferenciaNormal"": false, ""aplicabilidadeMargemPreferenciaAdicional"": false, ""percentualMargemPreferenciaNormal"": null, ""percentualMargemPreferenciaAdicional"": null, ""ncmNbsCodigo"": null, ""ncmNbsDescricao"": null, ""catalogo"": null, ""categoriaItemCatalogo"": null, ""catalogoCodigoItem"": null, ""informacaoComplementar"": null, ""tipoMargemPreferencia"": null, ""exigenciaConteudoNacional"": false}";2026-09-12T19:20:35.153676;03592977000133;SERVICO NACIONAL DE APRENDIZAGEM COMERCIAL - SENAC;indefinida;N;930222;SERVIÇO NACIONAL DE APRENDIZAGEM COMERCIAL-AP;Macapá;AP;6;Pregão - Eletrônico;1;2025-10-21T07:20:18;2025-11-05T08:00:00;2025-11-21T09:00:00;1;Divulgada no PNCP;generico;200.0;324.0;1.0;1.0;False;450.0;28.000000000000004;False;P15;educativo;Cartolina;4802.58.99
03592977000133-1-000023/2025;2;Cartolina;M;200.0;Unidade;unidade;1.0;unidade original ja comparavel (sem conversao);2.25;450.0;0;2;Homologado;1;;;;2025-10-21T07:20:18;2026-01-15T11:23:49;ACEITO;P15;educativo;casou regra de identidade do produto P15;v2;ok;"{""numeroItem"": 2, ""descricao"": ""Cartolina"", ""materialOuServico"": ""M"", ""materialOuServicoNome"": ""Material"", ""valorUnitarioEstimado"": 2.25, ""valorTotal"": 450.0, ""quantidade"": 200.0, ""unidadeMedida"": ""Unidade"", ""orcamentoSigiloso"": false, ""itemCategoriaId"": 3, ""itemCategoriaNome"": ""Não se aplica"", ""patrimonio"": null, ""codigoRegistroImobiliario"": null, ""criterioJulgamentoId"": 1, ""criterioJulgamentoNome"": ""Menor preço"", ""situacaoCompraItem"": 2, ""situacaoCompraItemNome"": ""Homologado"", ""tipoBeneficio"": 5, ""tipoBeneficioNome"": ""Não se aplica"", ""incentivoProdutivoBasico"": false, ""dataInclusao"": ""2025-10-21T07:20:18"", ""dataAtualizacao"": ""2026-01-15T11:23:49"", ""temResultado"": true, ""imagem"": 0, ""aplicabilidadeMargemPreferenciaNormal"": false, ""aplicabilidadeMargemPreferenciaAdicional"": false, ""percentualMargemPreferenciaNormal"": null, ""percentualMargemPreferenciaAdicional"": null, ""ncmNbsCodigo"": null, ""ncmNbsDescricao"": null, ""catalogo"": null, ""categoriaItemCatalogo"": null, ""catalogoCodigoItem"": null, ""informacaoComplementar"": null, ""tipoMargemPreferencia"": null, ""exigenciaConteudoNacional"": false}";2026-09-12T19:20:35.153676;03592977000133;SERVICO NACIONAL DE APRENDIZAGEM COMERCIAL - SENAC;indefinida;N;930222;SERVIÇO NACIONAL DE APRENDIZAGEM COMERCIAL-AP;Macapá;AP;6;Pregão - Eletrônico;1;2025-10-21T07:20:18;2025-11-05T08:00:00;2025-11-21T09:00:00;1;Divulgada no PNCP;generico;200.0;324.0;1.0;1.0;False;450.0;28.000000000000004;False;P15;educativo;Cartolina;4802.58.99
03592977000133-1-000023/2025;3;Cartolina;M;200.0;Unidade;unidade;1.0;unidade original ja comparavel (sem conversao);2.25;450.0;0;2;Homologado;1;;;;2025-10-21T07:20:18;2026-01-15T11:23:49;ACEITO;P15;educativo;casou regra de identidade do produto P15;v2;ok;"{""numeroItem"": 3, ""descricao"": ""Cartolina"", ""materialOuServico"": ""M"", ""materialOuServicoNome"": ""Material"", ""valorUnitarioEstimado"": 2.25, ""valorTotal"": 450.0, ""quantidade"": 200.0, ""unidadeMedida"": ""Unidade"", ""orcamentoSigiloso"": false, ""itemCategoriaId"": 3, ""itemCategoriaNome"": ""Não se aplica"", ""patrimonio"": null, ""codigoRegistroImobiliario"": null, ""criterioJulgamentoId"": 1, ""criterioJulgamentoNome"": ""Menor preço"", ""situacaoCompraItem"": 2, ""situacaoCompraItemNome"": ""Homologado"", ""tipoBeneficio"": 5, ""tipoBeneficioNome"": ""Não se aplica"", ""incentivoProdutivoBasico"": false, ""dataInclusao"": ""2025-10-21T07:20:18"", ""dataAtualizacao"": ""2026-01-15T11:23:49"", ""temResultado"": true, ""imagem"": 0, ""aplicabilidadeMargemPreferenciaNormal"": false, ""aplicabilidadeMargemPreferenciaAdicional"": false, ""percentualMargemPreferenciaNormal"": null, ""percentualMargemPreferenciaAdicional"": null, ""ncmNbsCodigo"": null, ""ncmNbsDescricao"": null, ""catalogo"": null, ""categoriaItemCatalogo"": null, ""catalogoCodigoItem"": null, ""informacaoComplementar"": null, ""tipoMargemPreferencia"": null, ""exigenciaConteudoNacional"": false}";2026-09-12T19:20:35.153676;03592977000133;SERVICO NACIONAL DE APRENDIZAGEM COMERCIAL - SENAC;indefinida;N;930222;SERVIÇO NACIONAL DE APRENDIZAGEM COMERCIAL-AP;Macapá;AP;6;Pregão - Eletrônico;1;2025-10-21T07:20:18;2025-11-05T08:00:00;2025-11-21T09:00:00;1;Divulgada no PNCP;generico;200.0;324.0;1.0;1.0;False;450.0;28.000000000000004;False;P15;educativo;Cartolina;4802.58.99
03592977000133-1-000023/2025;4;Cartolina;M;200.0;Unidade;unidade;1.0;unidade original ja comparavel (sem conversao);2.25;450.0;0;2;Homologado;1;;;;2025-10-21T07:20:18;2026-01-15T11:23:49;ACEITO;P15;educativo;casou regra de identidade do produto P15;v2;ok;"{""numeroItem"": 4, ""descricao"": ""Cartolina"", ""materialOuServico"": ""M"", ""materialOuServicoNome"": ""Material"", ""valorUnitarioEstimado"": 2.25, ""valorTotal"": 450.0, ""quantidade"": 200.0, ""unidadeMedida"": ""Unidade"", ""orcamentoSigiloso"": false, ""itemCategoriaId"": 3, ""itemCategoriaNome"": ""Não se aplica"", ""patrimonio"": null, ""codigoRegistroImobiliario"": null, ""criterioJulgamentoId"": 1, ""criterioJulgamentoNome"": ""Menor preço"", ""situacaoCompraItem"": 2, ""situacaoCompraItemNome"": ""Homologado"", ""tipoBeneficio"": 5, ""tipoBeneficioNome"": ""Não se aplica"", ""incentivoProdutivoBasico"": false, ""dataInclusao"": ""2025-10-21T07:20:18"", ""dataAtualizacao"": ""2026-01-15T11:23:49"", ""temResultado"": true, ""imagem"": 0, ""aplicabilidadeMargemPreferenciaNormal"": false, ""aplicabilidadeMargemPreferenciaAdicional"": false, ""percentualMargemPreferenciaNormal"": null, ""percentualMargemPreferenciaAdicional"": null, ""ncmNbsCodigo"": null, ""ncmNbsDescricao"": null, ""catalogo"": null, ""categoriaItemCatalogo"": null, ""catalogoCodigoItem"": null, ""informacaoComplementar"": null, ""tipoMargemPreferencia"": null, ""exigenciaConteudoNacional"": false}";2026-09-12T19:20:35.153676;03592977000133;SERVICO NACIONAL DE APRENDIZAGEM COMERCIAL - SENAC;indefinida;N;930222;SERVIÇO NACIONAL DE APRENDIZAGEM COMERCIAL-AP;Macapá;AP;6;Pregão - Eletrônico;1;2025-10-21T07:20:18;2025-11-05T08:00:00;2025-11-21T09:00:00;1;Divulgada no PNCP;generico;200.0;324.0;1.0;1.0;False;450.0;28.000000000000004;False;P15;educativo;Cartolina;4802.58.99
03592977000133-1-000023/2025;5;Cartolina;M;200.0;Unidade;unidade;1.0;unidade original ja comparavel (sem conversao);2.25;450.0;0;2;Homologado;1;;;;2025-10-21T07:20:18;2026-01-15T11:23:49;ACEITO;P15;educativo;casou regra de identidade do produto P15;v2;ok;"{""numeroItem"": 5, ""descricao"": ""Cartolina"", ""materialOuServico"": ""M"", ""materialOuServicoNome"": ""Material"", ""valorUnitarioEstimado"": 2.25, ""valorTotal"": 450.0, ""quantidade"": 200.0, ""unidadeMedida"": ""Unidade"", ""orcamentoSigiloso"": false, ""itemCategoriaId"": 3, ""itemCategoriaNome"": ""Não se aplica"", ""patrimonio"": null, ""codigoRegistroImobiliario"": null, ""criterioJulgamentoId"": 1, ""criterioJulgamentoNome"": ""Menor preço"", ""situacaoCompraItem"": 2, ""situacaoCompraItemNome"": ""Homologado"", ""tipoBeneficio"": 5, ""tipoBeneficioNome"": ""Não se aplica"", ""incentivoProdutivoBasico"": false, ""dataInclusao"": ""2025-10-21T07:20:18"", ""dataAtualizacao"": ""2026-01-15T11:23:49"", ""temResultado"": true, ""imagem"": 0, ""aplicabilidadeMargemPreferenciaNormal"": false, ""aplicabilidadeMargemPreferenciaAdicional"": false, ""percentualMargemPreferenciaNormal"": null, ""percentualMargemPreferenciaAdicional"": null, ""ncmNbsCodigo"": null, ""ncmNbsDescricao"": null, ""catalogo"": null, ""categoriaItemCatalogo"": null, ""catalogoCodigoItem"": null, ""informacaoComplementar"": null, ""tipoMargemPreferencia"": null, ""exigenciaConteudoNacional"": false}";2026-09-12T19:20:35.153676;03592977000133;SERVICO NACIONAL DE APRENDIZAGEM COMERCIAL - SENAC;indefinida;N;930222;SERVIÇO NACIONAL DE APRENDIZAGEM COMERCIAL-AP;Macapá;AP;6;Pregão - Eletrônico;1;2025-10-21T07:20:18;2025-11-05T08:00:00;2025-11-21T09:00:00;1;Divulgada no PNCP;generico;200.0;324.0;1.0;1.0;False;450.0;28.000000000000004;False;P15;educativo;Cartolina;4802.58.99
34869354000199-1-000141/2025;3;Caneta esferográfica;M;5000.0;Unidade;unidade;1.0;unidade original ja comparavel (sem conversao);2.75;13750.0;0;2;Homologado;1;;;;2025-10-22T07:07:26;2025-11-06T08:30:27;ACEITO;P06;educativo;casou regra de identidade do produto P06;v2;ok;"{""numeroItem"": 3, ""descricao"": ""Caneta esferográfica"", ""materialOuServico"": ""M"", ""materialOuServicoNome"": ""Material"", ""valorUnitarioEstimado"": 2.75, ""valorTotal"": 13750.0, ""quantidade"": 5000.0, ""unidadeMedida"": ""Unidade"", ""orcamentoSigiloso"": false, ""itemCategoriaId"": 3, ""itemCategoriaNome"": ""Não se aplica"", ""patrimonio"": null, ""codigoRegistroImobiliario"": null, ""criterioJulgamentoId"": 1, ""criterioJulgamentoNome"": ""Menor preço"", ""situacaoCompraItem"": 2, ""situacaoCompraItemNome"": ""Homologado"", ""tipoBeneficio"": 1, ""tipoBeneficioNome"": ""Participação exclusiva para ME/EPP"", ""incentivoProdutivoBasico"": false, ""dataInclusao"": ""2025-10-22T07:07:26"", ""dataAtualizacao"": ""2025-11-06T08:30:27"", ""temResultado"": true, ""imagem"": 0, ""aplicabilidadeMargemPreferenciaNormal"": false, ""aplicabilidadeMargemPreferenciaAdicional"": false, ""percentualMargemPreferenciaNormal"": null, ""percentualMargemPreferenciaAdicional"": null, ""ncmNbsCodigo"": null, ""ncmNbsDescricao"": null, ""catalogo"": null, ""categoriaItemCatalogo"": null, ""catalogoCodigoItem"": null, ""informacaoComplementar"": null, ""tipoMargemPreferencia"": null, ""exigenciaConteudoNacional"": false}";2026-09-12T19:20:40.533669;34869354000199;MINISTERIO PUBLICO DO ESTADO DO AMAPA;estadual;E;925037;MINISTéRIO PúBLICO DO ESTADO DO AMAPá;Macapá;AP;6;Pregão - Eletrônico;1;2025-10-22T07:07:26;2025-10-22T08:00:00;2025-11-04T10:00:00;1;Divulgada no PNCP;generico;5000.0;7250.0;1.0;1.0;False;13750.0;47.27272727272728;False;P06;educativo;Caneta esferografica azul/preta/vermelha;9608.10.00
34869354000199-1-000141/2025;4;Caneta esferográfica;M;5000.0;Unidade;unidade;1.0;unidade original ja comparavel (sem conversao);1.93;9650.0;0;2;Homologado;1;;;;2025-10-22T07:07:26;2025-11-06T08:30:27;ACEITO;P06;educativo;casou regra de identidade do produto P06;v2;ok;"{""numeroItem"": 4, ""descricao"": ""Caneta esferográfica"", ""materialOuServico"": ""M"", ""materialOuServicoNome"": ""Material"", ""valorUnitarioEstimado"": 1.93, ""valorTotal"": 9650.0, ""quantidade"": 5000.0, ""unidadeMedida"": ""Unidade"", ""orcamentoSigiloso"": false, ""itemCategoriaId"": 3, ""itemCategoriaNome"": ""Não se aplica"", ""patrimonio"": null, ""codigoRegistroImobiliario"": null, ""criterioJulgamentoId"": 1, ""criterioJulgamentoNome"": ""Menor preço"", ""situacaoCompraItem"": 2, ""situacaoCompraItemNome"": ""Homologado"", ""tipoBeneficio"": 1, ""tipoBeneficioNome"": ""Participação exclusiva para ME/EPP"", ""incentivoProdutivoBasico"": false, ""dataInclusao"": ""2025-10-22T07:07:26"", ""dataAtualizacao"": ""2025-11-06T08:30:27"", ""temResultado"": true, ""imagem"": 0, ""aplicabilidadeMargemPreferenciaNormal"": false, ""aplicabilidadeMargemPreferenciaAdicional"": false, ""percentualMargemPreferenciaNormal"": null, ""percentualMargemPreferenciaAdicional"": null, ""ncmNbsCodigo"": null, ""ncmNbsDescricao"": null, ""catalogo"": null, ""categoriaItemCatalogo"": null, ""catalogoCodigoItem"": null, ""informacaoComplementar"": null, ""tipoMargemPreferencia"": null, ""exigenciaConteudoNacional"": false}";2026-09-12T19:20:40.533669;34869354000199;MINISTERIO PUBLICO DO ESTADO DO AMAPA;estadual;E;925037;MINISTéRIO PúBLICO DO ESTADO DO AMAPá;Macapá;AP;6;Pregão - Eletrônico;1;2025-10-22T07:07:26;2025-10-22T08:00:00;2025-11-04T10:00:00;1;Divulgada no PNCP;generico;5000.0;6750.0;1.0;1.0;False;9650.0;30.051813471502587;False;P06;educativo;Caneta esferografica azul/preta/vermelha;9608.10.00
00394452000103-1-021772/2025;4;Cone sinalização;M;35.0;Unidade;unidade;1.0;unidade original ja comparavel (sem conversao);98.0;3430.0;0;5;Fracassado;0;;;;2025-10-29T07:13:17;2026-02-24T09:46:42;ACEITO;E10;esportivo;casou regra de identidade do produto E10;v2;sem_registros;"{""numeroItem"": 4, ""descricao"": ""Cone sinalização"", ""materialOuServico"": ""M"", ""materialOuServicoNome"": ""Material"", ""valorUnitarioEstimado"": 98.0, ""valorTotal"": 3430.0, ""quantidade"": 35.0, ""unidadeMedida"": ""Unidade"", ""orcamentoSigiloso"": false, ""itemCategoriaId"": 3, ""itemCategoriaNome"": ""Não se aplica"", ""patrimonio"": null, ""codigoRegistroImobiliario"": null, ""criterioJulgamentoId"": 1, ""criterioJulgamentoNome"": ""Menor preço"", ""situacaoCompraItem"": 5, ""situacaoCompraItemNome"": ""Fracassado"", ""tipoBeneficio"": 1, ""tipoBeneficioNome"": ""Participação exclusiva para ME/EPP"", ""incentivoProdutivoBasico"": false, ""dataInclusao"": ""2025-10-29T07:13:17"", ""dataAtualizacao"": ""2026-02-24T09:46:42"", ""temResultado"": false, ""imagem"": 0, ""aplicabilidadeMargemPreferenciaNormal"": false, ""aplicabilidadeMargemPreferenciaAdicional"": false, ""percentualMargemPreferenciaNormal"": null, ""percentualMargemPreferenciaAdicional"": null, ""ncmNbsCodigo"": null, ""ncmNbsDescricao"": null, ""catalogo"": null, ""categoriaItemCatalogo"": null, ""catalogoCodigoItem"": null, ""informacaoComplementar"": null, ""tipoMargemPreferencia"": null, ""exigenciaConteudoNacional"": false}";2026-09-12T19:20:53.150249;00394452000103;COMANDO DO EXERCITO;federal;F;160026;COMANDO DA 22ª BRIGADA DE INFANTARIA DE SELVA;Macapá;AP;6;Pregão - Eletrônico;1;2025-10-29T07:13:17;2025-10-29T09:00:00;2025-11-10T10:00:00;1;Divulgada no PNCP;generico;0.0;0.0;;;False;;;False;E10;esportivo;Cone esportivo de sinalizacao;3926.90.90
00394502000144-1-013755/2025;1;Caneta esferográfica;M;50.0;Caixa 50,00 UN;Caixa 50,00 UN;;"unidade nao reconhecida no dicionario; preservada como original";29.651;1482.55;0;2;Homologado;1;;;;2025-11-27T07:02:19;2026-01-19T09:28:31;ACEITO;P06;educativo;casou regra de identidade do produto P06;v2;ok;"{""numeroItem"": 1, ""descricao"": ""Caneta esferográfica"", ""materialOuServico"": ""M"", ""materialOuServicoNome"": ""Material"", ""valorUnitarioEstimado"": 29.651, ""valorTotal"": 1482.55, ""quantidade"": 50.0, ""unidadeMedida"": ""Caixa 50,00 UN"", ""orcamentoSigiloso"": false, ""itemCategoriaId"": 3, ""itemCategoriaNome"": ""Não se aplica"", ""patrimonio"": null, ""codigoRegistroImobiliario"": null, ""criterioJulgamentoId"": 1, ""criterioJulgamentoNome"": ""Menor preço"", ""situacaoCompraItem"": 2, ""situacaoCompraItemNome"": ""Homologado"", ""tipoBeneficio"": 1, ""tipoBeneficioNome"": ""Participação exclusiva para ME/EPP"", ""incentivoProdutivoBasico"": false, ""dataInclusao"": ""2025-11-27T07:02:19"", ""dataAtualizacao"": ""2026-01-19T09:28:31"", ""temResultado"": true, ""imagem"": 0, ""aplicabilidadeMargemPreferenciaNormal"": false, ""aplicabilidadeMargemPreferenciaAdicional"": false, ""percentualMargemPreferenciaNormal"": null, ""percentualMargemPreferenciaAdicional"": null, ""ncmNbsCodigo"": null, ""ncmNbsDescricao"": null, ""catalogo"": null, ""categoriaItemCatalogo"": null, ""catalogoCodigoItem"": null, ""informacaoComplementar"": null, ""tipoMargemPreferencia"": null, ""exigenciaConteudoNacional"": false}";2026-09-12T19:21:52.757008;00394502000144;COMANDO DA MARINHA;federal;F;784312;CAPITANIA DOS PORTOS DO AMAPÁ;Santana;AP;6;Pregão - Eletrônico;1;2025-11-27T07:02:19;2025-12-15T09:00:00;2025-12-29T09:30:00;1;Divulgada no PNCP;generico;50.0;1482.5;1.0;1.0;False;1482.55;0.0033725675356643947;False;P06;educativo;Caneta esferografica azul/preta/vermelha;9608.10.00
00394502000144-1-013755/2025;4;Caneta Esferográfica;M;50.0;Caixa 50,00 UN;Caixa 50,00 UN;;"unidade nao reconhecida no dicionario; preservada como original";63.2441;3162.2;0;2;Homologado;1;;;;2025-11-27T07:02:19;2026-01-19T09:28:31;ACEITO;P06;educativo;casou regra de identidade do produto P06;v2;ok;"{""numeroItem"": 4, ""descricao"": ""Caneta Esferográfica"", ""materialOuServico"": ""M"", ""materialOuServicoNome"": ""Material"", ""valorUnitarioEstimado"": 63.2441, ""valorTotal"": 3162.2, ""quantidade"": 50.0, ""unidadeMedida"": ""Caixa 50,00 UN"", ""orcamentoSigiloso"": false, ""itemCategoriaId"": 3, ""itemCategoriaNome"": ""Não se aplica"", ""patrimonio"": null, ""codigoRegistroImobiliario"": null, ""criterioJulgamentoId"": 1, ""criterioJulgamentoNome"": ""Menor preço"", ""situacaoCompraItem"": 2, ""situacaoCompraItemNome"": ""Homologado"", ""tipoBeneficio"": 1, ""tipoBeneficioNome"": ""Participação exclusiva para ME/EPP"", ""incentivoProdutivoBasico"": false, ""dataInclusao"": ""2025-11-27T07:02:19"", ""dataAtualizacao"": ""2026-01-19T09:28:31"", ""temResultado"": true, ""imagem"": 0, ""aplicabilidadeMargemPreferenciaNormal"": false, ""aplicabilidadeMargemPreferenciaAdicional"": false, ""percentualMargemPreferenciaNormal"": null, ""percentualMargemPreferenciaAdicional"": null, ""ncmNbsCodigo"": null, ""ncmNbsDescricao"": null, ""catalogo"": null, ""categoriaItemCatalogo"": null, ""catalogoCodigoItem"": null, ""informacaoComplementar"": null, ""tipoMargemPreferencia"": null, ""exigenciaConteudoNacional"": false}";2026-09-12T19:21:52.757513;00394502000144;COMANDO DA MARINHA;federal;F;784312;CAPITANIA DOS PORTOS DO AMAPÁ;Santana;AP;6;Pregão - Eletrônico;1;2025-11-27T07:02:19;2025-12-15T09:00:00;2025-12-29T09:30:00;1;Divulgada no PNCP;generico;50.0;1995.0;1.0;1.0;False;3162.205;36.91111107597388;False;P06;educativo;Caneta esferografica azul/preta/vermelha;9608.10.00
23066814000124-1-000029/2025;4;Lote 1 - APAGADOR DE QUADRO BRANCO COM COMPARTIMENTO PARA PINCEL Cor: Suporte transparente e feltro preto, composição: Resina termoplástica.;M;2024.0;Unidade;unidade;1.0;unidade original ja comparavel (sem conversao);5.95;12042.8;0;2;Homologado;1;;;;2025-11-28T09:11:44;2025-12-12T10:58:51;ACEITO;P19;educativo;casou regra de identidade do produto P19;v2;ok;"{""numeroItem"": 4, ""descricao"": ""Lote 1 - APAGADOR DE QUADRO BRANCO COM COMPARTIMENTO PARA PINCEL Cor: Suporte transparente e feltro preto, composição: Resina termoplástica."", ""materialOuServico"": ""M"", ""materialOuServicoNome"": ""Material"", ""valorUnitarioEstimado"": 5.95, ""valorTotal"": 12042.8, ""quantidade"": 2024.0, ""unidadeMedida"": ""Unidade"", ""orcamentoSigiloso"": false, ""itemCategoriaId"": 3, ""itemCategoriaNome"": ""Não se aplica"", ""patrimonio"": null, ""codigoRegistroImobiliario"": null, ""criterioJulgamentoId"": 1, ""criterioJulgamentoNome"": ""Menor preço"", ""situacaoCompraItem"": 2, ""situacaoCompraItemNome"": ""Homologado"", ""tipoBeneficio"": 4, ""tipoBeneficioNome"": ""Sem benefício"", ""incentivoProdutivoBasico"": false, ""dataInclusao"": ""2025-11-28T09:11:44"", ""dataAtualizacao"": ""2025-12-12T10:58:51"", ""temResultado"": true, ""imagem"": 0, ""aplicabilidadeMargemPreferenciaNormal"": false, ""aplicabilidadeMargemPreferenciaAdicional"": false, ""percentualMargemPreferenciaNormal"": null, ""percentualMargemPreferenciaAdicional"": null, ""ncmNbsCodigo"": null, ""ncmNbsDescricao"": null, ""catalogo"": null, ""categoriaItemCatalogo"": null, ""catalogoCodigoItem"": null, ""informacaoComplementar"": null, ""tipoMargemPreferencia"": null, ""exigenciaConteudoNacional"": false}";2026-09-12T19:21:58.169048;23066814000124;MUNICIPIO DE FERREIRA GOMES;municipal;M;01;Prefeitura Municipal de Ferreira Gomes;Ferreira Gomes;AP;6;Pregão - Eletrônico;0;2025-11-28T09:11:44;2025-12-02T08:00:00;2025-12-12T08:00:00;1;Divulgada no PNCP;generico;2024.0;12042.8;1.0;1.0;False;12042.800000000001;1.1102230246251565e-14;False;P19;educativo;Apagador para quadro/lousa;9603.90.00
23066814000124-1-000029/2025;5;Lote 1 - APONTADOR C/ DEPOSITO Composição: Resina termoplástica e lâmina em aço inox. Descrição: Cores diversas: laranja, azul, rosa, verde, roxo, preto. Altura: 60mm. Largura: 23 mm. Dimensões: 15 x 10 x 10 com Peso: 0,3 kg.;M;9450.0;Unidade;unidade;1.0;unidade original ja comparavel (sem conversao);1.12;10584.0;0;2;Homologado;1;;;;2025-11-28T09:11:44;2025-12-12T10:58:55;ACEITO;P08;educativo;casou regra de identidade do produto P08;v2;nao_consultado;"{""numeroItem"": 5, ""descricao"": ""Lote 1 - APONTADOR C/ DEPOSITO Composição: Resina termoplástica e lâmina em aço inox. Descrição: Cores diversas: laranja, azul, rosa, verde, roxo, preto. Altura: 60mm. Largura: 23 mm. Dimensões: 15 x 10 x 10 com Peso: 0,3 kg."", ""materialOuServico"": ""M"", ""materialOuServicoNome"": ""Material"", ""valorUnitarioEstimado"": 1.12, ""valorTotal"": 10584.0, ""quantidade"": 9450.0, ""unidadeMedida"": ""Unidade"", ""orcamentoSigiloso"": false, ""itemCategoriaId"": 3, ""itemCategoriaNome"": ""Não se aplica"", ""patrimonio"": null, ""codigoRegistroImobiliario"": null, ""criterioJulgamentoId"": 1, ""criterioJulgamentoNome"": ""Menor preço"", ""situacaoCompraItem"": 2, ""situacaoCompraItemNome"": ""Homologado"", ""tipoBeneficio"": 4, ""tipoBeneficioNome"": ""Sem benefício"", ""incentivoProdutivoBasico"": false, ""dataInclusao"": ""2025-11-28T09:11:44"", ""dataAtualizacao"": ""2025-12-12T10:58:55"", ""temResultado"": true, ""imagem"": 0, ""aplicabilidadeMargemPreferenciaNormal"": false, ""aplicabilidadeMargemPreferenciaAdicional"": false, ""percentualMargemPreferenciaNormal"": null, ""percentualMargemPreferenciaAdicional"": null, ""ncmNbsCodigo"": null, ""ncmNbsDescricao"": null, ""catalogo"": null, ""categoriaItemCatalogo"": null, ""catalogoCodigoItem"": null, ""informacaoComplementar"": null, ""tipoMargemPreferencia"": null, ""exigenciaConteudoNacional"": false}";2026-09-12T19:21:58.169048;23066814000124;MUNICIPIO DE FERREIRA GOMES;municipal;M;01;Prefeitura Municipal de Ferreira Gomes;Ferreira Gomes;AP;6;Pregão - Eletrônico;0;2025-11-28T09:11:44;2025-12-02T08:00:00;2025-12-12T08:00:00;1;Divulgada no PNCP;generico;0.0;0.0;;;False;;;False;P08;educativo;Apontador de lapis;8214.10.00
34925131000100-1-000021/2025;3;APAGADOR PARA QUADRO BRANCO: material base feltro, corpo plástico, comprimento 15 cm. Largura 6 cm, altura 5 cm, com suporte para dois pinceis, caixa com 12 unidades.;M;48.0;Caixa;unidade;12.0;fator extraido da descricao: 'caixa com 12 unidades';259.7;12465.6;0;1;Em andamento;0;;;;2025-12-01T18:13:52;2025-12-01T18:13:52;ACEITO;P19;educativo;casou regra de identidade do produto P19;v2;sem_registros;"{""numeroItem"": 3, ""descricao"": ""APAGADOR PARA QUADRO BRANCO: material base feltro, corpo plástico, comprimento 15 cm. Largura 6 cm, altura 5 cm, com suporte para dois pinceis, caixa com 12 unidades."", ""materialOuServico"": ""M"", ""materialOuServicoNome"": ""Material"", ""valorUnitarioEstimado"": 259.7, ""valorTotal"": 12465.6, ""quantidade"": 48.0, ""unidadeMedida"": ""Caixa"", ""orcamentoSigiloso"": false, ""itemCategoriaId"": 3, ""itemCategoriaNome"": ""Não se aplica"", ""patrimonio"": null, ""codigoRegistroImobiliario"": null, ""criterioJulgamentoId"": 1, ""criterioJulgamentoNome"": ""Menor preço"", ""situacaoCompraItem"": 1, ""situacaoCompraItemNome"": ""Em andamento"", ""tipoBeneficio"": 4, ""tipoBeneficioNome"": ""Sem benefício"", ""incentivoProdutivoBasico"": false, ""dataInclusao"": ""2025-12-01T18:13:52"", ""dataAtualizacao"": ""2025-12-01T18:13:52"", ""temResultado"": false, ""imagem"": 0, ""aplicabilidadeMargemPreferenciaNormal"": false, ""aplicabilidadeMargemPreferenciaAdicional"": false, ""percentualMargemPreferenciaNormal"": null, ""percentualMargemPreferenciaAdicional"": null, ""ncmNbsCodigo"": null, ""ncmNbsDescricao"": null, ""catalogo"": null, ""categoriaItemCatalogo"": null, ""catalogoCodigoItem"": null, ""informacaoComplementar"": null, ""tipoMargemPreferencia"": null, ""exigenciaConteudoNacional"": false}";2026-09-12T19:21:59.974141;34925131000100;MUNICIPIO DE PEDRA BRANCA DO AMAPARI;municipal;M;8066;FUNDO MUNICIPAL DE SAUDE;Pedra Branca do Amapari;AP;6;Pregão - Eletrônico;1;2025-12-01T18:13:52;2025-12-05T10:00:00;2025-12-17T10:00:00;1;Divulgada no PNCP;generico;0.0;0.0;;;False;;;False;P19;educativo;Apagador para quadro/lousa;9603.90.00
34925131000100-1-000021/2025;4;APONTADOR: MATERIAL PLÁSTICO, TIPO ESCOLAR, CORES VARIADAS, COM UM FURO, CARACTERISTICAS ADICIONAIS, COM DEPOSITO, CAIXA COM 24 UNIDADES.;M;240.0;Caixa;unidade;24.0;fator extraido da descricao: 'caixa com 24 unidades';163.56;39254.4;0;1;Em andamento;0;;;;2025-12-01T18:13:52;2025-12-01T18:13:52;ACEITO;P08;educativo;casou regra de identidade do produto P08;v2;nao_consultado;"{""numeroItem"": 4, ""descricao"": ""APONTADOR: MATERIAL PLÁSTICO, TIPO ESCOLAR, CORES VARIADAS, COM UM FURO, CARACTERISTICAS ADICIONAIS, COM DEPOSITO, CAIXA COM 24 UNIDADES."", ""materialOuServico"": ""M"", ""materialOuServicoNome"": ""Material"", ""valorUnitarioEstimado"": 163.56, ""valorTotal"": 39254.4, ""quantidade"": 240.0, ""unidadeMedida"": ""Caixa"", ""orcamentoSigiloso"": false, ""itemCategoriaId"": 3, ""itemCategoriaNome"": ""Não se aplica"", ""patrimonio"": null, ""codigoRegistroImobiliario"": null, ""criterioJulgamentoId"": 1, ""criterioJulgamentoNome"": ""Menor preço"", ""situacaoCompraItem"": 1, ""situacaoCompraItemNome"": ""Em andamento"", ""tipoBeneficio"": 4, ""tipoBeneficioNome"": ""Sem benefício"", ""incentivoProdutivoBasico"": false, ""dataInclusao"": ""2025-12-01T18:13:52"", ""dataAtualizacao"": ""2025-12-01T18:13:52"", ""temResultado"": false, ""imagem"": 0, ""aplicabilidadeMargemPreferenciaNormal"": false, ""aplicabilidadeMargemPreferenciaAdicional"": false, ""percentualMargemPreferenciaNormal"": null, ""percentualMargemPreferenciaAdicional"": null, ""ncmNbsCodigo"": null, ""ncmNbsDescricao"": null, ""catalogo"": null, ""categoriaItemCatalogo"": null, ""catalogoCodigoItem"": null, ""informacaoComplementar"": null, ""tipoMargemPreferencia"": null, ""exigenciaConteudoNacional"": false}";2026-09-12T19:21:59.974141;34925131000100;MUNICIPIO DE PEDRA BRANCA DO AMAPARI;municipal;M;8066;FUNDO MUNICIPAL DE SAUDE;Pedra Branca do Amapari;AP;6;Pregão - Eletrônico;1;2025-12-01T18:13:52;2025-12-05T10:00:00;2025-12-17T10:00:00;1;Divulgada no PNCP;generico;0.0;0.0;;;False;;;False;P08;educativo;Apontador de lapis;8214.10.00
10820882000195-1-000001/2026;1;Apagador quadro magnético;M;710.0;Unidade;unidade;1.0;unidade original ja comparavel (sem conversao);4.28;3038.8;0;2;Homologado;1;;;;2026-01-02T07:00:43;2026-01-26T14:18:52;ACEITO;P19;educativo;casou regra de identidade do produto P19;v2;ok;"{""numeroItem"": 1, ""descricao"": ""Apagador quadro magnético"", ""materialOuServico"": ""M"", ""materialOuServicoNome"": ""Material"", ""valorUnitarioEstimado"": 4.28, ""valorTotal"": 3038.8, ""quantidade"": 710.0, ""unidadeMedida"": ""Unidade"", ""orcamentoSigiloso"": false, ""itemCategoriaId"": 3, ""itemCategoriaNome"": ""Não se aplica"", ""patrimonio"": null, ""codigoRegistroImobiliario"": null, ""criterioJulgamentoId"": 1, ""criterioJulgamentoNome"": ""Menor preço"", ""situacaoCompraItem"": 2, ""situacaoCompraItemNome"": ""Homologado"", ""tipoBeneficio"": 1, ""tipoBeneficioNome"": ""Participação exclusiva para ME/EPP"", ""incentivoProdutivoBasico"": false, ""dataInclusao"": ""2026-01-02T07:00:43"", ""dataAtualizacao"": ""2026-01-26T14:18:52"", ""temResultado"": true, ""imagem"": 0, ""aplicabilidadeMargemPreferenciaNormal"": false, ""aplicabilidadeMargemPreferenciaAdicional"": false, ""percentualMargemPreferenciaNormal"": null, ""percentualMargemPreferenciaAdicional"": null, ""ncmNbsCodigo"": null, ""ncmNbsDescricao"": null, ""catalogo"": null, ""categoriaItemCatalogo"": null, ""catalogoCodigoItem"": null, ""informacaoComplementar"": null, ""tipoMargemPreferencia"": null, ""exigenciaConteudoNacional"": false}";2026-09-12T19:23:06.973397;10820882000195;INSTITUTO FEDERAL DE EDUCACAO, CIENCIA E TECNOLOGIA DO AMAPA;federal;F;158150;INST.FED.DE EDUC.,CIENC.E TEC.DO AMAPA;Macapá;AP;6;Pregão - Eletrônico;1;2026-01-02T07:00:43;2026-01-02T09:00:00;2026-01-15T09:00:00;1;Divulgada no PNCP;generico;710.0;2627.0;1.0;1.0;False;3038.8;13.551401869158886;False;P19;educativo;Apagador para quadro/lousa;9603.90.00
10820882000195-1-000001/2026;2;Apontador lápis;M;370.0;Unidade;unidade;1.0;unidade original ja comparavel (sem conversao);0.2;74.0;0;2;Homologado;1;;;;2026-01-02T07:00:43;2026-01-26T14:18:52;ACEITO;P08;educativo;casou regra de identidade do produto P08;v2;nao_consultado;"{""numeroItem"": 2, ""descricao"": ""Apontador lápis"", ""materialOuServico"": ""M"", ""materialOuServicoNome"": ""Material"", ""valorUnitarioEstimado"": 0.2, ""valorTotal"": 74.0, ""quantidade"": 370.0, ""unidadeMedida"": ""Unidade"", ""orcamentoSigiloso"": false, ""itemCategoriaId"": 3, ""itemCategoriaNome"": ""Não se aplica"", ""patrimonio"": null, ""codigoRegistroImobiliario"": null, ""criterioJulgamentoId"": 1, ""criterioJulgamentoNome"": ""Menor preço"", ""situacaoCompraItem"": 2, ""situacaoCompraItemNome"": ""Homologado"", ""tipoBeneficio"": 1, ""tipoBeneficioNome"": ""Participação exclusiva para ME/EPP"", ""incentivoProdutivoBasico"": false, ""dataInclusao"": ""2026-01-02T07:00:43"", ""dataAtualizacao"": ""2026-01-26T14:18:52"", ""temResultado"": true, ""imagem"": 0, ""aplicabilidadeMargemPreferenciaNormal"": false, ""aplicabilidadeMargemPreferenciaAdicional"": false, ""percentualMargemPreferenciaNormal"": null, ""percentualMargemPreferenciaAdicional"": null, ""ncmNbsCodigo"": null, ""ncmNbsDescricao"": null, ""catalogo"": null, ""categoriaItemCatalogo"": null, ""catalogoCodigoItem"": null, ""informacaoComplementar"": null, ""tipoMargemPreferencia"": null, ""exigenciaConteudoNacional"": false}";2026-09-12T19:23:06.973397;10820882000195;INSTITUTO FEDERAL DE EDUCACAO, CIENCIA E TECNOLOGIA DO AMAPA;federal;F;158150;INST.FED.DE EDUC.,CIENC.E TEC.DO AMAPA;Macapá;AP;6;Pregão - Eletrônico;1;2026-01-02T07:00:43;2026-01-02T09:00:00;2026-01-15T09:00:00;1;Divulgada no PNCP;generico;0.0;0.0;;;False;;;False;P08;educativo;Apontador de lapis;8214.10.00
10820882000195-1-000001/2026;9;Caneta esferográfica;M;1600.0;Unidade;unidade;1.0;unidade original ja comparavel (sem conversao);0.45;720.0;0;5;Fracassado;0;;;;2026-01-02T07:00:43;2026-01-23T14:01:06;ACEITO;P06;educativo;casou regra de identidade do produto P06;v2;sem_registros;"{""numeroItem"": 9, ""descricao"": ""Caneta esferográfica"", ""materialOuServico"": ""M"", ""materialOuServicoNome"": ""Material"", ""valorUnitarioEstimado"": 0.45, ""valorTotal"": 720.0, ""quantidade"": 1600.0, ""unidadeMedida"": ""Unidade"", ""orcamentoSigiloso"": false, ""itemCategoriaId"": 3, ""itemCategoriaNome"": ""Não se aplica"", ""patrimonio"": null, ""codigoRegistroImobiliario"": null, ""criterioJulgamentoId"": 1, ""criterioJulgamentoNome"": ""Menor preço"", ""situacaoCompraItem"": 5, ""situacaoCompraItemNome"": ""Fracassado"", ""tipoBeneficio"": 1, ""tipoBeneficioNome"": ""Participação exclusiva para ME/EPP"", ""incentivoProdutivoBasico"": false, ""dataInclusao"": ""2026-01-02T07:00:43"", ""dataAtualizacao"": ""2026-01-23T14:01:06"", ""temResultado"": false, ""imagem"": 0, ""aplicabilidadeMargemPreferenciaNormal"": false, ""aplicabilidadeMargemPreferenciaAdicional"": false, ""percentualMargemPreferenciaNormal"": null, ""percentualMargemPreferenciaAdicional"": null, ""ncmNbsCodigo"": null, ""ncmNbsDescricao"": null, ""catalogo"": null, ""categoriaItemCatalogo"": null, ""catalogoCodigoItem"": null, ""informacaoComplementar"": null, ""tipoMargemPreferencia"": null, ""exigenciaConteudoNacional"": false}";2026-09-12T19:23:06.974909;10820882000195;INSTITUTO FEDERAL DE EDUCACAO, CIENCIA E TECNOLOGIA DO AMAPA;federal;F;158150;INST.FED.DE EDUC.,CIENC.E TEC.DO AMAPA;Macapá;AP;6;Pregão - Eletrônico;1;2026-01-02T07:00:43;2026-01-02T09:00:00;2026-01-15T09:00:00;1;Divulgada no PNCP;generico;0.0;0.0;;;False;;;False;P06;educativo;Caneta esferografica azul/preta/vermelha;9608.10.00
10820882000195-1-000001/2026;10;Caneta esferográfica;M;1600.0;Unidade;unidade;1.0;unidade original ja comparavel (sem conversao);0.75;1200.0;0;2;Homologado;1;;;;2026-01-02T07:00:43;2026-01-26T14:18:53;ACEITO;P06;educativo;casou regra de identidade do produto P06;v2;ok;"{""numeroItem"": 10, ""descricao"": ""Caneta esferográfica"", ""materialOuServico"": ""M"", ""materialOuServicoNome"": ""Material"", ""valorUnitarioEstimado"": 0.75, ""valorTotal"": 1200.0, ""quantidade"": 1600.0, ""unidadeMedida"": ""Unidade"", ""orcamentoSigiloso"": false, ""itemCategoriaId"": 3, ""itemCategoriaNome"": ""Não se aplica"", ""patrimonio"": null, ""codigoRegistroImobiliario"": null, ""criterioJulgamentoId"": 1, ""criterioJulgamentoNome"": ""Menor preço"", ""situacaoCompraItem"": 2, ""situacaoCompraItemNome"": ""Homologado"", ""tipoBeneficio"": 1, ""tipoBeneficioNome"": ""Participação exclusiva para ME/EPP"", ""incentivoProdutivoBasico"": false, ""dataInclusao"": ""2026-01-02T07:00:43"", ""dataAtualizacao"": ""2026-01-26T14:18:53"", ""temResultado"": true, ""imagem"": 0, ""aplicabilidadeMargemPreferenciaNormal"": false, ""aplicabilidadeMargemPreferenciaAdicional"": false, ""percentualMargemPreferenciaNormal"": null, ""percentualMargemPreferenciaAdicional"": null, ""ncmNbsCodigo"": null, ""ncmNbsDescricao"": null, ""catalogo"": null, ""categoriaItemCatalogo"": null, ""catalogoCodigoItem"": null, ""informacaoComplementar"": null, ""tipoMargemPreferencia"": null, ""exigenciaConteudoNacional"": false}";2026-09-12T19:23:06.974909;10820882000195;INSTITUTO FEDERAL DE EDUCACAO, CIENCIA E TECNOLOGIA DO AMAPA;federal;F;158150;INST.FED.DE EDUC.,CIENC.E TEC.DO AMAPA;Macapá;AP;6;Pregão - Eletrônico;1;2026-01-02T07:00:43;2026-01-02T09:00:00;2026-01-15T09:00:00;1;Divulgada no PNCP;generico;1600.0;784.0;1.0;1.0;False;1200.0;34.66666666666667;False;P06;educativo;Caneta esferografica azul/preta/vermelha;9608.10.00
23066814000124-1-000033/2025;1;"Lote 1 - APITO: Material: plástico; Aplicação: esporte; Tamanho: grande; Características adicionais: Cordão, cor preta, sem esfera, 115 db.";M;100.0;Unidade;unidade;1.0;unidade original ja comparavel (sem conversao);26.7;2670.0;0;2;Homologado;1;;;;2026-01-05T10:34:53;2026-01-21T11:58:36;ACEITO;E12;esportivo;casou regra de identidade do produto E12;v2;ok;"{""numeroItem"": 1, ""descricao"": ""Lote 1 - APITO: Material: plástico; Aplicação: esporte; Tamanho: grande; Características adicionais: Cordão, cor preta, sem esfera, 115 db."", ""materialOuServico"": ""M"", ""materialOuServicoNome"": ""Material"", ""valorUnitarioEstimado"": 26.7, ""valorTotal"": 2670.0, ""quantidade"": 100.0, ""unidadeMedida"": ""Unidade"", ""orcamentoSigiloso"": false, ""itemCategoriaId"": 3, ""itemCategoriaNome"": ""Não se aplica"", ""patrimonio"": null, ""codigoRegistroImobiliario"": null, ""criterioJulgamentoId"": 1, ""criterioJulgamentoNome"": ""Menor preço"", ""situacaoCompraItem"": 2, ""situacaoCompraItemNome"": ""Homologado"", ""tipoBeneficio"": 4, ""tipoBeneficioNome"": ""Sem benefício"", ""incentivoProdutivoBasico"": false, ""dataInclusao"": ""2026-01-05T10:34:53"", ""dataAtualizacao"": ""2026-01-21T11:58:36"", ""temResultado"": true, ""imagem"": 0, ""aplicabilidadeMargemPreferenciaNormal"": false, ""aplicabilidadeMargemPreferenciaAdicional"": false, ""percentualMargemPreferenciaNormal"": null, ""percentualMargemPreferenciaAdicional"": null, ""ncmNbsCodigo"": null, ""ncmNbsDescricao"": null, ""catalogo"": null, ""categoriaItemCatalogo"": null, ""catalogoCodigoItem"": null, ""informacaoComplementar"": null, ""tipoMargemPreferencia"": null, ""exigenciaConteudoNacional"": false}";2026-09-12T19:23:08.783643;23066814000124;MUNICIPIO DE FERREIRA GOMES;municipal;M;01;Prefeitura Municipal de Ferreira Gomes;Ferreira Gomes;AP;6;Pregão - Eletrônico;0;2026-01-05T10:34:53;2026-01-07T08:00:00;2026-01-19T08:00:00;1;Divulgada no PNCP;generico;100.0;3200.0;1.0;1.0;False;2670.0;-19.850187265917608;True;E12;esportivo;Apito de arbitro;9208.90.00
23066814000124-1-000033/2025;2;"Lote 1 - APITO: Material: plástico; Aplicação: esporte; Tipo: profissional; Tamanho: médio.";M;60.0;Unidade;unidade;1.0;unidade original ja comparavel (sem conversao);36.25;2175.0;0;2;Homologado;1;;;;2026-01-05T10:34:53;2026-01-21T11:58:37;ACEITO;E12;esportivo;casou regra de identidade do produto E12;v2;ok;"{""numeroItem"": 2, ""descricao"": ""Lote 1 - APITO: Material: plástico; Aplicação: esporte; Tipo: profissional; Tamanho: médio."", ""materialOuServico"": ""M"", ""materialOuServicoNome"": ""Material"", ""valorUnitarioEstimado"": 36.25, ""valorTotal"": 2175.0, ""quantidade"": 60.0, ""unidadeMedida"": ""Unidade"", ""orcamentoSigiloso"": false, ""itemCategoriaId"": 3, ""itemCategoriaNome"": ""Não se aplica"", ""patrimonio"": null, ""codigoRegistroImobiliario"": null, ""criterioJulgamentoId"": 1, ""criterioJulgamentoNome"": ""Menor preço"", ""situacaoCompraItem"": 2, ""situacaoCompraItemNome"": ""Homologado"", ""tipoBeneficio"": 4, ""tipoBeneficioNome"": ""Sem benefício"", ""incentivoProdutivoBasico"": false, ""dataInclusao"": ""2026-01-05T10:34:53"", ""dataAtualizacao"": ""2026-01-21T11:58:37"", ""temResultado"": true, ""imagem"": 0, ""aplicabilidadeMargemPreferenciaNormal"": false, ""aplicabilidadeMargemPreferenciaAdicional"": false, ""percentualMargemPreferenciaNormal"": null, ""percentualMargemPreferenciaAdicional"": null, ""ncmNbsCodigo"": null, ""ncmNbsDescricao"": null, ""catalogo"": null, ""categoriaItemCatalogo"": null, ""catalogoCodigoItem"": null, ""informacaoComplementar"": null, ""tipoMargemPreferencia"": null, ""exigenciaConteudoNacional"": false}";2026-09-12T19:23:08.783643;23066814000124;MUNICIPIO DE FERREIRA GOMES;municipal;M;01;Prefeitura Municipal de Ferreira Gomes;Ferreira Gomes;AP;6;Pregão - Eletrônico;0;2026-01-05T10:34:53;2026-01-07T08:00:00;2026-01-19T08:00:00;1;Divulgada no PNCP;generico;60.0;2592.0;1.0;1.0;False;2175.0;-19.172413793103438;True;E12;esportivo;Apito de arbitro;9208.90.00
23066814000124-1-000033/2025;3;"Lote 1 - CRONÔMETRO: Material carcaça: plástico abs; Tipo: bolso; Tipo mostrador: digital; Funcionamento: pilha alcalina aaa; Tensão: 1,50 v; Características adicionais: 3 entradas para leitura.";M;100.0;Unidade;unidade;1.0;unidade original ja comparavel (sem conversao);74.3;7430.0;0;2;Homologado;1;;;;2026-01-05T10:34:53;2026-01-21T11:58:38;ACEITO;E13;esportivo;casou regra de identidade do produto E13;v2;ok;"{""numeroItem"": 3, ""descricao"": ""Lote 1 - CRONÔMETRO: Material carcaça: plástico abs; Tipo: bolso; Tipo mostrador: digital; Funcionamento: pilha alcalina aaa; Tensão: 1,50 v; Características adicionais: 3 entradas para leitura."", ""materialOuServico"": ""M"", ""materialOuServicoNome"": ""Material"", ""valorUnitarioEstimado"": 74.3, ""valorTotal"": 7430.0, ""quantidade"": 100.0, ""unidadeMedida"": ""Unidade"", ""orcamentoSigiloso"": false, ""itemCategoriaId"": 3, ""itemCategoriaNome"": ""Não se aplica"", ""patrimonio"": null, ""codigoRegistroImobiliario"": null, ""criterioJulgamentoId"": 1, ""criterioJulgamentoNome"": ""Menor preço"", ""situacaoCompraItem"": 2, ""situacaoCompraItemNome"": ""Homologado"", ""tipoBeneficio"": 4, ""tipoBeneficioNome"": ""Sem benefício"", ""incentivoProdutivoBasico"": false, ""dataInclusao"": ""2026-01-05T10:34:53"", ""dataAtualizacao"": ""2026-01-21T11:58:38"", ""temResultado"": true, ""imagem"": 0, ""aplicabilidadeMargemPreferenciaNormal"": false, ""aplicabilidadeMargemPreferenciaAdicional"": false, ""percentualMargemPreferenciaNormal"": null, ""percentualMargemPreferenciaAdicional"": null, ""ncmNbsCodigo"": null, ""ncmNbsDescricao"": null, ""catalogo"": null, ""categoriaItemCatalogo"": null, ""catalogoCodigoItem"": null, ""informacaoComplementar"": null, ""tipoMargemPreferencia"": null, ""exigenciaConteudoNacional"": false}";2026-09-12T19:23:08.783643;23066814000124;MUNICIPIO DE FERREIRA GOMES;municipal;M;01;Prefeitura Municipal de Ferreira Gomes;Ferreira Gomes;AP;6;Pregão - Eletrônico;0;2026-01-05T10:34:53;2026-01-07T08:00:00;2026-01-19T08:00:00;1;Divulgada no PNCP;generico;100.0;6860.0;1.0;1.0;False;7430.0;7.671601615074019;False;E13;esportivo;Cronometro digital profissional;9106.90.00
23066814000124-1-000033/2025;6;"Lote 1 - BOLA: Material: microfibra; Peso cheia: 260 a 280 g; Pressão: 4.5 Ib a 5 Ib; Modalidade: voleibol; Circunferência: 65 a 67 cm; Características adicionais: camara butil, miolo removível com tratamento anti-bactericida, matrizada; Norma regulamentadora: FIV e CBV.";M;200.0;Unidade;unidade;1.0;unidade original ja comparavel (sem conversao);560.0;112000.0;0;2;Homologado;1;;;;2026-01-05T10:34:53;2026-01-21T11:58:40;ACEITO;E03;esportivo;casou regra de identidade do produto E03;v2;ok;"{""numeroItem"": 6, ""descricao"": ""Lote 1 - BOLA: Material: microfibra; Peso cheia: 260 a 280 g; Pressão: 4.5 Ib a 5 Ib; Modalidade: voleibol; Circunferência: 65 a 67 cm; Características adicionais: camara butil, miolo removível com tratamento anti-bactericida, matrizada; Norma regulamentadora: FIV e CBV."", ""materialOuServico"": ""M"", ""materialOuServicoNome"": ""Material"", ""valorUnitarioEstimado"": 560.0, ""valorTotal"": 112000.0, ""quantidade"": 200.0, ""unidadeMedida"": ""Unidade"", ""orcamentoSigiloso"": false, ""itemCategoriaId"": 3, ""itemCategoriaNome"": ""Não se aplica"", ""patrimonio"": null, ""codigoRegistroImobiliario"": null, ""criterioJulgamentoId"": 1, ""criterioJulgamentoNome"": ""Menor preço"", ""situacaoCompraItem"": 2, ""situacaoCompraItemNome"": ""Homologado"", ""tipoBeneficio"": 4, ""tipoBeneficioNome"": ""Sem benefício"", ""incentivoProdutivoBasico"": false, ""dataInclusao"": ""2026-01-05T10:34:53"", ""dataAtualizacao"": ""2026-01-21T11:58:40"", ""temResultado"": true, ""imagem"": 0, ""aplicabilidadeMargemPreferenciaNormal"": false, ""aplicabilidadeMargemPreferenciaAdicional"": false, ""percentualMargemPreferenciaNormal"": null, ""percentualMargemPreferenciaAdicional"": null, ""ncmNbsCodigo"": null, ""ncmNbsDescricao"": null, ""catalogo"": null, ""categoriaItemCatalogo"": null, ""catalogoCodigoItem"": null, ""informacaoComplementar"": null, ""tipoMargemPreferencia"": null, ""exigenciaConteudoNacional"": false}";2026-09-12T19:23:08.785157;23066814000124;MUNICIPIO DE FERREIRA GOMES;municipal;M;01;Prefeitura Municipal de Ferreira Gomes;Ferreira Gomes;AP;6;Pregão - Eletrônico;0;2026-01-05T10:34:53;2026-01-07T08:00:00;2026-01-19T08:00:00;1;Divulgada no PNCP;280g;200.0;100132.0;1.0;1.0;False;112000.0;10.596428571428573;False;E03;esportivo;Bola de volei;9506.62.00
23066814000124-1-000033/2025;7;"Lote 1 - BOLA VOLEIBOL: Material: poliuretano; Peso cheia: 260 a 280 g; Circunferência: 66 a 68 cm; Características adicionais: matrizada, com miolo substituível; Aplicação: vôlei de praia.";M;200.0;Unidade;unidade;1.0;unidade original ja comparavel (sem conversao);297.45;59490.0;0;2;Homologado;1;;;;2026-01-05T10:34:53;2026-01-21T11:58:41;ACEITO;E03;esportivo;casou regra de identidade do produto E03;v2;ok;"{""numeroItem"": 7, ""descricao"": ""Lote 1 - BOLA VOLEIBOL: Material: poliuretano; Peso cheia: 260 a 280 g; Circunferência: 66 a 68 cm; Características adicionais: matrizada, com miolo substituível; Aplicação: vôlei de praia."", ""materialOuServico"": ""M"", ""materialOuServicoNome"": ""Material"", ""valorUnitarioEstimado"": 297.45, ""valorTotal"": 59490.0, ""quantidade"": 200.0, ""unidadeMedida"": ""Unidade"", ""orcamentoSigiloso"": false, ""itemCategoriaId"": 3, ""itemCategoriaNome"": ""Não se aplica"", ""patrimonio"": null, ""codigoRegistroImobiliario"": null, ""criterioJulgamentoId"": 1, ""criterioJulgamentoNome"": ""Menor preço"", ""situacaoCompraItem"": 2, ""situacaoCompraItemNome"": ""Homologado"", ""tipoBeneficio"": 4, ""tipoBeneficioNome"": ""Sem benefício"", ""incentivoProdutivoBasico"": false, ""dataInclusao"": ""2026-01-05T10:34:53"", ""dataAtualizacao"": ""2026-01-21T11:58:41"", ""temResultado"": true, ""imagem"": 0, ""aplicabilidadeMargemPreferenciaNormal"": false, ""aplicabilidadeMargemPreferenciaAdicional"": false, ""percentualMargemPreferenciaNormal"": null, ""percentualMargemPreferenciaAdicional"": null, ""ncmNbsCodigo"": null, ""ncmNbsDescricao"": null, ""catalogo"": null, ""categoriaItemCatalogo"": null, ""catalogoCodigoItem"": null, ""informacaoComplementar"": null, ""tipoMargemPreferencia"": null, ""exigenciaConteudoNacional"": false}";2026-09-12T19:23:08.785157;23066814000124;MUNICIPIO DE FERREIRA GOMES;municipal;M;01;Prefeitura Municipal de Ferreira Gomes;Ferreira Gomes;AP;6;Pregão - Eletrônico;0;2026-01-05T10:34:53;2026-01-07T08:00:00;2026-01-19T08:00:00;1;Divulgada no PNCP;praia|280g;200.0;53760.0;1.0;1.0;False;59490.0;9.631870902672723;False;E03;esportivo;Bola de volei;9506.62.00
23066814000124-1-000033/2025;8;"Lote 1 - BOLA: Material: microfibra; Peso cheia: 600 a 650g; Pressão: 9 Ib; Modalidade: basquetebol; Circunferência: 75 a 78 cm; Características adicionais: miolo removível e lubrificado; Norma regulamentadora: CBB.";M;200.0;Unidade;unidade;1.0;unidade original ja comparavel (sem conversao);331.71;66342.0;0;2;Homologado;1;;;;2026-01-05T10:34:53;2026-01-21T11:58:41;ACEITO;E04;esportivo;casou regra de identidade do produto E04;v2;ok;"{""numeroItem"": 8, ""descricao"": ""Lote 1 - BOLA: Material: microfibra; Peso cheia: 600 a 650g; Pressão: 9 Ib; Modalidade: basquetebol; Circunferência: 75 a 78 cm; Características adicionais: miolo removível e lubrificado; Norma regulamentadora: CBB."", ""materialOuServico"": ""M"", ""materialOuServicoNome"": ""Material"", ""valorUnitarioEstimado"": 331.71, ""valorTotal"": 66342.0, ""quantidade"": 200.0, ""unidadeMedida"": ""Unidade"", ""orcamentoSigiloso"": false, ""itemCategoriaId"": 3, ""itemCategoriaNome"": ""Não se aplica"", ""patrimonio"": null, ""codigoRegistroImobiliario"": null, ""criterioJulgamentoId"": 1, ""criterioJulgamentoNome"": ""Menor preço"", ""situacaoCompraItem"": 2, ""situacaoCompraItemNome"": ""Homologado"", ""tipoBeneficio"": 4, ""tipoBeneficioNome"": ""Sem benefício"", ""incentivoProdutivoBasico"": false, ""dataInclusao"": ""2026-01-05T10:34:53"", ""dataAtualizacao"": ""2026-01-21T11:58:41"", ""temResultado"": true, ""imagem"": 0, ""aplicabilidadeMargemPreferenciaNormal"": false, ""aplicabilidadeMargemPreferenciaAdicional"": false, ""percentualMargemPreferenciaNormal"": null, ""percentualMargemPreferenciaAdicional"": null, ""ncmNbsCodigo"": null, ""ncmNbsDescricao"": null, ""catalogo"": null, ""categoriaItemCatalogo"": null, ""catalogoCodigoItem"": null, ""informacaoComplementar"": null, ""tipoMargemPreferencia"": null, ""exigenciaConteudoNacional"": false}";2026-09-12T19:23:08.786167;23066814000124;MUNICIPIO DE FERREIRA GOMES;municipal;M;01;Prefeitura Municipal de Ferreira Gomes;Ferreira Gomes;AP;6;Pregão - Eletrônico;0;2026-01-05T10:34:53;2026-01-07T08:00:00;2026-01-19T08:00:00;1;Divulgada no PNCP;650g;200.0;59800.0;1.0;1.0;False;66342.0;9.86102318290073;False;E04;esportivo;Bola de basquete;9506.62.00
23066814000124-1-000033/2025;9;"Lote 1 - BOMBA ENCHER: Material corpo: plástico; Material Bico: metal; Aplicação: para bola esportiva; Características adicionais: dupla ação.";M;50.0;Unidade;unidade;1.0;unidade original ja comparavel (sem conversao);51.0;2550.0;0;2;Homologado;1;;;;2026-01-05T10:34:53;2026-01-21T11:58:42;ACEITO;E14;esportivo;casou regra de identidade do produto E14;v2;ok;"{""numeroItem"": 9, ""descricao"": ""Lote 1 - BOMBA ENCHER: Material corpo: plástico; Material Bico: metal; Aplicação: para bola esportiva; Características adicionais: dupla ação."", ""materialOuServico"": ""M"", ""materialOuServicoNome"": ""Material"", ""valorUnitarioEstimado"": 51.0, ""valorTotal"": 2550.0, ""quantidade"": 50.0, ""unidadeMedida"": ""Unidade"", ""orcamentoSigiloso"": false, ""itemCategoriaId"": 3, ""itemCategoriaNome"": ""Não se aplica"", ""patrimonio"": null, ""codigoRegistroImobiliario"": null, ""criterioJulgamentoId"": 1, ""criterioJulgamentoNome"": ""Menor preço"", ""situacaoCompraItem"": 2, ""situacaoCompraItemNome"": ""Homologado"", ""tipoBeneficio"": 4, ""tipoBeneficioNome"": ""Sem benefício"", ""incentivoProdutivoBasico"": false, ""dataInclusao"": ""2026-01-05T10:34:53"", ""dataAtualizacao"": ""2026-01-21T11:58:42"", ""temResultado"": true, ""imagem"": 0, ""aplicabilidadeMargemPreferenciaNormal"": false, ""aplicabilidadeMargemPreferenciaAdicional"": false, ""percentualMargemPreferenciaNormal"": null, ""percentualMargemPreferenciaAdicional"": null, ""ncmNbsCodigo"": null, ""ncmNbsDescricao"": null, ""catalogo"": null, ""categoriaItemCatalogo"": null, ""catalogoCodigoItem"": null, ""informacaoComplementar"": null, ""tipoMargemPreferencia"": null, ""exigenciaConteudoNacional"": false}";2026-09-12T19:23:08.786167;23066814000124;MUNICIPIO DE FERREIRA GOMES;municipal;M;01;Prefeitura Municipal de Ferreira Gomes;Ferreira Gomes;AP;6;Pregão - Eletrônico;0;2026-01-05T10:34:53;2026-01-07T08:00:00;2026-01-19T08:00:00;1;Divulgada no PNCP;generico;50.0;2360.0;1.0;1.0;False;2550.0;7.4509803921568585;False;E14;esportivo;Bomba manual de ar para bolas;8414.20.00
11707402000147-1-000041/2025;2;APAGADOR DE QUADRO BRANCO COM COMPARTIMENTO PARA PINCEL Cor: Suporte transparente e feltro preto, composição: Resina termoplástica.;M;300.0;UNID.;UNID.;;"unidade nao reconhecida no dicionario; preservada como original";9.9075;2972.25;0;1;Em andamento;0;;;;2026-01-08T17:41:23;2026-01-08T17:41:23;ACEITO;P19;educativo;casou regra de identidade do produto P19;v2;sem_registros;"{""numeroItem"": 2, ""descricao"": ""APAGADOR DE QUADRO BRANCO COM COMPARTIMENTO PARA PINCEL Cor: Suporte transparente e feltro preto, composição: Resina termoplástica."", ""materialOuServico"": ""M"", ""materialOuServicoNome"": ""Material"", ""valorUnitarioEstimado"": 9.9075, ""valorTotal"": 2972.25, ""quantidade"": 300.0, ""unidadeMedida"": ""UNID."", ""orcamentoSigiloso"": false, ""itemCategoriaId"": 3, ""itemCategoriaNome"": ""Não se aplica"", ""patrimonio"": null, ""codigoRegistroImobiliario"": null, ""criterioJulgamentoId"": 1, ""criterioJulgamentoNome"": ""Menor preço"", ""situacaoCompraItem"": 1, ""situacaoCompraItemNome"": ""Em andamento"", ""tipoBeneficio"": 4, ""tipoBeneficioNome"": ""Sem benefício"", ""incentivoProdutivoBasico"": false, ""dataInclusao"": ""2026-01-08T17:41:23"", ""dataAtualizacao"": ""2026-01-08T17:41:23"", ""temResultado"": false, ""imagem"": 0, ""aplicabilidadeMargemPreferenciaNormal"": false, ""aplicabilidadeMargemPreferenciaAdicional"": false, ""percentualMargemPreferenciaNormal"": null, ""percentualMargemPreferenciaAdicional"": null, ""ncmNbsCodigo"": null, ""ncmNbsDescricao"": null, ""catalogo"": null, ""categoriaItemCatalogo"": null, ""catalogoCodigoItem"": null, ""informacaoComplementar"": null, ""tipoMargemPreferencia"": null, ""exigenciaConteudoNacional"": false}";2026-09-12T19:23:17.743687;11707402000147;FUNDO MUNICIPAL DE SAUDE DE LARANJAL DO JARI;municipal;M;000000001;FUNDO MUNICIPAL DE SAUDE DE LARANJAL DO JARI;Laranjal do Jari;AP;6;Pregão - Eletrônico;1;2026-01-08T17:41:23;2026-01-02T08:00:00;2026-01-20T08:00:00;1;Divulgada no PNCP;generico;0.0;0.0;;;False;;;False;P19;educativo;Apagador para quadro/lousa;9603.90.00
00509018000113-1-000186/2026;1;Apontador lápis;M;300.0;Unidade;unidade;1.0;unidade original ja comparavel (sem conversao);1.15;345.0;0;2;Homologado;1;;;;2026-01-27T07:01:28;2026-03-12T17:21:48;ACEITO;P08;educativo;casou regra de identidade do produto P08;v2;nao_consultado;"{""numeroItem"": 1, ""descricao"": ""Apontador lápis"", ""materialOuServico"": ""M"", ""materialOuServicoNome"": ""Material"", ""valorUnitarioEstimado"": 1.15, ""valorTotal"": 345.0, ""quantidade"": 300.0, ""unidadeMedida"": ""Unidade"", ""orcamentoSigiloso"": false, ""itemCategoriaId"": 3, ""itemCategoriaNome"": ""Não se aplica"", ""patrimonio"": null, ""codigoRegistroImobiliario"": null, ""criterioJulgamentoId"": 1, ""criterioJulgamentoNome"": ""Menor preço"", ""situacaoCompraItem"": 2, ""situacaoCompraItemNome"": ""Homologado"", ""tipoBeneficio"": 1, ""tipoBeneficioNome"": ""Participação exclusiva para ME/EPP"", ""incentivoProdutivoBasico"": false, ""dataInclusao"": ""2026-01-27T07:01:28"", ""dataAtualizacao"": ""2026-03-12T17:21:48"", ""temResultado"": true, ""imagem"": 0, ""aplicabilidadeMargemPreferenciaNormal"": false, ""aplicabilidadeMargemPreferenciaAdicional"": false, ""percentualMargemPreferenciaNormal"": null, ""percentualMargemPreferenciaAdicional"": null, ""ncmNbsCodigo"": null, ""ncmNbsDescricao"": null, ""catalogo"": null, ""categoriaItemCatalogo"": null, ""catalogoCodigoItem"": null, ""informacaoComplementar"": null, ""tipoMargemPreferencia"": null, ""exigenciaConteudoNacional"": false}";2026-09-12T19:23:47.631995;00509018000113;TRIBUNAL SUPERIOR ELEITORAL;federal;F;070029;TRIBUNAL REGIONAL ELEITORAL/AP;Macapá;AP;6;Pregão - Eletrônico;1;2026-01-27T07:01:28;2026-01-27T13:00:00;2026-02-06T09:00:00;1;Divulgada no PNCP;generico;0.0;0.0;;;False;;;False;P08;educativo;Apontador de lapis;8214.10.00
00509018000113-1-000186/2026;3;Cartolina;M;600.0;Unidade;unidade;1.0;unidade original ja comparavel (sem conversao);1.27;762.0;0;2;Homologado;1;;;;2026-01-27T07:01:28;2026-03-12T17:21:48;ACEITO;P15;educativo;casou regra de identidade do produto P15;v2;ok;"{""numeroItem"": 3, ""descricao"": ""Cartolina"", ""materialOuServico"": ""M"", ""materialOuServicoNome"": ""Material"", ""valorUnitarioEstimado"": 1.27, ""valorTotal"": 762.0, ""quantidade"": 600.0, ""unidadeMedida"": ""Unidade"", ""orcamentoSigiloso"": false, ""itemCategoriaId"": 3, ""itemCategoriaNome"": ""Não se aplica"", ""patrimonio"": null, ""codigoRegistroImobiliario"": null, ""criterioJulgamentoId"": 1, ""criterioJulgamentoNome"": ""Menor preço"", ""situacaoCompraItem"": 2, ""situacaoCompraItemNome"": ""Homologado"", ""tipoBeneficio"": 1, ""tipoBeneficioNome"": ""Participação exclusiva para ME/EPP"", ""incentivoProdutivoBasico"": false, ""dataInclusao"": ""2026-01-27T07:01:28"", ""dataAtualizacao"": ""2026-03-12T17:21:48"", ""temResultado"": true, ""imagem"": 0, ""aplicabilidadeMargemPreferenciaNormal"": false, ""aplicabilidadeMargemPreferenciaAdicional"": false, ""percentualMargemPreferenciaNormal"": null, ""percentualMargemPreferenciaAdicional"": null, ""ncmNbsCodigo"": null, ""ncmNbsDescricao"": null, ""catalogo"": null, ""categoriaItemCatalogo"": null, ""catalogoCodigoItem"": null, ""informacaoComplementar"": null, ""tipoMargemPreferencia"": null, ""exigenciaConteudoNacional"": false}";2026-09-12T19:23:47.632996;00509018000113;TRIBUNAL SUPERIOR ELEITORAL;federal;F;070029;TRIBUNAL REGIONAL ELEITORAL/AP;Macapá;AP;6;Pregão - Eletrônico;1;2026-01-27T07:01:28;2026-01-27T13:00:00;2026-02-06T09:00:00;1;Divulgada no PNCP;generico;600.0;510.0;1.0;1.0;False;762.0;33.07086614173228;False;P15;educativo;Cartolina;4802.58.99
00509018000113-1-000186/2026;4;Caneta esferográfica;M;6000.0;Unidade;unidade;1.0;unidade original ja comparavel (sem conversao);1.46;8760.0;0;2;Homologado;1;;;;2026-01-27T07:01:28;2026-03-12T17:21:48;ACEITO;P06;educativo;casou regra de identidade do produto P06;v2;ok;"{""numeroItem"": 4, ""descricao"": ""Caneta esferográfica"", ""materialOuServico"": ""M"", ""materialOuServicoNome"": ""Material"", ""valorUnitarioEstimado"": 1.46, ""valorTotal"": 8760.0, ""quantidade"": 6000.0, ""unidadeMedida"": ""Unidade"", ""orcamentoSigiloso"": false, ""itemCategoriaId"": 3, ""itemCategoriaNome"": ""Não se aplica"", ""patrimonio"": null, ""codigoRegistroImobiliario"": null, ""criterioJulgamentoId"": 1, ""criterioJulgamentoNome"": ""Menor preço"", ""situacaoCompraItem"": 2, ""situacaoCompraItemNome"": ""Homologado"", ""tipoBeneficio"": 1, ""tipoBeneficioNome"": ""Participação exclusiva para ME/EPP"", ""incentivoProdutivoBasico"": false, ""dataInclusao"": ""2026-01-27T07:01:28"", ""dataAtualizacao"": ""2026-03-12T17:21:48"", ""temResultado"": true, ""imagem"": 0, ""aplicabilidadeMargemPreferenciaNormal"": false, ""aplicabilidadeMargemPreferenciaAdicional"": false, ""percentualMargemPreferenciaNormal"": null, ""percentualMargemPreferenciaAdicional"": null, ""ncmNbsCodigo"": null, ""ncmNbsDescricao"": null, ""catalogo"": null, ""categoriaItemCatalogo"": null, ""catalogoCodigoItem"": null, ""informacaoComplementar"": null, ""tipoMargemPreferencia"": null, ""exigenciaConteudoNacional"": false}";2026-09-12T19:23:47.632996;00509018000113;TRIBUNAL SUPERIOR ELEITORAL;federal;F;070029;TRIBUNAL REGIONAL ELEITORAL/AP;Macapá;AP;6;Pregão - Eletrônico;1;2026-01-27T07:01:28;2026-01-27T13:00:00;2026-02-06T09:00:00;1;Divulgada no PNCP;generico;6000.0;5940.0;1.0;1.0;False;8760.0;32.1917808219178;False;P06;educativo;Caneta esferografica azul/preta/vermelha;9608.10.00
00509018000113-1-000186/2026;5;Caneta esferográfica;M;1000.0;Unidade;unidade;1.0;unidade original ja comparavel (sem conversao);1.46;1460.0;0;2;Homologado;1;;;;2026-01-27T07:01:28;2026-03-12T17:21:48;ACEITO;P06;educativo;casou regra de identidade do produto P06;v2;ok;"{""numeroItem"": 5, ""descricao"": ""Caneta esferográfica"", ""materialOuServico"": ""M"", ""materialOuServicoNome"": ""Material"", ""valorUnitarioEstimado"": 1.46, ""valorTotal"": 1460.0, ""quantidade"": 1000.0, ""unidadeMedida"": ""Unidade"", ""orcamentoSigiloso"": false, ""itemCategoriaId"": 3, ""itemCategoriaNome"": ""Não se aplica"", ""patrimonio"": null, ""codigoRegistroImobiliario"": null, ""criterioJulgamentoId"": 1, ""criterioJulgamentoNome"": ""Menor preço"", ""situacaoCompraItem"": 2, ""situacaoCompraItemNome"": ""Homologado"", ""tipoBeneficio"": 1, ""tipoBeneficioNome"": ""Participação exclusiva para ME/EPP"", ""incentivoProdutivoBasico"": false, ""dataInclusao"": ""2026-01-27T07:01:28"", ""dataAtualizacao"": ""2026-03-12T17:21:48"", ""temResultado"": true, ""imagem"": 0, ""aplicabilidadeMargemPreferenciaNormal"": false, ""aplicabilidadeMargemPreferenciaAdicional"": false, ""percentualMargemPreferenciaNormal"": null, ""percentualMargemPreferenciaAdicional"": null, ""ncmNbsCodigo"": null, ""ncmNbsDescricao"": null, ""catalogo"": null, ""categoriaItemCatalogo"": null, ""catalogoCodigoItem"": null, ""informacaoComplementar"": null, ""tipoMargemPreferencia"": null, ""exigenciaConteudoNacional"": false}";2026-09-12T19:23:47.632996;00509018000113;TRIBUNAL SUPERIOR ELEITORAL;federal;F;070029;TRIBUNAL REGIONAL ELEITORAL/AP;Macapá;AP;6;Pregão - Eletrônico;1;2026-01-27T07:01:28;2026-01-27T13:00:00;2026-02-06T09:00:00;1;Divulgada no PNCP;generico;1000.0;990.0;1.0;1.0;False;1460.0;32.1917808219178;False;P06;educativo;Caneta esferografica azul/preta/vermelha;9608.10.00
30144641000180-1-000001/2026;7015263;BLOCOS LÓGICOS: PRODUTO FABRICADO EM MDF CONTENDO 48 PEÇAS. AUXILIA NO APRENDIZADO DAS FORMAS GEOMÉTRICAS;M;18.0;UND;unidade;1.0;unidade original ja comparavel (sem conversao);83.7;1506.6;0;2;Homologado;1;;;;2026-01-27T15:59:18;2026-02-25T09:31:27;ACEITO;P21;educativo;casou regra de identidade do produto P21;v2;ok;"{""numeroItem"": 7015263, ""descricao"": ""BLOCOS LÓGICOS: PRODUTO FABRICADO EM MDF CONTENDO 48 PEÇAS. AUXILIA NO APRENDIZADO DAS FORMAS GEOMÉTRICAS"", ""materialOuServico"": ""M"", ""materialOuServicoNome"": ""Material"", ""valorUnitarioEstimado"": 83.7, ""valorTotal"": 1506.6, ""quantidade"": 18.0, ""unidadeMedida"": ""UND"", ""orcamentoSigiloso"": false, ""itemCategoriaId"": 3, ""itemCategoriaNome"": ""Não se aplica"", ""patrimonio"": null, ""codigoRegistroImobiliario"": null, ""criterioJulgamentoId"": 1, ""criterioJulgamentoNome"": ""Menor preço"", ""situacaoCompraItem"": 2, ""situacaoCompraItemNome"": ""Homologado"", ""tipoBeneficio"": 1, ""tipoBeneficioNome"": ""Participação exclusiva para ME/EPP"", ""incentivoProdutivoBasico"": false, ""dataInclusao"": ""2026-01-27T15:59:18"", ""dataAtualizacao"": ""2026-02-25T09:31:27"", ""temResultado"": true, ""imagem"": 0, ""aplicabilidadeMargemPreferenciaNormal"": false, ""aplicabilidadeMargemPreferenciaAdicional"": false, ""percentualMargemPreferenciaNormal"": null, ""percentualMargemPreferenciaAdicional"": null, ""ncmNbsCodigo"": null, ""ncmNbsDescricao"": null, ""catalogo"": null, ""categoriaItemCatalogo"": null, ""catalogoCodigoItem"": null, ""informacaoComplementar"": null, ""tipoMargemPreferencia"": null, ""exigenciaConteudoNacional"": false}";2026-09-12T19:23:50.326151;30144641000180;FUNDO MUNICIPAL DE EDUCACAO - FME;municipal;M;1398;FUNDO MUNICIPAL DE EDUCAÇÃO DE VITÓRIA DO JARI/AP;Vitória do Jari;AP;6;Pregão - Eletrônico;1;2026-01-27T15:59:18;2026-01-27T15:59:13;2026-02-09T09:30:00;1;Divulgada no PNCP;generico;18.0;1494.0;1.0;1.0;False;1506.6000000000001;0.8363201911589124;False;P21;educativo;Blocos logicos;9503.00.99
00394452000103-1-025161/2025;5;Apagador quadro branco;M;60.0;Unidade;unidade;1.0;unidade original ja comparavel (sem conversao);14.67;880.2;0;2;Homologado;1;;;;2026-02-02T07:09:58;2026-03-24T14:36:13;ACEITO;P19;educativo;casou regra de identidade do produto P19;v2;ok;"{""numeroItem"": 5, ""descricao"": ""Apagador quadro branco"", ""materialOuServico"": ""M"", ""materialOuServicoNome"": ""Material"", ""valorUnitarioEstimado"": 14.67, ""valorTotal"": 880.2, ""quantidade"": 60.0, ""unidadeMedida"": ""Unidade"", ""orcamentoSigiloso"": false, ""itemCategoriaId"": 3, ""itemCategoriaNome"": ""Não se aplica"", ""patrimonio"": null, ""codigoRegistroImobiliario"": null, ""criterioJulgamentoId"": 1, ""criterioJulgamentoNome"": ""Menor preço"", ""situacaoCompraItem"": 2, ""situacaoCompraItemNome"": ""Homologado"", ""tipoBeneficio"": 1, ""tipoBeneficioNome"": ""Participação exclusiva para ME/EPP"", ""incentivoProdutivoBasico"": false, ""dataInclusao"": ""2026-02-02T07:09:58"", ""dataAtualizacao"": ""2026-03-24T14:36:13"", ""temResultado"": true, ""imagem"": 0, ""aplicabilidadeMargemPreferenciaNormal"": false, ""aplicabilidadeMargemPreferenciaAdicional"": false, ""percentualMargemPreferenciaNormal"": null, ""percentualMargemPreferenciaAdicional"": null, ""ncmNbsCodigo"": null, ""ncmNbsDescricao"": null, ""catalogo"": null, ""categoriaItemCatalogo"": null, ""catalogoCodigoItem"": null, ""informacaoComplementar"": null, ""tipoMargemPreferencia"": null, ""exigenciaConteudoNacional"": false}";2026-09-12T19:23:57.545407;00394452000103;COMANDO DO EXERCITO;federal;F;160026;COMANDO DA 22ª BRIGADA DE INFANTARIA DE SELVA;Macapá;AP;6;Pregão - Eletrônico;1;2026-02-02T07:09:58;2026-02-02T10:00:00;2026-02-12T10:00:00;1;Divulgada no PNCP;generico;60.0;208.8;1.0;1.0;False;880.2;76.27811860940696;False;P19;educativo;Apagador para quadro/lousa;9603.90.00
00394452000103-1-025161/2025;6;Apontador lápis;M;200.0;Unidade;unidade;1.0;unidade original ja comparavel (sem conversao);6.42;1284.0;0;2;Homologado;1;;;;2026-02-02T07:09:58;2026-03-24T14:36:13;ACEITO;P08;educativo;casou regra de identidade do produto P08;v2;nao_consultado;"{""numeroItem"": 6, ""descricao"": ""Apontador lápis"", ""materialOuServico"": ""M"", ""materialOuServicoNome"": ""Material"", ""valorUnitarioEstimado"": 6.42, ""valorTotal"": 1284.0, ""quantidade"": 200.0, ""unidadeMedida"": ""Unidade"", ""orcamentoSigiloso"": false, ""itemCategoriaId"": 3, ""itemCategoriaNome"": ""Não se aplica"", ""patrimonio"": null, ""codigoRegistroImobiliario"": null, ""criterioJulgamentoId"": 1, ""criterioJulgamentoNome"": ""Menor preço"", ""situacaoCompraItem"": 2, ""situacaoCompraItemNome"": ""Homologado"", ""tipoBeneficio"": 1, ""tipoBeneficioNome"": ""Participação exclusiva para ME/EPP"", ""incentivoProdutivoBasico"": false, ""dataInclusao"": ""2026-02-02T07:09:58"", ""dataAtualizacao"": ""2026-03-24T14:36:13"", ""temResultado"": true, ""imagem"": 0, ""aplicabilidadeMargemPreferenciaNormal"": false, ""aplicabilidadeMargemPreferenciaAdicional"": false, ""percentualMargemPreferenciaNormal"": null, ""percentualMargemPreferenciaAdicional"": null, ""ncmNbsCodigo"": null, ""ncmNbsDescricao"": null, ""catalogo"": null, ""categoriaItemCatalogo"": null, ""catalogoCodigoItem"": null, ""informacaoComplementar"": null, ""tipoMargemPreferencia"": null, ""exigenciaConteudoNacional"": false}";2026-09-12T19:23:57.545407;00394452000103;COMANDO DO EXERCITO;federal;F;160026;COMANDO DA 22ª BRIGADA DE INFANTARIA DE SELVA;Macapá;AP;6;Pregão - Eletrônico;1;2026-02-02T07:09:58;2026-02-02T10:00:00;2026-02-12T10:00:00;1;Divulgada no PNCP;generico;0.0;0.0;;;False;;;False;P08;educativo;Apontador de lapis;8214.10.00
10820882000195-1-000006/2026;7;Papel cartolina;M;150.0;Folha;folha;1.0;unidade original ja comparavel (sem conversao);0.94;141.0;0;4;Deserto;0;;;;2026-02-24T07:07:45;2026-03-06T09:00:07;ACEITO;P15;educativo;casou regra de identidade do produto P15;v2;sem_registros;"{""numeroItem"": 7, ""descricao"": ""Papel cartolina"", ""materialOuServico"": ""M"", ""materialOuServicoNome"": ""Material"", ""valorUnitarioEstimado"": 0.94, ""valorTotal"": 141.0, ""quantidade"": 150.0, ""unidadeMedida"": ""Folha"", ""orcamentoSigiloso"": false, ""itemCategoriaId"": 3, ""itemCategoriaNome"": ""Não se aplica"", ""patrimonio"": null, ""codigoRegistroImobiliario"": null, ""criterioJulgamentoId"": 1, ""criterioJulgamentoNome"": ""Menor preço"", ""situacaoCompraItem"": 4, ""situacaoCompraItemNome"": ""Deserto"", ""tipoBeneficio"": 1, ""tipoBeneficioNome"": ""Participação exclusiva para ME/EPP"", ""incentivoProdutivoBasico"": false, ""dataInclusao"": ""2026-02-24T07:07:45"", ""dataAtualizacao"": ""2026-03-06T09:00:07"", ""temResultado"": false, ""imagem"": 0, ""aplicabilidadeMargemPreferenciaNormal"": false, ""aplicabilidadeMargemPreferenciaAdicional"": false, ""percentualMargemPreferenciaNormal"": null, ""percentualMargemPreferenciaAdicional"": null, ""ncmNbsCodigo"": null, ""ncmNbsDescricao"": null, ""catalogo"": null, ""categoriaItemCatalogo"": null, ""catalogoCodigoItem"": null, ""informacaoComplementar"": null, ""tipoMargemPreferencia"": null, ""exigenciaConteudoNacional"": false}";2026-09-12T19:24:38.316268;10820882000195;INSTITUTO FEDERAL DE EDUCACAO, CIENCIA E TECNOLOGIA DO AMAPA;federal;F;158150;INST.FED.DE EDUC.,CIENC.E TEC.DO AMAPA;Macapá;AP;6;Pregão - Eletrônico;1;2026-02-24T07:07:45;2026-02-24T09:00:00;2026-03-06T09:00:00;1;Divulgada no PNCP;generico;0.0;0.0;;;False;;;False;P15;educativo;Cartolina;4802.58.99
10820882000195-1-000006/2026;8;Papel cartolina;M;100.0;Unidade;unidade;1.0;unidade original ja comparavel (sem conversao);1.2;120.0;0;4;Deserto;0;;;;2026-02-24T07:07:45;2026-03-06T09:00:07;ACEITO;P15;educativo;casou regra de identidade do produto P15;v2;sem_registros;"{""numeroItem"": 8, ""descricao"": ""Papel cartolina"", ""materialOuServico"": ""M"", ""materialOuServicoNome"": ""Material"", ""valorUnitarioEstimado"": 1.2, ""valorTotal"": 120.0, ""quantidade"": 100.0, ""unidadeMedida"": ""Unidade"", ""orcamentoSigiloso"": false, ""itemCategoriaId"": 3, ""itemCategoriaNome"": ""Não se aplica"", ""patrimonio"": null, ""codigoRegistroImobiliario"": null, ""criterioJulgamentoId"": 1, ""criterioJulgamentoNome"": ""Menor preço"", ""situacaoCompraItem"": 4, ""situacaoCompraItemNome"": ""Deserto"", ""tipoBeneficio"": 1, ""tipoBeneficioNome"": ""Participação exclusiva para ME/EPP"", ""incentivoProdutivoBasico"": false, ""dataInclusao"": ""2026-02-24T07:07:45"", ""dataAtualizacao"": ""2026-03-06T09:00:07"", ""temResultado"": false, ""imagem"": 0, ""aplicabilidadeMargemPreferenciaNormal"": false, ""aplicabilidadeMargemPreferenciaAdicional"": false, ""percentualMargemPreferenciaNormal"": null, ""percentualMargemPreferenciaAdicional"": null, ""ncmNbsCodigo"": null, ""ncmNbsDescricao"": null, ""catalogo"": null, ""categoriaItemCatalogo"": null, ""catalogoCodigoItem"": null, ""informacaoComplementar"": null, ""tipoMargemPreferencia"": null, ""exigenciaConteudoNacional"": false}";2026-09-12T19:24:38.316268;10820882000195;INSTITUTO FEDERAL DE EDUCACAO, CIENCIA E TECNOLOGIA DO AMAPA;federal;F;158150;INST.FED.DE EDUC.,CIENC.E TEC.DO AMAPA;Macapá;AP;6;Pregão - Eletrônico;1;2026-02-24T07:07:45;2026-02-24T09:00:00;2026-03-06T09:00:00;1;Divulgada no PNCP;generico;0.0;0.0;;;False;;;False;P15;educativo;Cartolina;4802.58.99
10820882000195-1-000006/2026;9;Papel cartolina;M;150.0;Unidade;unidade;1.0;unidade original ja comparavel (sem conversao);0.9;135.0;0;4;Deserto;0;;;;2026-02-24T07:07:45;2026-03-06T09:00:07;ACEITO;P15;educativo;casou regra de identidade do produto P15;v2;sem_registros;"{""numeroItem"": 9, ""descricao"": ""Papel cartolina"", ""materialOuServico"": ""M"", ""materialOuServicoNome"": ""Material"", ""valorUnitarioEstimado"": 0.9, ""valorTotal"": 135.0, ""quantidade"": 150.0, ""unidadeMedida"": ""Unidade"", ""orcamentoSigiloso"": false, ""itemCategoriaId"": 3, ""itemCategoriaNome"": ""Não se aplica"", ""patrimonio"": null, ""codigoRegistroImobiliario"": null, ""criterioJulgamentoId"": 1, ""criterioJulgamentoNome"": ""Menor preço"", ""situacaoCompraItem"": 4, ""situacaoCompraItemNome"": ""Deserto"", ""tipoBeneficio"": 1, ""tipoBeneficioNome"": ""Participação exclusiva para ME/EPP"", ""incentivoProdutivoBasico"": false, ""dataInclusao"": ""2026-02-24T07:07:45"", ""dataAtualizacao"": ""2026-03-06T09:00:07"", ""temResultado"": false, ""imagem"": 0, ""aplicabilidadeMargemPreferenciaNormal"": false, ""aplicabilidadeMargemPreferenciaAdicional"": false, ""percentualMargemPreferenciaNormal"": null, ""percentualMargemPreferenciaAdicional"": null, ""ncmNbsCodigo"": null, ""ncmNbsDescricao"": null, ""catalogo"": null, ""categoriaItemCatalogo"": null, ""catalogoCodigoItem"": null, ""informacaoComplementar"": null, ""tipoMargemPreferencia"": null, ""exigenciaConteudoNacional"": false}";2026-09-12T19:24:38.317275;10820882000195;INSTITUTO FEDERAL DE EDUCACAO, CIENCIA E TECNOLOGIA DO AMAPA;federal;F;158150;INST.FED.DE EDUC.,CIENC.E TEC.DO AMAPA;Macapá;AP;6;Pregão - Eletrônico;1;2026-02-24T07:07:45;2026-02-24T09:00:00;2026-03-06T09:00:00;1;Divulgada no PNCP;generico;0.0;0.0;;;False;;;False;P15;educativo;Cartolina;4802.58.99
55515312000120-1-000008/2026;9;"CONE DE SINALIZAÇÃO - Tipo: Confeccionado em PVC flexível ou PEAD; Altura: 75 cm; Base: quadrada 40 cm; Cor: laranja fluorescente; Características adicionais: duas faixas refletivas brancas/prateadas; Material: PVC flexível.";M;923.0;Ind 1 un;Ind 1 un;;"unidade nao reconhecida no dicionario; preservada como original";92.15;85054.45;0;3;Anulado/Revogado/Cancelado;0;;;;2026-03-06T11:47:28;2026-07-09T09:02:45;ACEITO;E10;esportivo;casou regra de identidade do produto E10;v2;sem_registros;"{""numeroItem"": 9, ""descricao"": ""CONE DE SINALIZAÇÃO - Tipo: Confeccionado em PVC flexível ou PEAD; Altura: 75 cm; Base: quadrada 40 cm; Cor: laranja fluorescente; Características adicionais: duas faixas refletivas brancas/prateadas; Material: PVC flexível."", ""materialOuServico"": ""M"", ""materialOuServicoNome"": ""Material"", ""valorUnitarioEstimado"": 92.15, ""valorTotal"": 85054.45, ""quantidade"": 923.0, ""unidadeMedida"": ""Ind 1 un"", ""orcamentoSigiloso"": false, ""itemCategoriaId"": 3, ""itemCategoriaNome"": ""Não se aplica"", ""patrimonio"": null, ""codigoRegistroImobiliario"": null, ""criterioJulgamentoId"": 1, ""criterioJulgamentoNome"": ""Menor preço"", ""situacaoCompraItem"": 3, ""situacaoCompraItemNome"": ""Anulado/Revogado/Cancelado"", ""tipoBeneficio"": 5, ""tipoBeneficioNome"": ""Não se aplica"", ""incentivoProdutivoBasico"": false, ""dataInclusao"": ""2026-03-06T11:47:28"", ""dataAtualizacao"": ""2026-07-09T09:02:45"", ""temResultado"": false, ""imagem"": 0, ""aplicabilidadeMargemPreferenciaNormal"": false, ""aplicabilidadeMargemPreferenciaAdicional"": false, ""percentualMargemPreferenciaNormal"": null, ""percentualMargemPreferenciaAdicional"": null, ""ncmNbsCodigo"": null, ""ncmNbsDescricao"": null, ""catalogo"": null, ""categoriaItemCatalogo"": null, ""catalogoCodigoItem"": null, ""informacaoComplementar"": null, ""tipoMargemPreferencia"": null, ""exigenciaConteudoNacional"": false}";2026-09-12T19:24:56.208063;55515312000120;SECRETARIA DE ESTADO DE COMPRAS E LICITACOES DO AMAPA;estadual;E;932875;EAP-SECRETARIA EST. DE COMPRAS E LICITACOES;Macapá;AP;6;Pregão - Eletrônico;1;2026-03-06T11:47:28;2026-03-16T14:30:00;2026-04-01T08:29:00;3;Anulada;generico;0.0;0.0;;;False;;;False;E10;esportivo;Cone esportivo de sinalizacao;3926.90.90
10820882000195-1-000013/2026;1;Bola basquetebol;M;32.0;Unidade;unidade;1.0;unidade original ja comparavel (sem conversao);197.91;6333.12;0;2;Homologado;1;;;;2026-04-14T07:09:33;2026-07-16T10:34:37;ACEITO;E04;esportivo;casou regra de identidade do produto E04;v2;ok;"{""numeroItem"": 1, ""descricao"": ""Bola basquetebol"", ""materialOuServico"": ""M"", ""materialOuServicoNome"": ""Material"", ""valorUnitarioEstimado"": 197.91, ""valorTotal"": 6333.12, ""quantidade"": 32.0, ""unidadeMedida"": ""Unidade"", ""orcamentoSigiloso"": false, ""itemCategoriaId"": 3, ""itemCategoriaNome"": ""Não se aplica"", ""patrimonio"": null, ""codigoRegistroImobiliario"": null, ""criterioJulgamentoId"": 1, ""criterioJulgamentoNome"": ""Menor preço"", ""situacaoCompraItem"": 2, ""situacaoCompraItemNome"": ""Homologado"", ""tipoBeneficio"": 1, ""tipoBeneficioNome"": ""Participação exclusiva para ME/EPP"", ""incentivoProdutivoBasico"": false, ""dataInclusao"": ""2026-04-14T07:09:33"", ""dataAtualizacao"": ""2026-07-16T10:34:37"", ""temResultado"": true, ""imagem"": 0, ""aplicabilidadeMargemPreferenciaNormal"": false, ""aplicabilidadeMargemPreferenciaAdicional"": false, ""percentualMargemPreferenciaNormal"": null, ""percentualMargemPreferenciaAdicional"": null, ""ncmNbsCodigo"": null, ""ncmNbsDescricao"": null, ""catalogo"": null, ""categoriaItemCatalogo"": null, ""catalogoCodigoItem"": null, ""informacaoComplementar"": null, ""tipoMargemPreferencia"": null, ""exigenciaConteudoNacional"": false}";2026-09-12T19:25:59.324507;10820882000195;INSTITUTO FEDERAL DE EDUCACAO, CIENCIA E TECNOLOGIA DO AMAPA;federal;F;158150;INST.FED.DE EDUC.,CIENC.E TEC.DO AMAPA;Macapá;AP;6;Pregão - Eletrônico;1;2026-04-14T07:09:33;2026-04-14T09:00:00;2026-04-28T09:00:00;1;Divulgada no PNCP;generico;32.0;6076.8;1.0;1.0;False;6333.12;4.047294224647557;False;E04;esportivo;Bola de basquete;9506.62.00
10820882000195-1-000013/2026;2;Bola basquetebol;M;2.0;Unidade;unidade;1.0;unidade original ja comparavel (sem conversao);193.19;386.38;0;2;Homologado;1;;;;2026-04-14T07:09:33;2026-07-16T10:34:37;ACEITO;E04;esportivo;casou regra de identidade do produto E04;v2;ok;"{""numeroItem"": 2, ""descricao"": ""Bola basquetebol"", ""materialOuServico"": ""M"", ""materialOuServicoNome"": ""Material"", ""valorUnitarioEstimado"": 193.19, ""valorTotal"": 386.38, ""quantidade"": 2.0, ""unidadeMedida"": ""Unidade"", ""orcamentoSigiloso"": false, ""itemCategoriaId"": 3, ""itemCategoriaNome"": ""Não se aplica"", ""patrimonio"": null, ""codigoRegistroImobiliario"": null, ""criterioJulgamentoId"": 1, ""criterioJulgamentoNome"": ""Menor preço"", ""situacaoCompraItem"": 2, ""situacaoCompraItemNome"": ""Homologado"", ""tipoBeneficio"": 1, ""tipoBeneficioNome"": ""Participação exclusiva para ME/EPP"", ""incentivoProdutivoBasico"": false, ""dataInclusao"": ""2026-04-14T07:09:33"", ""dataAtualizacao"": ""2026-07-16T10:34:37"", ""temResultado"": true, ""imagem"": 0, ""aplicabilidadeMargemPreferenciaNormal"": false, ""aplicabilidadeMargemPreferenciaAdicional"": false, ""percentualMargemPreferenciaNormal"": null, ""percentualMargemPreferenciaAdicional"": null, ""ncmNbsCodigo"": null, ""ncmNbsDescricao"": null, ""catalogo"": null, ""categoriaItemCatalogo"": null, ""catalogoCodigoItem"": null, ""informacaoComplementar"": null, ""tipoMargemPreferencia"": null, ""exigenciaConteudoNacional"": false}";2026-09-12T19:25:59.325041;10820882000195;INSTITUTO FEDERAL DE EDUCACAO, CIENCIA E TECNOLOGIA DO AMAPA;federal;F;158150;INST.FED.DE EDUC.,CIENC.E TEC.DO AMAPA;Macapá;AP;6;Pregão - Eletrônico;1;2026-04-14T07:09:33;2026-04-14T09:00:00;2026-04-28T09:00:00;1;Divulgada no PNCP;generico;2.0;249.22;1.0;1.0;False;386.38;35.498731818417106;False;E04;esportivo;Bola de basquete;9506.62.00
10820882000195-1-000013/2026;3;Bola futebol;M;2.0;Unidade;unidade;1.0;unidade original ja comparavel (sem conversao);158.91;317.82;0;2;Homologado;1;;;;2026-04-14T07:09:33;2026-07-16T10:34:37;ACEITO;E01;esportivo;casou regra de identidade do produto E01;v2;nao_consultado;"{""numeroItem"": 3, ""descricao"": ""Bola futebol"", ""materialOuServico"": ""M"", ""materialOuServicoNome"": ""Material"", ""valorUnitarioEstimado"": 158.91, ""valorTotal"": 317.82, ""quantidade"": 2.0, ""unidadeMedida"": ""Unidade"", ""orcamentoSigiloso"": false, ""itemCategoriaId"": 3, ""itemCategoriaNome"": ""Não se aplica"", ""patrimonio"": null, ""codigoRegistroImobiliario"": null, ""criterioJulgamentoId"": 1, ""criterioJulgamentoNome"": ""Menor preço"", ""situacaoCompraItem"": 2, ""situacaoCompraItemNome"": ""Homologado"", ""tipoBeneficio"": 1, ""tipoBeneficioNome"": ""Participação exclusiva para ME/EPP"", ""incentivoProdutivoBasico"": false, ""dataInclusao"": ""2026-04-14T07:09:33"", ""dataAtualizacao"": ""2026-07-16T10:34:37"", ""temResultado"": true, ""imagem"": 0, ""aplicabilidadeMargemPreferenciaNormal"": false, ""aplicabilidadeMargemPreferenciaAdicional"": false, ""percentualMargemPreferenciaNormal"": null, ""percentualMargemPreferenciaAdicional"": null, ""ncmNbsCodigo"": null, ""ncmNbsDescricao"": null, ""catalogo"": null, ""categoriaItemCatalogo"": null, ""catalogoCodigoItem"": null, ""informacaoComplementar"": null, ""tipoMargemPreferencia"": null, ""exigenciaConteudoNacional"": false}";2026-09-12T19:25:59.325041;10820882000195;INSTITUTO FEDERAL DE EDUCACAO, CIENCIA E TECNOLOGIA DO AMAPA;federal;F;158150;INST.FED.DE EDUC.,CIENC.E TEC.DO AMAPA;Macapá;AP;6;Pregão - Eletrônico;1;2026-04-14T07:09:33;2026-04-14T09:00:00;2026-04-28T09:00:00;1;Divulgada no PNCP;generico;0.0;0.0;;;False;;;False;E01;esportivo;Bola de futebol de campo;9506.62.00
10820882000195-1-000013/2026;4;Bola futebol;M;9.0;Unidade;unidade;1.0;unidade original ja comparavel (sem conversao);161.22;1450.98;0;2;Homologado;1;;;;2026-04-14T07:09:33;2026-07-16T10:33:34;ACEITO;E01;esportivo;casou regra de identidade do produto E01;v2;nao_consultado;"{""numeroItem"": 4, ""descricao"": ""Bola futebol"", ""materialOuServico"": ""M"", ""materialOuServicoNome"": ""Material"", ""valorUnitarioEstimado"": 161.22, ""valorTotal"": 1450.98, ""quantidade"": 9.0, ""unidadeMedida"": ""Unidade"", ""orcamentoSigiloso"": false, ""itemCategoriaId"": 3, ""itemCategoriaNome"": ""Não se aplica"", ""patrimonio"": null, ""codigoRegistroImobiliario"": null, ""criterioJulgamentoId"": 1, ""criterioJulgamentoNome"": ""Menor preço"", ""situacaoCompraItem"": 2, ""situacaoCompraItemNome"": ""Homologado"", ""tipoBeneficio"": 1, ""tipoBeneficioNome"": ""Participação exclusiva para ME/EPP"", ""incentivoProdutivoBasico"": false, ""dataInclusao"": ""2026-04-14T07:09:33"", ""dataAtualizacao"": ""2026-07-16T10:33:34"", ""temResultado"": true, ""imagem"": 0, ""aplicabilidadeMargemPreferenciaNormal"": false, ""aplicabilidadeMargemPreferenciaAdicional"": false, ""percentualMargemPreferenciaNormal"": null, ""percentualMargemPreferenciaAdicional"": null, ""ncmNbsCodigo"": null, ""ncmNbsDescricao"": null, ""catalogo"": null, ""categoriaItemCatalogo"": null, ""catalogoCodigoItem"": null, ""informacaoComplementar"": null, ""tipoMargemPreferencia"": null, ""exigenciaConteudoNacional"": false}";2026-09-12T19:25:59.325041;10820882000195;INSTITUTO FEDERAL DE EDUCACAO, CIENCIA E TECNOLOGIA DO AMAPA;federal;F;158150;INST.FED.DE EDUC.,CIENC.E TEC.DO AMAPA;Macapá;AP;6;Pregão - Eletrônico;1;2026-04-14T07:09:33;2026-04-14T09:00:00;2026-04-28T09:00:00;1;Divulgada no PNCP;generico;0.0;0.0;;;False;;;False;E01;esportivo;Bola de futebol de campo;9506.62.00
10820882000195-1-000013/2026;5;Bola futsal;M;44.0;Unidade;unidade;1.0;unidade original ja comparavel (sem conversao);216.95;9545.8;0;2;Homologado;1;;;;2026-04-14T07:09:33;2026-07-16T10:34:37;ACEITO;E02;esportivo;casou regra de identidade do produto E02;v2;ok;"{""numeroItem"": 5, ""descricao"": ""Bola futsal"", ""materialOuServico"": ""M"", ""materialOuServicoNome"": ""Material"", ""valorUnitarioEstimado"": 216.95, ""valorTotal"": 9545.8, ""quantidade"": 44.0, ""unidadeMedida"": ""Unidade"", ""orcamentoSigiloso"": false, ""itemCategoriaId"": 3, ""itemCategoriaNome"": ""Não se aplica"", ""patrimonio"": null, ""codigoRegistroImobiliario"": null, ""criterioJulgamentoId"": 1, ""criterioJulgamentoNome"": ""Menor preço"", ""situacaoCompraItem"": 2, ""situacaoCompraItemNome"": ""Homologado"", ""tipoBeneficio"": 1, ""tipoBeneficioNome"": ""Participação exclusiva para ME/EPP"", ""incentivoProdutivoBasico"": false, ""dataInclusao"": ""2026-04-14T07:09:33"", ""dataAtualizacao"": ""2026-07-16T10:34:37"", ""temResultado"": true, ""imagem"": 0, ""aplicabilidadeMargemPreferenciaNormal"": false, ""aplicabilidadeMargemPreferenciaAdicional"": false, ""percentualMargemPreferenciaNormal"": null, ""percentualMargemPreferenciaAdicional"": null, ""ncmNbsCodigo"": null, ""ncmNbsDescricao"": null, ""catalogo"": null, ""categoriaItemCatalogo"": null, ""catalogoCodigoItem"": null, ""informacaoComplementar"": null, ""tipoMargemPreferencia"": null, ""exigenciaConteudoNacional"": false}";2026-09-12T19:25:59.325041;10820882000195;INSTITUTO FEDERAL DE EDUCACAO, CIENCIA E TECNOLOGIA DO AMAPA;federal;F;158150;INST.FED.DE EDUC.,CIENC.E TEC.DO AMAPA;Macapá;AP;6;Pregão - Eletrônico;1;2026-04-14T07:09:33;2026-04-14T09:00:00;2026-04-28T09:00:00;1;Divulgada no PNCP;futsal;44.0;9449.44;1.0;1.0;False;9545.8;1.0094491818391171;False;E02;esportivo;Bola de futsal;9506.62.00
10820882000195-1-000013/2026;6;Bola handebol;M;3.0;Unidade;unidade;1.0;unidade original ja comparavel (sem conversao);147.41;442.23;0;2;Homologado;1;;;;2026-04-14T07:09:33;2026-07-16T10:34:37;ACEITO;E05;esportivo;casou regra de identidade do produto E05;v2;ok;"{""numeroItem"": 6, ""descricao"": ""Bola handebol"", ""materialOuServico"": ""M"", ""materialOuServicoNome"": ""Material"", ""valorUnitarioEstimado"": 147.41, ""valorTotal"": 442.23, ""quantidade"": 3.0, ""unidadeMedida"": ""Unidade"", ""orcamentoSigiloso"": false, ""itemCategoriaId"": 3, ""itemCategoriaNome"": ""Não se aplica"", ""patrimonio"": null, ""codigoRegistroImobiliario"": null, ""criterioJulgamentoId"": 1, ""criterioJulgamentoNome"": ""Menor preço"", ""situacaoCompraItem"": 2, ""situacaoCompraItemNome"": ""Homologado"", ""tipoBeneficio"": 1, ""tipoBeneficioNome"": ""Participação exclusiva para ME/EPP"", ""incentivoProdutivoBasico"": false, ""dataInclusao"": ""2026-04-14T07:09:33"", ""dataAtualizacao"": ""2026-07-16T10:34:37"", ""temResultado"": true, ""imagem"": 0, ""aplicabilidadeMargemPreferenciaNormal"": false, ""aplicabilidadeMargemPreferenciaAdicional"": false, ""percentualMargemPreferenciaNormal"": null, ""percentualMargemPreferenciaAdicional"": null, ""ncmNbsCodigo"": null, ""ncmNbsDescricao"": null, ""catalogo"": null, ""categoriaItemCatalogo"": null, ""catalogoCodigoItem"": null, ""informacaoComplementar"": null, ""tipoMargemPreferencia"": null, ""exigenciaConteudoNacional"": false}";2026-09-12T19:25:59.325586;10820882000195;INSTITUTO FEDERAL DE EDUCACAO, CIENCIA E TECNOLOGIA DO AMAPA;federal;F;158150;INST.FED.DE EDUC.,CIENC.E TEC.DO AMAPA;Macapá;AP;6;Pregão - Eletrônico;1;2026-04-14T07:09:33;2026-04-14T09:00:00;2026-04-28T09:00:00;1;Divulgada no PNCP;generico;3.0;442.23;1.0;1.0;False;442.23;0.0;False;E05;esportivo;Bola de handebol;9506.62.00
10820882000195-1-000013/2026;7;Bola handebol;M;3.0;Unidade;unidade;1.0;unidade original ja comparavel (sem conversao);147.33;441.99;0;2;Homologado;1;;;;2026-04-14T07:09:33;2026-07-16T10:34:37;ACEITO;E05;esportivo;casou regra de identidade do produto E05;v2;ok;"{""numeroItem"": 7, ""descricao"": ""Bola handebol"", ""materialOuServico"": ""M"", ""materialOuServicoNome"": ""Material"", ""valorUnitarioEstimado"": 147.33, ""valorTotal"": 441.99, ""quantidade"": 3.0, ""unidadeMedida"": ""Unidade"", ""orcamentoSigiloso"": false, ""itemCategoriaId"": 3, ""itemCategoriaNome"": ""Não se aplica"", ""patrimonio"": null, ""codigoRegistroImobiliario"": null, ""criterioJulgamentoId"": 1, ""criterioJulgamentoNome"": ""Menor preço"", ""situacaoCompraItem"": 2, ""situacaoCompraItemNome"": ""Homologado"", ""tipoBeneficio"": 1, ""tipoBeneficioNome"": ""Participação exclusiva para ME/EPP"", ""incentivoProdutivoBasico"": false, ""dataInclusao"": ""2026-04-14T07:09:33"", ""dataAtualizacao"": ""2026-07-16T10:34:37"", ""temResultado"": true, ""imagem"": 0, ""aplicabilidadeMargemPreferenciaNormal"": false, ""aplicabilidadeMargemPreferenciaAdicional"": false, ""percentualMargemPreferenciaNormal"": null, ""percentualMargemPreferenciaAdicional"": null, ""ncmNbsCodigo"": null, ""ncmNbsDescricao"": null, ""catalogo"": null, ""categoriaItemCatalogo"": null, ""catalogoCodigoItem"": null, ""informacaoComplementar"": null, ""tipoMargemPreferencia"": null, ""exigenciaConteudoNacional"": false}";2026-09-12T19:25:59.325586;10820882000195;INSTITUTO FEDERAL DE EDUCACAO, CIENCIA E TECNOLOGIA DO AMAPA;federal;F;158150;INST.FED.DE EDUC.,CIENC.E TEC.DO AMAPA;Macapá;AP;6;Pregão - Eletrônico;1;2026-04-14T07:09:33;2026-04-14T09:00:00;2026-04-28T09:00:00;1;Divulgada no PNCP;generico;3.0;441.99;1.0;1.0;False;441.99;0.0;False;E05;esportivo;Bola de handebol;9506.62.00
10820882000195-1-000013/2026;9;Bola voleibol;M;53.0;Unidade;unidade;1.0;unidade original ja comparavel (sem conversao);145.99;7737.47;0;2;Homologado;1;;;;2026-04-14T07:09:33;2026-07-16T10:34:37;ACEITO;E03;esportivo;casou regra de identidade do produto E03;v2;ok;"{""numeroItem"": 9, ""descricao"": ""Bola voleibol"", ""materialOuServico"": ""M"", ""materialOuServicoNome"": ""Material"", ""valorUnitarioEstimado"": 145.99, ""valorTotal"": 7737.47, ""quantidade"": 53.0, ""unidadeMedida"": ""Unidade"", ""orcamentoSigiloso"": false, ""itemCategoriaId"": 3, ""itemCategoriaNome"": ""Não se aplica"", ""patrimonio"": null, ""codigoRegistroImobiliario"": null, ""criterioJulgamentoId"": 1, ""criterioJulgamentoNome"": ""Menor preço"", ""situacaoCompraItem"": 2, ""situacaoCompraItemNome"": ""Homologado"", ""tipoBeneficio"": 1, ""tipoBeneficioNome"": ""Participação exclusiva para ME/EPP"", ""incentivoProdutivoBasico"": false, ""dataInclusao"": ""2026-04-14T07:09:33"", ""dataAtualizacao"": ""2026-07-16T10:34:37"", ""temResultado"": true, ""imagem"": 0, ""aplicabilidadeMargemPreferenciaNormal"": false, ""aplicabilidadeMargemPreferenciaAdicional"": false, ""percentualMargemPreferenciaNormal"": null, ""percentualMargemPreferenciaAdicional"": null, ""ncmNbsCodigo"": null, ""ncmNbsDescricao"": null, ""catalogo"": null, ""categoriaItemCatalogo"": null, ""catalogoCodigoItem"": null, ""informacaoComplementar"": null, ""tipoMargemPreferencia"": null, ""exigenciaConteudoNacional"": false}";2026-09-12T19:25:59.326101;10820882000195;INSTITUTO FEDERAL DE EDUCACAO, CIENCIA E TECNOLOGIA DO AMAPA;federal;F;158150;INST.FED.DE EDUC.,CIENC.E TEC.DO AMAPA;Macapá;AP;6;Pregão - Eletrônico;1;2026-04-14T07:09:33;2026-04-14T09:00:00;2026-04-28T09:00:00;1;Divulgada no PNCP;generico;53.0;6823.22;1.0;1.0;False;7737.47;11.815877799849305;False;E03;esportivo;Bola de volei;9506.62.00
10820882000195-1-000013/2026;10;Bola voleibol;M;40.0;Unidade;unidade;1.0;unidade original ja comparavel (sem conversao);142.78;5711.2;0;2;Homologado;1;;;;2026-04-14T07:09:33;2026-07-16T10:34:37;ACEITO;E03;esportivo;casou regra de identidade do produto E03;v2;ok;"{""numeroItem"": 10, ""descricao"": ""Bola voleibol"", ""materialOuServico"": ""M"", ""materialOuServicoNome"": ""Material"", ""valorUnitarioEstimado"": 142.78, ""valorTotal"": 5711.2, ""quantidade"": 40.0, ""unidadeMedida"": ""Unidade"", ""orcamentoSigiloso"": false, ""itemCategoriaId"": 3, ""itemCategoriaNome"": ""Não se aplica"", ""patrimonio"": null, ""codigoRegistroImobiliario"": null, ""criterioJulgamentoId"": 1, ""criterioJulgamentoNome"": ""Menor preço"", ""situacaoCompraItem"": 2, ""situacaoCompraItemNome"": ""Homologado"", ""tipoBeneficio"": 1, ""tipoBeneficioNome"": ""Participação exclusiva para ME/EPP"", ""incentivoProdutivoBasico"": false, ""dataInclusao"": ""2026-04-14T07:09:33"", ""dataAtualizacao"": ""2026-07-16T10:34:37"", ""temResultado"": true, ""imagem"": 0, ""aplicabilidadeMargemPreferenciaNormal"": false, ""aplicabilidadeMargemPreferenciaAdicional"": false, ""percentualMargemPreferenciaNormal"": null, ""percentualMargemPreferenciaAdicional"": null, ""ncmNbsCodigo"": null, ""ncmNbsDescricao"": null, ""catalogo"": null, ""categoriaItemCatalogo"": null, ""catalogoCodigoItem"": null, ""informacaoComplementar"": null, ""tipoMargemPreferencia"": null, ""exigenciaConteudoNacional"": false}";2026-09-12T19:25:59.326101;10820882000195;INSTITUTO FEDERAL DE EDUCACAO, CIENCIA E TECNOLOGIA DO AMAPA;federal;F;158150;INST.FED.DE EDUC.,CIENC.E TEC.DO AMAPA;Macapá;AP;6;Pregão - Eletrônico;1;2026-04-14T07:09:33;2026-04-14T09:00:00;2026-04-28T09:00:00;1;Divulgada no PNCP;generico;40.0;2080.0;1.0;1.0;False;5711.2;63.58033338002521;False;E03;esportivo;Bola de volei;9506.62.00
34870576000121-1-000037/2026;1;Caneta esferográfica;M;6000.0;Unidade;unidade;1.0;unidade original ja comparavel (sem conversao);0.79;4740.0;0;2;Homologado;1;;;;2026-04-15T07:09:27;2026-05-18T12:49:10;ACEITO;P06;educativo;casou regra de identidade do produto P06;v2;ok;"{""numeroItem"": 1, ""descricao"": ""Caneta esferográfica"", ""materialOuServico"": ""M"", ""materialOuServicoNome"": ""Material"", ""valorUnitarioEstimado"": 0.79, ""valorTotal"": 4740.0, ""quantidade"": 6000.0, ""unidadeMedida"": ""Unidade"", ""orcamentoSigiloso"": false, ""itemCategoriaId"": 3, ""itemCategoriaNome"": ""Não se aplica"", ""patrimonio"": null, ""codigoRegistroImobiliario"": null, ""criterioJulgamentoId"": 1, ""criterioJulgamentoNome"": ""Menor preço"", ""situacaoCompraItem"": 2, ""situacaoCompraItemNome"": ""Homologado"", ""tipoBeneficio"": 1, ""tipoBeneficioNome"": ""Participação exclusiva para ME/EPP"", ""incentivoProdutivoBasico"": false, ""dataInclusao"": ""2026-04-15T07:09:27"", ""dataAtualizacao"": ""2026-05-18T12:49:10"", ""temResultado"": true, ""imagem"": 0, ""aplicabilidadeMargemPreferenciaNormal"": false, ""aplicabilidadeMargemPreferenciaAdicional"": false, ""percentualMargemPreferenciaNormal"": null, ""percentualMargemPreferenciaAdicional"": null, ""ncmNbsCodigo"": null, ""ncmNbsDescricao"": null, ""catalogo"": null, ""categoriaItemCatalogo"": null, ""catalogoCodigoItem"": null, ""informacaoComplementar"": null, ""tipoMargemPreferencia"": null, ""exigenciaConteudoNacional"": false}";2026-09-12T19:26:04.712401;34870576000121;TRIBUNAL DE JUSTICA DO ESTADO DO AMAPA;estadual;E;925306;TRIBUNAL DE JUSTIÇA DO ESTADO DO AMAPÁ;Macapá;AP;6;Pregão - Eletrônico;1;2026-04-15T07:09:27;2026-04-15T08:00:00;2026-04-29T08:00:00;1;Divulgada no PNCP;generico;6000.0;3060.0;1.0;1.0;False;4740.0;35.44303797468354;False;P06;educativo;Caneta esferografica azul/preta/vermelha;9608.10.00
34925214000190-1-000009/2026;60001;"Colchonete de lâmina de espuma flexível de poliuretano para uso infantil, certificado pelo INMETRO e em conformidade com a norma ABNT NBR 13579-1 Dimensões: · Comprimento: 185cm; Largura: 65cm; Espessura: 05cm. Características: · Revestimento em material têxtil plastificado, atóxico, ref. CORINO, na cor AZUL REAL, impermeável, com acabamento em costura simples e acabamento em cadarço impermeável; Espuma com densidade nominal Kg/m³: D-20. Norma ABNT NBR 8537.";M;150.0;UNIDADE;unidade;1.0;unidade original ja comparavel (sem conversao);150.66;22599.0;0;2;Homologado;1;;;;2026-05-14T11:44:40;2026-06-05T23:28:42;ACEITO;E15;esportivo;casou regra de identidade do produto E15;v2;ok;"{""numeroItem"": 60001, ""descricao"": ""Colchonete de lâmina de espuma flexível de poliuretano para uso infantil, certificado pelo INMETRO e em conformidade com a norma ABNT NBR 13579-1 Dimensões: · Comprimento: 185cm; Largura: 65cm; Espessura: 05cm. Características: · Revestimento em material têxtil plastificado, \u001catóxico\u001d, ref. \u001cCORINO\u001d, na cor AZUL REAL, impermeável, com acabamento em costura simples e acabamento em cadarço impermeável; Espuma com densidade nominal Kg/m³: D-20. Norma ABNT NBR 8537."", ""materialOuServico"": ""M"", ""materialOuServicoNome"": ""Material"", ""valorUnitarioEstimado"": 150.66, ""valorTotal"": 22599.0, ""quantidade"": 150.0, ""unidadeMedida"": ""UNIDADE"", ""orcamentoSigiloso"": false, ""itemCategoriaId"": 3, ""itemCategoriaNome"": ""Não se aplica"", ""patrimonio"": null, ""codigoRegistroImobiliario"": null, ""criterioJulgamentoId"": 1, ""criterioJulgamentoNome"": ""Menor preço"", ""situacaoCompraItem"": 2, ""situacaoCompraItemNome"": ""Homologado"", ""tipoBeneficio"": 1, ""tipoBeneficioNome"": ""Participação exclusiva para ME/EPP"", ""incentivoProdutivoBasico"": false, ""dataInclusao"": ""2026-05-14T11:44:40"", ""dataAtualizacao"": ""2026-06-05T23:28:42"", ""temResultado"": true, ""imagem"": 0, ""aplicabilidadeMargemPreferenciaNormal"": false, ""aplicabilidadeMargemPreferenciaAdicional"": false, ""percentualMargemPreferenciaNormal"": null, ""percentualMargemPreferenciaAdicional"": null, ""ncmNbsCodigo"": null, ""ncmNbsDescricao"": null, ""catalogo"": null, ""categoriaItemCatalogo"": null, ""catalogoCodigoItem"": null, ""informacaoComplementar"": null, ""tipoMargemPreferencia"": null, ""exigenciaConteudoNacional"": false}";2026-09-12T19:26:45.454678;34925214000190;MUNICIPIO DE ITAUBAL;municipal;M;000000001;PREFEITURA;Itaubal;AP;6;Pregão - Eletrônico;1;2026-05-14T11:44:40;2026-04-30T08:00:00;2026-05-14T10:00:00;1;Divulgada no PNCP;infantil|esp05cm;150.0;20919.0;1.0;1.0;False;22599.0;7.433957254745782;False;E15;esportivo;Colchonete de ginastica;3921.19.00
34925198000136-1-000008/2026;7751643;APONTADOR  apontador lápis, material: plástico, tipo: mesa, tamanho: conforme modelo do órgão, quantidade furos: 1, características adicionais: com depósito, lâmina aço inoxidável.;M;4514.0;UN;unidade;1.0;unidade original ja comparavel (sem conversao);0.82;3701.48;0;1;Em andamento;0;;;;2026-07-20T09:44:42;2026-07-20T09:44:42;ACEITO;P08;educativo;casou regra de identidade do produto P08;v2;nao_consultado;"{""numeroItem"": 7751643, ""descricao"": ""APONTADOR  apontador lápis, material: plástico, tipo: mesa, tamanho: conforme modelo do órgão, quantidade furos: 1, características adicionais: com depósito, lâmina aço inoxidável."", ""materialOuServico"": ""M"", ""materialOuServicoNome"": ""Material"", ""valorUnitarioEstimado"": 0.82, ""valorTotal"": 3701.48, ""quantidade"": 4514.0, ""unidadeMedida"": ""UN"", ""orcamentoSigiloso"": false, ""itemCategoriaId"": 3, ""itemCategoriaNome"": ""Não se aplica"", ""patrimonio"": null, ""codigoRegistroImobiliario"": null, ""criterioJulgamentoId"": 1, ""criterioJulgamentoNome"": ""Menor preço"", ""situacaoCompraItem"": 1, ""situacaoCompraItemNome"": ""Em andamento"", ""tipoBeneficio"": 4, ""tipoBeneficioNome"": ""Sem benefício"", ""incentivoProdutivoBasico"": false, ""dataInclusao"": ""2026-07-20T09:44:42"", ""dataAtualizacao"": ""2026-07-20T09:44:42"", ""temResultado"": false, ""imagem"": 0, ""aplicabilidadeMargemPreferenciaNormal"": false, ""aplicabilidadeMargemPreferenciaAdicional"": false, ""percentualMargemPreferenciaNormal"": null, ""percentualMargemPreferenciaAdicional"": null, ""ncmNbsCodigo"": null, ""ncmNbsDescricao"": null, ""catalogo"": null, ""categoriaItemCatalogo"": null, ""catalogoCodigoItem"": null, ""informacaoComplementar"": null, ""tipoMargemPreferencia"": null, ""exigenciaConteudoNacional"": false}";2026-09-12T19:28:09.865195;34925198000136;MUNICIPIO DE CUTIAS;municipal;M;3294;MUNICÍPIO DE CUTIAS/AP;Cutias;AP;6;Pregão - Eletrônico;0;2026-07-20T09:44:42;2026-07-20T09:44:37;2026-08-06T09:30:00;1;Divulgada no PNCP;generico;0.0;0.0;;;False;;;False;P08;educativo;Apontador de lapis;8214.10.00
34925198000136-1-000008/2026;7751644;BORRACHA  Borracha escolar grande atóxica 56x 33x 11 mm com capa protetora.;M;4496.0;UN;unidade;1.0;unidade original ja comparavel (sem conversao);0.68;3057.28;0;1;Em andamento;0;;;;2026-07-20T09:44:42;2026-07-20T09:44:42;ACEITO;P07;educativo;casou regra de identidade do produto P07;v2;sem_registros;"{""numeroItem"": 7751644, ""descricao"": ""BORRACHA  Borracha escolar grande atóxica 56x 33x 11 mm com capa protetora."", ""materialOuServico"": ""M"", ""materialOuServicoNome"": ""Material"", ""valorUnitarioEstimado"": 0.68, ""valorTotal"": 3057.28, ""quantidade"": 4496.0, ""unidadeMedida"": ""UN"", ""orcamentoSigiloso"": false, ""itemCategoriaId"": 3, ""itemCategoriaNome"": ""Não se aplica"", ""patrimonio"": null, ""codigoRegistroImobiliario"": null, ""criterioJulgamentoId"": 1, ""criterioJulgamentoNome"": ""Menor preço"", ""situacaoCompraItem"": 1, ""situacaoCompraItemNome"": ""Em andamento"", ""tipoBeneficio"": 4, ""tipoBeneficioNome"": ""Sem benefício"", ""incentivoProdutivoBasico"": false, ""dataInclusao"": ""2026-07-20T09:44:42"", ""dataAtualizacao"": ""2026-07-20T09:44:42"", ""temResultado"": false, ""imagem"": 0, ""aplicabilidadeMargemPreferenciaNormal"": false, ""aplicabilidadeMargemPreferenciaAdicional"": false, ""percentualMargemPreferenciaNormal"": null, ""percentualMargemPreferenciaAdicional"": null, ""ncmNbsCodigo"": null, ""ncmNbsDescricao"": null, ""catalogo"": null, ""categoriaItemCatalogo"": null, ""catalogoCodigoItem"": null, ""informacaoComplementar"": null, ""tipoMargemPreferencia"": null, ""exigenciaConteudoNacional"": false}";2026-09-12T19:28:09.866206;34925198000136;MUNICIPIO DE CUTIAS;municipal;M;3294;MUNICÍPIO DE CUTIAS/AP;Cutias;AP;6;Pregão - Eletrônico;0;2026-07-20T09:44:42;2026-07-20T09:44:37;2026-08-06T09:30:00;1;Divulgada no PNCP;generico;0.0;0.0;;;False;;;False;P07;educativo;Borracha escolar;4016.92.00
34925198000136-1-000008/2026;7751645;CADERNO BROCHURÃO  caderno brochurão com 80 folhas (capa mole).;M;3604.0;UN;unidade;1.0;unidade original ja comparavel (sem conversao);4.94;17803.76;0;1;Em andamento;0;;;;2026-07-20T09:44:42;2026-07-20T09:44:42;ACEITO;P03;educativo;casou regra de identidade do produto P03;v2;sem_registros;"{""numeroItem"": 7751645, ""descricao"": ""CADERNO BROCHURÃO  caderno brochurão com 80 folhas (capa mole)."", ""materialOuServico"": ""M"", ""materialOuServicoNome"": ""Material"", ""valorUnitarioEstimado"": 4.94, ""valorTotal"": 17803.76, ""quantidade"": 3604.0, ""unidadeMedida"": ""UN"", ""orcamentoSigiloso"": false, ""itemCategoriaId"": 3, ""itemCategoriaNome"": ""Não se aplica"", ""patrimonio"": null, ""codigoRegistroImobiliario"": null, ""criterioJulgamentoId"": 1, ""criterioJulgamentoNome"": ""Menor preço"", ""situacaoCompraItem"": 1, ""situacaoCompraItemNome"": ""Em andamento"", ""tipoBeneficio"": 4, ""tipoBeneficioNome"": ""Sem benefício"", ""incentivoProdutivoBasico"": false, ""dataInclusao"": ""2026-07-20T09:44:42"", ""dataAtualizacao"": ""2026-07-20T09:44:42"", ""temResultado"": false, ""imagem"": 0, ""aplicabilidadeMargemPreferenciaNormal"": false, ""aplicabilidadeMargemPreferenciaAdicional"": false, ""percentualMargemPreferenciaNormal"": null, ""percentualMargemPreferenciaAdicional"": null, ""ncmNbsCodigo"": null, ""ncmNbsDescricao"": null, ""catalogo"": null, ""categoriaItemCatalogo"": null, ""catalogoCodigoItem"": null, ""informacaoComplementar"": null, ""tipoMargemPreferencia"": null, ""exigenciaConteudoNacional"": false}";2026-09-12T19:28:09.866206;34925198000136;MUNICIPIO DE CUTIAS;municipal;M;3294;MUNICÍPIO DE CUTIAS/AP;Cutias;AP;6;Pregão - Eletrônico;0;2026-07-20T09:44:42;2026-07-20T09:44:37;2026-08-06T09:30:00;1;Divulgada no PNCP;generico;0.0;0.0;;;False;;;False;P03;educativo;Caderno brochura/brochurao;4820.20.00
34925198000136-1-000008/2026;7751647;CADERNO Universitário  Universitario, capa e contracapa dura personalizadas, 200 folhas, espiralado, embalagem 1.0 unidade.;M;3604.0;UN;unidade;1.0;unidade original ja comparavel (sem conversao);18.79;67719.16;0;1;Em andamento;0;;;;2026-07-20T09:44:42;2026-07-20T09:44:42;ACEITO;P02;educativo;casou regra de identidade do produto P02;v2;sem_registros;"{""numeroItem"": 7751647, ""descricao"": ""CADERNO Universitário  Universitario, capa e contracapa dura personalizadas, 200 folhas, espiralado, embalagem 1.0 unidade."", ""materialOuServico"": ""M"", ""materialOuServicoNome"": ""Material"", ""valorUnitarioEstimado"": 18.79, ""valorTotal"": 67719.16, ""quantidade"": 3604.0, ""unidadeMedida"": ""UN"", ""orcamentoSigiloso"": false, ""itemCategoriaId"": 3, ""itemCategoriaNome"": ""Não se aplica"", ""patrimonio"": null, ""codigoRegistroImobiliario"": null, ""criterioJulgamentoId"": 1, ""criterioJulgamentoNome"": ""Menor preço"", ""situacaoCompraItem"": 1, ""situacaoCompraItemNome"": ""Em andamento"", ""tipoBeneficio"": 4, ""tipoBeneficioNome"": ""Sem benefício"", ""incentivoProdutivoBasico"": false, ""dataInclusao"": ""2026-07-20T09:44:42"", ""dataAtualizacao"": ""2026-07-20T09:44:42"", ""temResultado"": false, ""imagem"": 0, ""aplicabilidadeMargemPreferenciaNormal"": false, ""aplicabilidadeMargemPreferenciaAdicional"": false, ""percentualMargemPreferenciaNormal"": null, ""percentualMargemPreferenciaAdicional"": null, ""ncmNbsCodigo"": null, ""ncmNbsDescricao"": null, ""catalogo"": null, ""categoriaItemCatalogo"": null, ""catalogoCodigoItem"": null, ""informacaoComplementar"": null, ""tipoMargemPreferencia"": null, ""exigenciaConteudoNacional"": false}";2026-09-12T19:28:09.866206;34925198000136;MUNICIPIO DE CUTIAS;municipal;M;3294;MUNICÍPIO DE CUTIAS/AP;Cutias;AP;6;Pregão - Eletrônico;0;2026-07-20T09:44:42;2026-07-20T09:44:37;2026-08-06T09:30:00;1;Divulgada no PNCP;generico;0.0;0.0;;;False;;;False;P02;educativo;Caderno universitario, capa dura, 10+ materias;4820.20.00
34925198000136-1-000008/2026;7751648;CANETA ESFEROGRÁFICA  caneta esferográfica, material: plástico, quantidade cargas: 1 un, material ponta: latão com esfera de tungstênio, tipo escrita: media, cor tinta: vermelha, característica adicionais: material transparente e com orifício lateral.;M;16200.0;UN;unidade;1.0;unidade original ja comparavel (sem conversao);1.05;17010.0;0;1;Em andamento;0;;;;2026-07-20T09:44:42;2026-07-20T09:44:42;ACEITO;P06;educativo;casou regra de identidade do produto P06;v2;sem_registros;"{""numeroItem"": 7751648, ""descricao"": ""CANETA ESFEROGRÁFICA  caneta esferográfica, material: plástico, quantidade cargas: 1 un, material ponta: latão com esfera de tungstênio, tipo escrita: media, cor tinta: vermelha, característica adicionais: material transparente e com orifício lateral."", ""materialOuServico"": ""M"", ""materialOuServicoNome"": ""Material"", ""valorUnitarioEstimado"": 1.05, ""valorTotal"": 17010.0, ""quantidade"": 16200.0, ""unidadeMedida"": ""UN"", ""orcamentoSigiloso"": false, ""itemCategoriaId"": 3, ""itemCategoriaNome"": ""Não se aplica"", ""patrimonio"": null, ""codigoRegistroImobiliario"": null, ""criterioJulgamentoId"": 1, ""criterioJulgamentoNome"": ""Menor preço"", ""situacaoCompraItem"": 1, ""situacaoCompraItemNome"": ""Em andamento"", ""tipoBeneficio"": 4, ""tipoBeneficioNome"": ""Sem benefício"", ""incentivoProdutivoBasico"": false, ""dataInclusao"": ""2026-07-20T09:44:42"", ""dataAtualizacao"": ""2026-07-20T09:44:42"", ""temResultado"": false, ""imagem"": 0, ""aplicabilidadeMargemPreferenciaNormal"": false, ""aplicabilidadeMargemPreferenciaAdicional"": false, ""percentualMargemPreferenciaNormal"": null, ""percentualMargemPreferenciaAdicional"": null, ""ncmNbsCodigo"": null, ""ncmNbsDescricao"": null, ""catalogo"": null, ""categoriaItemCatalogo"": null, ""catalogoCodigoItem"": null, ""informacaoComplementar"": null, ""tipoMargemPreferencia"": null, ""exigenciaConteudoNacional"": false}";2026-09-12T19:28:09.866206;34925198000136;MUNICIPIO DE CUTIAS;municipal;M;3294;MUNICÍPIO DE CUTIAS/AP;Cutias;AP;6;Pregão - Eletrônico;0;2026-07-20T09:44:42;2026-07-20T09:44:37;2026-08-06T09:30:00;1;Divulgada no PNCP;generico;0.0;0.0;;;False;;;False;P06;educativo;Caneta esferografica azul/preta/vermelha;9608.10.00
11762144000100-1-000013/2026;6;CANETA ESFEROGRÁFICA COR TINTA: AZUL, MATERIAL: PLÁSTICO, MATERIAL PONTA: LATÃO COM ESFERA DE TUNGSTÊNIO, QUANTIDADE CARGAS: 1, TIPO ESCRITA: MÉDIA;M;100.0;Caixa 50 UN;Caixa 50 UN;;"unidade nao reconhecida no dicionario; preservada como original";59.87;5987.0;0;1;Em andamento;0;;;;2026-07-21T13:04:12;2026-07-21T13:14:39;ACEITO;P06;educativo;casou regra de identidade do produto P06;v2;sem_registros;"{""numeroItem"": 6, ""descricao"": ""CANETA ESFEROGRÁFICA COR TINTA: AZUL, MATERIAL: PLÁSTICO, MATERIAL PONTA: LATÃO COM ESFERA DE TUNGSTÊNIO, QUANTIDADE CARGAS: 1, TIPO ESCRITA: MÉDIA"", ""materialOuServico"": ""M"", ""materialOuServicoNome"": ""Material"", ""valorUnitarioEstimado"": 59.87, ""valorTotal"": 5987.0, ""quantidade"": 100.0, ""unidadeMedida"": ""Caixa 50 UN"", ""orcamentoSigiloso"": false, ""itemCategoriaId"": 3, ""itemCategoriaNome"": ""Não se aplica"", ""patrimonio"": null, ""codigoRegistroImobiliario"": null, ""criterioJulgamentoId"": 1, ""criterioJulgamentoNome"": ""Menor preço"", ""situacaoCompraItem"": 1, ""situacaoCompraItemNome"": ""Em andamento"", ""tipoBeneficio"": 1, ""tipoBeneficioNome"": ""Participação exclusiva para ME/EPP"", ""incentivoProdutivoBasico"": false, ""dataInclusao"": ""2026-07-21T13:04:12"", ""dataAtualizacao"": ""2026-07-21T13:14:39"", ""temResultado"": false, ""imagem"": 0, ""aplicabilidadeMargemPreferenciaNormal"": false, ""aplicabilidadeMargemPreferenciaAdicional"": false, ""percentualMargemPreferenciaNormal"": null, ""percentualMargemPreferenciaAdicional"": null, ""ncmNbsCodigo"": null, ""ncmNbsDescricao"": null, ""catalogo"": null, ""categoriaItemCatalogo"": null, ""catalogoCodigoItem"": null, ""informacaoComplementar"": null, ""tipoMargemPreferencia"": null, ""exigenciaConteudoNacional"": false}";2026-09-12T19:28:12.637455;11762144000100;DEFENSORIA PUBLICA DO ESTADO;estadual;E;927560;EAP-DEFENSORIA PÚBLICA DO ESTADO DO AMAPÁ;Macapá;AP;6;Pregão - Eletrônico;1;2026-07-21T13:03:59;2026-07-23T08:00:00;2026-08-06T09:30:00;1;Divulgada no PNCP;generico;0.0;0.0;;;False;;;False;P06;educativo;Caneta esferografica azul/preta/vermelha;9608.10.00
11762144000100-1-000013/2026;7;CANETA ESFEROGRÁFICA COR TINTA: PRETA, MATERIAL: PLÁSTICO, MATERIAL PONTA: ESFERA DE TUNGSTÊNIO, QUANTIDADE CARGAS: 1, TIPO ESCRITA: MÉDIA;M;50.0;Caixa 50 UN;Caixa 50 UN;;"unidade nao reconhecida no dicionario; preservada como original";57.18;2859.0;0;1;Em andamento;0;;;;2026-07-21T13:04:15;2026-07-21T13:14:38;ACEITO;P06;educativo;casou regra de identidade do produto P06;v2;sem_registros;"{""numeroItem"": 7, ""descricao"": ""CANETA ESFEROGRÁFICA COR TINTA: PRETA, MATERIAL: PLÁSTICO, MATERIAL PONTA: ESFERA DE TUNGSTÊNIO, QUANTIDADE CARGAS: 1, TIPO ESCRITA: MÉDIA"", ""materialOuServico"": ""M"", ""materialOuServicoNome"": ""Material"", ""valorUnitarioEstimado"": 57.18, ""valorTotal"": 2859.0, ""quantidade"": 50.0, ""unidadeMedida"": ""Caixa 50 UN"", ""orcamentoSigiloso"": false, ""itemCategoriaId"": 3, ""itemCategoriaNome"": ""Não se aplica"", ""patrimonio"": null, ""codigoRegistroImobiliario"": null, ""criterioJulgamentoId"": 1, ""criterioJulgamentoNome"": ""Menor preço"", ""situacaoCompraItem"": 1, ""situacaoCompraItemNome"": ""Em andamento"", ""tipoBeneficio"": 1, ""tipoBeneficioNome"": ""Participação exclusiva para ME/EPP"", ""incentivoProdutivoBasico"": false, ""dataInclusao"": ""2026-07-21T13:04:15"", ""dataAtualizacao"": ""2026-07-21T13:14:38"", ""temResultado"": false, ""imagem"": 0, ""aplicabilidadeMargemPreferenciaNormal"": false, ""aplicabilidadeMargemPreferenciaAdicional"": false, ""percentualMargemPreferenciaNormal"": null, ""percentualMargemPreferenciaAdicional"": null, ""ncmNbsCodigo"": null, ""ncmNbsDescricao"": null, ""catalogo"": null, ""categoriaItemCatalogo"": null, ""catalogoCodigoItem"": null, ""informacaoComplementar"": null, ""tipoMargemPreferencia"": null, ""exigenciaConteudoNacional"": false}";2026-09-12T19:28:12.638455;11762144000100;DEFENSORIA PUBLICA DO ESTADO;estadual;E;927560;EAP-DEFENSORIA PÚBLICA DO ESTADO DO AMAPÁ;Macapá;AP;6;Pregão - Eletrônico;1;2026-07-21T13:03:59;2026-07-23T08:00:00;2026-08-06T09:30:00;1;Divulgada no PNCP;generico;0.0;0.0;;;False;;;False;P06;educativo;Caneta esferografica azul/preta/vermelha;9608.10.00
00394452000103-1-015741/2026;5;Cone Sinalização material: polietileno alta densidade, altura: 1,24, cor: vermelha fosforescente, peso: 2, características adicionais: colares refletivos cinza prata/base borracha desmo Este item é de Ampla Participação e está vinculado ao item 65 que é cota de participação exclusiva de ME/EPP.;M;450.0;Unidade;unidade;1.0;unidade original ja comparavel (sem conversao);158.0;71100.0;0;1;Em andamento;0;;;;2026-08-05T04:00:59;2026-08-05T04:01:02;ACEITO;E10;esportivo;casou regra de identidade do produto E10;v2;sem_registros;"{""numeroItem"": 5, ""descricao"": ""Cone Sinalização material: polietileno alta densidade, altura: 1,24, cor: vermelha fosforescente, peso: 2, características adicionais: colares refletivos cinza prata/base borracha desmo Este item é de Ampla Participação e está vinculado ao item 65 que é cota de participação exclusiva de ME/EPP."", ""materialOuServico"": ""M"", ""materialOuServicoNome"": ""Material"", ""valorUnitarioEstimado"": 158.0, ""valorTotal"": 71100.0, ""quantidade"": 450.0, ""unidadeMedida"": ""Unidade"", ""orcamentoSigiloso"": false, ""itemCategoriaId"": 3, ""itemCategoriaNome"": ""Não se aplica"", ""patrimonio"": null, ""codigoRegistroImobiliario"": null, ""criterioJulgamentoId"": 1, ""criterioJulgamentoNome"": ""Menor preço"", ""situacaoCompraItem"": 1, ""situacaoCompraItemNome"": ""Em andamento"", ""tipoBeneficio"": 1, ""tipoBeneficioNome"": ""Participação exclusiva para ME/EPP"", ""incentivoProdutivoBasico"": false, ""dataInclusao"": ""2026-08-05T04:00:59"", ""dataAtualizacao"": ""2026-08-05T04:01:02"", ""temResultado"": false, ""imagem"": 0, ""aplicabilidadeMargemPreferenciaNormal"": false, ""aplicabilidadeMargemPreferenciaAdicional"": false, ""percentualMargemPreferenciaNormal"": null, ""percentualMargemPreferenciaAdicional"": null, ""ncmNbsCodigo"": null, ""ncmNbsDescricao"": null, ""catalogo"": null, ""categoriaItemCatalogo"": null, ""catalogoCodigoItem"": null, ""informacaoComplementar"": null, ""tipoMargemPreferencia"": null, ""exigenciaConteudoNacional"": false}";2026-09-12T19:28:46.963553;00394452000103;COMANDO DO EXERCITO;federal;F;160026;COMANDO DA 22ª BRIGADA DE INFANTARIA DE SELVA;Macapá;AP;6;Pregão - Eletrônico;1;2026-08-05T04:00:09;2026-08-05T08:00:00;2026-08-17T10:00:00;1;Divulgada no PNCP;generico;0.0;0.0;;;False;;;False;E10;esportivo;Cone esportivo de sinalizacao;3926.90.90
00394452000103-1-015741/2026;6;Cone Sinalização material: pvc, altura: 700, largura base: 40, cor: laranja com 2 faixas brancas refletivas Este item é de Ampla Participação e está vinculado ao item 66 que é cota de participação exclusiva de ME/EPP.;M;450.0;Unidade;unidade;1.0;unidade original ja comparavel (sem conversao);53.85;24232.5;0;1;Em andamento;0;;;;2026-08-05T04:00:15;2026-08-05T04:00:26;ACEITO;E10;esportivo;casou regra de identidade do produto E10;v2;sem_registros;"{""numeroItem"": 6, ""descricao"": ""Cone Sinalização material: pvc, altura: 700, largura base: 40, cor: laranja com 2 faixas brancas refletivas Este item é de Ampla Participação e está vinculado ao item 66 que é cota de participação exclusiva de ME/EPP."", ""materialOuServico"": ""M"", ""materialOuServicoNome"": ""Material"", ""valorUnitarioEstimado"": 53.85, ""valorTotal"": 24232.5, ""quantidade"": 450.0, ""unidadeMedida"": ""Unidade"", ""orcamentoSigiloso"": false, ""itemCategoriaId"": 3, ""itemCategoriaNome"": ""Não se aplica"", ""patrimonio"": null, ""codigoRegistroImobiliario"": null, ""criterioJulgamentoId"": 1, ""criterioJulgamentoNome"": ""Menor preço"", ""situacaoCompraItem"": 1, ""situacaoCompraItemNome"": ""Em andamento"", ""tipoBeneficio"": 1, ""tipoBeneficioNome"": ""Participação exclusiva para ME/EPP"", ""incentivoProdutivoBasico"": false, ""dataInclusao"": ""2026-08-05T04:00:15"", ""dataAtualizacao"": ""2026-08-05T04:00:26"", ""temResultado"": false, ""imagem"": 0, ""aplicabilidadeMargemPreferenciaNormal"": false, ""aplicabilidadeMargemPreferenciaAdicional"": false, ""percentualMargemPreferenciaNormal"": null, ""percentualMargemPreferenciaAdicional"": null, ""ncmNbsCodigo"": null, ""ncmNbsDescricao"": null, ""catalogo"": null, ""categoriaItemCatalogo"": null, ""catalogoCodigoItem"": null, ""informacaoComplementar"": null, ""tipoMargemPreferencia"": null, ""exigenciaConteudoNacional"": false}";2026-09-12T19:28:46.963553;00394452000103;COMANDO DO EXERCITO;federal;F;160026;COMANDO DA 22ª BRIGADA DE INFANTARIA DE SELVA;Macapá;AP;6;Pregão - Eletrônico;1;2026-08-05T04:00:09;2026-08-05T08:00:00;2026-08-17T10:00:00;1;Divulgada no PNCP;generico;0.0;0.0;;;False;;;False;E10;esportivo;Cone esportivo de sinalizacao;3926.90.90
00394452000103-1-015741/2026;7;Cone Sinalização material: composto sintético, altura: 500, largura base: 273, cor: preta com 2 faixas amarelas, peso: 0,636, características adicionais: flexível impacto veículos;M;450.0;Unidade;unidade;1.0;unidade original ja comparavel (sem conversao);26.73;12028.5;0;1;Em andamento;0;;;;2026-08-05T04:00:17;2026-08-05T04:00:33;ACEITO;E10;esportivo;casou regra de identidade do produto E10;v2;sem_registros;"{""numeroItem"": 7, ""descricao"": ""Cone Sinalização material: composto sintético, altura: 500, largura base: 273, cor: preta com 2 faixas amarelas, peso: 0,636, características adicionais: flexível impacto veículos"", ""materialOuServico"": ""M"", ""materialOuServicoNome"": ""Material"", ""valorUnitarioEstimado"": 26.73, ""valorTotal"": 12028.5, ""quantidade"": 450.0, ""unidadeMedida"": ""Unidade"", ""orcamentoSigiloso"": false, ""itemCategoriaId"": 3, ""itemCategoriaNome"": ""Não se aplica"", ""patrimonio"": null, ""codigoRegistroImobiliario"": null, ""criterioJulgamentoId"": 1, ""criterioJulgamentoNome"": ""Menor preço"", ""situacaoCompraItem"": 1, ""situacaoCompraItemNome"": ""Em andamento"", ""tipoBeneficio"": 1, ""tipoBeneficioNome"": ""Participação exclusiva para ME/EPP"", ""incentivoProdutivoBasico"": false, ""dataInclusao"": ""2026-08-05T04:00:17"", ""dataAtualizacao"": ""2026-08-05T04:00:33"", ""temResultado"": false, ""imagem"": 0, ""aplicabilidadeMargemPreferenciaNormal"": false, ""aplicabilidadeMargemPreferenciaAdicional"": false, ""percentualMargemPreferenciaNormal"": null, ""percentualMargemPreferenciaAdicional"": null, ""ncmNbsCodigo"": null, ""ncmNbsDescricao"": null, ""catalogo"": null, ""categoriaItemCatalogo"": null, ""catalogoCodigoItem"": null, ""informacaoComplementar"": null, ""tipoMargemPreferencia"": null, ""exigenciaConteudoNacional"": false}";2026-09-12T19:28:46.964059;00394452000103;COMANDO DO EXERCITO;federal;F;160026;COMANDO DA 22ª BRIGADA DE INFANTARIA DE SELVA;Macapá;AP;6;Pregão - Eletrônico;1;2026-08-05T04:00:09;2026-08-05T08:00:00;2026-08-17T10:00:00;1;Divulgada no PNCP;generico;0.0;0.0;;;False;;;False;E10;esportivo;Cone esportivo de sinalizacao;3926.90.90
11762196000178-1-000008/2026;1;"BOLA FUTSAL - Circunferência: entre 62 e 63 cm; Peso: entre 400 e 440 g.";M;20.0;1 Un.;1 Un.;;"unidade nao reconhecida no dicionario; preservada como original";164.7;3294.0;0;1;Em andamento;0;;;;2026-08-26T16:41:07;2026-09-08T08:40:36;ACEITO;E02;esportivo;casou regra de identidade do produto E02;v2;sem_registros;"{""numeroItem"": 1, ""descricao"": ""BOLA FUTSAL - Circunferência: entre 62 e 63 cm; Peso: entre 400 e 440 g."", ""materialOuServico"": ""M"", ""materialOuServicoNome"": ""Material"", ""valorUnitarioEstimado"": 164.7, ""valorTotal"": 3294.0, ""quantidade"": 20.0, ""unidadeMedida"": ""1 Un."", ""orcamentoSigiloso"": false, ""itemCategoriaId"": 3, ""itemCategoriaNome"": ""Não se aplica"", ""patrimonio"": null, ""codigoRegistroImobiliario"": null, ""criterioJulgamentoId"": 1, ""criterioJulgamentoNome"": ""Menor preço"", ""situacaoCompraItem"": 1, ""situacaoCompraItemNome"": ""Em andamento"", ""tipoBeneficio"": 1, ""tipoBeneficioNome"": ""Participação exclusiva para ME/EPP"", ""incentivoProdutivoBasico"": false, ""dataInclusao"": ""2026-08-26T16:41:07"", ""dataAtualizacao"": ""2026-09-08T08:40:36"", ""temResultado"": false, ""imagem"": 0, ""aplicabilidadeMargemPreferenciaNormal"": false, ""aplicabilidadeMargemPreferenciaAdicional"": false, ""percentualMargemPreferenciaNormal"": null, ""percentualMargemPreferenciaAdicional"": null, ""ncmNbsCodigo"": null, ""ncmNbsDescricao"": null, ""catalogo"": null, ""categoriaItemCatalogo"": null, ""catalogoCodigoItem"": null, ""informacaoComplementar"": null, ""tipoMargemPreferencia"": null, ""exigenciaConteudoNacional"": false}";2026-09-12T19:29:26.723102;11762196000178;SECRETARIA DE ESTADO DO DESPORTO E DO LAZER;estadual;E;84;SECRETARIA DE ESTADO DO DESPORTO E  DO LAZER;Macapá;AP;6;Pregão - Eletrônico;0;2026-08-26T16:41:07;2026-08-26T17:00:00;2026-09-08T08:29:00;4;Suspensa;futsal|440g;0.0;0.0;;;False;;;False;E02;esportivo;Bola de futsal;9506.62.00
11762196000178-1-000008/2026;2;"BOLA FUTSAL - Material: PU; Tipo: infantil; Peso cheia: 350 a 380 g; Circunferência: 55 a 59 cm; Características adicionais: 32 gomos, miolo lubrificado.";M;10.0;1 Un.;1 Un.;;"unidade nao reconhecida no dicionario; preservada como original";138.5;1385.0;0;1;Em andamento;0;;;;2026-08-26T16:41:07;2026-09-08T08:40:36;ACEITO;E02;esportivo;casou regra de identidade do produto E02;v2;sem_registros;"{""numeroItem"": 2, ""descricao"": ""BOLA FUTSAL - Material: PU; Tipo: infantil; Peso cheia: 350 a 380 g; Circunferência: 55 a 59 cm; Características adicionais: 32 gomos, miolo lubrificado."", ""materialOuServico"": ""M"", ""materialOuServicoNome"": ""Material"", ""valorUnitarioEstimado"": 138.5, ""valorTotal"": 1385.0, ""quantidade"": 10.0, ""unidadeMedida"": ""1 Un."", ""orcamentoSigiloso"": false, ""itemCategoriaId"": 3, ""itemCategoriaNome"": ""Não se aplica"", ""patrimonio"": null, ""codigoRegistroImobiliario"": null, ""criterioJulgamentoId"": 1, ""criterioJulgamentoNome"": ""Menor preço"", ""situacaoCompraItem"": 1, ""situacaoCompraItemNome"": ""Em andamento"", ""tipoBeneficio"": 1, ""tipoBeneficioNome"": ""Participação exclusiva para ME/EPP"", ""incentivoProdutivoBasico"": false, ""dataInclusao"": ""2026-08-26T16:41:07"", ""dataAtualizacao"": ""2026-09-08T08:40:36"", ""temResultado"": false, ""imagem"": 0, ""aplicabilidadeMargemPreferenciaNormal"": false, ""aplicabilidadeMargemPreferenciaAdicional"": false, ""percentualMargemPreferenciaNormal"": null, ""percentualMargemPreferenciaAdicional"": null, ""ncmNbsCodigo"": null, ""ncmNbsDescricao"": null, ""catalogo"": null, ""categoriaItemCatalogo"": null, ""catalogoCodigoItem"": null, ""informacaoComplementar"": null, ""tipoMargemPreferencia"": null, ""exigenciaConteudoNacional"": false}";2026-09-12T19:29:26.723102;11762196000178;SECRETARIA DE ESTADO DO DESPORTO E DO LAZER;estadual;E;84;SECRETARIA DE ESTADO DO DESPORTO E  DO LAZER;Macapá;AP;6;Pregão - Eletrônico;0;2026-08-26T16:41:07;2026-08-26T17:00:00;2026-09-08T08:29:00;4;Suspensa;infantil|futsal|380g;0.0;0.0;;;False;;;False;E02;esportivo;Bola de futsal;9506.62.00
11762196000178-1-000008/2026;3;"BOLA - Material: microfibra; Peso cheia: 260 a 280 g; Modalidade: voleibol; Circunferência: 65 a 67 cm; Características adicionais: câmara airbility, miolo removível e lubrificados.";M;20.0;1 Un.;1 Un.;;"unidade nao reconhecida no dicionario; preservada como original";379.5;7590.0;0;1;Em andamento;0;;;;2026-08-26T16:41:07;2026-09-08T08:41:19;ACEITO;E03;esportivo;casou regra de identidade do produto E03;v2;sem_registros;"{""numeroItem"": 3, ""descricao"": ""BOLA - Material: microfibra; Peso cheia: 260 a 280 g; Modalidade: voleibol; Circunferência: 65 a 67 cm; Características adicionais: câmara airbility, miolo removível e lubrificados."", ""materialOuServico"": ""M"", ""materialOuServicoNome"": ""Material"", ""valorUnitarioEstimado"": 379.5, ""valorTotal"": 7590.0, ""quantidade"": 20.0, ""unidadeMedida"": ""1 Un."", ""orcamentoSigiloso"": false, ""itemCategoriaId"": 3, ""itemCategoriaNome"": ""Não se aplica"", ""patrimonio"": null, ""codigoRegistroImobiliario"": null, ""criterioJulgamentoId"": 1, ""criterioJulgamentoNome"": ""Menor preço"", ""situacaoCompraItem"": 1, ""situacaoCompraItemNome"": ""Em andamento"", ""tipoBeneficio"": 1, ""tipoBeneficioNome"": ""Participação exclusiva para ME/EPP"", ""incentivoProdutivoBasico"": false, ""dataInclusao"": ""2026-08-26T16:41:07"", ""dataAtualizacao"": ""2026-09-08T08:41:19"", ""temResultado"": false, ""imagem"": 0, ""aplicabilidadeMargemPreferenciaNormal"": false, ""aplicabilidadeMargemPreferenciaAdicional"": false, ""percentualMargemPreferenciaNormal"": null, ""percentualMargemPreferenciaAdicional"": null, ""ncmNbsCodigo"": null, ""ncmNbsDescricao"": null, ""catalogo"": null, ""categoriaItemCatalogo"": null, ""catalogoCodigoItem"": null, ""informacaoComplementar"": null, ""tipoMargemPreferencia"": null, ""exigenciaConteudoNacional"": false}";2026-09-12T19:29:26.724101;11762196000178;SECRETARIA DE ESTADO DO DESPORTO E DO LAZER;estadual;E;84;SECRETARIA DE ESTADO DO DESPORTO E  DO LAZER;Macapá;AP;6;Pregão - Eletrônico;0;2026-08-26T16:41:07;2026-08-26T17:00:00;2026-09-08T08:29:00;4;Suspensa;280g;0.0;0.0;;;False;;;False;E03;esportivo;Bola de volei;9506.62.00
11762196000178-1-000008/2026;4;"BOLA - Material: microfibra; Peso cheia: 260 a 280 g; Modalidade: voleibol; Circunferência: 65 a 67 cm; Características adicionais: câmara airbility, miolo removível e lubrificados.";M;20.0;und 1 Un.;und 1 Un.;;"unidade nao reconhecida no dicionario; preservada como original";660.19;13203.8;0;1;Em andamento;0;;;;2026-08-26T16:41:07;2026-09-08T08:42:10;ACEITO;E03;esportivo;casou regra de identidade do produto E03;v2;sem_registros;"{""numeroItem"": 4, ""descricao"": ""BOLA - Material: microfibra; Peso cheia: 260 a 280 g; Modalidade: voleibol; Circunferência: 65 a 67 cm; Características adicionais: câmara airbility, miolo removível e lubrificados."", ""materialOuServico"": ""M"", ""materialOuServicoNome"": ""Material"", ""valorUnitarioEstimado"": 660.19, ""valorTotal"": 13203.8, ""quantidade"": 20.0, ""unidadeMedida"": ""und 1 Un."", ""orcamentoSigiloso"": false, ""itemCategoriaId"": 3, ""itemCategoriaNome"": ""Não se aplica"", ""patrimonio"": null, ""codigoRegistroImobiliario"": null, ""criterioJulgamentoId"": 1, ""criterioJulgamentoNome"": ""Menor preço"", ""situacaoCompraItem"": 1, ""situacaoCompraItemNome"": ""Em andamento"", ""tipoBeneficio"": 1, ""tipoBeneficioNome"": ""Participação exclusiva para ME/EPP"", ""incentivoProdutivoBasico"": false, ""dataInclusao"": ""2026-08-26T16:41:07"", ""dataAtualizacao"": ""2026-09-08T08:42:10"", ""temResultado"": false, ""imagem"": 0, ""aplicabilidadeMargemPreferenciaNormal"": false, ""aplicabilidadeMargemPreferenciaAdicional"": false, ""percentualMargemPreferenciaNormal"": null, ""percentualMargemPreferenciaAdicional"": null, ""ncmNbsCodigo"": null, ""ncmNbsDescricao"": null, ""catalogo"": null, ""categoriaItemCatalogo"": null, ""catalogoCodigoItem"": null, ""informacaoComplementar"": null, ""tipoMargemPreferencia"": null, ""exigenciaConteudoNacional"": false}";2026-09-12T19:29:26.724101;11762196000178;SECRETARIA DE ESTADO DO DESPORTO E DO LAZER;estadual;E;84;SECRETARIA DE ESTADO DO DESPORTO E  DO LAZER;Macapá;AP;6;Pregão - Eletrônico;0;2026-08-26T16:41:07;2026-08-26T17:00:00;2026-09-08T08:29:00;4;Suspensa;280g;0.0;0.0;;;False;;;False;E03;esportivo;Bola de volei;9506.62.00
11762196000178-1-000008/2026;5;"BOLA DE BASQUETEBOL - Peso: 175 gramas; Diâmetro : 24 Centímetros; Material: borracha; Cor: laranja; Tamanho: n° 7; Marca/Modelo Referência: Spalding F250.";M;30.0;1 Un.;1 Un.;;"unidade nao reconhecida no dicionario; preservada como original";267.3;8019.0;0;1;Em andamento;0;;;;2026-08-26T16:41:07;2026-09-08T08:42:57;ACEITO;E04;esportivo;casou regra de identidade do produto E04;v2;sem_registros;"{""numeroItem"": 5, ""descricao"": ""BOLA DE BASQUETEBOL - Peso: 175 gramas; Diâmetro : 24 Centímetros; Material: borracha; Cor: laranja; Tamanho: n° 7; Marca/Modelo Referência: Spalding F250."", ""materialOuServico"": ""M"", ""materialOuServicoNome"": ""Material"", ""valorUnitarioEstimado"": 267.3, ""valorTotal"": 8019.0, ""quantidade"": 30.0, ""unidadeMedida"": ""1 Un."", ""orcamentoSigiloso"": false, ""itemCategoriaId"": 3, ""itemCategoriaNome"": ""Não se aplica"", ""patrimonio"": null, ""codigoRegistroImobiliario"": null, ""criterioJulgamentoId"": 1, ""criterioJulgamentoNome"": ""Menor preço"", ""situacaoCompraItem"": 1, ""situacaoCompraItemNome"": ""Em andamento"", ""tipoBeneficio"": 1, ""tipoBeneficioNome"": ""Participação exclusiva para ME/EPP"", ""incentivoProdutivoBasico"": false, ""dataInclusao"": ""2026-08-26T16:41:07"", ""dataAtualizacao"": ""2026-09-08T08:42:57"", ""temResultado"": false, ""imagem"": 0, ""aplicabilidadeMargemPreferenciaNormal"": false, ""aplicabilidadeMargemPreferenciaAdicional"": false, ""percentualMargemPreferenciaNormal"": null, ""percentualMargemPreferenciaAdicional"": null, ""ncmNbsCodigo"": null, ""ncmNbsDescricao"": null, ""catalogo"": null, ""categoriaItemCatalogo"": null, ""catalogoCodigoItem"": null, ""informacaoComplementar"": null, ""tipoMargemPreferencia"": null, ""exigenciaConteudoNacional"": false}";2026-09-12T19:29:26.725104;11762196000178;SECRETARIA DE ESTADO DO DESPORTO E DO LAZER;estadual;E;84;SECRETARIA DE ESTADO DO DESPORTO E  DO LAZER;Macapá;AP;6;Pregão - Eletrônico;0;2026-08-26T16:41:07;2026-08-26T17:00:00;2026-09-08T08:29:00;4;Suspensa;tam7;0.0;0.0;;;False;;;False;E04;esportivo;Bola de basquete;9506.62.00
11762196000178-1-000008/2026;6;"BOLA DE BASQUETEBOL - Peso: 0.816; Material: capa acolchoada composta de microfibra Dry Grip; Cor: laranja; Tamanho: 7, 29.5""; Marca/Modelo Referência: Spalding Precision TF 1000.";M;20.0;1 Un.;1 Un.;;"unidade nao reconhecida no dicionario; preservada como original";399.5;7990.0;0;1;Em andamento;0;;;;2026-08-26T16:41:07;2026-09-08T08:43:41;ACEITO;E04;esportivo;casou regra de identidade do produto E04;v2;sem_registros;"{""numeroItem"": 6, ""descricao"": ""BOLA DE BASQUETEBOL - Peso: 0.816; Material: capa acolchoada composta de microfibra Dry Grip; Cor: laranja; Tamanho: 7, 29.5\""; Marca/Modelo Referência: Spalding Precision TF 1000."", ""materialOuServico"": ""M"", ""materialOuServicoNome"": ""Material"", ""valorUnitarioEstimado"": 399.5, ""valorTotal"": 7990.0, ""quantidade"": 20.0, ""unidadeMedida"": ""1 Un."", ""orcamentoSigiloso"": false, ""itemCategoriaId"": 3, ""itemCategoriaNome"": ""Não se aplica"", ""patrimonio"": null, ""codigoRegistroImobiliario"": null, ""criterioJulgamentoId"": 1, ""criterioJulgamentoNome"": ""Menor preço"", ""situacaoCompraItem"": 1, ""situacaoCompraItemNome"": ""Em andamento"", ""tipoBeneficio"": 1, ""tipoBeneficioNome"": ""Participação exclusiva para ME/EPP"", ""incentivoProdutivoBasico"": false, ""dataInclusao"": ""2026-08-26T16:41:07"", ""dataAtualizacao"": ""2026-09-08T08:43:41"", ""temResultado"": false, ""imagem"": 0, ""aplicabilidadeMargemPreferenciaNormal"": false, ""aplicabilidadeMargemPreferenciaAdicional"": false, ""percentualMargemPreferenciaNormal"": null, ""percentualMargemPreferenciaAdicional"": null, ""ncmNbsCodigo"": null, ""ncmNbsDescricao"": null, ""catalogo"": null, ""categoriaItemCatalogo"": null, ""catalogoCodigoItem"": null, ""informacaoComplementar"": null, ""tipoMargemPreferencia"": null, ""exigenciaConteudoNacional"": false}";2026-09-12T19:29:26.725104;11762196000178;SECRETARIA DE ESTADO DO DESPORTO E DO LAZER;estadual;E;84;SECRETARIA DE ESTADO DO DESPORTO E  DO LAZER;Macapá;AP;6;Pregão - Eletrônico;0;2026-08-26T16:41:07;2026-08-26T17:00:00;2026-09-08T08:29:00;4;Suspensa;generico;0.0;0.0;;;False;;;False;E04;esportivo;Bola de basquete;9506.62.00
11762196000178-1-000008/2026;9;"CONES - Tipo: demarcatório; Material: PVC; Uso: atividade física; Altura: 50 cm; Cor: cores diversas; Características adicionais: cone de agilidade, demarcatório.";M;5.0;Kit 10 Un;Kit 10 Un;;"unidade nao reconhecida no dicionario; preservada como original";47.0;235.0;0;1;Em andamento;0;;;;2026-08-26T16:41:07;2026-09-08T08:45:32;ACEITO;E10;esportivo;casou regra de identidade do produto E10;v2;sem_registros;"{""numeroItem"": 9, ""descricao"": ""CONES - Tipo: demarcatório; Material: PVC; Uso: atividade física; Altura: 50 cm; Cor: cores diversas; Características adicionais: cone de agilidade, demarcatório."", ""materialOuServico"": ""M"", ""materialOuServicoNome"": ""Material"", ""valorUnitarioEstimado"": 47.0, ""valorTotal"": 235.0, ""quantidade"": 5.0, ""unidadeMedida"": ""Kit 10 Un"", ""orcamentoSigiloso"": false, ""itemCategoriaId"": 3, ""itemCategoriaNome"": ""Não se aplica"", ""patrimonio"": null, ""codigoRegistroImobiliario"": null, ""criterioJulgamentoId"": 1, ""criterioJulgamentoNome"": ""Menor preço"", ""situacaoCompraItem"": 1, ""situacaoCompraItemNome"": ""Em andamento"", ""tipoBeneficio"": 1, ""tipoBeneficioNome"": ""Participação exclusiva para ME/EPP"", ""incentivoProdutivoBasico"": false, ""dataInclusao"": ""2026-08-26T16:41:07"", ""dataAtualizacao"": ""2026-09-08T08:45:32"", ""temResultado"": false, ""imagem"": 0, ""aplicabilidadeMargemPreferenciaNormal"": false, ""aplicabilidadeMargemPreferenciaAdicional"": false, ""percentualMargemPreferenciaNormal"": null, ""percentualMargemPreferenciaAdicional"": null, ""ncmNbsCodigo"": null, ""ncmNbsDescricao"": null, ""catalogo"": null, ""categoriaItemCatalogo"": null, ""catalogoCodigoItem"": null, ""informacaoComplementar"": null, ""tipoMargemPreferencia"": null, ""exigenciaConteudoNacional"": false}";2026-09-12T19:29:26.726101;11762196000178;SECRETARIA DE ESTADO DO DESPORTO E DO LAZER;estadual;E;84;SECRETARIA DE ESTADO DO DESPORTO E  DO LAZER;Macapá;AP;6;Pregão - Eletrônico;0;2026-08-26T16:41:07;2026-08-26T17:00:00;2026-09-08T08:29:00;4;Suspensa;generico;0.0;0.0;;;False;;;False;E10;esportivo;Cone esportivo de sinalizacao;3926.90.90
23066814000124-1-000001/2025;1;Lote 1 - BOLA DE VÔLEIBOL DE QUADRA PADRAO FIVB;M;20.0;Unidade;unidade;1.0;unidade original ja comparavel (sem conversao);900.0;18000.0;0;1;Em andamento;0;;;;2025-01-09T16:58:00;2025-01-09T16:58:00;ACEITO;E03;esportivo;casou regra de identidade do produto E03;v2;sem_registros;"{""numeroItem"": 1, ""descricao"": ""Lote 1 - BOLA DE VÔLEIBOL DE QUADRA PADRAO FIVB"", ""materialOuServico"": ""M"", ""materialOuServicoNome"": ""Material"", ""valorUnitarioEstimado"": 900.0, ""valorTotal"": 18000.0, ""quantidade"": 20.0, ""unidadeMedida"": ""Unidade"", ""orcamentoSigiloso"": false, ""itemCategoriaId"": 3, ""itemCategoriaNome"": ""Não se aplica"", ""patrimonio"": null, ""codigoRegistroImobiliario"": null, ""criterioJulgamentoId"": 1, ""criterioJulgamentoNome"": ""Menor preço"", ""situacaoCompraItem"": 1, ""situacaoCompraItemNome"": ""Em andamento"", ""tipoBeneficio"": 1, ""tipoBeneficioNome"": ""Participação exclusiva para ME/EPP"", ""incentivoProdutivoBasico"": false, ""dataInclusao"": ""2025-01-09T16:58:00"", ""dataAtualizacao"": ""2025-01-09T16:58:00"", ""temResultado"": false, ""imagem"": 0, ""aplicabilidadeMargemPreferenciaNormal"": false, ""aplicabilidadeMargemPreferenciaAdicional"": false, ""percentualMargemPreferenciaNormal"": null, ""percentualMargemPreferenciaAdicional"": null, ""ncmNbsCodigo"": null, ""ncmNbsDescricao"": null, ""catalogo"": null, ""categoriaItemCatalogo"": null, ""catalogoCodigoItem"": null, ""informacaoComplementar"": null, ""tipoMargemPreferencia"": null, ""exigenciaConteudoNacional"": false}";2026-09-12T19:30:04.986171;23066814000124;MUNICIPIO DE FERREIRA GOMES;municipal;M;01;Prefeitura Municipal de Ferreira Gomes;Ferreira Gomes;AP;8;Dispensa;0;2025-01-09T16:58:00;2025-01-10T08:00:00;2025-01-16T08:00:00;1;Divulgada no PNCP;quadra;0.0;0.0;;;False;;;False;E03;esportivo;Bola de volei;9506.62.00
23066814000124-1-000001/2025;2;Lote 1 - REDE DE OFICIAL DE VÔLEI 4 LONAS FIO EM SEDA 4MM;M;6.0;Unidade;unidade;1.0;unidade original ja comparavel (sem conversao);359.72;2158.32;0;1;Em andamento;0;;;;2025-01-09T16:58:00;2025-01-09T16:58:00;ACEITO;E07;esportivo;casou regra de identidade do produto E07;v2;sem_registros;"{""numeroItem"": 2, ""descricao"": ""Lote 1 - REDE DE OFICIAL DE VÔLEI 4 LONAS FIO EM SEDA 4MM"", ""materialOuServico"": ""M"", ""materialOuServicoNome"": ""Material"", ""valorUnitarioEstimado"": 359.72, ""valorTotal"": 2158.32, ""quantidade"": 6.0, ""unidadeMedida"": ""Unidade"", ""orcamentoSigiloso"": false, ""itemCategoriaId"": 3, ""itemCategoriaNome"": ""Não se aplica"", ""patrimonio"": null, ""codigoRegistroImobiliario"": null, ""criterioJulgamentoId"": 1, ""criterioJulgamentoNome"": ""Menor preço"", ""situacaoCompraItem"": 1, ""situacaoCompraItemNome"": ""Em andamento"", ""tipoBeneficio"": 1, ""tipoBeneficioNome"": ""Participação exclusiva para ME/EPP"", ""incentivoProdutivoBasico"": false, ""dataInclusao"": ""2025-01-09T16:58:00"", ""dataAtualizacao"": ""2025-01-09T16:58:00"", ""temResultado"": false, ""imagem"": 0, ""aplicabilidadeMargemPreferenciaNormal"": false, ""aplicabilidadeMargemPreferenciaAdicional"": false, ""percentualMargemPreferenciaNormal"": null, ""percentualMargemPreferenciaAdicional"": null, ""ncmNbsCodigo"": null, ""ncmNbsDescricao"": null, ""catalogo"": null, ""categoriaItemCatalogo"": null, ""catalogoCodigoItem"": null, ""informacaoComplementar"": null, ""tipoMargemPreferencia"": null, ""exigenciaConteudoNacional"": false}";2026-09-12T19:30:04.986171;23066814000124;MUNICIPIO DE FERREIRA GOMES;municipal;M;01;Prefeitura Municipal de Ferreira Gomes;Ferreira Gomes;AP;8;Dispensa;0;2025-01-09T16:58:00;2025-01-10T08:00:00;2025-01-16T08:00:00;1;Divulgada no PNCP;generico;0.0;0.0;;;False;;;False;E07;esportivo;Rede de volei;9506.99.00
23066814000124-1-000001/2025;4;Lote 1 - MEDALHAS EM ACRILICO;M;150.0;Unidade;unidade;1.0;unidade original ja comparavel (sem conversao);36.25;5437.5;0;1;Em andamento;0;;;;2025-01-09T16:58:00;2025-01-09T16:58:00;ACEITO;E23;esportivo;casou regra de identidade do produto E23;v2;sem_registros;"{""numeroItem"": 4, ""descricao"": ""Lote 1 - MEDALHAS EM ACRILICO"", ""materialOuServico"": ""M"", ""materialOuServicoNome"": ""Material"", ""valorUnitarioEstimado"": 36.25, ""valorTotal"": 5437.5, ""quantidade"": 150.0, ""unidadeMedida"": ""Unidade"", ""orcamentoSigiloso"": false, ""itemCategoriaId"": 3, ""itemCategoriaNome"": ""Não se aplica"", ""patrimonio"": null, ""codigoRegistroImobiliario"": null, ""criterioJulgamentoId"": 1, ""criterioJulgamentoNome"": ""Menor preço"", ""situacaoCompraItem"": 1, ""situacaoCompraItemNome"": ""Em andamento"", ""tipoBeneficio"": 1, ""tipoBeneficioNome"": ""Participação exclusiva para ME/EPP"", ""incentivoProdutivoBasico"": false, ""dataInclusao"": ""2025-01-09T16:58:00"", ""dataAtualizacao"": ""2025-01-09T16:58:00"", ""temResultado"": false, ""imagem"": 0, ""aplicabilidadeMargemPreferenciaNormal"": false, ""aplicabilidadeMargemPreferenciaAdicional"": false, ""percentualMargemPreferenciaNormal"": null, ""percentualMargemPreferenciaAdicional"": null, ""ncmNbsCodigo"": null, ""ncmNbsDescricao"": null, ""catalogo"": null, ""categoriaItemCatalogo"": null, ""catalogoCodigoItem"": null, ""informacaoComplementar"": null, ""tipoMargemPreferencia"": null, ""exigenciaConteudoNacional"": false}";2026-09-12T19:30:04.986171;23066814000124;MUNICIPIO DE FERREIRA GOMES;municipal;M;01;Prefeitura Municipal de Ferreira Gomes;Ferreira Gomes;AP;8;Dispensa;0;2025-01-09T16:58:00;2025-01-10T08:00:00;2025-01-16T08:00:00;1;Divulgada no PNCP;generico;0.0;0.0;;;False;;;False;E23;esportivo;Medalha de premiacao;8306.29.00
23066814000124-1-000001/2025;5;Lote 1 - TROFEU 40CM EM ACRILICO COM BASE EM MDF;M;4.0;adesivo;adesivo;;"unidade nao reconhecida no dicionario; preservada como original";309.5;1238.0;0;1;Em andamento;0;;;;2025-01-09T16:58:00;2025-01-09T16:58:00;ACEITO;E22;esportivo;casou regra de identidade do produto E22;v2;sem_registros;"{""numeroItem"": 5, ""descricao"": ""Lote 1 - TROFEU 40CM EM ACRILICO COM BASE EM MDF"", ""materialOuServico"": ""M"", ""materialOuServicoNome"": ""Material"", ""valorUnitarioEstimado"": 309.5, ""valorTotal"": 1238.0, ""quantidade"": 4.0, ""unidadeMedida"": ""adesivo"", ""orcamentoSigiloso"": false, ""itemCategoriaId"": 3, ""itemCategoriaNome"": ""Não se aplica"", ""patrimonio"": null, ""codigoRegistroImobiliario"": null, ""criterioJulgamentoId"": 1, ""criterioJulgamentoNome"": ""Menor preço"", ""situacaoCompraItem"": 1, ""situacaoCompraItemNome"": ""Em andamento"", ""tipoBeneficio"": 1, ""tipoBeneficioNome"": ""Participação exclusiva para ME/EPP"", ""incentivoProdutivoBasico"": false, ""dataInclusao"": ""2025-01-09T16:58:00"", ""dataAtualizacao"": ""2025-01-09T16:58:00"", ""temResultado"": false, ""imagem"": 0, ""aplicabilidadeMargemPreferenciaNormal"": false, ""aplicabilidadeMargemPreferenciaAdicional"": false, ""percentualMargemPreferenciaNormal"": null, ""percentualMargemPreferenciaAdicional"": null, ""ncmNbsCodigo"": null, ""ncmNbsDescricao"": null, ""catalogo"": null, ""categoriaItemCatalogo"": null, ""catalogoCodigoItem"": null, ""informacaoComplementar"": null, ""tipoMargemPreferencia"": null, ""exigenciaConteudoNacional"": false}";2026-09-12T19:30:04.986171;23066814000124;MUNICIPIO DE FERREIRA GOMES;municipal;M;01;Prefeitura Municipal de Ferreira Gomes;Ferreira Gomes;AP;8;Dispensa;0;2025-01-09T16:58:00;2025-01-10T08:00:00;2025-01-16T08:00:00;1;Divulgada no PNCP;generico;0.0;0.0;;;False;;;False;E22;esportivo;Trofeu;3926.40.00
23066814000124-1-000001/2025;6;Lote 1 - TROFEU 25CM EM ACRILICO COM BASE EM MDF;M;4.0;Unidade;unidade;1.0;unidade original ja comparavel (sem conversao);256.0;1024.0;0;1;Em andamento;0;;;;2025-01-09T16:58:00;2025-01-09T16:58:00;ACEITO;E22;esportivo;casou regra de identidade do produto E22;v2;sem_registros;"{""numeroItem"": 6, ""descricao"": ""Lote 1 - TROFEU 25CM EM ACRILICO COM BASE EM MDF"", ""materialOuServico"": ""M"", ""materialOuServicoNome"": ""Material"", ""valorUnitarioEstimado"": 256.0, ""valorTotal"": 1024.0, ""quantidade"": 4.0, ""unidadeMedida"": ""Unidade"", ""orcamentoSigiloso"": false, ""itemCategoriaId"": 3, ""itemCategoriaNome"": ""Não se aplica"", ""patrimonio"": null, ""codigoRegistroImobiliario"": null, ""criterioJulgamentoId"": 1, ""criterioJulgamentoNome"": ""Menor preço"", ""situacaoCompraItem"": 1, ""situacaoCompraItemNome"": ""Em andamento"", ""tipoBeneficio"": 1, ""tipoBeneficioNome"": ""Participação exclusiva para ME/EPP"", ""incentivoProdutivoBasico"": false, ""dataInclusao"": ""2025-01-09T16:58:00"", ""dataAtualizacao"": ""2025-01-09T16:58:00"", ""temResultado"": false, ""imagem"": 0, ""aplicabilidadeMargemPreferenciaNormal"": false, ""aplicabilidadeMargemPreferenciaAdicional"": false, ""percentualMargemPreferenciaNormal"": null, ""percentualMargemPreferenciaAdicional"": null, ""ncmNbsCodigo"": null, ""ncmNbsDescricao"": null, ""catalogo"": null, ""categoriaItemCatalogo"": null, ""catalogoCodigoItem"": null, ""informacaoComplementar"": null, ""tipoMargemPreferencia"": null, ""exigenciaConteudoNacional"": false}";2026-09-12T19:30:04.986171;23066814000124;MUNICIPIO DE FERREIRA GOMES;municipal;M;01;Prefeitura Municipal de Ferreira Gomes;Ferreira Gomes;AP;8;Dispensa;0;2025-01-09T16:58:00;2025-01-10T08:00:00;2025-01-16T08:00:00;1;Divulgada no PNCP;generico;0.0;0.0;;;False;;;False;E22;esportivo;Trofeu;3926.40.00
34925222000137-1-000001/2025;30005;Medalha em acrílico de 5mm personalizada com cordão;M;400.0;UNIDADE;unidade;1.0;unidade original ja comparavel (sem conversao);15.5;6200.0;0;1;Em andamento;0;;;;2025-01-10T18:30:27;2025-01-10T18:30:27;ACEITO;E23;esportivo;casou regra de identidade do produto E23;v2;sem_registros;"{""numeroItem"": 30005, ""descricao"": ""Medalha em acrílico de 5mm personalizada com cordão"", ""materialOuServico"": ""M"", ""materialOuServicoNome"": ""Material"", ""valorUnitarioEstimado"": 15.5, ""valorTotal"": 6200.0, ""quantidade"": 400.0, ""unidadeMedida"": ""UNIDADE"", ""orcamentoSigiloso"": false, ""itemCategoriaId"": 3, ""itemCategoriaNome"": ""Não se aplica"", ""patrimonio"": null, ""codigoRegistroImobiliario"": null, ""criterioJulgamentoId"": 1, ""criterioJulgamentoNome"": ""Menor preço"", ""situacaoCompraItem"": 1, ""situacaoCompraItemNome"": ""Em andamento"", ""tipoBeneficio"": 4, ""tipoBeneficioNome"": ""Sem benefício"", ""incentivoProdutivoBasico"": false, ""dataInclusao"": ""2025-01-10T18:30:27"", ""dataAtualizacao"": ""2025-01-10T18:30:27"", ""temResultado"": false, ""imagem"": 0, ""aplicabilidadeMargemPreferenciaNormal"": false, ""aplicabilidadeMargemPreferenciaAdicional"": false, ""percentualMargemPreferenciaNormal"": null, ""percentualMargemPreferenciaAdicional"": null, ""ncmNbsCodigo"": null, ""ncmNbsDescricao"": null, ""catalogo"": null, ""categoriaItemCatalogo"": null, ""catalogoCodigoItem"": null, ""informacaoComplementar"": null, ""tipoMargemPreferencia"": null, ""exigenciaConteudoNacional"": false}";2026-09-12T19:30:05.886060;34925222000137;MUNICIPIO DE PRACUUBA;municipal;M;000000001;SECRETARIA MUNICIPAL DE ADMINISTRACAO;Pracuúba;AP;8;Dispensa;0;2025-01-10T18:30:27;2025-01-10T15:17:12;2025-01-15T08:00:00;1;Divulgada no PNCP;generico;0.0;0.0;;;False;;;False;E23;esportivo;Medalha de premiacao;8306.29.00
00508903000188-1-000602/2025;1;Medalha;M;1.0;Unidade  ;unidade;1.0;unidade original ja comparavel (sem conversao);0.0;0.0;0;2;Homologado;1;;;;2025-03-26T09:34:48;2025-04-30T08:05:34;ACEITO;E23;esportivo;casou regra de identidade do produto E23;v2;ok;"{""numeroItem"": 1, ""descricao"": ""Medalha"", ""materialOuServico"": ""M"", ""materialOuServicoNome"": ""Material"", ""valorUnitarioEstimado"": 0.0, ""valorTotal"": 0.0, ""quantidade"": 1.0, ""unidadeMedida"": ""Unidade  "", ""orcamentoSigiloso"": false, ""itemCategoriaId"": 3, ""itemCategoriaNome"": ""Não se aplica"", ""patrimonio"": null, ""codigoRegistroImobiliario"": null, ""criterioJulgamentoId"": 1, ""criterioJulgamentoNome"": ""Menor preço"", ""situacaoCompraItem"": 2, ""situacaoCompraItemNome"": ""Homologado"", ""tipoBeneficio"": 4, ""tipoBeneficioNome"": ""Sem benefício"", ""incentivoProdutivoBasico"": false, ""dataInclusao"": ""2025-03-26T09:34:48"", ""dataAtualizacao"": ""2025-04-30T08:05:34"", ""temResultado"": true, ""imagem"": 0, ""aplicabilidadeMargemPreferenciaNormal"": false, ""aplicabilidadeMargemPreferenciaAdicional"": false, ""percentualMargemPreferenciaNormal"": null, ""percentualMargemPreferenciaAdicional"": null, ""ncmNbsCodigo"": null, ""ncmNbsDescricao"": null, ""catalogo"": null, ""categoriaItemCatalogo"": null, ""catalogoCodigoItem"": null, ""informacaoComplementar"": null, ""tipoMargemPreferencia"": null, ""exigenciaConteudoNacional"": false}";2026-09-12T19:31:59.404570;00508903000188;JUSTICA FEDERAL DE PRIMEIRA INSTANCIA;federal;F;090037;JUSTICA FEDERAL DE 1A. INSTANCIA/AP;Macapá;AP;8;Dispensa;0;2025-03-26T09:34:48;2025-03-26T09:34:46;2025-04-01T07:59:59;1;Divulgada no PNCP;generico;1.0;7900.01;1.0;1.0;False;0.0;;False;E23;esportivo;Medalha de premiacao;8306.29.00
00508903000188-1-000602/2025;2;Troféu;M;1.0;Unidade  ;unidade;1.0;unidade original ja comparavel (sem conversao);0.0;0.0;0;2;Homologado;1;;;;2025-03-26T09:34:48;2025-04-30T08:05:40;ACEITO;E22;esportivo;casou regra de identidade do produto E22;v2;ok;"{""numeroItem"": 2, ""descricao"": ""Troféu"", ""materialOuServico"": ""M"", ""materialOuServicoNome"": ""Material"", ""valorUnitarioEstimado"": 0.0, ""valorTotal"": 0.0, ""quantidade"": 1.0, ""unidadeMedida"": ""Unidade  "", ""orcamentoSigiloso"": false, ""itemCategoriaId"": 3, ""itemCategoriaNome"": ""Não se aplica"", ""patrimonio"": null, ""codigoRegistroImobiliario"": null, ""criterioJulgamentoId"": 1, ""criterioJulgamentoNome"": ""Menor preço"", ""situacaoCompraItem"": 2, ""situacaoCompraItemNome"": ""Homologado"", ""tipoBeneficio"": 4, ""tipoBeneficioNome"": ""Sem benefício"", ""incentivoProdutivoBasico"": false, ""dataInclusao"": ""2025-03-26T09:34:48"", ""dataAtualizacao"": ""2025-04-30T08:05:40"", ""temResultado"": true, ""imagem"": 0, ""aplicabilidadeMargemPreferenciaNormal"": false, ""aplicabilidadeMargemPreferenciaAdicional"": false, ""percentualMargemPreferenciaNormal"": null, ""percentualMargemPreferenciaAdicional"": null, ""ncmNbsCodigo"": null, ""ncmNbsDescricao"": null, ""catalogo"": null, ""categoriaItemCatalogo"": null, ""catalogoCodigoItem"": null, ""informacaoComplementar"": null, ""tipoMargemPreferencia"": null, ""exigenciaConteudoNacional"": false}";2026-09-12T19:31:59.404570;00508903000188;JUSTICA FEDERAL DE PRIMEIRA INSTANCIA;federal;F;090037;JUSTICA FEDERAL DE 1A. INSTANCIA/AP;Macapá;AP;8;Dispensa;0;2025-03-26T09:34:48;2025-03-26T09:34:46;2025-04-01T07:59:59;1;Divulgada no PNCP;generico;1.0;1400.0;1.0;1.0;False;0.0;;False;E22;esportivo;Trofeu;3926.40.00
25002757000145-1-000004/2025;3302;"COLCHONETE - Material: espuma poliuretano; Revestimento: courvim soldado eletronicamente; Densidade: 23; Comprimento: 1,80 m; Largura: 50 cm ; Espessura: 3 cm.";M;5.0;Ind - 1 - unidade;Ind - 1 - unidade;;"unidade nao reconhecida no dicionario; preservada como original";410.0;2050.0;0;2;Homologado;1;;;;2025-03-27T08:53:21;2025-04-15T11:45:30;ACEITO;E15;esportivo;casou regra de identidade do produto E15;v2;ok;"{""numeroItem"": 3302, ""descricao"": ""COLCHONETE - Material: espuma poliuretano; Revestimento: courvim soldado eletronicamente; Densidade: 23; Comprimento: 1,80 m; Largura: 50 cm ; Espessura: 3 cm."", ""materialOuServico"": ""M"", ""materialOuServicoNome"": ""Material"", ""valorUnitarioEstimado"": 410.0, ""valorTotal"": 2050.0, ""quantidade"": 5.0, ""unidadeMedida"": ""Ind - 1 - unidade"", ""orcamentoSigiloso"": false, ""itemCategoriaId"": 3, ""itemCategoriaNome"": ""Não se aplica"", ""patrimonio"": null, ""codigoRegistroImobiliario"": null, ""criterioJulgamentoId"": 1, ""criterioJulgamentoNome"": ""Menor preço"", ""situacaoCompraItem"": 2, ""situacaoCompraItemNome"": ""Homologado"", ""tipoBeneficio"": 1, ""tipoBeneficioNome"": ""Participação exclusiva para ME/EPP"", ""incentivoProdutivoBasico"": false, ""dataInclusao"": ""2025-03-27T08:53:21"", ""dataAtualizacao"": ""2025-04-15T11:45:30"", ""temResultado"": true, ""imagem"": 0, ""aplicabilidadeMargemPreferenciaNormal"": false, ""aplicabilidadeMargemPreferenciaAdicional"": false, ""percentualMargemPreferenciaNormal"": null, ""percentualMargemPreferenciaAdicional"": null, ""ncmNbsCodigo"": null, ""ncmNbsDescricao"": null, ""catalogo"": null, ""categoriaItemCatalogo"": null, ""catalogoCodigoItem"": null, ""informacaoComplementar"": null, ""tipoMargemPreferencia"": null, ""exigenciaConteudoNacional"": false}";2026-09-12T19:32:01.586661;25002757000145;FUNDO DE REEQUIPAMENTO DO CORPO DE BOMBEIROS MILITAR DO ESTADO DO AMAPA - FREBOM;estadual;E;3;FUNDO DE REEQUIPAMENTO DO CORPO DE BOMBEIROS;Macapá;AP;8;Dispensa;0;2025-03-27T08:53:21;;;1;Divulgada no PNCP;esp3cm;5.0;1215.0;1.0;1.0;False;2050.0;40.73170731707317;False;E15;esportivo;Colchonete de ginastica;3921.19.00
15025396000107-1-000001/2025;1;Colchonete;M;80.0;Unidade  ;unidade;1.0;unidade original ja comparavel (sem conversao);305.0;24400.0;0;1;Em andamento;0;;;;2025-05-13T15:36:18;2025-05-13T15:36:18;ACEITO;E15;esportivo;casou regra de identidade do produto E15;v2;sem_registros;"{""numeroItem"": 1, ""descricao"": ""Colchonete"", ""materialOuServico"": ""M"", ""materialOuServicoNome"": ""Material"", ""valorUnitarioEstimado"": 305.0, ""valorTotal"": 24400.0, ""quantidade"": 80.0, ""unidadeMedida"": ""Unidade  "", ""orcamentoSigiloso"": false, ""itemCategoriaId"": 3, ""itemCategoriaNome"": ""Não se aplica"", ""patrimonio"": null, ""codigoRegistroImobiliario"": null, ""criterioJulgamentoId"": 1, ""criterioJulgamentoNome"": ""Menor preço"", ""situacaoCompraItem"": 1, ""situacaoCompraItemNome"": ""Em andamento"", ""tipoBeneficio"": 1, ""tipoBeneficioNome"": ""Participação exclusiva para ME/EPP"", ""incentivoProdutivoBasico"": false, ""dataInclusao"": ""2025-05-13T15:36:18"", ""dataAtualizacao"": ""2025-05-13T15:36:18"", ""temResultado"": false, ""imagem"": 0, ""aplicabilidadeMargemPreferenciaNormal"": false, ""aplicabilidadeMargemPreferenciaAdicional"": false, ""percentualMargemPreferenciaNormal"": null, ""percentualMargemPreferenciaAdicional"": null, ""ncmNbsCodigo"": null, ""ncmNbsDescricao"": null, ""catalogo"": null, ""categoriaItemCatalogo"": null, ""catalogoCodigoItem"": null, ""informacaoComplementar"": null, ""tipoMargemPreferencia"": null, ""exigenciaConteudoNacional"": false}";2026-09-12T19:34:25.852149;15025396000107;FUNDO MUNICIPAL DE EDUCACAO DE LARANJAL DO JARI;municipal;M;929426;FUNDO MUNIC.EDUCAÇÃO DE LARANJAL DO JARI - AP;Laranjal do Jari;AP;8;Dispensa;0;2025-05-13T15:36:18;2025-05-13T15:36:16;2025-05-20T09:59:59;1;Divulgada no PNCP;generico;0.0;0.0;;;False;;;False;E15;esportivo;Colchonete de ginastica;3921.19.00
00394502001205-1-000471/2025;3;Mesa Tênis De Mesa / Futmesa;M;1.0;Unidade  ;unidade;1.0;unidade original ja comparavel (sem conversao);1480.26;1480.26;0;2;Homologado;1;;;;2025-05-30T16:46:40;2025-10-08T16:45:02;ACEITO;E20;esportivo;casou regra de identidade do produto E20;v2;ok;"{""numeroItem"": 3, ""descricao"": ""Mesa Tênis De Mesa / Futmesa"", ""materialOuServico"": ""M"", ""materialOuServicoNome"": ""Material"", ""valorUnitarioEstimado"": 1480.26, ""valorTotal"": 1480.26, ""quantidade"": 1.0, ""unidadeMedida"": ""Unidade  "", ""orcamentoSigiloso"": false, ""itemCategoriaId"": 3, ""itemCategoriaNome"": ""Não se aplica"", ""patrimonio"": null, ""codigoRegistroImobiliario"": null, ""criterioJulgamentoId"": 1, ""criterioJulgamentoNome"": ""Menor preço"", ""situacaoCompraItem"": 2, ""situacaoCompraItemNome"": ""Homologado"", ""tipoBeneficio"": 1, ""tipoBeneficioNome"": ""Participação exclusiva para ME/EPP"", ""incentivoProdutivoBasico"": false, ""dataInclusao"": ""2025-05-30T16:46:40"", ""dataAtualizacao"": ""2025-10-08T16:45:02"", ""temResultado"": true, ""imagem"": 0, ""aplicabilidadeMargemPreferenciaNormal"": false, ""aplicabilidadeMargemPreferenciaAdicional"": false, ""percentualMargemPreferenciaNormal"": null, ""percentualMargemPreferenciaAdicional"": null, ""ncmNbsCodigo"": null, ""ncmNbsDescricao"": null, ""catalogo"": null, ""categoriaItemCatalogo"": null, ""catalogoCodigoItem"": null, ""informacaoComplementar"": null, ""tipoMargemPreferencia"": null, ""exigenciaConteudoNacional"": false}";2026-09-12T19:35:29.200906;00394502001205;COMANDO DA MARINHA;federal;F;784312;CAPITANIA DOS PORTOS DO AMAPÁ;Santana;AP;8;Dispensa;0;2025-05-30T16:46:40;2025-05-30T16:46:37;2025-06-05T07:59:59;1;Divulgada no PNCP;generico;1.0;1480.0;1.0;1.0;False;1480.26;0.017564481915333108;False;E20;esportivo;Mesa de tenis de mesa;9506.40.00
05990437000133-1-000014/2025;1;Apito aplicação: esporte, material: metal cromado, tamanho: grande, tipo: profissional;M;15.0;Unidade;unidade;1.0;unidade original ja comparavel (sem conversao);37.5;562.5;0;2;Homologado;1;;;;2025-06-18T06:41:14;2025-06-18T06:44:18;ACEITO;E12;esportivo;casou regra de identidade do produto E12;v2;ok;"{""numeroItem"": 1, ""descricao"": ""Apito aplicação: esporte, material: metal cromado, tamanho: grande, tipo: profissional"", ""materialOuServico"": ""M"", ""materialOuServicoNome"": ""Material"", ""valorUnitarioEstimado"": 37.5, ""valorTotal"": 562.5, ""quantidade"": 15.0, ""unidadeMedida"": ""Unidade"", ""orcamentoSigiloso"": false, ""itemCategoriaId"": 3, ""itemCategoriaNome"": ""Não se aplica"", ""patrimonio"": null, ""codigoRegistroImobiliario"": null, ""criterioJulgamentoId"": 7, ""criterioJulgamentoNome"": ""Não se aplica"", ""situacaoCompraItem"": 2, ""situacaoCompraItemNome"": ""Homologado"", ""tipoBeneficio"": 5, ""tipoBeneficioNome"": ""Não se aplica"", ""incentivoProdutivoBasico"": false, ""dataInclusao"": ""2025-06-18T06:41:14"", ""dataAtualizacao"": ""2025-06-18T06:44:18"", ""temResultado"": true, ""imagem"": 0, ""aplicabilidadeMargemPreferenciaNormal"": false, ""aplicabilidadeMargemPreferenciaAdicional"": false, ""percentualMargemPreferenciaNormal"": null, ""percentualMargemPreferenciaAdicional"": null, ""ncmNbsCodigo"": null, ""ncmNbsDescricao"": null, ""catalogo"": null, ""categoriaItemCatalogo"": null, ""catalogoCodigoItem"": null, ""informacaoComplementar"": null, ""tipoMargemPreferencia"": null, ""exigenciaConteudoNacional"": false}";2026-09-12T19:36:36.991025;05990437000133;MUNICIPIO DE CALCOENE;municipal;M;932334;MAP-PREFEITURA MUNICIPAL DE CALÇOENE;Calçoene;AP;8;Dispensa;0;2025-06-18T06:41:14;;;1;Divulgada no PNCP;generico;15.0;562.5;1.0;1.0;False;562.5;0.0;False;E12;esportivo;Apito de arbitro;9208.90.00
05990437000133-1-000014/2025;5;Colchonete Ginástica comprimento: 1,80, espessura: 6, largura: 0,60, material: courvin;M;40.0;Unidade;unidade;1.0;unidade original ja comparavel (sem conversao);78.56;3142.4;0;2;Homologado;1;;;;2025-06-18T06:41:44;2025-06-18T06:44:52;ACEITO;E15;esportivo;casou regra de identidade do produto E15;v2;ok;"{""numeroItem"": 5, ""descricao"": ""Colchonete Ginástica comprimento: 1,80, espessura: 6, largura: 0,60, material: courvin"", ""materialOuServico"": ""M"", ""materialOuServicoNome"": ""Material"", ""valorUnitarioEstimado"": 78.56, ""valorTotal"": 3142.4, ""quantidade"": 40.0, ""unidadeMedida"": ""Unidade"", ""orcamentoSigiloso"": false, ""itemCategoriaId"": 3, ""itemCategoriaNome"": ""Não se aplica"", ""patrimonio"": null, ""codigoRegistroImobiliario"": null, ""criterioJulgamentoId"": 7, ""criterioJulgamentoNome"": ""Não se aplica"", ""situacaoCompraItem"": 2, ""situacaoCompraItemNome"": ""Homologado"", ""tipoBeneficio"": 5, ""tipoBeneficioNome"": ""Não se aplica"", ""incentivoProdutivoBasico"": false, ""dataInclusao"": ""2025-06-18T06:41:44"", ""dataAtualizacao"": ""2025-06-18T06:44:52"", ""temResultado"": true, ""imagem"": 0, ""aplicabilidadeMargemPreferenciaNormal"": false, ""aplicabilidadeMargemPreferenciaAdicional"": false, ""percentualMargemPreferenciaNormal"": null, ""percentualMargemPreferenciaAdicional"": null, ""ncmNbsCodigo"": null, ""ncmNbsDescricao"": null, ""catalogo"": null, ""categoriaItemCatalogo"": null, ""catalogoCodigoItem"": null, ""informacaoComplementar"": null, ""tipoMargemPreferencia"": null, ""exigenciaConteudoNacional"": false}";2026-09-12T19:36:36.993033;05990437000133;MUNICIPIO DE CALCOENE;municipal;M;932334;MAP-PREFEITURA MUNICIPAL DE CALÇOENE;Calçoene;AP;8;Dispensa;0;2025-06-18T06:41:14;;;1;Divulgada no PNCP;generico;40.0;3142.4;1.0;1.0;False;3142.4;0.0;False;E15;esportivo;Colchonete de ginastica;3921.19.00
05990437000133-1-000014/2025;6;Cronômetro características adicionais: funçoes: bússola, hora, data alarme, despertador, material carcaça: plástico resistente, tipo: stopwatch;M;15.0;Unidade;unidade;1.0;unidade original ja comparavel (sem conversao);40.54;608.1;0;2;Homologado;1;;;;2025-06-18T06:41:51;2025-06-18T06:45:03;ACEITO;E13;esportivo;casou regra de identidade do produto E13;v2;ok;"{""numeroItem"": 6, ""descricao"": ""Cronômetro características adicionais: funçoes: bússola, hora, data alarme, despertador, material carcaça: plástico resistente, tipo: stopwatch"", ""materialOuServico"": ""M"", ""materialOuServicoNome"": ""Material"", ""valorUnitarioEstimado"": 40.54, ""valorTotal"": 608.1, ""quantidade"": 15.0, ""unidadeMedida"": ""Unidade"", ""orcamentoSigiloso"": false, ""itemCategoriaId"": 3, ""itemCategoriaNome"": ""Não se aplica"", ""patrimonio"": null, ""codigoRegistroImobiliario"": null, ""criterioJulgamentoId"": 7, ""criterioJulgamentoNome"": ""Não se aplica"", ""situacaoCompraItem"": 2, ""situacaoCompraItemNome"": ""Homologado"", ""tipoBeneficio"": 5, ""tipoBeneficioNome"": ""Não se aplica"", ""incentivoProdutivoBasico"": false, ""dataInclusao"": ""2025-06-18T06:41:51"", ""dataAtualizacao"": ""2025-06-18T06:45:03"", ""temResultado"": true, ""imagem"": 0, ""aplicabilidadeMargemPreferenciaNormal"": false, ""aplicabilidadeMargemPreferenciaAdicional"": false, ""percentualMargemPreferenciaNormal"": null, ""percentualMargemPreferenciaAdicional"": null, ""ncmNbsCodigo"": null, ""ncmNbsDescricao"": null, ""catalogo"": null, ""categoriaItemCatalogo"": null, ""catalogoCodigoItem"": null, ""informacaoComplementar"": null, ""tipoMargemPreferencia"": null, ""exigenciaConteudoNacional"": false}";2026-09-12T19:36:36.993033;05990437000133;MUNICIPIO DE CALCOENE;municipal;M;932334;MAP-PREFEITURA MUNICIPAL DE CALÇOENE;Calçoene;AP;8;Dispensa;0;2025-06-18T06:41:14;;;1;Divulgada no PNCP;generico;15.0;608.1;1.0;1.0;False;608.1;0.0;False;E13;esportivo;Cronometro digital profissional;9106.90.00
00394502002864-1-001926/2025;5;Cronômetro;M;1.0;Unidade  ;unidade;1.0;unidade original ja comparavel (sem conversao);335.6;335.6;0;2;Homologado;1;;;;2025-07-18T15:46:00;2025-07-30T11:15:58;ACEITO;E13;esportivo;casou regra de identidade do produto E13;v2;ok;"{""numeroItem"": 5, ""descricao"": ""Cronômetro"", ""materialOuServico"": ""M"", ""materialOuServicoNome"": ""Material"", ""valorUnitarioEstimado"": 335.6, ""valorTotal"": 335.6, ""quantidade"": 1.0, ""unidadeMedida"": ""Unidade  "", ""orcamentoSigiloso"": false, ""itemCategoriaId"": 3, ""itemCategoriaNome"": ""Não se aplica"", ""patrimonio"": null, ""codigoRegistroImobiliario"": null, ""criterioJulgamentoId"": 1, ""criterioJulgamentoNome"": ""Menor preço"", ""situacaoCompraItem"": 2, ""situacaoCompraItemNome"": ""Homologado"", ""tipoBeneficio"": 1, ""tipoBeneficioNome"": ""Participação exclusiva para ME/EPP"", ""incentivoProdutivoBasico"": false, ""dataInclusao"": ""2025-07-18T15:46:00"", ""dataAtualizacao"": ""2025-07-30T11:15:58"", ""temResultado"": true, ""imagem"": 0, ""aplicabilidadeMargemPreferenciaNormal"": false, ""aplicabilidadeMargemPreferenciaAdicional"": false, ""percentualMargemPreferenciaNormal"": null, ""percentualMargemPreferenciaAdicional"": null, ""ncmNbsCodigo"": null, ""ncmNbsDescricao"": null, ""catalogo"": null, ""categoriaItemCatalogo"": null, ""catalogoCodigoItem"": null, ""informacaoComplementar"": null, ""tipoMargemPreferencia"": null, ""exigenciaConteudoNacional"": false}";2026-09-12T19:39:38.681457;00394502002864;COMANDO DA MARINHA;federal;F;784312;CAPITANIA DOS PORTOS DO AMAPÁ;Santana;AP;8;Dispensa;0;2025-07-18T15:46:00;2025-07-18T15:45:59;2025-07-23T07:59:59;1;Divulgada no PNCP;generico;1.0;328.8;1.0;1.0;False;335.6;2.026221692491059;False;E13;esportivo;Cronometro digital profissional;9106.90.00
04892707002588-1-000002/2025;8;Caneta Esferográfica;M;10.0;Caixa 50,00 UN;Caixa 50,00 UN;;"unidade nao reconhecida no dicionario; preservada como original";42.825;428.25;0;2;Homologado;1;;;;2025-07-18T15:58:48;2025-10-28T12:44:18;ACEITO;P06;educativo;casou regra de identidade do produto P06;v2;ok;"{""numeroItem"": 8, ""descricao"": ""Caneta Esferográfica"", ""materialOuServico"": ""M"", ""materialOuServicoNome"": ""Material"", ""valorUnitarioEstimado"": 42.825, ""valorTotal"": 428.25, ""quantidade"": 10.0, ""unidadeMedida"": ""Caixa 50,00 UN"", ""orcamentoSigiloso"": false, ""itemCategoriaId"": 3, ""itemCategoriaNome"": ""Não se aplica"", ""patrimonio"": null, ""codigoRegistroImobiliario"": null, ""criterioJulgamentoId"": 1, ""criterioJulgamentoNome"": ""Menor preço"", ""situacaoCompraItem"": 2, ""situacaoCompraItemNome"": ""Homologado"", ""tipoBeneficio"": 1, ""tipoBeneficioNome"": ""Participação exclusiva para ME/EPP"", ""incentivoProdutivoBasico"": false, ""dataInclusao"": ""2025-07-18T15:58:48"", ""dataAtualizacao"": ""2025-10-28T12:44:18"", ""temResultado"": true, ""imagem"": 0, ""aplicabilidadeMargemPreferenciaNormal"": false, ""aplicabilidadeMargemPreferenciaAdicional"": false, ""percentualMargemPreferenciaNormal"": null, ""percentualMargemPreferenciaAdicional"": null, ""ncmNbsCodigo"": null, ""ncmNbsDescricao"": null, ""catalogo"": null, ""categoriaItemCatalogo"": null, ""catalogoCodigoItem"": null, ""informacaoComplementar"": null, ""tipoMargemPreferencia"": null, ""exigenciaConteudoNacional"": false}";2026-09-12T19:39:41.292929;04892707002588;DNIT-DEPARTAMENTO NACIONAL DE INFRAEST DE TRANSPORTES;federal;F;390071;SUPERINTENDÊNCIA REGIONAL DO DNIT - AP;Macapá;AP;8;Dispensa;0;2025-07-18T15:58:48;2025-07-18T15:58:44;2025-07-24T07:59:59;1;Divulgada no PNCP;generico;10.0;378.0;1.0;1.0;False;428.25;11.733800350262701;False;P06;educativo;Caneta esferografica azul/preta/vermelha;9608.10.00
04892707002588-1-000002/2025;9;Caneta Esferográfica;M;10.0;Caixa 50,00 UN;Caixa 50,00 UN;;"unidade nao reconhecida no dicionario; preservada como original";40.0;400.0;0;2;Homologado;1;;;;2025-07-18T15:58:48;2025-10-28T12:44:19;ACEITO;P06;educativo;casou regra de identidade do produto P06;v2;ok;"{""numeroItem"": 9, ""descricao"": ""Caneta Esferográfica"", ""materialOuServico"": ""M"", ""materialOuServicoNome"": ""Material"", ""valorUnitarioEstimado"": 40.0, ""valorTotal"": 400.0, ""quantidade"": 10.0, ""unidadeMedida"": ""Caixa 50,00 UN"", ""orcamentoSigiloso"": false, ""itemCategoriaId"": 3, ""itemCategoriaNome"": ""Não se aplica"", ""patrimonio"": null, ""codigoRegistroImobiliario"": null, ""criterioJulgamentoId"": 1, ""criterioJulgamentoNome"": ""Menor preço"", ""situacaoCompraItem"": 2, ""situacaoCompraItemNome"": ""Homologado"", ""tipoBeneficio"": 1, ""tipoBeneficioNome"": ""Participação exclusiva para ME/EPP"", ""incentivoProdutivoBasico"": false, ""dataInclusao"": ""2025-07-18T15:58:48"", ""dataAtualizacao"": ""2025-10-28T12:44:19"", ""temResultado"": true, ""imagem"": 0, ""aplicabilidadeMargemPreferenciaNormal"": false, ""aplicabilidadeMargemPreferenciaAdicional"": false, ""percentualMargemPreferenciaNormal"": null, ""percentualMargemPreferenciaAdicional"": null, ""ncmNbsCodigo"": null, ""ncmNbsDescricao"": null, ""catalogo"": null, ""categoriaItemCatalogo"": null, ""catalogoCodigoItem"": null, ""informacaoComplementar"": null, ""tipoMargemPreferencia"": null, ""exigenciaConteudoNacional"": false}";2026-09-12T19:39:41.292929;04892707002588;DNIT-DEPARTAMENTO NACIONAL DE INFRAEST DE TRANSPORTES;federal;F;390071;SUPERINTENDÊNCIA REGIONAL DO DNIT - AP;Macapá;AP;8;Dispensa;0;2025-07-18T15:58:48;2025-07-18T15:58:44;2025-07-24T07:59:59;1;Divulgada no PNCP;generico;10.0;375.0;1.0;1.0;False;400.0;6.25;False;P06;educativo;Caneta esferografica azul/preta/vermelha;9608.10.00
04892707002588-1-000002/2025;10;Caneta Esferográfica;M;5.0;Caixa 50,00 UN;Caixa 50,00 UN;;"unidade nao reconhecida no dicionario; preservada como original";44.99;224.95;0;2;Homologado;1;;;;2025-07-18T15:58:48;2025-10-28T12:44:21;ACEITO;P06;educativo;casou regra de identidade do produto P06;v2;ok;"{""numeroItem"": 10, ""descricao"": ""Caneta Esferográfica"", ""materialOuServico"": ""M"", ""materialOuServicoNome"": ""Material"", ""valorUnitarioEstimado"": 44.99, ""valorTotal"": 224.95, ""quantidade"": 5.0, ""unidadeMedida"": ""Caixa 50,00 UN"", ""orcamentoSigiloso"": false, ""itemCategoriaId"": 3, ""itemCategoriaNome"": ""Não se aplica"", ""patrimonio"": null, ""codigoRegistroImobiliario"": null, ""criterioJulgamentoId"": 1, ""criterioJulgamentoNome"": ""Menor preço"", ""situacaoCompraItem"": 2, ""situacaoCompraItemNome"": ""Homologado"", ""tipoBeneficio"": 1, ""tipoBeneficioNome"": ""Participação exclusiva para ME/EPP"", ""incentivoProdutivoBasico"": false, ""dataInclusao"": ""2025-07-18T15:58:48"", ""dataAtualizacao"": ""2025-10-28T12:44:21"", ""temResultado"": true, ""imagem"": 0, ""aplicabilidadeMargemPreferenciaNormal"": false, ""aplicabilidadeMargemPreferenciaAdicional"": false, ""percentualMargemPreferenciaNormal"": null, ""percentualMargemPreferenciaAdicional"": null, ""ncmNbsCodigo"": null, ""ncmNbsDescricao"": null, ""catalogo"": null, ""categoriaItemCatalogo"": null, ""catalogoCodigoItem"": null, ""informacaoComplementar"": null, ""tipoMargemPreferencia"": null, ""exigenciaConteudoNacional"": false}";2026-09-12T19:39:41.292929;04892707002588;DNIT-DEPARTAMENTO NACIONAL DE INFRAEST DE TRANSPORTES;federal;F;390071;SUPERINTENDÊNCIA REGIONAL DO DNIT - AP;Macapá;AP;8;Dispensa;0;2025-07-18T15:58:48;2025-07-18T15:58:44;2025-07-24T07:59:59;1;Divulgada no PNCP;generico;5.0;195.0;1.0;1.0;False;224.95000000000002;13.314069793287409;False;P06;educativo;Caneta esferografica azul/preta/vermelha;9608.10.00
22918796000107-1-000009/2025;3713;"CANETA - Tipo: esferográfica; Cor: preta; Corpo: plástico; Ponta: média; Material da Ponta: esfera de tungstênio.";M;10.0;Cx 50 Un.;Cx 50 Un.;;"unidade nao reconhecida no dicionario; preservada como original";37.63;376.3;0;5;Fracassado;0;;;;2025-08-14T09:56:42;2025-09-03T11:04:33;ACEITO;P06;educativo;casou regra de identidade do produto P06;v2;sem_registros;"{""numeroItem"": 3713, ""descricao"": ""CANETA - Tipo: esferográfica; Cor: preta; Corpo: plástico; Ponta: média; Material da Ponta: esfera de tungstênio."", ""materialOuServico"": ""M"", ""materialOuServicoNome"": ""Material"", ""valorUnitarioEstimado"": 37.63, ""valorTotal"": 376.3, ""quantidade"": 10.0, ""unidadeMedida"": ""Cx 50 Un."", ""orcamentoSigiloso"": false, ""itemCategoriaId"": 3, ""itemCategoriaNome"": ""Não se aplica"", ""patrimonio"": null, ""codigoRegistroImobiliario"": null, ""criterioJulgamentoId"": 1, ""criterioJulgamentoNome"": ""Menor preço"", ""situacaoCompraItem"": 5, ""situacaoCompraItemNome"": ""Fracassado"", ""tipoBeneficio"": 1, ""tipoBeneficioNome"": ""Participação exclusiva para ME/EPP"", ""incentivoProdutivoBasico"": false, ""dataInclusao"": ""2025-08-14T09:56:42"", ""dataAtualizacao"": ""2025-09-03T11:04:33"", ""temResultado"": false, ""imagem"": 0, ""aplicabilidadeMargemPreferenciaNormal"": false, ""aplicabilidadeMargemPreferenciaAdicional"": false, ""percentualMargemPreferenciaNormal"": null, ""percentualMargemPreferenciaAdicional"": null, ""ncmNbsCodigo"": null, ""ncmNbsDescricao"": null, ""catalogo"": null, ""categoriaItemCatalogo"": null, ""catalogoCodigoItem"": null, ""informacaoComplementar"": null, ""tipoMargemPreferencia"": null, ""exigenciaConteudoNacional"": false}";2026-09-12T19:40:39.595935;22918796000107;AGENCIA DE DESENVOLVIMENTO ECONOMICO DO AMAPA;estadual;E;62;AGÊNCIA DE DESENVOLVIMENTO ECONÔMICO DO AMAPÁ;Macapá;AP;8;Dispensa;0;2025-08-14T09:56:42;;;1;Divulgada no PNCP;generico;0.0;0.0;;;False;;;False;P06;educativo;Caneta esferografica azul/preta/vermelha;9608.10.00
22918796000107-1-000009/2025;3714;"CANETA - Tipo: esferográfica; Cor: azul; Corpo: plástico; Ponta: média; Material da Ponta: esfera de tungstênio.";M;10.0;Cx 50 Un.;Cx 50 Un.;;"unidade nao reconhecida no dicionario; preservada como original";37.63;376.3;0;5;Fracassado;0;;;;2025-08-14T09:56:42;2025-09-03T11:05:30;ACEITO;P06;educativo;casou regra de identidade do produto P06;v2;sem_registros;"{""numeroItem"": 3714, ""descricao"": ""CANETA - Tipo: esferográfica; Cor: azul; Corpo: plástico; Ponta: média; Material da Ponta: esfera de tungstênio."", ""materialOuServico"": ""M"", ""materialOuServicoNome"": ""Material"", ""valorUnitarioEstimado"": 37.63, ""valorTotal"": 376.3, ""quantidade"": 10.0, ""unidadeMedida"": ""Cx 50 Un."", ""orcamentoSigiloso"": false, ""itemCategoriaId"": 3, ""itemCategoriaNome"": ""Não se aplica"", ""patrimonio"": null, ""codigoRegistroImobiliario"": null, ""criterioJulgamentoId"": 1, ""criterioJulgamentoNome"": ""Menor preço"", ""situacaoCompraItem"": 5, ""situacaoCompraItemNome"": ""Fracassado"", ""tipoBeneficio"": 1, ""tipoBeneficioNome"": ""Participação exclusiva para ME/EPP"", ""incentivoProdutivoBasico"": false, ""dataInclusao"": ""2025-08-14T09:56:42"", ""dataAtualizacao"": ""2025-09-03T11:05:30"", ""temResultado"": false, ""imagem"": 0, ""aplicabilidadeMargemPreferenciaNormal"": false, ""aplicabilidadeMargemPreferenciaAdicional"": false, ""percentualMargemPreferenciaNormal"": null, ""percentualMargemPreferenciaAdicional"": null, ""ncmNbsCodigo"": null, ""ncmNbsDescricao"": null, ""catalogo"": null, ""categoriaItemCatalogo"": null, ""catalogoCodigoItem"": null, ""informacaoComplementar"": null, ""tipoMargemPreferencia"": null, ""exigenciaConteudoNacional"": false}";2026-09-12T19:40:39.595935;22918796000107;AGENCIA DE DESENVOLVIMENTO ECONOMICO DO AMAPA;estadual;E;62;AGÊNCIA DE DESENVOLVIMENTO ECONÔMICO DO AMAPÁ;Macapá;AP;8;Dispensa;0;2025-08-14T09:56:42;;;1;Divulgada no PNCP;generico;0.0;0.0;;;False;;;False;P06;educativo;Caneta esferografica azul/preta/vermelha;9608.10.00
34870246000136-1-000050/2025;2;Caneta Esferográfica características adicionais: retrátil, 1.0 mm, personalizada, cor tinta: azul, material: metal, material ponta: metal, tipo escrita: média;M;400.0;Unidade;unidade;1.0;unidade original ja comparavel (sem conversao);5.6;2240.0;0;2;Homologado;1;;;;2025-08-18T09:50:20;2025-08-18T09:53:20;ACEITO;P06;educativo;casou regra de identidade do produto P06;v2;ok;"{""numeroItem"": 2, ""descricao"": ""Caneta Esferográfica características adicionais: retrátil, 1.0 mm, personalizada, cor tinta: azul, material: metal, material ponta: metal, tipo escrita: média"", ""materialOuServico"": ""M"", ""materialOuServicoNome"": ""Material"", ""valorUnitarioEstimado"": 5.6, ""valorTotal"": 2240.0, ""quantidade"": 400.0, ""unidadeMedida"": ""Unidade"", ""orcamentoSigiloso"": false, ""itemCategoriaId"": 3, ""itemCategoriaNome"": ""Não se aplica"", ""patrimonio"": null, ""codigoRegistroImobiliario"": null, ""criterioJulgamentoId"": 7, ""criterioJulgamentoNome"": ""Não se aplica"", ""situacaoCompraItem"": 2, ""situacaoCompraItemNome"": ""Homologado"", ""tipoBeneficio"": 5, ""tipoBeneficioNome"": ""Não se aplica"", ""incentivoProdutivoBasico"": false, ""dataInclusao"": ""2025-08-18T09:50:20"", ""dataAtualizacao"": ""2025-08-18T09:53:20"", ""temResultado"": true, ""imagem"": 0, ""aplicabilidadeMargemPreferenciaNormal"": false, ""aplicabilidadeMargemPreferenciaAdicional"": false, ""percentualMargemPreferenciaNormal"": null, ""percentualMargemPreferenciaAdicional"": null, ""ncmNbsCodigo"": null, ""ncmNbsDescricao"": null, ""catalogo"": null, ""categoriaItemCatalogo"": null, ""catalogoCodigoItem"": null, ""informacaoComplementar"": null, ""tipoMargemPreferencia"": null, ""exigenciaConteudoNacional"": false}";2026-09-12T19:40:59.762970;34870246000136;TRIBUNAL DE CONTAS DO ESTADO DO AMAPA;estadual;E;927045;TRIBUNAL DE CONTAS DO ESTADO DO AMAPÁ;Macapá;AP;8;Dispensa;0;2025-08-18T09:50:16;;;1;Divulgada no PNCP;generico;400.0;2240.0;1.0;1.0;False;2240.0;0.0;False;P06;educativo;Caneta esferografica azul/preta/vermelha;9608.10.00
05194039000100-1-000018/2025;3944;"CONE DE SINALIZAÇÃO - Material: PVC flexível; Altura: 70 a 76 cm; Características adicionais: com faixa refletiva.";M;120.0;Ind 1 un;Ind 1 un;;"unidade nao reconhecida no dicionario; preservada como original";114.19;13702.8;0;2;Homologado;1;;;;2025-09-23T09:33:05;2025-10-07T11:55:00;ACEITO;E10;esportivo;casou regra de identidade do produto E10;v2;ok;"{""numeroItem"": 3944, ""descricao"": ""CONE DE SINALIZAÇÃO - Material: PVC flexível; Altura: 70 a 76 cm; Características adicionais: com faixa refletiva."", ""materialOuServico"": ""M"", ""materialOuServicoNome"": ""Material"", ""valorUnitarioEstimado"": 114.19, ""valorTotal"": 13702.8, ""quantidade"": 120.0, ""unidadeMedida"": ""Ind 1 un"", ""orcamentoSigiloso"": false, ""itemCategoriaId"": 3, ""itemCategoriaNome"": ""Não se aplica"", ""patrimonio"": null, ""codigoRegistroImobiliario"": null, ""criterioJulgamentoId"": 1, ""criterioJulgamentoNome"": ""Menor preço"", ""situacaoCompraItem"": 2, ""situacaoCompraItemNome"": ""Homologado"", ""tipoBeneficio"": 1, ""tipoBeneficioNome"": ""Participação exclusiva para ME/EPP"", ""incentivoProdutivoBasico"": false, ""dataInclusao"": ""2025-09-23T09:33:05"", ""dataAtualizacao"": ""2025-10-07T11:55:00"", ""temResultado"": true, ""imagem"": 0, ""aplicabilidadeMargemPreferenciaNormal"": false, ""aplicabilidadeMargemPreferenciaAdicional"": false, ""percentualMargemPreferenciaNormal"": null, ""percentualMargemPreferenciaAdicional"": null, ""ncmNbsCodigo"": null, ""ncmNbsDescricao"": null, ""catalogo"": null, ""categoriaItemCatalogo"": null, ""catalogoCodigoItem"": null, ""informacaoComplementar"": null, ""tipoMargemPreferencia"": null, ""exigenciaConteudoNacional"": false}";2026-09-12T19:44:05.585125;05194039000100;AGENCIA DE DEFESA E INSPECAO AGROPECUARIA DO ESTADO DO AMAPA - DIAGRO;estadual;E;73;AGÊNCIA DE DEFESA E INSPEÇÃO AGROPECUÁRIA;Amapá;AP;8;Dispensa;0;2025-09-23T09:33:05;;;1;Divulgada no PNCP;generico;120.0;11986.8;1.0;1.0;False;13702.8;12.52298800245205;False;E10;esportivo;Cone esportivo de sinalizacao;3926.90.90
22918796000107-1-000011/2025;3957;"CANETA - Tipo: esferográfica; Cor: preta; Corpo: plástico; Ponta: média; Material da Ponta: esfera de tungstênio.";M;10.0;Cx 50 Un.;Cx 50 Un.;;"unidade nao reconhecida no dicionario; preservada como original";54.36;543.6;0;2;Homologado;1;;;;2025-09-30T09:29:43;2025-10-17T09:10:00;ACEITO;P06;educativo;casou regra de identidade do produto P06;v2;ok;"{""numeroItem"": 3957, ""descricao"": ""CANETA - Tipo: esferográfica; Cor: preta; Corpo: plástico; Ponta: média; Material da Ponta: esfera de tungstênio."", ""materialOuServico"": ""M"", ""materialOuServicoNome"": ""Material"", ""valorUnitarioEstimado"": 54.36, ""valorTotal"": 543.6, ""quantidade"": 10.0, ""unidadeMedida"": ""Cx 50 Un."", ""orcamentoSigiloso"": false, ""itemCategoriaId"": 3, ""itemCategoriaNome"": ""Não se aplica"", ""patrimonio"": null, ""codigoRegistroImobiliario"": null, ""criterioJulgamentoId"": 1, ""criterioJulgamentoNome"": ""Menor preço"", ""situacaoCompraItem"": 2, ""situacaoCompraItemNome"": ""Homologado"", ""tipoBeneficio"": 4, ""tipoBeneficioNome"": ""Sem benefício"", ""incentivoProdutivoBasico"": false, ""dataInclusao"": ""2025-09-30T09:29:43"", ""dataAtualizacao"": ""2025-10-17T09:10:00"", ""temResultado"": true, ""imagem"": 0, ""aplicabilidadeMargemPreferenciaNormal"": false, ""aplicabilidadeMargemPreferenciaAdicional"": false, ""percentualMargemPreferenciaNormal"": null, ""percentualMargemPreferenciaAdicional"": null, ""ncmNbsCodigo"": null, ""ncmNbsDescricao"": null, ""catalogo"": null, ""categoriaItemCatalogo"": null, ""catalogoCodigoItem"": null, ""informacaoComplementar"": null, ""tipoMargemPreferencia"": null, ""exigenciaConteudoNacional"": false}";2026-09-12T19:44:57.692744;22918796000107;AGENCIA DE DESENVOLVIMENTO ECONOMICO DO AMAPA;estadual;E;62;AGÊNCIA DE DESENVOLVIMENTO ECONÔMICO DO AMAPÁ;Macapá;AP;8;Dispensa;0;2025-09-30T09:29:43;;;1;Divulgada no PNCP;generico;10.0;335.0;1.0;1.0;False;543.6;38.373804267844;False;P06;educativo;Caneta esferografica azul/preta/vermelha;9608.10.00
22918796000107-1-000011/2025;3958;"CANETA - Tipo: esferográfica; Cor: azul; Corpo: plástico; Ponta: média; Material da Ponta: esfera de tungstênio.";M;10.0;Cx 50 Un.;Cx 50 Un.;;"unidade nao reconhecida no dicionario; preservada como original";54.36;543.6;0;2;Homologado;1;;;;2025-09-30T09:29:43;2025-10-17T09:20:00;ACEITO;P06;educativo;casou regra de identidade do produto P06;v2;ok;"{""numeroItem"": 3958, ""descricao"": ""CANETA - Tipo: esferográfica; Cor: azul; Corpo: plástico; Ponta: média; Material da Ponta: esfera de tungstênio."", ""materialOuServico"": ""M"", ""materialOuServicoNome"": ""Material"", ""valorUnitarioEstimado"": 54.36, ""valorTotal"": 543.6, ""quantidade"": 10.0, ""unidadeMedida"": ""Cx 50 Un."", ""orcamentoSigiloso"": false, ""itemCategoriaId"": 3, ""itemCategoriaNome"": ""Não se aplica"", ""patrimonio"": null, ""codigoRegistroImobiliario"": null, ""criterioJulgamentoId"": 1, ""criterioJulgamentoNome"": ""Menor preço"", ""situacaoCompraItem"": 2, ""situacaoCompraItemNome"": ""Homologado"", ""tipoBeneficio"": 4, ""tipoBeneficioNome"": ""Sem benefício"", ""incentivoProdutivoBasico"": false, ""dataInclusao"": ""2025-09-30T09:29:43"", ""dataAtualizacao"": ""2025-10-17T09:20:00"", ""temResultado"": true, ""imagem"": 0, ""aplicabilidadeMargemPreferenciaNormal"": false, ""aplicabilidadeMargemPreferenciaAdicional"": false, ""percentualMargemPreferenciaNormal"": null, ""percentualMargemPreferenciaAdicional"": null, ""ncmNbsCodigo"": null, ""ncmNbsDescricao"": null, ""catalogo"": null, ""categoriaItemCatalogo"": null, ""catalogoCodigoItem"": null, ""informacaoComplementar"": null, ""tipoMargemPreferencia"": null, ""exigenciaConteudoNacional"": false}";2026-09-12T19:44:57.692744;22918796000107;AGENCIA DE DESENVOLVIMENTO ECONOMICO DO AMAPA;estadual;E;62;AGÊNCIA DE DESENVOLVIMENTO ECONÔMICO DO AMAPÁ;Macapá;AP;8;Dispensa;0;2025-09-30T09:29:43;;;1;Divulgada no PNCP;generico;10.0;335.0;1.0;1.0;False;543.6;38.373804267844;False;P06;educativo;Caneta esferografica azul/preta/vermelha;9608.10.00
01002322000132-1-000032/2025;3991;"CANETA - Tipo: esferográfica; Cor: azul; Corpo: plástico; Ponta: média; Material da Ponta: esfera de tungstênio.";M;20.0;Cx 50 Un.;Cx 50 Un.;;"unidade nao reconhecida no dicionario; preservada como original";32.33;646.6;0;2;Homologado;1;;;;2025-10-02T13:15:44;2025-10-14T13:05:01;ACEITO;P06;educativo;casou regra de identidade do produto P06;v2;ok;"{""numeroItem"": 3991, ""descricao"": ""CANETA - Tipo: esferográfica; Cor: azul; Corpo: plástico; Ponta: média; Material da Ponta: esfera de tungstênio."", ""materialOuServico"": ""M"", ""materialOuServicoNome"": ""Material"", ""valorUnitarioEstimado"": 32.33, ""valorTotal"": 646.6, ""quantidade"": 20.0, ""unidadeMedida"": ""Cx 50 Un."", ""orcamentoSigiloso"": false, ""itemCategoriaId"": 3, ""itemCategoriaNome"": ""Não se aplica"", ""patrimonio"": null, ""codigoRegistroImobiliario"": null, ""criterioJulgamentoId"": 1, ""criterioJulgamentoNome"": ""Menor preço"", ""situacaoCompraItem"": 2, ""situacaoCompraItemNome"": ""Homologado"", ""tipoBeneficio"": 1, ""tipoBeneficioNome"": ""Participação exclusiva para ME/EPP"", ""incentivoProdutivoBasico"": false, ""dataInclusao"": ""2025-10-02T13:15:44"", ""dataAtualizacao"": ""2025-10-14T13:05:01"", ""temResultado"": true, ""imagem"": 0, ""aplicabilidadeMargemPreferenciaNormal"": false, ""aplicabilidadeMargemPreferenciaAdicional"": false, ""percentualMargemPreferenciaNormal"": null, ""percentualMargemPreferenciaAdicional"": null, ""ncmNbsCodigo"": null, ""ncmNbsDescricao"": null, ""catalogo"": null, ""categoriaItemCatalogo"": null, ""catalogoCodigoItem"": null, ""informacaoComplementar"": null, ""tipoMargemPreferencia"": null, ""exigenciaConteudoNacional"": false}";2026-09-12T19:45:26.893010;01002322000132;PROCURADORIA GERAL DO ESTADO DO AMAPA;estadual;E;11;PROCURADORIA-GERAL DO ESTADO ;Amapá;AP;8;Dispensa;0;2025-10-02T13:15:44;;;1;Divulgada no PNCP;generico;20.0;600.0;1.0;1.0;False;646.5999999999999;7.206928549334968;False;P06;educativo;Caneta esferografica azul/preta/vermelha;9608.10.00
01002322000132-1-000032/2025;3997;"PAPEL A4 - Material: papel milimetrado; Gramatura: 75 g/m².";M;30.0;Cx 10 Resmas;Cx 10 Resmas;;"unidade nao reconhecida no dicionario; preservada como original";245.0;7350.0;0;2;Homologado;1;;;;2025-10-02T13:15:44;2025-10-14T17:25:00;ACEITO;P01;educativo;casou regra de identidade do produto P01;v2;ok;"{""numeroItem"": 3997, ""descricao"": ""PAPEL A4 - Material: papel milimetrado; Gramatura: 75 g/m²."", ""materialOuServico"": ""M"", ""materialOuServicoNome"": ""Material"", ""valorUnitarioEstimado"": 245.0, ""valorTotal"": 7350.0, ""quantidade"": 30.0, ""unidadeMedida"": ""Cx 10 Resmas"", ""orcamentoSigiloso"": false, ""itemCategoriaId"": 3, ""itemCategoriaNome"": ""Não se aplica"", ""patrimonio"": null, ""codigoRegistroImobiliario"": null, ""criterioJulgamentoId"": 1, ""criterioJulgamentoNome"": ""Menor preço"", ""situacaoCompraItem"": 2, ""situacaoCompraItemNome"": ""Homologado"", ""tipoBeneficio"": 1, ""tipoBeneficioNome"": ""Participação exclusiva para ME/EPP"", ""incentivoProdutivoBasico"": false, ""dataInclusao"": ""2025-10-02T13:15:44"", ""dataAtualizacao"": ""2025-10-14T17:25:00"", ""temResultado"": true, ""imagem"": 0, ""aplicabilidadeMargemPreferenciaNormal"": false, ""aplicabilidadeMargemPreferenciaAdicional"": false, ""percentualMargemPreferenciaNormal"": null, ""percentualMargemPreferenciaAdicional"": null, ""ncmNbsCodigo"": null, ""ncmNbsDescricao"": null, ""catalogo"": null, ""categoriaItemCatalogo"": null, ""catalogoCodigoItem"": null, ""informacaoComplementar"": null, ""tipoMargemPreferencia"": null, ""exigenciaConteudoNacional"": false}";2026-09-12T19:45:26.895021;01002322000132;PROCURADORIA GERAL DO ESTADO DO AMAPA;estadual;E;11;PROCURADORIA-GERAL DO ESTADO ;Amapá;AP;8;Dispensa;0;2025-10-02T13:15:44;;;1;Divulgada no PNCP;75g;30.0;7170.0;1.0;1.0;False;7350.0;2.4489795918367308;False;P01;educativo;Papel sulfite A4, resma de 500 folhas;4802.56.10
11762155000181-1-000001/2025;4030;"PAPEL A4 - Material: papel milimetrado; Gramatura: 75 g/m².";M;2600.0;Ind 1 Resma;Ind 1 Resma;;"unidade nao reconhecida no dicionario; preservada como original";19.21;49946.0;0;2;Homologado;1;;;;2025-10-06T08:41:23;2025-10-17T12:05:00;ACEITO;P01;educativo;casou regra de identidade do produto P01;v2;ok;"{""numeroItem"": 4030, ""descricao"": ""PAPEL A4 - Material: papel milimetrado; Gramatura: 75 g/m²."", ""materialOuServico"": ""M"", ""materialOuServicoNome"": ""Material"", ""valorUnitarioEstimado"": 19.21, ""valorTotal"": 49946.0, ""quantidade"": 2600.0, ""unidadeMedida"": ""Ind 1 Resma"", ""orcamentoSigiloso"": false, ""itemCategoriaId"": 3, ""itemCategoriaNome"": ""Não se aplica"", ""patrimonio"": null, ""codigoRegistroImobiliario"": null, ""criterioJulgamentoId"": 1, ""criterioJulgamentoNome"": ""Menor preço"", ""situacaoCompraItem"": 2, ""situacaoCompraItemNome"": ""Homologado"", ""tipoBeneficio"": 1, ""tipoBeneficioNome"": ""Participação exclusiva para ME/EPP"", ""incentivoProdutivoBasico"": false, ""dataInclusao"": ""2025-10-06T08:41:23"", ""dataAtualizacao"": ""2025-10-17T12:05:00"", ""temResultado"": true, ""imagem"": 0, ""aplicabilidadeMargemPreferenciaNormal"": false, ""aplicabilidadeMargemPreferenciaAdicional"": false, ""percentualMargemPreferenciaNormal"": null, ""percentualMargemPreferenciaAdicional"": null, ""ncmNbsCodigo"": null, ""ncmNbsDescricao"": null, ""catalogo"": null, ""categoriaItemCatalogo"": null, ""catalogoCodigoItem"": null, ""informacaoComplementar"": null, ""tipoMargemPreferencia"": null, ""exigenciaConteudoNacional"": false}";2026-09-12T19:45:49.063974;11762155000181;SECRETARIA DE ESTADO DA CULTURA;estadual;E;40;SECRETARIA DE ESTADO DA CULTURA ;Macapá;AP;8;Dispensa;0;2025-10-06T08:41:23;;;1;Divulgada no PNCP;75g;2600.0;44200.0;1.0;1.0;False;49946.0;11.504424778761058;False;P01;educativo;Papel sulfite A4, resma de 500 folhas;4802.56.10
01249331000122-1-000006/2025;4069;"LÁPIS PRETO - Material corpo: madeira; Dureza carga: HB; Diâmetro carga: 2 mm; Número: 2; Formato: cilíndrico; Material carga: grafite; Características adicionais: Nº 2, Apontado.";M;10.0;Cx 72 Un;Cx 72 Un;;"unidade nao reconhecida no dicionario; preservada como original";75.0;750.0;0;2;Homologado;1;;;;2025-10-16T09:38:04;2025-10-31T13:25:00;ACEITO;P05;educativo;casou regra de identidade do produto P05;v2;ok;"{""numeroItem"": 4069, ""descricao"": ""LÁPIS PRETO - Material corpo: madeira; Dureza carga: HB; Diâmetro carga: 2 mm; Número: 2; Formato: cilíndrico; Material carga: grafite; Características adicionais: Nº 2, Apontado."", ""materialOuServico"": ""M"", ""materialOuServicoNome"": ""Material"", ""valorUnitarioEstimado"": 75.0, ""valorTotal"": 750.0, ""quantidade"": 10.0, ""unidadeMedida"": ""Cx 72 Un"", ""orcamentoSigiloso"": false, ""itemCategoriaId"": 3, ""itemCategoriaNome"": ""Não se aplica"", ""patrimonio"": null, ""codigoRegistroImobiliario"": null, ""criterioJulgamentoId"": 1, ""criterioJulgamentoNome"": ""Menor preço"", ""situacaoCompraItem"": 2, ""situacaoCompraItemNome"": ""Homologado"", ""tipoBeneficio"": 1, ""tipoBeneficioNome"": ""Participação exclusiva para ME/EPP"", ""incentivoProdutivoBasico"": false, ""dataInclusao"": ""2025-10-16T09:38:04"", ""dataAtualizacao"": ""2025-10-31T13:25:00"", ""temResultado"": true, ""imagem"": 0, ""aplicabilidadeMargemPreferenciaNormal"": false, ""aplicabilidadeMargemPreferenciaAdicional"": false, ""percentualMargemPreferenciaNormal"": null, ""percentualMargemPreferenciaAdicional"": null, ""ncmNbsCodigo"": null, ""ncmNbsDescricao"": null, ""catalogo"": null, ""categoriaItemCatalogo"": null, ""catalogoCodigoItem"": null, ""informacaoComplementar"": null, ""tipoMargemPreferencia"": null, ""exigenciaConteudoNacional"": false}";2026-09-12T19:46:48.264135;01249331000122;SECRETARIA DE ESTADO DO MEIO AMBIENTE;estadual;E;80;SECRETARIA DE ESTADO DO MEIO AMBIENTE;Macapá;AP;8;Dispensa;0;2025-10-16T09:38:04;;;1;Divulgada no PNCP;tam2;10.0;570.0;1.0;1.0;False;750.0;24.0;False;P05;educativo;Lapis grafite numero 2/HB;9609.10.00
23612685000122-1-000025/2025;4;Caneta Esferográfica características adicionais: retrátil, 1.0 mm, personalizada, cor tinta: azul, material: metal, material ponta: metal, tipo escrita: média;M;4.0;Caixa 50 UN;Caixa 50 UN;;"unidade nao reconhecida no dicionario; preservada como original";36.17;144.68;0;2;Homologado;1;;;;2025-10-20T17:38:38;2025-11-14T09:27:07;ACEITO;P06;educativo;casou regra de identidade do produto P06;v2;ok;"{""numeroItem"": 4, ""descricao"": ""Caneta Esferográfica características adicionais: retrátil, 1.0 mm, personalizada, cor tinta: azul, material: metal, material ponta: metal, tipo escrita: média"", ""materialOuServico"": ""M"", ""materialOuServicoNome"": ""Material"", ""valorUnitarioEstimado"": 36.17, ""valorTotal"": 144.68, ""quantidade"": 4.0, ""unidadeMedida"": ""Caixa 50 UN"", ""orcamentoSigiloso"": false, ""itemCategoriaId"": 3, ""itemCategoriaNome"": ""Não se aplica"", ""patrimonio"": null, ""codigoRegistroImobiliario"": null, ""criterioJulgamentoId"": 1, ""criterioJulgamentoNome"": ""Menor preço"", ""situacaoCompraItem"": 2, ""situacaoCompraItemNome"": ""Homologado"", ""tipoBeneficio"": 1, ""tipoBeneficioNome"": ""Participação exclusiva para ME/EPP"", ""incentivoProdutivoBasico"": false, ""dataInclusao"": ""2025-10-20T17:38:38"", ""dataAtualizacao"": ""2025-11-14T09:27:07"", ""temResultado"": true, ""imagem"": 0, ""aplicabilidadeMargemPreferenciaNormal"": false, ""aplicabilidadeMargemPreferenciaAdicional"": false, ""percentualMargemPreferenciaNormal"": null, ""percentualMargemPreferenciaAdicional"": null, ""ncmNbsCodigo"": null, ""ncmNbsDescricao"": null, ""catalogo"": null, ""categoriaItemCatalogo"": null, ""catalogoCodigoItem"": null, ""informacaoComplementar"": null, ""tipoMargemPreferencia"": null, ""exigenciaConteudoNacional"": false}";2026-09-12T19:47:14.495351;23612685000122;MINISTERIO DO TRABALHO;federal;F;400086;SUPERINTENDÊNCIA REG. DO TRABALHO E EMPREGO;Macapá;AP;8;Dispensa;0;2025-10-20T17:38:36;2025-10-21T08:00:00;2025-10-24T08:00:00;1;Divulgada no PNCP;generico;4.0;142.0;1.0;1.0;False;144.68;1.8523638374343454;False;P06;educativo;Caneta esferografica azul/preta/vermelha;9608.10.00
23612685000122-1-000025/2025;5;"Caneta Esferográfica características adicionais: 1,0mm;tinta óleo;grip emborrachado, retrátil, cor tinta: vermelha, material: plástico reciclado, material ponta: aço inoxidável com esfera de tungstênio, quantidade cargas: 1, tipo escrita: média";M;2.0;Caixa 50 UN;Caixa 50 UN;;"unidade nao reconhecida no dicionario; preservada como original";47.63;95.26;0;2;Homologado;1;;;;2025-10-20T17:38:39;2025-11-14T09:27:39;ACEITO;P06;educativo;casou regra de identidade do produto P06;v2;ok;"{""numeroItem"": 5, ""descricao"": ""Caneta Esferográfica características adicionais: 1,0mm;tinta óleo;grip emborrachado, retrátil, cor tinta: vermelha, material: plástico reciclado, material ponta: aço inoxidável com esfera de tungstênio, quantidade cargas: 1, tipo escrita: média"", ""materialOuServico"": ""M"", ""materialOuServicoNome"": ""Material"", ""valorUnitarioEstimado"": 47.63, ""valorTotal"": 95.26, ""quantidade"": 2.0, ""unidadeMedida"": ""Caixa 50 UN"", ""orcamentoSigiloso"": false, ""itemCategoriaId"": 3, ""itemCategoriaNome"": ""Não se aplica"", ""patrimonio"": null, ""codigoRegistroImobiliario"": null, ""criterioJulgamentoId"": 1, ""criterioJulgamentoNome"": ""Menor preço"", ""situacaoCompraItem"": 2, ""situacaoCompraItemNome"": ""Homologado"", ""tipoBeneficio"": 1, ""tipoBeneficioNome"": ""Participação exclusiva para ME/EPP"", ""incentivoProdutivoBasico"": false, ""dataInclusao"": ""2025-10-20T17:38:39"", ""dataAtualizacao"": ""2025-11-14T09:27:39"", ""temResultado"": true, ""imagem"": 0, ""aplicabilidadeMargemPreferenciaNormal"": false, ""aplicabilidadeMargemPreferenciaAdicional"": false, ""percentualMargemPreferenciaNormal"": null, ""percentualMargemPreferenciaAdicional"": null, ""ncmNbsCodigo"": null, ""ncmNbsDescricao"": null, ""catalogo"": null, ""categoriaItemCatalogo"": null, ""catalogoCodigoItem"": null, ""informacaoComplementar"": null, ""tipoMargemPreferencia"": null, ""exigenciaConteudoNacional"": false}";2026-09-12T19:47:14.495351;23612685000122;MINISTERIO DO TRABALHO;federal;F;400086;SUPERINTENDÊNCIA REG. DO TRABALHO E EMPREGO;Macapá;AP;8;Dispensa;0;2025-10-20T17:38:36;2025-10-21T08:00:00;2025-10-24T08:00:00;1;Divulgada no PNCP;generico;2.0;89.0;1.0;1.0;False;95.26;6.5714885576317545;False;P06;educativo;Caneta esferografica azul/preta/vermelha;9608.10.00
23612685000122-1-000025/2025;6;"Caneta Esferográfica características adicionais: 1,0mm;tinta óleo;grip emborrachado, retrátil, cor tinta: preta, material: plástico reciclado, material ponta: aço inoxidável com esfera de tungstênio, quantidade cargas: 1, tipo escrita: média";M;4.0;Caixa 50 UN;Caixa 50 UN;;"unidade nao reconhecida no dicionario; preservada como original";48.18;192.72;0;2;Homologado;1;;;;2025-10-20T17:38:40;2025-11-14T09:28:01;ACEITO;P06;educativo;casou regra de identidade do produto P06;v2;ok;"{""numeroItem"": 6, ""descricao"": ""Caneta Esferográfica características adicionais: 1,0mm;tinta óleo;grip emborrachado, retrátil, cor tinta: preta, material: plástico reciclado, material ponta: aço inoxidável com esfera de tungstênio, quantidade cargas: 1, tipo escrita: média"", ""materialOuServico"": ""M"", ""materialOuServicoNome"": ""Material"", ""valorUnitarioEstimado"": 48.18, ""valorTotal"": 192.72, ""quantidade"": 4.0, ""unidadeMedida"": ""Caixa 50 UN"", ""orcamentoSigiloso"": false, ""itemCategoriaId"": 3, ""itemCategoriaNome"": ""Não se aplica"", ""patrimonio"": null, ""codigoRegistroImobiliario"": null, ""criterioJulgamentoId"": 1, ""criterioJulgamentoNome"": ""Menor preço"", ""situacaoCompraItem"": 2, ""situacaoCompraItemNome"": ""Homologado"", ""tipoBeneficio"": 1, ""tipoBeneficioNome"": ""Participação exclusiva para ME/EPP"", ""incentivoProdutivoBasico"": false, ""dataInclusao"": ""2025-10-20T17:38:40"", ""dataAtualizacao"": ""2025-11-14T09:28:01"", ""temResultado"": true, ""imagem"": 0, ""aplicabilidadeMargemPreferenciaNormal"": false, ""aplicabilidadeMargemPreferenciaAdicional"": false, ""percentualMargemPreferenciaNormal"": null, ""percentualMargemPreferenciaAdicional"": null, ""ncmNbsCodigo"": null, ""ncmNbsDescricao"": null, ""catalogo"": null, ""categoriaItemCatalogo"": null, ""catalogoCodigoItem"": null, ""informacaoComplementar"": null, ""tipoMargemPreferencia"": null, ""exigenciaConteudoNacional"": false}";2026-09-12T19:47:14.495351;23612685000122;MINISTERIO DO TRABALHO;federal;F;400086;SUPERINTENDÊNCIA REG. DO TRABALHO E EMPREGO;Macapá;AP;8;Dispensa;0;2025-10-20T17:38:36;2025-10-21T08:00:00;2025-10-24T08:00:00;1;Divulgada no PNCP;generico;4.0;178.0;1.0;1.0;False;192.72;7.638024076380246;False;P06;educativo;Caneta esferografica azul/preta/vermelha;9608.10.00
23066640000108-1-000052/2025;1;Bola Futebol circunferência: 68 a 70, material: 100% termoplástico poliuretano, modelo: futebol de campo, peso cheia: 410 a 450;M;96.0;Unidade;unidade;1.0;unidade original ja comparavel (sem conversao);237.61;22810.56;0;2;Homologado;1;;;;2025-10-28T15:27:42;2026-01-10T12:37:56;ACEITO;E01;esportivo;casou regra de identidade do produto E01;v2;ok;"{""numeroItem"": 1, ""descricao"": ""Bola Futebol circunferência: 68 a 70, material: 100% termoplástico poliuretano, modelo: futebol de campo, peso cheia: 410 a 450"", ""materialOuServico"": ""M"", ""materialOuServicoNome"": ""Material"", ""valorUnitarioEstimado"": 237.61, ""valorTotal"": 22810.56, ""quantidade"": 96.0, ""unidadeMedida"": ""Unidade"", ""orcamentoSigiloso"": false, ""itemCategoriaId"": 3, ""itemCategoriaNome"": ""Não se aplica"", ""patrimonio"": null, ""codigoRegistroImobiliario"": null, ""criterioJulgamentoId"": 1, ""criterioJulgamentoNome"": ""Menor preço"", ""situacaoCompraItem"": 2, ""situacaoCompraItemNome"": ""Homologado"", ""tipoBeneficio"": 1, ""tipoBeneficioNome"": ""Participação exclusiva para ME/EPP"", ""incentivoProdutivoBasico"": false, ""dataInclusao"": ""2025-10-28T15:27:42"", ""dataAtualizacao"": ""2026-01-10T12:37:56"", ""temResultado"": true, ""imagem"": 0, ""aplicabilidadeMargemPreferenciaNormal"": false, ""aplicabilidadeMargemPreferenciaAdicional"": false, ""percentualMargemPreferenciaNormal"": null, ""percentualMargemPreferenciaAdicional"": null, ""ncmNbsCodigo"": null, ""ncmNbsDescricao"": null, ""catalogo"": null, ""categoriaItemCatalogo"": null, ""catalogoCodigoItem"": null, ""informacaoComplementar"": null, ""tipoMargemPreferencia"": null, ""exigenciaConteudoNacional"": false}";2026-09-12T19:47:54.192082;23066640000108;MUNICIPIO DE SANTANA;municipal;M;980615;PREFEITURA MUNICIPAL DE SANTANA - AP;Santana;AP;8;Dispensa;0;2025-10-28T15:27:42;2025-10-29T09:00:00;2025-11-03T09:00:00;1;Divulgada no PNCP;campo;96.0;16512.0;1.0;1.0;False;22810.56;27.612474222465387;False;E01;esportivo;Bola de futebol de campo;9506.62.00
23066640000108-1-000052/2025;2;Rede Esporte aplicação: futebol de campo, características adicionais: malha 15 com tratamento uv, medidas 7,5m x 2,5m,, material: polietileno;M;5.0;Par;par;1.0;unidade original ja comparavel (sem conversao);592.58;2962.9;0;2;Homologado;1;;;;2025-10-28T15:27:46;2026-01-10T12:37:57;ACEITO;E06;esportivo;casou regra de identidade do produto E06;v2;ok;"{""numeroItem"": 2, ""descricao"": ""Rede Esporte aplicação: futebol de campo, características adicionais: malha 15 com tratamento uv, medidas 7,5m x 2,5m,, material: polietileno"", ""materialOuServico"": ""M"", ""materialOuServicoNome"": ""Material"", ""valorUnitarioEstimado"": 592.58, ""valorTotal"": 2962.9, ""quantidade"": 5.0, ""unidadeMedida"": ""Par"", ""orcamentoSigiloso"": false, ""itemCategoriaId"": 3, ""itemCategoriaNome"": ""Não se aplica"", ""patrimonio"": null, ""codigoRegistroImobiliario"": null, ""criterioJulgamentoId"": 1, ""criterioJulgamentoNome"": ""Menor preço"", ""situacaoCompraItem"": 2, ""situacaoCompraItemNome"": ""Homologado"", ""tipoBeneficio"": 1, ""tipoBeneficioNome"": ""Participação exclusiva para ME/EPP"", ""incentivoProdutivoBasico"": false, ""dataInclusao"": ""2025-10-28T15:27:46"", ""dataAtualizacao"": ""2026-01-10T12:37:57"", ""temResultado"": true, ""imagem"": 0, ""aplicabilidadeMargemPreferenciaNormal"": false, ""aplicabilidadeMargemPreferenciaAdicional"": false, ""percentualMargemPreferenciaNormal"": null, ""percentualMargemPreferenciaAdicional"": null, ""ncmNbsCodigo"": null, ""ncmNbsDescricao"": null, ""catalogo"": null, ""categoriaItemCatalogo"": null, ""catalogoCodigoItem"": null, ""informacaoComplementar"": null, ""tipoMargemPreferencia"": null, ""exigenciaConteudoNacional"": false}";2026-09-12T19:47:54.192082;23066640000108;MUNICIPIO DE SANTANA;municipal;M;980615;PREFEITURA MUNICIPAL DE SANTANA - AP;Santana;AP;8;Dispensa;0;2025-10-28T15:27:42;2025-10-29T09:00:00;2025-11-03T09:00:00;1;Divulgada no PNCP;campo;5.0;2085.0;1.0;1.0;False;2962.9;29.629754632285945;False;E06;esportivo;Rede para trave de futsal/futebol;9506.99.00
23066640000108-1-000052/2025;3;Rede Esporte aplicação: voleibol, características adicionais: tamanho: 9,50 x 1,00m. malha: 10 x 10mm, espessura, cor: branca, material: poliéster /pvc e fio polipropileno;M;4.0;Unidade;unidade;1.0;unidade original ja comparavel (sem conversao);480.83;1923.32;0;2;Homologado;1;;;;2025-10-28T15:27:47;2026-01-10T12:37:58;ACEITO;E07;esportivo;casou regra de identidade do produto E07;v2;ok;"{""numeroItem"": 3, ""descricao"": ""Rede Esporte aplicação: voleibol, características adicionais: tamanho: 9,50 x 1,00m. malha: 10 x 10mm, espessura, cor: branca, material: poliéster /pvc e fio polipropileno"", ""materialOuServico"": ""M"", ""materialOuServicoNome"": ""Material"", ""valorUnitarioEstimado"": 480.83, ""valorTotal"": 1923.32, ""quantidade"": 4.0, ""unidadeMedida"": ""Unidade"", ""orcamentoSigiloso"": false, ""itemCategoriaId"": 3, ""itemCategoriaNome"": ""Não se aplica"", ""patrimonio"": null, ""codigoRegistroImobiliario"": null, ""criterioJulgamentoId"": 1, ""criterioJulgamentoNome"": ""Menor preço"", ""situacaoCompraItem"": 2, ""situacaoCompraItemNome"": ""Homologado"", ""tipoBeneficio"": 1, ""tipoBeneficioNome"": ""Participação exclusiva para ME/EPP"", ""incentivoProdutivoBasico"": false, ""dataInclusao"": ""2025-10-28T15:27:47"", ""dataAtualizacao"": ""2026-01-10T12:37:58"", ""temResultado"": true, ""imagem"": 0, ""aplicabilidadeMargemPreferenciaNormal"": false, ""aplicabilidadeMargemPreferenciaAdicional"": false, ""percentualMargemPreferenciaNormal"": null, ""percentualMargemPreferenciaAdicional"": null, ""ncmNbsCodigo"": null, ""ncmNbsDescricao"": null, ""catalogo"": null, ""categoriaItemCatalogo"": null, ""catalogoCodigoItem"": null, ""informacaoComplementar"": null, ""tipoMargemPreferencia"": null, ""exigenciaConteudoNacional"": false}";2026-09-12T19:47:54.192082;23066640000108;MUNICIPIO DE SANTANA;municipal;M;980615;PREFEITURA MUNICIPAL DE SANTANA - AP;Santana;AP;8;Dispensa;0;2025-10-28T15:27:42;2025-10-29T09:00:00;2025-11-03T09:00:00;1;Divulgada no PNCP;generico;4.0;1052.0;1.0;1.0;False;1923.32;45.302913711706836;False;E07;esportivo;Rede de volei;9506.99.00
23066640000108-1-000052/2025;4;Bola Basquetebol circunferência: 72, material: pvc, peso cheia: 300 a 310, pressão: 02 - 03;M;5.0;Unidade;unidade;1.0;unidade original ja comparavel (sem conversao);514.6;2573.0;0;2;Homologado;1;;;;2025-10-28T15:27:48;2026-01-10T12:37:59;ACEITO;E04;esportivo;casou regra de identidade do produto E04;v2;ok;"{""numeroItem"": 4, ""descricao"": ""Bola Basquetebol circunferência: 72, material: pvc, peso cheia: 300 a 310, pressão: 02 - 03"", ""materialOuServico"": ""M"", ""materialOuServicoNome"": ""Material"", ""valorUnitarioEstimado"": 514.6, ""valorTotal"": 2573.0, ""quantidade"": 5.0, ""unidadeMedida"": ""Unidade"", ""orcamentoSigiloso"": false, ""itemCategoriaId"": 3, ""itemCategoriaNome"": ""Não se aplica"", ""patrimonio"": null, ""codigoRegistroImobiliario"": null, ""criterioJulgamentoId"": 1, ""criterioJulgamentoNome"": ""Menor preço"", ""situacaoCompraItem"": 2, ""situacaoCompraItemNome"": ""Homologado"", ""tipoBeneficio"": 1, ""tipoBeneficioNome"": ""Participação exclusiva para ME/EPP"", ""incentivoProdutivoBasico"": false, ""dataInclusao"": ""2025-10-28T15:27:48"", ""dataAtualizacao"": ""2026-01-10T12:37:59"", ""temResultado"": true, ""imagem"": 0, ""aplicabilidadeMargemPreferenciaNormal"": false, ""aplicabilidadeMargemPreferenciaAdicional"": false, ""percentualMargemPreferenciaNormal"": null, ""percentualMargemPreferenciaAdicional"": null, ""ncmNbsCodigo"": null, ""ncmNbsDescricao"": null, ""catalogo"": null, ""categoriaItemCatalogo"": null, ""catalogoCodigoItem"": null, ""informacaoComplementar"": null, ""tipoMargemPreferencia"": null, ""exigenciaConteudoNacional"": false}";2026-09-12T19:47:54.192082;23066640000108;MUNICIPIO DE SANTANA;municipal;M;980615;PREFEITURA MUNICIPAL DE SANTANA - AP;Santana;AP;8;Dispensa;0;2025-10-28T15:27:42;2025-10-29T09:00:00;2025-11-03T09:00:00;1;Divulgada no PNCP;generico;5.0;1910.0;1.0;1.0;False;2573.0;25.76758647493198;False;E04;esportivo;Bola de basquete;9506.62.00
23066640000108-1-000052/2025;5;Bola Voleibol aplicação: volei de praia, características adicionais: colorida, circunferência: 68 - 70, material: microfibra, peso cheia: 290 - 310, pressão: 03 - 04;M;10.0;Unidade;unidade;1.0;unidade original ja comparavel (sem conversao);411.4;4114.0;0;2;Homologado;1;;;;2025-10-28T15:27:44;2026-01-10T12:37:59;ACEITO;E03;esportivo;casou regra de identidade do produto E03;v2;ok;"{""numeroItem"": 5, ""descricao"": ""Bola Voleibol aplicação: volei de praia, características adicionais: colorida, circunferência: 68 - 70, material: microfibra, peso cheia: 290 - 310, pressão: 03 - 04"", ""materialOuServico"": ""M"", ""materialOuServicoNome"": ""Material"", ""valorUnitarioEstimado"": 411.4, ""valorTotal"": 4114.0, ""quantidade"": 10.0, ""unidadeMedida"": ""Unidade"", ""orcamentoSigiloso"": false, ""itemCategoriaId"": 3, ""itemCategoriaNome"": ""Não se aplica"", ""patrimonio"": null, ""codigoRegistroImobiliario"": null, ""criterioJulgamentoId"": 1, ""criterioJulgamentoNome"": ""Menor preço"", ""situacaoCompraItem"": 2, ""situacaoCompraItemNome"": ""Homologado"", ""tipoBeneficio"": 1, ""tipoBeneficioNome"": ""Participação exclusiva para ME/EPP"", ""incentivoProdutivoBasico"": false, ""dataInclusao"": ""2025-10-28T15:27:44"", ""dataAtualizacao"": ""2026-01-10T12:37:59"", ""temResultado"": true, ""imagem"": 0, ""aplicabilidadeMargemPreferenciaNormal"": false, ""aplicabilidadeMargemPreferenciaAdicional"": false, ""percentualMargemPreferenciaNormal"": null, ""percentualMargemPreferenciaAdicional"": null, ""ncmNbsCodigo"": null, ""ncmNbsDescricao"": null, ""catalogo"": null, ""categoriaItemCatalogo"": null, ""catalogoCodigoItem"": null, ""informacaoComplementar"": null, ""tipoMargemPreferencia"": null, ""exigenciaConteudoNacional"": false}";2026-09-12T19:47:54.192082;23066640000108;MUNICIPIO DE SANTANA;municipal;M;980615;PREFEITURA MUNICIPAL DE SANTANA - AP;Santana;AP;8;Dispensa;0;2025-10-28T15:27:42;2025-10-29T09:00:00;2025-11-03T09:00:00;1;Divulgada no PNCP;praia;10.0;2830.0;1.0;1.0;False;4114.0;31.210500729217305;False;E03;esportivo;Bola de volei;9506.62.00
23066640000108-1-000052/2025;6;Medalha cor: verde/branco/bronze, diâmetro: 80, finalidade: competição desportiva, material: acrílico, tipo: circular;M;200.0;Unidade;unidade;1.0;unidade original ja comparavel (sem conversao);10.21;2042.0;0;2;Homologado;1;;;;2025-10-28T15:27:49;2026-01-10T12:38:00;ACEITO;E23;esportivo;casou regra de identidade do produto E23;v2;ok;"{""numeroItem"": 6, ""descricao"": ""Medalha cor: verde/branco/bronze, diâmetro: 80, finalidade: competição desportiva, material: acrílico, tipo: circular"", ""materialOuServico"": ""M"", ""materialOuServicoNome"": ""Material"", ""valorUnitarioEstimado"": 10.21, ""valorTotal"": 2042.0, ""quantidade"": 200.0, ""unidadeMedida"": ""Unidade"", ""orcamentoSigiloso"": false, ""itemCategoriaId"": 3, ""itemCategoriaNome"": ""Não se aplica"", ""patrimonio"": null, ""codigoRegistroImobiliario"": null, ""criterioJulgamentoId"": 1, ""criterioJulgamentoNome"": ""Menor preço"", ""situacaoCompraItem"": 2, ""situacaoCompraItemNome"": ""Homologado"", ""tipoBeneficio"": 1, ""tipoBeneficioNome"": ""Participação exclusiva para ME/EPP"", ""incentivoProdutivoBasico"": false, ""dataInclusao"": ""2025-10-28T15:27:49"", ""dataAtualizacao"": ""2026-01-10T12:38:00"", ""temResultado"": true, ""imagem"": 0, ""aplicabilidadeMargemPreferenciaNormal"": false, ""aplicabilidadeMargemPreferenciaAdicional"": false, ""percentualMargemPreferenciaNormal"": null, ""percentualMargemPreferenciaAdicional"": null, ""ncmNbsCodigo"": null, ""ncmNbsDescricao"": null, ""catalogo"": null, ""categoriaItemCatalogo"": null, ""catalogoCodigoItem"": null, ""informacaoComplementar"": null, ""tipoMargemPreferencia"": null, ""exigenciaConteudoNacional"": false}";2026-09-12T19:47:54.192082;23066640000108;MUNICIPIO DE SANTANA;municipal;M;980615;PREFEITURA MUNICIPAL DE SANTANA - AP;Santana;AP;8;Dispensa;0;2025-10-28T15:27:42;2025-10-29T09:00:00;2025-11-03T09:00:00;1;Divulgada no PNCP;generico;200.0;1800.0;1.0;1.0;False;2042.0000000000002;11.85112634671891;False;E23;esportivo;Medalha de premiacao;8306.29.00
23066640000108-1-000052/2025;7;Medalha cor: verde/branco/bronze, diâmetro: 80, finalidade: competição desportiva, material: acrílico, tipo: circular;M;200.0;Unidade;unidade;1.0;unidade original ja comparavel (sem conversao);9.1;1820.0;0;2;Homologado;1;;;;2025-10-28T15:27:51;2026-01-10T12:38:00;ACEITO;E23;esportivo;casou regra de identidade do produto E23;v2;ok;"{""numeroItem"": 7, ""descricao"": ""Medalha cor: verde/branco/bronze, diâmetro: 80, finalidade: competição desportiva, material: acrílico, tipo: circular"", ""materialOuServico"": ""M"", ""materialOuServicoNome"": ""Material"", ""valorUnitarioEstimado"": 9.1, ""valorTotal"": 1820.0, ""quantidade"": 200.0, ""unidadeMedida"": ""Unidade"", ""orcamentoSigiloso"": false, ""itemCategoriaId"": 3, ""itemCategoriaNome"": ""Não se aplica"", ""patrimonio"": null, ""codigoRegistroImobiliario"": null, ""criterioJulgamentoId"": 1, ""criterioJulgamentoNome"": ""Menor preço"", ""situacaoCompraItem"": 2, ""situacaoCompraItemNome"": ""Homologado"", ""tipoBeneficio"": 1, ""tipoBeneficioNome"": ""Participação exclusiva para ME/EPP"", ""incentivoProdutivoBasico"": false, ""dataInclusao"": ""2025-10-28T15:27:51"", ""dataAtualizacao"": ""2026-01-10T12:38:00"", ""temResultado"": true, ""imagem"": 0, ""aplicabilidadeMargemPreferenciaNormal"": false, ""aplicabilidadeMargemPreferenciaAdicional"": false, ""percentualMargemPreferenciaNormal"": null, ""percentualMargemPreferenciaAdicional"": null, ""ncmNbsCodigo"": null, ""ncmNbsDescricao"": null, ""catalogo"": null, ""categoriaItemCatalogo"": null, ""catalogoCodigoItem"": null, ""informacaoComplementar"": null, ""tipoMargemPreferencia"": null, ""exigenciaConteudoNacional"": false}";2026-09-12T19:47:54.192082;23066640000108;MUNICIPIO DE SANTANA;municipal;M;980615;PREFEITURA MUNICIPAL DE SANTANA - AP;Santana;AP;8;Dispensa;0;2025-10-28T15:27:42;2025-10-29T09:00:00;2025-11-03T09:00:00;1;Divulgada no PNCP;generico;200.0;1800.0;1.0;1.0;False;1820.0;1.098901098901095;False;E23;esportivo;Medalha de premiacao;8306.29.00
23066640000108-1-000052/2025;8;Medalha cor: verde/branco/bronze, diâmetro: 80, finalidade: competição desportiva, material: acrílico, tipo: circular;M;100.0;Unidade;unidade;1.0;unidade original ja comparavel (sem conversao);7.18;718.0;0;2;Homologado;1;;;;2025-10-28T15:27:44;2026-01-10T12:38:01;ACEITO;E23;esportivo;casou regra de identidade do produto E23;v2;ok;"{""numeroItem"": 8, ""descricao"": ""Medalha cor: verde/branco/bronze, diâmetro: 80, finalidade: competição desportiva, material: acrílico, tipo: circular"", ""materialOuServico"": ""M"", ""materialOuServicoNome"": ""Material"", ""valorUnitarioEstimado"": 7.18, ""valorTotal"": 718.0, ""quantidade"": 100.0, ""unidadeMedida"": ""Unidade"", ""orcamentoSigiloso"": false, ""itemCategoriaId"": 3, ""itemCategoriaNome"": ""Não se aplica"", ""patrimonio"": null, ""codigoRegistroImobiliario"": null, ""criterioJulgamentoId"": 1, ""criterioJulgamentoNome"": ""Menor preço"", ""situacaoCompraItem"": 2, ""situacaoCompraItemNome"": ""Homologado"", ""tipoBeneficio"": 1, ""tipoBeneficioNome"": ""Participação exclusiva para ME/EPP"", ""incentivoProdutivoBasico"": false, ""dataInclusao"": ""2025-10-28T15:27:44"", ""dataAtualizacao"": ""2026-01-10T12:38:01"", ""temResultado"": true, ""imagem"": 0, ""aplicabilidadeMargemPreferenciaNormal"": false, ""aplicabilidadeMargemPreferenciaAdicional"": false, ""percentualMargemPreferenciaNormal"": null, ""percentualMargemPreferenciaAdicional"": null, ""ncmNbsCodigo"": null, ""ncmNbsDescricao"": null, ""catalogo"": null, ""categoriaItemCatalogo"": null, ""catalogoCodigoItem"": null, ""informacaoComplementar"": null, ""tipoMargemPreferencia"": null, ""exigenciaConteudoNacional"": false}";2026-09-12T19:47:54.194092;23066640000108;MUNICIPIO DE SANTANA;municipal;M;980615;PREFEITURA MUNICIPAL DE SANTANA - AP;Santana;AP;8;Dispensa;0;2025-10-28T15:27:42;2025-10-29T09:00:00;2025-11-03T09:00:00;1;Divulgada no PNCP;generico;100.0;718.0;1.0;1.0;False;718.0;0.0;False;E23;esportivo;Medalha de premiacao;8306.29.00
23066640000108-1-000052/2025;9;Troféu acabamento superficial: polido, altura: 18, características adicionais: personalização a laser, cor: azul/verde/amarelo, finalidade: premiação, formato: de acordo projeto, largura: 15, material: acrílico, material base: madeira;M;5.0;Unidade;unidade;1.0;unidade original ja comparavel (sem conversao);775.85;3879.25;0;2;Homologado;1;;;;2025-10-28T15:27:49;2026-01-10T12:38:01;ACEITO;E22;esportivo;casou regra de identidade do produto E22;v2;ok;"{""numeroItem"": 9, ""descricao"": ""Troféu acabamento superficial: polido, altura: 18, características adicionais: personalização a laser, cor: azul/verde/amarelo, finalidade: premiação, formato: de acordo projeto, largura: 15, material: acrílico, material base: madeira"", ""materialOuServico"": ""M"", ""materialOuServicoNome"": ""Material"", ""valorUnitarioEstimado"": 775.85, ""valorTotal"": 3879.25, ""quantidade"": 5.0, ""unidadeMedida"": ""Unidade"", ""orcamentoSigiloso"": false, ""itemCategoriaId"": 3, ""itemCategoriaNome"": ""Não se aplica"", ""patrimonio"": null, ""codigoRegistroImobiliario"": null, ""criterioJulgamentoId"": 1, ""criterioJulgamentoNome"": ""Menor preço"", ""situacaoCompraItem"": 2, ""situacaoCompraItemNome"": ""Homologado"", ""tipoBeneficio"": 1, ""tipoBeneficioNome"": ""Participação exclusiva para ME/EPP"", ""incentivoProdutivoBasico"": false, ""dataInclusao"": ""2025-10-28T15:27:49"", ""dataAtualizacao"": ""2026-01-10T12:38:01"", ""temResultado"": true, ""imagem"": 0, ""aplicabilidadeMargemPreferenciaNormal"": false, ""aplicabilidadeMargemPreferenciaAdicional"": false, ""percentualMargemPreferenciaNormal"": null, ""percentualMargemPreferenciaAdicional"": null, ""ncmNbsCodigo"": null, ""ncmNbsDescricao"": null, ""catalogo"": null, ""categoriaItemCatalogo"": null, ""catalogoCodigoItem"": null, ""informacaoComplementar"": null, ""tipoMargemPreferencia"": null, ""exigenciaConteudoNacional"": false}";2026-09-12T19:47:54.194092;23066640000108;MUNICIPIO DE SANTANA;municipal;M;980615;PREFEITURA MUNICIPAL DE SANTANA - AP;Santana;AP;8;Dispensa;0;2025-10-28T15:27:42;2025-10-29T09:00:00;2025-11-03T09:00:00;1;Divulgada no PNCP;generico;5.0;3750.0;1.0;1.0;False;3879.25;3.3318296062383235;False;E22;esportivo;Trofeu;3926.40.00
23066640000108-1-000052/2025;10;Troféu acabamento superficial: polido, altura: 18, características adicionais: personalização a laser, cor: azul/verde/amarelo, finalidade: premiação, formato: de acordo projeto, largura: 15, material: acrílico, material base: madeira;M;5.0;Unidade;unidade;1.0;unidade original ja comparavel (sem conversao);665.33;3326.65;0;2;Homologado;1;;;;2025-10-28T15:27:50;2026-01-10T12:38:02;ACEITO;E22;esportivo;casou regra de identidade do produto E22;v2;ok;"{""numeroItem"": 10, ""descricao"": ""Troféu acabamento superficial: polido, altura: 18, características adicionais: personalização a laser, cor: azul/verde/amarelo, finalidade: premiação, formato: de acordo projeto, largura: 15, material: acrílico, material base: madeira"", ""materialOuServico"": ""M"", ""materialOuServicoNome"": ""Material"", ""valorUnitarioEstimado"": 665.33, ""valorTotal"": 3326.65, ""quantidade"": 5.0, ""unidadeMedida"": ""Unidade"", ""orcamentoSigiloso"": false, ""itemCategoriaId"": 3, ""itemCategoriaNome"": ""Não se aplica"", ""patrimonio"": null, ""codigoRegistroImobiliario"": null, ""criterioJulgamentoId"": 1, ""criterioJulgamentoNome"": ""Menor preço"", ""situacaoCompraItem"": 2, ""situacaoCompraItemNome"": ""Homologado"", ""tipoBeneficio"": 1, ""tipoBeneficioNome"": ""Participação exclusiva para ME/EPP"", ""incentivoProdutivoBasico"": false, ""dataInclusao"": ""2025-10-28T15:27:50"", ""dataAtualizacao"": ""2026-01-10T12:38:02"", ""temResultado"": true, ""imagem"": 0, ""aplicabilidadeMargemPreferenciaNormal"": false, ""aplicabilidadeMargemPreferenciaAdicional"": false, ""percentualMargemPreferenciaNormal"": null, ""percentualMargemPreferenciaAdicional"": null, ""ncmNbsCodigo"": null, ""ncmNbsDescricao"": null, ""catalogo"": null, ""categoriaItemCatalogo"": null, ""catalogoCodigoItem"": null, ""informacaoComplementar"": null, ""tipoMargemPreferencia"": null, ""exigenciaConteudoNacional"": false}";2026-09-12T19:47:54.194092;23066640000108;MUNICIPIO DE SANTANA;municipal;M;980615;PREFEITURA MUNICIPAL DE SANTANA - AP;Santana;AP;8;Dispensa;0;2025-10-28T15:27:42;2025-10-29T09:00:00;2025-11-03T09:00:00;1;Divulgada no PNCP;generico;5.0;3326.65;1.0;1.0;False;3326.65;0.0;False;E22;esportivo;Trofeu;3926.40.00
34926188000115-1-000003/2025;4222;"CANETA ESFEROGRÁFICA - Cor tinta: preta; Material: plástico transparente com orifício na lateral; Ponta: latão com esfera de tungstênio, fina; Apresentação: 50 unidades; Tipo escrita: fina.";M;150.0;Cx 50 Un.;Cx 50 Un.;;"unidade nao reconhecida no dicionario; preservada como original";57.51;8626.5;0;2;Homologado;1;;;;2025-11-12T09:12:59;2025-11-26T18:40:00;ACEITO;P06;educativo;casou regra de identidade do produto P06;v2;ok;"{""numeroItem"": 4222, ""descricao"": ""CANETA ESFEROGRÁFICA - Cor tinta: preta; Material: plástico transparente com orifício na lateral; Ponta: latão com esfera de tungstênio, fina; Apresentação: 50 unidades; Tipo escrita: fina."", ""materialOuServico"": ""M"", ""materialOuServicoNome"": ""Material"", ""valorUnitarioEstimado"": 57.51, ""valorTotal"": 8626.5, ""quantidade"": 150.0, ""unidadeMedida"": ""Cx 50 Un."", ""orcamentoSigiloso"": false, ""itemCategoriaId"": 3, ""itemCategoriaNome"": ""Não se aplica"", ""patrimonio"": null, ""codigoRegistroImobiliario"": null, ""criterioJulgamentoId"": 1, ""criterioJulgamentoNome"": ""Menor preço"", ""situacaoCompraItem"": 2, ""situacaoCompraItemNome"": ""Homologado"", ""tipoBeneficio"": 1, ""tipoBeneficioNome"": ""Participação exclusiva para ME/EPP"", ""incentivoProdutivoBasico"": false, ""dataInclusao"": ""2025-11-12T09:12:59"", ""dataAtualizacao"": ""2025-11-26T18:40:00"", ""temResultado"": true, ""imagem"": 0, ""aplicabilidadeMargemPreferenciaNormal"": false, ""aplicabilidadeMargemPreferenciaAdicional"": false, ""percentualMargemPreferenciaNormal"": null, ""percentualMargemPreferenciaAdicional"": null, ""ncmNbsCodigo"": null, ""ncmNbsDescricao"": null, ""catalogo"": null, ""categoriaItemCatalogo"": null, ""catalogoCodigoItem"": null, ""informacaoComplementar"": null, ""tipoMargemPreferencia"": null, ""exigenciaConteudoNacional"": false}";2026-09-12T19:49:26.887076;34926188000115;INSTITUTO DE EXTENSAO, ASSISTENCIA E DESENVOLVIMENTO RURAL DO AMAPA;estadual;E;24;INSTITUTO DE  DESENVOLVIMENTO RURAL DO ESTADO DO AMAPÁ ;Amapá;AP;8;Dispensa;0;2025-11-12T09:12:59;;;1;Divulgada no PNCP;generico;150.0;6471.0;1.0;1.0;False;8626.5;24.98695878977569;False;P06;educativo;Caneta esferografica azul/preta/vermelha;9608.10.00
11633713000109-1-000026/2025;4250;"CANETA - Tipo: esferográfica; Cor: azul; Corpo: plástico; Ponta: média; Material da Ponta: esfera de tungstênio.";M;150.0;Cx 50 Unds;Cx 50 Unds;;"unidade nao reconhecida no dicionario; preservada como original";29.02;4353.0;0;2;Homologado;1;;;;2025-11-14T08:42:29;2025-11-25T12:05:00;ACEITO;P06;educativo;casou regra de identidade do produto P06;v2;ok;"{""numeroItem"": 4250, ""descricao"": ""CANETA - Tipo: esferográfica; Cor: azul; Corpo: plástico; Ponta: média; Material da Ponta: esfera de tungstênio."", ""materialOuServico"": ""M"", ""materialOuServicoNome"": ""Material"", ""valorUnitarioEstimado"": 29.02, ""valorTotal"": 4353.0, ""quantidade"": 150.0, ""unidadeMedida"": ""Cx 50 Unds"", ""orcamentoSigiloso"": false, ""itemCategoriaId"": 3, ""itemCategoriaNome"": ""Não se aplica"", ""patrimonio"": null, ""codigoRegistroImobiliario"": null, ""criterioJulgamentoId"": 1, ""criterioJulgamentoNome"": ""Menor preço"", ""situacaoCompraItem"": 2, ""situacaoCompraItemNome"": ""Homologado"", ""tipoBeneficio"": 1, ""tipoBeneficioNome"": ""Participação exclusiva para ME/EPP"", ""incentivoProdutivoBasico"": false, ""dataInclusao"": ""2025-11-14T08:42:29"", ""dataAtualizacao"": ""2025-11-25T12:05:00"", ""temResultado"": true, ""imagem"": 0, ""aplicabilidadeMargemPreferenciaNormal"": false, ""aplicabilidadeMargemPreferenciaAdicional"": false, ""percentualMargemPreferenciaNormal"": null, ""percentualMargemPreferenciaAdicional"": null, ""ncmNbsCodigo"": null, ""ncmNbsDescricao"": null, ""catalogo"": null, ""categoriaItemCatalogo"": null, ""catalogoCodigoItem"": null, ""informacaoComplementar"": null, ""tipoMargemPreferencia"": null, ""exigenciaConteudoNacional"": false}";2026-09-12T19:49:38.163556;11633713000109;DEPARTAMENTO ESTADUAL DE TRANSITO DO ESTADO DO AMAPA;estadual;E;63;DEPARTAMENTO ESTADUAL DE TRÂNSITO ;Amapá;AP;8;Dispensa;0;2025-11-14T08:42:29;;;1;Divulgada no PNCP;generico;150.0;3265.5;1.0;1.0;False;4353.0;24.982770503101314;False;P06;educativo;Caneta esferografica azul/preta/vermelha;9608.10.00
11633713000109-1-000026/2025;4255;"CANETA - Tipo: esferográfica; Cor: preta; Corpo: plástico; Ponta: média; Material da Ponta: esfera de tungstênio.";M;150.0;Cx 50 Unds;Cx 50 Unds;;"unidade nao reconhecida no dicionario; preservada como original";29.18;4377.0;0;2;Homologado;1;;;;2025-11-14T08:42:29;2025-11-25T13:00:00;ACEITO;P06;educativo;casou regra de identidade do produto P06;v2;ok;"{""numeroItem"": 4255, ""descricao"": ""CANETA - Tipo: esferográfica; Cor: preta; Corpo: plástico; Ponta: média; Material da Ponta: esfera de tungstênio."", ""materialOuServico"": ""M"", ""materialOuServicoNome"": ""Material"", ""valorUnitarioEstimado"": 29.18, ""valorTotal"": 4377.0, ""quantidade"": 150.0, ""unidadeMedida"": ""Cx 50 Unds"", ""orcamentoSigiloso"": false, ""itemCategoriaId"": 3, ""itemCategoriaNome"": ""Não se aplica"", ""patrimonio"": null, ""codigoRegistroImobiliario"": null, ""criterioJulgamentoId"": 1, ""criterioJulgamentoNome"": ""Menor preço"", ""situacaoCompraItem"": 2, ""situacaoCompraItemNome"": ""Homologado"", ""tipoBeneficio"": 1, ""tipoBeneficioNome"": ""Participação exclusiva para ME/EPP"", ""incentivoProdutivoBasico"": false, ""dataInclusao"": ""2025-11-14T08:42:29"", ""dataAtualizacao"": ""2025-11-25T13:00:00"", ""temResultado"": true, ""imagem"": 0, ""aplicabilidadeMargemPreferenciaNormal"": false, ""aplicabilidadeMargemPreferenciaAdicional"": false, ""percentualMargemPreferenciaNormal"": null, ""percentualMargemPreferenciaAdicional"": null, ""ncmNbsCodigo"": null, ""ncmNbsDescricao"": null, ""catalogo"": null, ""categoriaItemCatalogo"": null, ""catalogoCodigoItem"": null, ""informacaoComplementar"": null, ""tipoMargemPreferencia"": null, ""exigenciaConteudoNacional"": false}";2026-09-12T19:49:38.163556;11633713000109;DEPARTAMENTO ESTADUAL DE TRANSITO DO ESTADO DO AMAPA;estadual;E;63;DEPARTAMENTO ESTADUAL DE TRÂNSITO ;Amapá;AP;8;Dispensa;0;2025-11-14T08:42:29;;;1;Divulgada no PNCP;generico;150.0;3265.5;1.0;1.0;False;4377.0;25.39410555174777;False;P06;educativo;Caneta esferografica azul/preta/vermelha;9608.10.00
11633713000109-1-000026/2025;4258;"Caneta - Tipo: esferográfica; Cor: vermelha; Corpo: material plástico transparente, sextavado ou redondo; Ponta: fina de 0.7 mm; Material da Ponta: esfera de tungstênio.";M;150.0;Cx 50 Unds;Cx 50 Unds;;"unidade nao reconhecida no dicionario; preservada como original";29.6;4440.0;0;2;Homologado;1;;;;2025-11-14T08:42:29;2025-11-25T13:30:00;ACEITO;P06;educativo;casou regra de identidade do produto P06;v2;ok;"{""numeroItem"": 4258, ""descricao"": ""Caneta - Tipo: esferográfica; Cor: vermelha; Corpo: material plástico transparente, sextavado ou redondo; Ponta: fina de 0.7 mm; Material da Ponta: esfera de tungstênio."", ""materialOuServico"": ""M"", ""materialOuServicoNome"": ""Material"", ""valorUnitarioEstimado"": 29.6, ""valorTotal"": 4440.0, ""quantidade"": 150.0, ""unidadeMedida"": ""Cx 50 Unds"", ""orcamentoSigiloso"": false, ""itemCategoriaId"": 3, ""itemCategoriaNome"": ""Não se aplica"", ""patrimonio"": null, ""codigoRegistroImobiliario"": null, ""criterioJulgamentoId"": 1, ""criterioJulgamentoNome"": ""Menor preço"", ""situacaoCompraItem"": 2, ""situacaoCompraItemNome"": ""Homologado"", ""tipoBeneficio"": 1, ""tipoBeneficioNome"": ""Participação exclusiva para ME/EPP"", ""incentivoProdutivoBasico"": false, ""dataInclusao"": ""2025-11-14T08:42:29"", ""dataAtualizacao"": ""2025-11-25T13:30:00"", ""temResultado"": true, ""imagem"": 0, ""aplicabilidadeMargemPreferenciaNormal"": false, ""aplicabilidadeMargemPreferenciaAdicional"": false, ""percentualMargemPreferenciaNormal"": null, ""percentualMargemPreferenciaAdicional"": null, ""ncmNbsCodigo"": null, ""ncmNbsDescricao"": null, ""catalogo"": null, ""categoriaItemCatalogo"": null, ""catalogoCodigoItem"": null, ""informacaoComplementar"": null, ""tipoMargemPreferencia"": null, ""exigenciaConteudoNacional"": false}";2026-09-12T19:49:38.163556;11633713000109;DEPARTAMENTO ESTADUAL DE TRANSITO DO ESTADO DO AMAPA;estadual;E;63;DEPARTAMENTO ESTADUAL DE TRÂNSITO ;Amapá;AP;8;Dispensa;0;2025-11-14T08:42:29;;;1;Divulgada no PNCP;generico;150.0;3330.0;1.0;1.0;False;4440.0;25.0;False;P06;educativo;Caneta esferografica azul/preta/vermelha;9608.10.00
32665025000109-1-000003/2025;6769335;Apito FOX .40;M;20.0;UNID;UNID;;"unidade nao reconhecida no dicionario; preservada como original";70.0;1400.0;0;2;Homologado;1;;;;2025-11-14T20:42:54;2025-11-25T16:01:10;ACEITO;E12;esportivo;casou regra de identidade do produto E12;v2;ok;"{""numeroItem"": 6769335, ""descricao"": ""Apito FOX .40"", ""materialOuServico"": ""M"", ""materialOuServicoNome"": ""Material"", ""valorUnitarioEstimado"": 70.0, ""valorTotal"": 1400.0, ""quantidade"": 20.0, ""unidadeMedida"": ""UNID"", ""orcamentoSigiloso"": false, ""itemCategoriaId"": 3, ""itemCategoriaNome"": ""Não se aplica"", ""patrimonio"": null, ""codigoRegistroImobiliario"": null, ""criterioJulgamentoId"": 1, ""criterioJulgamentoNome"": ""Menor preço"", ""situacaoCompraItem"": 2, ""situacaoCompraItemNome"": ""Homologado"", ""tipoBeneficio"": 1, ""tipoBeneficioNome"": ""Participação exclusiva para ME/EPP"", ""incentivoProdutivoBasico"": false, ""dataInclusao"": ""2025-11-14T20:42:54"", ""dataAtualizacao"": ""2025-11-25T16:01:10"", ""temResultado"": true, ""imagem"": 0, ""aplicabilidadeMargemPreferenciaNormal"": false, ""aplicabilidadeMargemPreferenciaAdicional"": false, ""percentualMargemPreferenciaNormal"": null, ""percentualMargemPreferenciaAdicional"": null, ""ncmNbsCodigo"": null, ""ncmNbsDescricao"": null, ""catalogo"": null, ""categoriaItemCatalogo"": null, ""catalogoCodigoItem"": null, ""informacaoComplementar"": null, ""tipoMargemPreferencia"": null, ""exigenciaConteudoNacional"": false}";2026-09-12T19:49:47.785169;32665025000109;INSTITUTO MUNICIPAL DE TRANSITO E TRANSPORTE - IMTRANS;municipal;M;3014;INSTITUTO MUNICIPAL DE TRANSITO E TRANSPORTE - IMTRANS - AP;Oiapoque;AP;8;Dispensa;0;2025-11-14T20:42:54;;;1;Divulgada no PNCP;generico;20.0;1300.0;1.0;1.0;False;1400.0;7.14285714285714;False;E12;esportivo;Apito de arbitro;9208.90.00
08186277000162-1-000008/2025;4268;"TONER - Modelo: M428 DW; Referência: CF258X (HP 58X ou equivalente compatível de alto rendimento); Cor: preto; Marca Referência: HP ou equivalente compatível; Rendimento mínimo: aproximadamente 10.000 (dez mil) páginas, considerando 5% de cobertura em papel A4; Estado do produto: novo, lacrado, de primeiro uso, não remanufaturado; Garantia: 12 (doze) meses contra defeitos de fabricação.";M;160.0;1 Un.;1 Un.;;"unidade nao reconhecida no dicionario; preservada como original";257.4;41184.0;0;2;Homologado;1;;;;2025-11-17T12:24:14;2025-12-01T10:40:00;ACEITO;P01;educativo;casou regra de identidade do produto P01;v2;ok;"{""numeroItem"": 4268, ""descricao"": ""TONER - Modelo: M428 DW; Referência: CF258X (HP 58X ou equivalente compatível de alto rendimento); Cor: preto; Marca Referência: HP ou equivalente compatível; Rendimento mínimo: aproximadamente 10.000 (dez mil) páginas, considerando 5% de cobertura em papel A4; Estado do produto: novo, lacrado, de primeiro uso, não remanufaturado; Garantia: 12 (doze) meses contra defeitos de fabricação."", ""materialOuServico"": ""M"", ""materialOuServicoNome"": ""Material"", ""valorUnitarioEstimado"": 257.4, ""valorTotal"": 41184.0, ""quantidade"": 160.0, ""unidadeMedida"": ""1 Un."", ""orcamentoSigiloso"": false, ""itemCategoriaId"": 3, ""itemCategoriaNome"": ""Não se aplica"", ""patrimonio"": null, ""codigoRegistroImobiliario"": null, ""criterioJulgamentoId"": 1, ""criterioJulgamentoNome"": ""Menor preço"", ""situacaoCompraItem"": 2, ""situacaoCompraItemNome"": ""Homologado"", ""tipoBeneficio"": 1, ""tipoBeneficioNome"": ""Participação exclusiva para ME/EPP"", ""incentivoProdutivoBasico"": false, ""dataInclusao"": ""2025-11-17T12:24:14"", ""dataAtualizacao"": ""2025-12-01T10:40:00"", ""temResultado"": true, ""imagem"": 0, ""aplicabilidadeMargemPreferenciaNormal"": false, ""aplicabilidadeMargemPreferenciaAdicional"": false, ""percentualMargemPreferenciaNormal"": null, ""percentualMargemPreferenciaAdicional"": null, ""ncmNbsCodigo"": null, ""ncmNbsDescricao"": null, ""catalogo"": null, ""categoriaItemCatalogo"": null, ""catalogoCodigoItem"": null, ""informacaoComplementar"": null, ""tipoMargemPreferencia"": null, ""exigenciaConteudoNacional"": false}";2026-09-12T19:49:53.682299;08186277000162;UNIVERSIDADE DO ESTADO DO AMAPA;estadual;E;3587;UNIVERSIDADE ESTADUAL DO AMAPÁ;Macapá;AP;8;Dispensa;0;2025-11-17T12:24:14;;;1;Divulgada no PNCP;generico;160.0;30888.0;1.0;1.0;False;41184.0;25.0;False;P01;educativo;Papel sulfite A4, resma de 500 folhas;4802.56.10
11762249000150-1-000004/2025;4424;"Caneta - Tipo: esferográfica; Cor: azul; Corpo: material plástico transparente, sextavado ou redondo; Ponta: fina de 0.7 mm; Material da Ponta: esfera de tungstênio; Dados Complementares: tampa ventilada na mesma cor da tinta.";M;6.0;Cx 50 Un.;Cx 50 Un.;;"unidade nao reconhecida no dicionario; preservada como original";41.34;248.04;0;2;Homologado;1;;;;2025-12-09T14:40:05;2026-02-06T09:20:07;ACEITO;P06;educativo;casou regra de identidade do produto P06;v2;ok;"{""numeroItem"": 4424, ""descricao"": ""Caneta - Tipo: esferográfica; Cor: azul; Corpo: material plástico transparente, sextavado ou redondo; Ponta: fina de 0.7 mm; Material da Ponta: esfera de tungstênio; Dados Complementares: tampa ventilada na mesma cor da tinta."", ""materialOuServico"": ""M"", ""materialOuServicoNome"": ""Material"", ""valorUnitarioEstimado"": 41.34, ""valorTotal"": 248.04, ""quantidade"": 6.0, ""unidadeMedida"": ""Cx 50 Un."", ""orcamentoSigiloso"": false, ""itemCategoriaId"": 3, ""itemCategoriaNome"": ""Não se aplica"", ""patrimonio"": null, ""codigoRegistroImobiliario"": null, ""criterioJulgamentoId"": 1, ""criterioJulgamentoNome"": ""Menor preço"", ""situacaoCompraItem"": 2, ""situacaoCompraItemNome"": ""Homologado"", ""tipoBeneficio"": 1, ""tipoBeneficioNome"": ""Participação exclusiva para ME/EPP"", ""incentivoProdutivoBasico"": false, ""dataInclusao"": ""2025-12-09T14:40:05"", ""dataAtualizacao"": ""2026-02-06T09:20:07"", ""temResultado"": true, ""imagem"": 0, ""aplicabilidadeMargemPreferenciaNormal"": false, ""aplicabilidadeMargemPreferenciaAdicional"": false, ""percentualMargemPreferenciaNormal"": null, ""percentualMargemPreferenciaAdicional"": null, ""ncmNbsCodigo"": null, ""ncmNbsDescricao"": null, ""catalogo"": null, ""categoriaItemCatalogo"": null, ""catalogoCodigoItem"": null, ""informacaoComplementar"": null, ""tipoMargemPreferencia"": null, ""exigenciaConteudoNacional"": false}";2026-09-12T19:51:56.168969;11762249000150;SECRETARIA DE ESTADO DA CIENCIA E TECNOLOGIA;estadual;E;29;SECRETARIA DE ESTADO DA CIÊNCIA E TECNOLOGIA ;Macapá;AP;8;Dispensa;0;2025-12-09T14:40:05;;;1;Divulgada no PNCP;generico;6.0;153.06;1.0;1.0;False;248.04000000000002;38.29221093372037;False;P06;educativo;Caneta esferografica azul/preta/vermelha;9608.10.00
34865584000180-1-000007/2025;3;Caneta Esferográfica características adicionais: em formato hexagonal, cor tinta: azul, material: acrílico transparente, material ponta: esfera, quantidade cargas: 1, tipo escrita: fina 0.7;M;5.0;Caixa 50 UN;Caixa 50 UN;;"unidade nao reconhecida no dicionario; preservada como original";29.0;145.0;0;2;Homologado;1;;;;2025-12-16T11:19:10;2025-12-16T11:22:10;ACEITO;P06;educativo;casou regra de identidade do produto P06;v2;ok;"{""numeroItem"": 3, ""descricao"": ""Caneta Esferográfica características adicionais: em formato hexagonal, cor tinta: azul, material: acrílico transparente, material ponta: esfera, quantidade cargas: 1, tipo escrita: fina 0.7"", ""materialOuServico"": ""M"", ""materialOuServicoNome"": ""Material"", ""valorUnitarioEstimado"": 29.0, ""valorTotal"": 145.0, ""quantidade"": 5.0, ""unidadeMedida"": ""Caixa 50 UN"", ""orcamentoSigiloso"": false, ""itemCategoriaId"": 3, ""itemCategoriaNome"": ""Não se aplica"", ""patrimonio"": null, ""codigoRegistroImobiliario"": null, ""criterioJulgamentoId"": 7, ""criterioJulgamentoNome"": ""Não se aplica"", ""situacaoCompraItem"": 2, ""situacaoCompraItemNome"": ""Homologado"", ""tipoBeneficio"": 5, ""tipoBeneficioNome"": ""Não se aplica"", ""incentivoProdutivoBasico"": false, ""dataInclusao"": ""2025-12-16T11:19:10"", ""dataAtualizacao"": ""2025-12-16T11:22:10"", ""temResultado"": true, ""imagem"": 0, ""aplicabilidadeMargemPreferenciaNormal"": false, ""aplicabilidadeMargemPreferenciaAdicional"": false, ""percentualMargemPreferenciaNormal"": null, ""percentualMargemPreferenciaAdicional"": null, ""ncmNbsCodigo"": null, ""ncmNbsDescricao"": null, ""catalogo"": null, ""categoriaItemCatalogo"": null, ""catalogoCodigoItem"": null, ""informacaoComplementar"": null, ""tipoMargemPreferencia"": null, ""exigenciaConteudoNacional"": false}";2026-09-12T19:52:40.466312;34865584000180;CONSELHO REGIONAL DE ODONTOLOGIA DO AMAPA;federal;F;931778;CONSELHO REGIONAL DE ODONTOL. ESTADO DO AMAPá;Macapá;AP;8;Dispensa;0;2025-12-16T11:19:04;;;1;Divulgada no PNCP;generico;5.0;145.0;1.0;1.0;False;145.0;0.0;False;P06;educativo;Caneta esferografica azul/preta/vermelha;9608.10.00
34865584000180-1-000007/2025;4;Caneta Esferográfica características adicionais: corpo sextavado e tampa ventidada, cor tinta: preta, material: acrílico transparente, material ponta: esfera de tungstênio, quantidade cargas: 1, tipo escrita: fina;M;5.0;Caixa 50 UN;Caixa 50 UN;;"unidade nao reconhecida no dicionario; preservada como original";29.0;145.0;0;2;Homologado;1;;;;2025-12-16T11:19:04;2025-12-16T11:22:04;ACEITO;P06;educativo;casou regra de identidade do produto P06;v2;ok;"{""numeroItem"": 4, ""descricao"": ""Caneta Esferográfica características adicionais: corpo sextavado e tampa ventidada, cor tinta: preta, material: acrílico transparente, material ponta: esfera de tungstênio, quantidade cargas: 1, tipo escrita: fina"", ""materialOuServico"": ""M"", ""materialOuServicoNome"": ""Material"", ""valorUnitarioEstimado"": 29.0, ""valorTotal"": 145.0, ""quantidade"": 5.0, ""unidadeMedida"": ""Caixa 50 UN"", ""orcamentoSigiloso"": false, ""itemCategoriaId"": 3, ""itemCategoriaNome"": ""Não se aplica"", ""patrimonio"": null, ""codigoRegistroImobiliario"": null, ""criterioJulgamentoId"": 7, ""criterioJulgamentoNome"": ""Não se aplica"", ""situacaoCompraItem"": 2, ""situacaoCompraItemNome"": ""Homologado"", ""tipoBeneficio"": 5, ""tipoBeneficioNome"": ""Não se aplica"", ""incentivoProdutivoBasico"": false, ""dataInclusao"": ""2025-12-16T11:19:04"", ""dataAtualizacao"": ""2025-12-16T11:22:04"", ""temResultado"": true, ""imagem"": 0, ""aplicabilidadeMargemPreferenciaNormal"": false, ""aplicabilidadeMargemPreferenciaAdicional"": false, ""percentualMargemPreferenciaNormal"": null, ""percentualMargemPreferenciaAdicional"": null, ""ncmNbsCodigo"": null, ""ncmNbsDescricao"": null, ""catalogo"": null, ""categoriaItemCatalogo"": null, ""catalogoCodigoItem"": null, ""informacaoComplementar"": null, ""tipoMargemPreferencia"": null, ""exigenciaConteudoNacional"": false}";2026-09-12T19:52:40.466312;34865584000180;CONSELHO REGIONAL DE ODONTOLOGIA DO AMAPA;federal;F;931778;CONSELHO REGIONAL DE ODONTOL. ESTADO DO AMAPá;Macapá;AP;8;Dispensa;0;2025-12-16T11:19:04;;;1;Divulgada no PNCP;generico;5.0;145.0;1.0;1.0;False;145.0;0.0;False;P06;educativo;Caneta esferografica azul/preta/vermelha;9608.10.00
00743471000190-1-000001/2025;3;Caneta Esferográfica características adicionais: personalizada a laser, empunhadura, crip conforme, cor tinta: azul marinho, material: metal, material ponta: esfera, quantidade cargas: 1 ITEM 03 - CANETA ESFEROGRÁFICA, CONTEMPLA TODOS OS ITENS DO GRUPO 3 - MATERIAL DE EXPEDIENTE  NO TOTAL DE  36 ITENS ,  CONSIDERANDO OS VALORES INDIVIDUAIS DE CADA ITEM CONFORME CONSTA NO  TR;M;1.0;Unidade;unidade;1.0;unidade original ja comparavel (sem conversao);12441.0;12441.0;0;2;Homologado;1;;;;2025-12-22T12:04:38;2026-01-15T11:45:07;ACEITO;P06;educativo;casou regra de identidade do produto P06;v2;ok;"{""numeroItem"": 3, ""descricao"": ""Caneta Esferográfica características adicionais: personalizada a laser, empunhadura, crip conforme, cor tinta: azul marinho, material: metal, material ponta: esfera, quantidade cargas: 1 ITEM 03 - CANETA ESFEROGRÁFICA, CONTEMPLA TODOS OS ITENS DO GRUPO 3 - MATERIAL DE EXPEDIENTE  NO TOTAL DE  36 ITENS ,  CONSIDERANDO OS VALORES INDIVIDUAIS DE CADA ITEM CONFORME CONSTA NO  TR"", ""materialOuServico"": ""M"", ""materialOuServicoNome"": ""Material"", ""valorUnitarioEstimado"": 12441.0, ""valorTotal"": 12441.0, ""quantidade"": 1.0, ""unidadeMedida"": ""Unidade"", ""orcamentoSigiloso"": false, ""itemCategoriaId"": 3, ""itemCategoriaNome"": ""Não se aplica"", ""patrimonio"": null, ""codigoRegistroImobiliario"": null, ""criterioJulgamentoId"": 1, ""criterioJulgamentoNome"": ""Menor preço"", ""situacaoCompraItem"": 2, ""situacaoCompraItemNome"": ""Homologado"", ""tipoBeneficio"": 1, ""tipoBeneficioNome"": ""Participação exclusiva para ME/EPP"", ""incentivoProdutivoBasico"": false, ""dataInclusao"": ""2025-12-22T12:04:38"", ""dataAtualizacao"": ""2026-01-15T11:45:07"", ""temResultado"": true, ""imagem"": 0, ""aplicabilidadeMargemPreferenciaNormal"": false, ""aplicabilidadeMargemPreferenciaAdicional"": false, ""percentualMargemPreferenciaNormal"": null, ""percentualMargemPreferenciaAdicional"": null, ""ncmNbsCodigo"": null, ""ncmNbsDescricao"": null, ""catalogo"": null, ""categoriaItemCatalogo"": null, ""catalogoCodigoItem"": null, ""informacaoComplementar"": null, ""tipoMargemPreferencia"": null, ""exigenciaConteudoNacional"": false}";2026-09-12T19:53:15.694677;00743471000190;INSTITUTO DE PREVIDENCIA DO MUNICIPIO DE SANTANA;municipal;M;932102;MAP-INSTITUTO PREV. DO MUNICIPIO DE SANTANA;Santana;AP;8;Dispensa;0;2025-12-22T12:04:38;2025-12-24T08:00:00;2025-12-29T08:00:00;1;Divulgada no PNCP;generico;1.0;12433.3;1.0;1.0;False;12441.0;0.06189213085765477;False;P06;educativo;Caneta esferografica azul/preta/vermelha;9608.10.00
34868257000181-1-000072/2025;3;Tatame material: e.v.a., comprimento placa: 1, largura placa: 1, espessura placa: 40, características adicionais: película texturizada e siliconada;M;15.0;Unidade;unidade;1.0;unidade original ja comparavel (sem conversao);128.36;1925.4;0;2;Homologado;1;;;;2025-12-23T16:21:59;2025-12-30T17:09:14;ACEITO;E17;esportivo;casou regra de identidade do produto E17;v2;ok;"{""numeroItem"": 3, ""descricao"": ""Tatame material: e.v.a., comprimento placa: 1, largura placa: 1, espessura placa: 40, características adicionais: película texturizada e siliconada"", ""materialOuServico"": ""M"", ""materialOuServicoNome"": ""Material"", ""valorUnitarioEstimado"": 128.36, ""valorTotal"": 1925.4, ""quantidade"": 15.0, ""unidadeMedida"": ""Unidade"", ""orcamentoSigiloso"": false, ""itemCategoriaId"": 3, ""itemCategoriaNome"": ""Não se aplica"", ""patrimonio"": null, ""codigoRegistroImobiliario"": null, ""criterioJulgamentoId"": 1, ""criterioJulgamentoNome"": ""Menor preço"", ""situacaoCompraItem"": 2, ""situacaoCompraItemNome"": ""Homologado"", ""tipoBeneficio"": 1, ""tipoBeneficioNome"": ""Participação exclusiva para ME/EPP"", ""incentivoProdutivoBasico"": false, ""dataInclusao"": ""2025-12-23T16:21:59"", ""dataAtualizacao"": ""2025-12-30T17:09:14"", ""temResultado"": true, ""imagem"": 0, ""aplicabilidadeMargemPreferenciaNormal"": false, ""aplicabilidadeMargemPreferenciaAdicional"": false, ""percentualMargemPreferenciaNormal"": null, ""percentualMargemPreferenciaAdicional"": null, ""ncmNbsCodigo"": null, ""ncmNbsDescricao"": null, ""catalogo"": null, ""categoriaItemCatalogo"": null, ""catalogoCodigoItem"": null, ""informacaoComplementar"": null, ""tipoMargemPreferencia"": null, ""exigenciaConteudoNacional"": false}";2026-09-12T19:53:28.904313;34868257000181;FUNDACAO UNIVERSIDADE FEDERAL DO AMAPA;federal;F;154215;FUNDACAO UNIVERSIDADE FEDERAL/AP;Macapá;AP;8;Dispensa;0;2025-12-23T16:21:42;2025-12-24T08:00:00;2025-12-29T08:00:00;1;Divulgada no PNCP;generico;15.0;1920.9;1.0;1.0;False;1925.4;0.2337176690557774;False;E17;esportivo;Placa de tatame em EVA;3921.19.00
34870246000136-1-000091/2025;2;Cone Sinalização acessórios: base removível em borracha, altura: 1100, características adicionais: 4 sapatas na base., cor: laranja com 3 faixas cinzas refletivas, largura base: 270, material: polietileno semiflexível;M;20.0;Unidade;unidade;1.0;unidade original ja comparavel (sem conversao);179.0;3580.0;0;2;Homologado;1;;;;2026-01-06T09:27:18;2026-01-06T09:30:19;ACEITO;E10;esportivo;casou regra de identidade do produto E10;v2;ok;"{""numeroItem"": 2, ""descricao"": ""Cone Sinalização acessórios: base removível em borracha, altura: 1100, características adicionais: 4 sapatas na base., cor: laranja com 3 faixas cinzas refletivas, largura base: 270, material: polietileno semiflexível"", ""materialOuServico"": ""M"", ""materialOuServicoNome"": ""Material"", ""valorUnitarioEstimado"": 179.0, ""valorTotal"": 3580.0, ""quantidade"": 20.0, ""unidadeMedida"": ""Unidade"", ""orcamentoSigiloso"": false, ""itemCategoriaId"": 3, ""itemCategoriaNome"": ""Não se aplica"", ""patrimonio"": null, ""codigoRegistroImobiliario"": null, ""criterioJulgamentoId"": 7, ""criterioJulgamentoNome"": ""Não se aplica"", ""situacaoCompraItem"": 2, ""situacaoCompraItemNome"": ""Homologado"", ""tipoBeneficio"": 5, ""tipoBeneficioNome"": ""Não se aplica"", ""incentivoProdutivoBasico"": false, ""dataInclusao"": ""2026-01-06T09:27:18"", ""dataAtualizacao"": ""2026-01-06T09:30:19"", ""temResultado"": true, ""imagem"": 0, ""aplicabilidadeMargemPreferenciaNormal"": false, ""aplicabilidadeMargemPreferenciaAdicional"": false, ""percentualMargemPreferenciaNormal"": null, ""percentualMargemPreferenciaAdicional"": null, ""ncmNbsCodigo"": null, ""ncmNbsDescricao"": null, ""catalogo"": null, ""categoriaItemCatalogo"": null, ""catalogoCodigoItem"": null, ""informacaoComplementar"": null, ""tipoMargemPreferencia"": null, ""exigenciaConteudoNacional"": false}";2026-09-12T19:54:14.403570;34870246000136;TRIBUNAL DE CONTAS DO ESTADO DO AMAPA;estadual;E;927045;TRIBUNAL DE CONTAS DO ESTADO DO AMAPÁ;Macapá;AP;8;Dispensa;0;2026-01-06T09:27:18;;;1;Divulgada no PNCP;generico;20.0;3580.0;1.0;1.0;False;3580.0;0.0;False;E10;esportivo;Cone esportivo de sinalizacao;3926.90.90
00394502000144-1-000515/2026;2;Caneta Esferográfica características adicionais: corpo sextavado, cor tinta: azul, material: poliestireno, material ponta: aço inoxidável com esfera de tungstênio, quantidade cargas: 1, tipo escrita: fina;M;50.0;Caixa 50 UN;Caixa 50 UN;;"unidade nao reconhecida no dicionario; preservada como original";64.97;3248.5;0;2;Homologado;1;;;;2026-01-30T17:10:58;2026-02-16T09:36:37;ACEITO;P06;educativo;casou regra de identidade do produto P06;v2;ok;"{""numeroItem"": 2, ""descricao"": ""Caneta Esferográfica características adicionais: corpo sextavado, cor tinta: azul, material: poliestireno, material ponta: aço inoxidável com esfera de tungstênio, quantidade cargas: 1, tipo escrita: fina"", ""materialOuServico"": ""M"", ""materialOuServicoNome"": ""Material"", ""valorUnitarioEstimado"": 64.97, ""valorTotal"": 3248.5, ""quantidade"": 50.0, ""unidadeMedida"": ""Caixa 50 UN"", ""orcamentoSigiloso"": false, ""itemCategoriaId"": 3, ""itemCategoriaNome"": ""Não se aplica"", ""patrimonio"": null, ""codigoRegistroImobiliario"": null, ""criterioJulgamentoId"": 1, ""criterioJulgamentoNome"": ""Menor preço"", ""situacaoCompraItem"": 2, ""situacaoCompraItemNome"": ""Homologado"", ""tipoBeneficio"": 1, ""tipoBeneficioNome"": ""Participação exclusiva para ME/EPP"", ""incentivoProdutivoBasico"": false, ""dataInclusao"": ""2026-01-30T17:10:58"", ""dataAtualizacao"": ""2026-02-16T09:36:37"", ""temResultado"": true, ""imagem"": 0, ""aplicabilidadeMargemPreferenciaNormal"": false, ""aplicabilidadeMargemPreferenciaAdicional"": false, ""percentualMargemPreferenciaNormal"": null, ""percentualMargemPreferenciaAdicional"": null, ""ncmNbsCodigo"": null, ""ncmNbsDescricao"": null, ""catalogo"": null, ""categoriaItemCatalogo"": null, ""catalogoCodigoItem"": null, ""informacaoComplementar"": null, ""tipoMargemPreferencia"": null, ""exigenciaConteudoNacional"": false}";2026-09-12T19:54:56.592254;00394502000144;COMANDO DA MARINHA;federal;F;784312;CAPITANIA DOS PORTOS DO AMAPÁ;Santana;AP;8;Dispensa;0;2026-01-30T17:10:53;2026-01-30T17:20:00;2026-02-03T08:00:00;1;Divulgada no PNCP;generico;50.0;3050.0;1.0;1.0;False;3248.5;6.11051254425119;False;P06;educativo;Caneta esferografica azul/preta/vermelha;9608.10.00
11778652000178-1-000006/2025;7;"CANETA ESFEROGRÁFICA - Material: plástico cristal; Material ponta: metálica com esfera de tungstênio; Tipo escrita: média; Cor tinta: azul; Características adicionais: corpo sextavado.";M;60.0;Cx 50 Un.;Cx 50 Un.;;"unidade nao reconhecida no dicionario; preservada como original";0.0;0.0;0;2;Homologado;1;;;;2026-02-03T11:22:33;2026-02-03T11:26:35;ACEITO;P06;educativo;casou regra de identidade do produto P06;v2;ok;"{""numeroItem"": 7, ""descricao"": ""CANETA ESFEROGRÁFICA - Material: plástico cristal; Material ponta: metálica com esfera de tungstênio; Tipo escrita: média; Cor tinta: azul; Características adicionais: corpo sextavado."", ""materialOuServico"": ""M"", ""materialOuServicoNome"": ""Material"", ""valorUnitarioEstimado"": 0.0, ""valorTotal"": 0.0, ""quantidade"": 60.0, ""unidadeMedida"": ""Cx 50 Un."", ""orcamentoSigiloso"": false, ""itemCategoriaId"": 3, ""itemCategoriaNome"": ""Não se aplica"", ""patrimonio"": null, ""codigoRegistroImobiliario"": null, ""criterioJulgamentoId"": 7, ""criterioJulgamentoNome"": ""Não se aplica"", ""situacaoCompraItem"": 2, ""situacaoCompraItemNome"": ""Homologado"", ""tipoBeneficio"": 4, ""tipoBeneficioNome"": ""Sem benefício"", ""incentivoProdutivoBasico"": false, ""dataInclusao"": ""2026-02-03T11:22:33"", ""dataAtualizacao"": ""2026-02-03T11:26:35"", ""temResultado"": true, ""imagem"": 0, ""aplicabilidadeMargemPreferenciaNormal"": false, ""aplicabilidadeMargemPreferenciaAdicional"": false, ""percentualMargemPreferenciaNormal"": null, ""percentualMargemPreferenciaAdicional"": null, ""ncmNbsCodigo"": null, ""ncmNbsDescricao"": null, ""catalogo"": null, ""categoriaItemCatalogo"": null, ""catalogoCodigoItem"": null, ""informacaoComplementar"": null, ""tipoMargemPreferencia"": null, ""exigenciaConteudoNacional"": false}";2026-09-12T19:55:04.869249;11778652000178;SISTEMA INTEGRADO DE ATENDIMENTO AO CIDADAO;estadual;E;56;SISTEMA INTEGRADO DE ATENDIMENTO AO CIDADÃO;Amapá;AP;8;Dispensa;0;2026-02-03T11:22:33;;;1;Divulgada no PNCP;generico;60.0;2874.0;1.0;1.0;False;0.0;;False;P06;educativo;Caneta esferografica azul/preta/vermelha;9608.10.00
11778652000178-1-000006/2025;8;"CANETA ESFEROGRÁFICA - Material: plástico cristal transparente; Material ponta: metálica com esfera de tungstênio; Tipo escrita: fina; Cor tinta: preta; Características adicionais: tampa removível com haste para fixação.";M;60.0;Cx 50 Un.;Cx 50 Un.;;"unidade nao reconhecida no dicionario; preservada como original";0.0;0.0;0;2;Homologado;1;;;;2026-02-03T11:22:33;2026-02-03T11:26:36;ACEITO;P06;educativo;casou regra de identidade do produto P06;v2;ok;"{""numeroItem"": 8, ""descricao"": ""CANETA ESFEROGRÁFICA - Material: plástico cristal transparente; Material ponta: metálica com esfera de tungstênio; Tipo escrita: fina; Cor tinta: preta; Características adicionais: tampa removível com haste para fixação."", ""materialOuServico"": ""M"", ""materialOuServicoNome"": ""Material"", ""valorUnitarioEstimado"": 0.0, ""valorTotal"": 0.0, ""quantidade"": 60.0, ""unidadeMedida"": ""Cx 50 Un."", ""orcamentoSigiloso"": false, ""itemCategoriaId"": 3, ""itemCategoriaNome"": ""Não se aplica"", ""patrimonio"": null, ""codigoRegistroImobiliario"": null, ""criterioJulgamentoId"": 7, ""criterioJulgamentoNome"": ""Não se aplica"", ""situacaoCompraItem"": 2, ""situacaoCompraItemNome"": ""Homologado"", ""tipoBeneficio"": 4, ""tipoBeneficioNome"": ""Sem benefício"", ""incentivoProdutivoBasico"": false, ""dataInclusao"": ""2026-02-03T11:22:33"", ""dataAtualizacao"": ""2026-02-03T11:26:36"", ""temResultado"": true, ""imagem"": 0, ""aplicabilidadeMargemPreferenciaNormal"": false, ""aplicabilidadeMargemPreferenciaAdicional"": false, ""percentualMargemPreferenciaNormal"": null, ""percentualMargemPreferenciaAdicional"": null, ""ncmNbsCodigo"": null, ""ncmNbsDescricao"": null, ""catalogo"": null, ""categoriaItemCatalogo"": null, ""catalogoCodigoItem"": null, ""informacaoComplementar"": null, ""tipoMargemPreferencia"": null, ""exigenciaConteudoNacional"": false}";2026-09-12T19:55:04.869249;11778652000178;SISTEMA INTEGRADO DE ATENDIMENTO AO CIDADAO;estadual;E;56;SISTEMA INTEGRADO DE ATENDIMENTO AO CIDADÃO;Amapá;AP;8;Dispensa;0;2026-02-03T11:22:33;;;1;Divulgada no PNCP;generico;60.0;2874.0;1.0;1.0;False;0.0;;False;P06;educativo;Caneta esferografica azul/preta/vermelha;9608.10.00
02954346000154-1-000001/2026;5249;"COLETE - Tipo: esportivo; Material: Tecido telado (poliéster respirável); Tamanho: P,  M, G e GG (ajustável, dependendo da faixa etária); Cor: Cores vivas para  diferenciação de times (amarelo, vermelho, azul, verde); Acabamento: Reforçado nas  bordas com viés elástico.";M;24.0;Ind 1 un;Ind 1 un;;"unidade nao reconhecida no dicionario; preservada como original";25.0;600.0;0;2;Homologado;1;;;;2026-03-10T10:51:48;2026-03-23T14:25:00;ACEITO;E09;esportivo;casou regra de identidade do produto E09;v2;ok;"{""numeroItem"": 5249, ""descricao"": ""COLETE - Tipo: esportivo; Material: Tecido telado (poliéster respirável); Tamanho: P,  M, G e GG (ajustável, dependendo da faixa etária); Cor: Cores vivas para  diferenciação de times (amarelo, vermelho, azul, verde); Acabamento: Reforçado nas  bordas com viés elástico."", ""materialOuServico"": ""M"", ""materialOuServicoNome"": ""Material"", ""valorUnitarioEstimado"": 25.0, ""valorTotal"": 600.0, ""quantidade"": 24.0, ""unidadeMedida"": ""Ind 1 un"", ""orcamentoSigiloso"": false, ""itemCategoriaId"": 3, ""itemCategoriaNome"": ""Não se aplica"", ""patrimonio"": null, ""codigoRegistroImobiliario"": null, ""criterioJulgamentoId"": 1, ""criterioJulgamentoNome"": ""Menor preço"", ""situacaoCompraItem"": 2, ""situacaoCompraItemNome"": ""Homologado"", ""tipoBeneficio"": 1, ""tipoBeneficioNome"": ""Participação exclusiva para ME/EPP"", ""incentivoProdutivoBasico"": false, ""dataInclusao"": ""2026-03-10T10:51:48"", ""dataAtualizacao"": ""2026-03-23T14:25:00"", ""temResultado"": true, ""imagem"": 0, ""aplicabilidadeMargemPreferenciaNormal"": false, ""aplicabilidadeMargemPreferenciaAdicional"": false, ""percentualMargemPreferenciaNormal"": null, ""percentualMargemPreferenciaAdicional"": null, ""ncmNbsCodigo"": null, ""ncmNbsDescricao"": null, ""catalogo"": null, ""categoriaItemCatalogo"": null, ""catalogoCodigoItem"": null, ""informacaoComplementar"": null, ""tipoMargemPreferencia"": null, ""exigenciaConteudoNacional"": false}";2026-09-12T19:56:11.564067;02954346000154;CORPO DE BOMBEIROS MILITAR;estadual;E;94;CORPO DE BOMBEIROS MILITAR DO ESTADO DO AMAPÁ;Macapá;AP;8;Dispensa;0;2026-03-10T10:51:48;;;1;Divulgada no PNCP;generico;24.0;480.0;1.0;1.0;False;600.0;19.999999999999996;False;E09;esportivo;Colete de treinamento esportivo;6114.30.00
02954346000154-1-000001/2026;5250;"CONES - Tipo: demarcatório; Material: PVC; Uso: atividade física; Altura: 23 cm; Cor: cores diversas; Características adicionais: cone de agilidade, demarcatório.";M;160.0;Ind 1 un;Ind 1 un;;"unidade nao reconhecida no dicionario; preservada como original";20.5;3280.0;0;2;Homologado;1;;;;2026-03-10T10:51:48;2026-03-23T14:35:00;ACEITO;E10;esportivo;casou regra de identidade do produto E10;v2;ok;"{""numeroItem"": 5250, ""descricao"": ""CONES - Tipo: demarcatório; Material: PVC; Uso: atividade física; Altura: 23 cm; Cor: cores diversas; Características adicionais: cone de agilidade, demarcatório."", ""materialOuServico"": ""M"", ""materialOuServicoNome"": ""Material"", ""valorUnitarioEstimado"": 20.5, ""valorTotal"": 3280.0, ""quantidade"": 160.0, ""unidadeMedida"": ""Ind 1 un"", ""orcamentoSigiloso"": false, ""itemCategoriaId"": 3, ""itemCategoriaNome"": ""Não se aplica"", ""patrimonio"": null, ""codigoRegistroImobiliario"": null, ""criterioJulgamentoId"": 1, ""criterioJulgamentoNome"": ""Menor preço"", ""situacaoCompraItem"": 2, ""situacaoCompraItemNome"": ""Homologado"", ""tipoBeneficio"": 1, ""tipoBeneficioNome"": ""Participação exclusiva para ME/EPP"", ""incentivoProdutivoBasico"": false, ""dataInclusao"": ""2026-03-10T10:51:48"", ""dataAtualizacao"": ""2026-03-23T14:35:00"", ""temResultado"": true, ""imagem"": 0, ""aplicabilidadeMargemPreferenciaNormal"": false, ""aplicabilidadeMargemPreferenciaAdicional"": false, ""percentualMargemPreferenciaNormal"": null, ""percentualMargemPreferenciaAdicional"": null, ""ncmNbsCodigo"": null, ""ncmNbsDescricao"": null, ""catalogo"": null, ""categoriaItemCatalogo"": null, ""catalogoCodigoItem"": null, ""informacaoComplementar"": null, ""tipoMargemPreferencia"": null, ""exigenciaConteudoNacional"": false}";2026-09-12T19:56:11.564067;02954346000154;CORPO DE BOMBEIROS MILITAR;estadual;E;94;CORPO DE BOMBEIROS MILITAR DO ESTADO DO AMAPÁ;Macapá;AP;8;Dispensa;0;2026-03-10T10:51:48;;;1;Divulgada no PNCP;generico;160.0;2880.0;1.0;1.0;False;3280.0;12.195121951219512;False;E10;esportivo;Cone esportivo de sinalizacao;3926.90.90
02954346000154-1-000001/2026;5251;"CORDA DE PULAR - Comprimento: 1,5 a 2,0 m; Material: látex ou borracha de alta resistência; Espessura: 10 mm; Empunhadura: Plástico ou tecido reforçado.";M;160.0;Ind 1 un;Ind 1 un;;"unidade nao reconhecida no dicionario; preservada como original";19.9;3184.0;0;2;Homologado;1;;;;2026-03-10T10:51:48;2026-03-23T14:45:00;ACEITO;E16;esportivo;casou regra de identidade do produto E16;v2;ok;"{""numeroItem"": 5251, ""descricao"": ""CORDA DE PULAR - Comprimento: 1,5 a 2,0 m; Material: látex ou borracha de alta resistência; Espessura: 10 mm; Empunhadura: Plástico ou tecido reforçado."", ""materialOuServico"": ""M"", ""materialOuServicoNome"": ""Material"", ""valorUnitarioEstimado"": 19.9, ""valorTotal"": 3184.0, ""quantidade"": 160.0, ""unidadeMedida"": ""Ind 1 un"", ""orcamentoSigiloso"": false, ""itemCategoriaId"": 3, ""itemCategoriaNome"": ""Não se aplica"", ""patrimonio"": null, ""codigoRegistroImobiliario"": null, ""criterioJulgamentoId"": 1, ""criterioJulgamentoNome"": ""Menor preço"", ""situacaoCompraItem"": 2, ""situacaoCompraItemNome"": ""Homologado"", ""tipoBeneficio"": 1, ""tipoBeneficioNome"": ""Participação exclusiva para ME/EPP"", ""incentivoProdutivoBasico"": false, ""dataInclusao"": ""2026-03-10T10:51:48"", ""dataAtualizacao"": ""2026-03-23T14:45:00"", ""temResultado"": true, ""imagem"": 0, ""aplicabilidadeMargemPreferenciaNormal"": false, ""aplicabilidadeMargemPreferenciaAdicional"": false, ""percentualMargemPreferenciaNormal"": null, ""percentualMargemPreferenciaAdicional"": null, ""ncmNbsCodigo"": null, ""ncmNbsDescricao"": null, ""catalogo"": null, ""categoriaItemCatalogo"": null, ""catalogoCodigoItem"": null, ""informacaoComplementar"": null, ""tipoMargemPreferencia"": null, ""exigenciaConteudoNacional"": false}";2026-09-12T19:56:11.564067;02954346000154;CORPO DE BOMBEIROS MILITAR;estadual;E;94;CORPO DE BOMBEIROS MILITAR DO ESTADO DO AMAPÁ;Macapá;AP;8;Dispensa;0;2026-03-10T10:51:48;;;1;Divulgada no PNCP;esp10mm;160.0;2880.0;1.0;1.0;False;3184.0;9.547738693467334;False;E16;esportivo;Corda de pular;9506.91.00
02954346000154-1-000001/2026;5252;"APITO - Material: plástico ; Aplicação: esporte; Tamanho: grande; Características adicionais: Cordão, cor preta, sem esfera, 115 db.";M;40.0;Ind 1 un;Ind 1 un;;"unidade nao reconhecida no dicionario; preservada como original";6.78;271.2;0;2;Homologado;1;;;;2026-03-10T10:51:48;2026-03-23T14:55:00;ACEITO;E12;esportivo;casou regra de identidade do produto E12;v2;ok;"{""numeroItem"": 5252, ""descricao"": ""APITO - Material: plástico ; Aplicação: esporte; Tamanho: grande; Características adicionais: Cordão, cor preta, sem esfera, 115 db."", ""materialOuServico"": ""M"", ""materialOuServicoNome"": ""Material"", ""valorUnitarioEstimado"": 6.78, ""valorTotal"": 271.2, ""quantidade"": 40.0, ""unidadeMedida"": ""Ind 1 un"", ""orcamentoSigiloso"": false, ""itemCategoriaId"": 3, ""itemCategoriaNome"": ""Não se aplica"", ""patrimonio"": null, ""codigoRegistroImobiliario"": null, ""criterioJulgamentoId"": 1, ""criterioJulgamentoNome"": ""Menor preço"", ""situacaoCompraItem"": 2, ""situacaoCompraItemNome"": ""Homologado"", ""tipoBeneficio"": 1, ""tipoBeneficioNome"": ""Participação exclusiva para ME/EPP"", ""incentivoProdutivoBasico"": false, ""dataInclusao"": ""2026-03-10T10:51:48"", ""dataAtualizacao"": ""2026-03-23T14:55:00"", ""temResultado"": true, ""imagem"": 0, ""aplicabilidadeMargemPreferenciaNormal"": false, ""aplicabilidadeMargemPreferenciaAdicional"": false, ""percentualMargemPreferenciaNormal"": null, ""percentualMargemPreferenciaAdicional"": null, ""ncmNbsCodigo"": null, ""ncmNbsDescricao"": null, ""catalogo"": null, ""categoriaItemCatalogo"": null, ""catalogoCodigoItem"": null, ""informacaoComplementar"": null, ""tipoMargemPreferencia"": null, ""exigenciaConteudoNacional"": false}";2026-09-12T19:56:11.564067;02954346000154;CORPO DE BOMBEIROS MILITAR;estadual;E;94;CORPO DE BOMBEIROS MILITAR DO ESTADO DO AMAPÁ;Macapá;AP;8;Dispensa;0;2026-03-10T10:51:48;;;1;Divulgada no PNCP;generico;40.0;271.2;1.0;1.0;False;271.2;0.0;False;E12;esportivo;Apito de arbitro;9208.90.00
02954346000154-1-000001/2026;5253;"BOMBA ENCHER - Tipo: manual de mão, com bico adaptador; Material corpo: plástico ou  metal leve, resistente; Tamanho: 20¿30 cm.";M;40.0;1 Un.;1 Un.;;"unidade nao reconhecida no dicionario; preservada como original";20.03;801.2;0;2;Homologado;1;;;;2026-03-10T10:51:48;2026-03-23T15:05:00;ACEITO;E14;esportivo;casou regra de identidade do produto E14;v2;nao_consultado;"{""numeroItem"": 5253, ""descricao"": ""BOMBA ENCHER - Tipo: manual de mão, com bico adaptador; Material corpo: plástico ou  metal leve, resistente; Tamanho: 20¿30 cm."", ""materialOuServico"": ""M"", ""materialOuServicoNome"": ""Material"", ""valorUnitarioEstimado"": 20.03, ""valorTotal"": 801.2, ""quantidade"": 40.0, ""unidadeMedida"": ""1 Un."", ""orcamentoSigiloso"": false, ""itemCategoriaId"": 3, ""itemCategoriaNome"": ""Não se aplica"", ""patrimonio"": null, ""codigoRegistroImobiliario"": null, ""criterioJulgamentoId"": 1, ""criterioJulgamentoNome"": ""Menor preço"", ""situacaoCompraItem"": 2, ""situacaoCompraItemNome"": ""Homologado"", ""tipoBeneficio"": 1, ""tipoBeneficioNome"": ""Participação exclusiva para ME/EPP"", ""incentivoProdutivoBasico"": false, ""dataInclusao"": ""2026-03-10T10:51:48"", ""dataAtualizacao"": ""2026-03-23T15:05:00"", ""temResultado"": true, ""imagem"": 0, ""aplicabilidadeMargemPreferenciaNormal"": false, ""aplicabilidadeMargemPreferenciaAdicional"": false, ""percentualMargemPreferenciaNormal"": null, ""percentualMargemPreferenciaAdicional"": null, ""ncmNbsCodigo"": null, ""ncmNbsDescricao"": null, ""catalogo"": null, ""categoriaItemCatalogo"": null, ""catalogoCodigoItem"": null, ""informacaoComplementar"": null, ""tipoMargemPreferencia"": null, ""exigenciaConteudoNacional"": false}";2026-09-12T19:56:11.564067;02954346000154;CORPO DE BOMBEIROS MILITAR;estadual;E;94;CORPO DE BOMBEIROS MILITAR DO ESTADO DO AMAPÁ;Macapá;AP;8;Dispensa;0;2026-03-10T10:51:48;;;1;Divulgada no PNCP;generico;0.0;0.0;;;False;;;False;E14;esportivo;Bomba manual de ar para bolas;8414.20.00
02954346000154-1-000001/2026;5254;"TROFÉU - Material: acrílico ; Altura: 27 cm; Cor: a definir; Formato: de acordo projeto; Características adicionais: base retangular; Finalidade: premiação.";M;24.0;Ind 1 un;Ind 1 un;;"unidade nao reconhecida no dicionario; preservada como original";77.22;1853.28;0;2;Homologado;1;;;;2026-03-10T10:51:48;2026-03-23T15:20:00;ACEITO;E22;esportivo;casou regra de identidade do produto E22;v2;ok;"{""numeroItem"": 5254, ""descricao"": ""TROFÉU - Material: acrílico ; Altura: 27 cm; Cor: a definir; Formato: de acordo projeto; Características adicionais: base retangular; Finalidade: premiação."", ""materialOuServico"": ""M"", ""materialOuServicoNome"": ""Material"", ""valorUnitarioEstimado"": 77.22, ""valorTotal"": 1853.28, ""quantidade"": 24.0, ""unidadeMedida"": ""Ind 1 un"", ""orcamentoSigiloso"": false, ""itemCategoriaId"": 3, ""itemCategoriaNome"": ""Não se aplica"", ""patrimonio"": null, ""codigoRegistroImobiliario"": null, ""criterioJulgamentoId"": 1, ""criterioJulgamentoNome"": ""Menor preço"", ""situacaoCompraItem"": 2, ""situacaoCompraItemNome"": ""Homologado"", ""tipoBeneficio"": 1, ""tipoBeneficioNome"": ""Participação exclusiva para ME/EPP"", ""incentivoProdutivoBasico"": false, ""dataInclusao"": ""2026-03-10T10:51:48"", ""dataAtualizacao"": ""2026-03-23T15:20:00"", ""temResultado"": true, ""imagem"": 0, ""aplicabilidadeMargemPreferenciaNormal"": false, ""aplicabilidadeMargemPreferenciaAdicional"": false, ""percentualMargemPreferenciaNormal"": null, ""percentualMargemPreferenciaAdicional"": null, ""ncmNbsCodigo"": null, ""ncmNbsDescricao"": null, ""catalogo"": null, ""categoriaItemCatalogo"": null, ""catalogoCodigoItem"": null, ""informacaoComplementar"": null, ""tipoMargemPreferencia"": null, ""exigenciaConteudoNacional"": false}";2026-09-12T19:56:11.564067;02954346000154;CORPO DE BOMBEIROS MILITAR;estadual;E;94;CORPO DE BOMBEIROS MILITAR DO ESTADO DO AMAPÁ;Macapá;AP;8;Dispensa;0;2026-03-10T10:51:48;;;1;Divulgada no PNCP;generico;24.0;1848.0;1.0;1.0;False;1853.28;0.2849002849002802;False;E22;esportivo;Trofeu;3926.40.00
02954346000154-1-000001/2026;5257;"BOLA - Material: Microfibra ou PU (poliuretano) sintético; Peso cheia: 260 a 280 g; Circunferência: 65 - 67 cm; Características adicionais: com câmara de borracha  Costura: Termofusionada (sem costura externa, melhor durabilidade); Tipo: Bola de vôlei.";M;40.0;1 Un.;1 Un.;;"unidade nao reconhecida no dicionario; preservada como original";125.95;5038.0;0;2;Homologado;1;;;;2026-03-10T10:51:48;2026-03-23T15:50:00;ACEITO;E03;esportivo;casou regra de identidade do produto E03;v2;ok;"{""numeroItem"": 5257, ""descricao"": ""BOLA - Material: Microfibra ou PU (poliuretano) sintético; Peso cheia: 260 a 280 g; Circunferência: 65 - 67 cm; Características adicionais: com câmara de borracha  Costura: Termofusionada (sem costura externa, melhor durabilidade); Tipo: Bola de vôlei."", ""materialOuServico"": ""M"", ""materialOuServicoNome"": ""Material"", ""valorUnitarioEstimado"": 125.95, ""valorTotal"": 5038.0, ""quantidade"": 40.0, ""unidadeMedida"": ""1 Un."", ""orcamentoSigiloso"": false, ""itemCategoriaId"": 3, ""itemCategoriaNome"": ""Não se aplica"", ""patrimonio"": null, ""codigoRegistroImobiliario"": null, ""criterioJulgamentoId"": 1, ""criterioJulgamentoNome"": ""Menor preço"", ""situacaoCompraItem"": 2, ""situacaoCompraItemNome"": ""Homologado"", ""tipoBeneficio"": 1, ""tipoBeneficioNome"": ""Participação exclusiva para ME/EPP"", ""incentivoProdutivoBasico"": false, ""dataInclusao"": ""2026-03-10T10:51:48"", ""dataAtualizacao"": ""2026-03-23T15:50:00"", ""temResultado"": true, ""imagem"": 0, ""aplicabilidadeMargemPreferenciaNormal"": false, ""aplicabilidadeMargemPreferenciaAdicional"": false, ""percentualMargemPreferenciaNormal"": null, ""percentualMargemPreferenciaAdicional"": null, ""ncmNbsCodigo"": null, ""ncmNbsDescricao"": null, ""catalogo"": null, ""categoriaItemCatalogo"": null, ""catalogoCodigoItem"": null, ""informacaoComplementar"": null, ""tipoMargemPreferencia"": null, ""exigenciaConteudoNacional"": false}";2026-09-12T19:56:11.564067;02954346000154;CORPO DE BOMBEIROS MILITAR;estadual;E;94;CORPO DE BOMBEIROS MILITAR DO ESTADO DO AMAPÁ;Macapá;AP;8;Dispensa;0;2026-03-10T10:51:48;;;1;Divulgada no PNCP;280g;40.0;3600.0;1.0;1.0;False;5038.0;28.543072647876144;False;E03;esportivo;Bola de volei;9506.62.00
11762196000178-1-000002/2026;5269;"CONE TREINO DE AGILIDADE - Material: PVC; Altura: 20 a 24 cm; Cor: variadas.";M;80.0;Kit 10 Un;Kit 10 Un;;"unidade nao reconhecida no dicionario; preservada como original";6.0;480.0;0;5;Fracassado;0;;;;2026-03-11T13:17:57;2026-03-25T11:25:00;ACEITO;E10;esportivo;casou regra de identidade do produto E10;v2;sem_registros;"{""numeroItem"": 5269, ""descricao"": ""CONE TREINO DE AGILIDADE - Material: PVC; Altura: 20 a 24 cm; Cor: variadas."", ""materialOuServico"": ""M"", ""materialOuServicoNome"": ""Material"", ""valorUnitarioEstimado"": 6.0, ""valorTotal"": 480.0, ""quantidade"": 80.0, ""unidadeMedida"": ""Kit 10 Un"", ""orcamentoSigiloso"": false, ""itemCategoriaId"": 3, ""itemCategoriaNome"": ""Não se aplica"", ""patrimonio"": null, ""codigoRegistroImobiliario"": null, ""criterioJulgamentoId"": 1, ""criterioJulgamentoNome"": ""Menor preço"", ""situacaoCompraItem"": 5, ""situacaoCompraItemNome"": ""Fracassado"", ""tipoBeneficio"": 1, ""tipoBeneficioNome"": ""Participação exclusiva para ME/EPP"", ""incentivoProdutivoBasico"": false, ""dataInclusao"": ""2026-03-11T13:17:57"", ""dataAtualizacao"": ""2026-03-25T11:25:00"", ""temResultado"": false, ""imagem"": 0, ""aplicabilidadeMargemPreferenciaNormal"": false, ""aplicabilidadeMargemPreferenciaAdicional"": false, ""percentualMargemPreferenciaNormal"": null, ""percentualMargemPreferenciaAdicional"": null, ""ncmNbsCodigo"": null, ""ncmNbsDescricao"": null, ""catalogo"": null, ""categoriaItemCatalogo"": null, ""catalogoCodigoItem"": null, ""informacaoComplementar"": null, ""tipoMargemPreferencia"": null, ""exigenciaConteudoNacional"": false}";2026-09-12T19:56:14.972466;11762196000178;SECRETARIA DE ESTADO DO DESPORTO E DO LAZER;estadual;E;84;SECRETARIA DE ESTADO DO DESPORTO E  DO LAZER;Macapá;AP;8;Dispensa;0;2026-03-11T13:17:57;;;1;Divulgada no PNCP;generico;0.0;0.0;;;False;;;False;E10;esportivo;Cone esportivo de sinalizacao;3926.90.90
34865584000180-1-000005/2026;2;Apontador Lápis material: acrílico, tipo: escolar, cor: variada, tamanho: médio Conforme Termo de Referencia em anexado a dispensa;M;20.0;Unidade;unidade;1.0;unidade original ja comparavel (sem conversao);1.6317;32.634;0;2;Homologado;1;;;;2026-03-13T14:23:15;2026-03-17T17:13:01;ACEITO;P08;educativo;casou regra de identidade do produto P08;v2;nao_consultado;"{""numeroItem"": 2, ""descricao"": ""Apontador Lápis material: acrílico, tipo: escolar, cor: variada, tamanho: médio Conforme Termo de Referencia em anexado a dispensa"", ""materialOuServico"": ""M"", ""materialOuServicoNome"": ""Material"", ""valorUnitarioEstimado"": 1.6317, ""valorTotal"": 32.634, ""quantidade"": 20.0, ""unidadeMedida"": ""Unidade"", ""orcamentoSigiloso"": false, ""itemCategoriaId"": 3, ""itemCategoriaNome"": ""Não se aplica"", ""patrimonio"": null, ""codigoRegistroImobiliario"": null, ""criterioJulgamentoId"": 1, ""criterioJulgamentoNome"": ""Menor preço"", ""situacaoCompraItem"": 2, ""situacaoCompraItemNome"": ""Homologado"", ""tipoBeneficio"": 1, ""tipoBeneficioNome"": ""Participação exclusiva para ME/EPP"", ""incentivoProdutivoBasico"": false, ""dataInclusao"": ""2026-03-13T14:23:15"", ""dataAtualizacao"": ""2026-03-17T17:13:01"", ""temResultado"": true, ""imagem"": 0, ""aplicabilidadeMargemPreferenciaNormal"": false, ""aplicabilidadeMargemPreferenciaAdicional"": false, ""percentualMargemPreferenciaNormal"": null, ""percentualMargemPreferenciaAdicional"": null, ""ncmNbsCodigo"": null, ""ncmNbsDescricao"": null, ""catalogo"": null, ""categoriaItemCatalogo"": null, ""catalogoCodigoItem"": null, ""informacaoComplementar"": null, ""tipoMargemPreferencia"": null, ""exigenciaConteudoNacional"": false}";2026-09-12T19:56:31.296242;34865584000180;CONSELHO REGIONAL DE ODONTOLOGIA DO AMAPA;federal;F;931778;CONSELHO REGIONAL DE ODONTOL. ESTADO DO AMAPá;Macapá;AP;8;Dispensa;0;2026-03-13T14:22:39;2026-03-13T16:00:00;2026-03-17T08:00:00;1;Divulgada no PNCP;generico;0.0;0.0;;;False;;;False;P08;educativo;Apontador de lapis;8214.10.00
11762196000178-1-000005/2026;5293;"CONE TREINO DE AGILIDADE - Material: PVC; Altura: 20 a 24 cm; Cor: variadas.";M;80.0;Kit 10 Un;Kit 10 Un;;"unidade nao reconhecida no dicionario; preservada como original";6.0;480.0;0;4;Deserto;0;;;;2026-03-25T11:28:58;2026-04-01T09:15:00;ACEITO;E10;esportivo;casou regra de identidade do produto E10;v2;sem_registros;"{""numeroItem"": 5293, ""descricao"": ""CONE TREINO DE AGILIDADE - Material: PVC; Altura: 20 a 24 cm; Cor: variadas."", ""materialOuServico"": ""M"", ""materialOuServicoNome"": ""Material"", ""valorUnitarioEstimado"": 6.0, ""valorTotal"": 480.0, ""quantidade"": 80.0, ""unidadeMedida"": ""Kit 10 Un"", ""orcamentoSigiloso"": false, ""itemCategoriaId"": 3, ""itemCategoriaNome"": ""Não se aplica"", ""patrimonio"": null, ""codigoRegistroImobiliario"": null, ""criterioJulgamentoId"": 1, ""criterioJulgamentoNome"": ""Menor preço"", ""situacaoCompraItem"": 4, ""situacaoCompraItemNome"": ""Deserto"", ""tipoBeneficio"": 4, ""tipoBeneficioNome"": ""Sem benefício"", ""incentivoProdutivoBasico"": false, ""dataInclusao"": ""2026-03-25T11:28:58"", ""dataAtualizacao"": ""2026-04-01T09:15:00"", ""temResultado"": false, ""imagem"": 0, ""aplicabilidadeMargemPreferenciaNormal"": false, ""aplicabilidadeMargemPreferenciaAdicional"": false, ""percentualMargemPreferenciaNormal"": null, ""percentualMargemPreferenciaAdicional"": null, ""ncmNbsCodigo"": null, ""ncmNbsDescricao"": null, ""catalogo"": null, ""categoriaItemCatalogo"": null, ""catalogoCodigoItem"": null, ""informacaoComplementar"": null, ""tipoMargemPreferencia"": null, ""exigenciaConteudoNacional"": false}";2026-09-12T19:57:01.187189;11762196000178;SECRETARIA DE ESTADO DO DESPORTO E DO LAZER;estadual;E;84;SECRETARIA DE ESTADO DO DESPORTO E  DO LAZER;Macapá;AP;8;Dispensa;0;2026-03-25T11:28:58;;;1;Divulgada no PNCP;generico;0.0;0.0;;;False;;;False;E10;esportivo;Cone esportivo de sinalizacao;3926.90.90
11762196000178-1-000006/2026;5349;"CONE TREINO DE AGILIDADE - Material: PVC; Altura: 20 a 24 cm; Cor: variadas.";M;80.0;Kit 10 Un;Kit 10 Un;;"unidade nao reconhecida no dicionario; preservada como original";12.99;1039.2;0;2;Homologado;1;;;;2026-04-15T16:34:46;2026-04-23T15:25:00;ACEITO;E10;esportivo;casou regra de identidade do produto E10;v2;ok;"{""numeroItem"": 5349, ""descricao"": ""CONE TREINO DE AGILIDADE - Material: PVC; Altura: 20 a 24 cm; Cor: variadas."", ""materialOuServico"": ""M"", ""materialOuServicoNome"": ""Material"", ""valorUnitarioEstimado"": 12.99, ""valorTotal"": 1039.2, ""quantidade"": 80.0, ""unidadeMedida"": ""Kit 10 Un"", ""orcamentoSigiloso"": false, ""itemCategoriaId"": 3, ""itemCategoriaNome"": ""Não se aplica"", ""patrimonio"": null, ""codigoRegistroImobiliario"": null, ""criterioJulgamentoId"": 1, ""criterioJulgamentoNome"": ""Menor preço"", ""situacaoCompraItem"": 2, ""situacaoCompraItemNome"": ""Homologado"", ""tipoBeneficio"": 4, ""tipoBeneficioNome"": ""Sem benefício"", ""incentivoProdutivoBasico"": false, ""dataInclusao"": ""2026-04-15T16:34:46"", ""dataAtualizacao"": ""2026-04-23T15:25:00"", ""temResultado"": true, ""imagem"": 0, ""aplicabilidadeMargemPreferenciaNormal"": false, ""aplicabilidadeMargemPreferenciaAdicional"": false, ""percentualMargemPreferenciaNormal"": null, ""percentualMargemPreferenciaAdicional"": null, ""ncmNbsCodigo"": null, ""ncmNbsDescricao"": null, ""catalogo"": null, ""categoriaItemCatalogo"": null, ""catalogoCodigoItem"": null, ""informacaoComplementar"": null, ""tipoMargemPreferencia"": null, ""exigenciaConteudoNacional"": false}";2026-09-12T19:58:01.774346;11762196000178;SECRETARIA DE ESTADO DO DESPORTO E DO LAZER;estadual;E;84;SECRETARIA DE ESTADO DO DESPORTO E  DO LAZER;Macapá;AP;8;Dispensa;0;2026-04-15T16:34:46;;;1;Divulgada no PNCP;generico;80.0;471.2;1.0;1.0;False;1039.2;54.65742879137798;False;E10;esportivo;Cone esportivo de sinalizacao;3926.90.90
11762179000130-1-000016/2026;5;Caneta Esferográfica características adicionais: conforme modelo, cor tinta: azul, material: plástico resistente, material ponta: touch, tipo escrita: média;M;30.0;Caixa 50 UN;Caixa 50 UN;;"unidade nao reconhecida no dicionario; preservada como original";32.58;977.4;0;2;Homologado;1;;;;2026-04-22T15:56:52;2026-04-22T15:59:52;ACEITO;P06;educativo;casou regra de identidade do produto P06;v2;ok;"{""numeroItem"": 5, ""descricao"": ""Caneta Esferográfica características adicionais: conforme modelo, cor tinta: azul, material: plástico resistente, material ponta: touch, tipo escrita: média"", ""materialOuServico"": ""M"", ""materialOuServicoNome"": ""Material"", ""valorUnitarioEstimado"": 32.58, ""valorTotal"": 977.4, ""quantidade"": 30.0, ""unidadeMedida"": ""Caixa 50 UN"", ""orcamentoSigiloso"": false, ""itemCategoriaId"": 3, ""itemCategoriaNome"": ""Não se aplica"", ""patrimonio"": null, ""codigoRegistroImobiliario"": null, ""criterioJulgamentoId"": 7, ""criterioJulgamentoNome"": ""Não se aplica"", ""situacaoCompraItem"": 2, ""situacaoCompraItemNome"": ""Homologado"", ""tipoBeneficio"": 5, ""tipoBeneficioNome"": ""Não se aplica"", ""incentivoProdutivoBasico"": false, ""dataInclusao"": ""2026-04-22T15:56:52"", ""dataAtualizacao"": ""2026-04-22T15:59:52"", ""temResultado"": true, ""imagem"": 0, ""aplicabilidadeMargemPreferenciaNormal"": false, ""aplicabilidadeMargemPreferenciaAdicional"": false, ""percentualMargemPreferenciaNormal"": null, ""percentualMargemPreferenciaAdicional"": null, ""ncmNbsCodigo"": null, ""ncmNbsDescricao"": null, ""catalogo"": null, ""categoriaItemCatalogo"": null, ""catalogoCodigoItem"": null, ""informacaoComplementar"": null, ""tipoMargemPreferencia"": null, ""exigenciaConteudoNacional"": false}";2026-09-12T19:58:21.491666;11762179000130;SECRETARIA DE ESTADO DA INFRA-ESTRUTURA;estadual;E;462116;EAP-SECRETARIA DE ESTADO DA INFRAESTRUTURA;Macapá;AP;8;Dispensa;0;2026-04-22T15:50:13;;;1;Divulgada no PNCP;generico;25.0;814.5;1.0;1.0;False;814.5;0.0;False;P06;educativo;Caneta esferografica azul/preta/vermelha;9608.10.00
11762179000130-1-000016/2026;6;Caneta Esferográfica características adicionais: corpo sextavado e tampa ventidada, cor tinta: preta, material: acrílico transparente, material ponta: esfera de tungstênio, quantidade cargas: 1, tipo escrita: fina;M;25.0;Caixa 50 UN;Caixa 50 UN;;"unidade nao reconhecida no dicionario; preservada como original";39.33;983.25;0;2;Homologado;1;;;;2026-04-22T15:56:54;2026-04-22T15:59:55;ACEITO;P06;educativo;casou regra de identidade do produto P06;v2;ok;"{""numeroItem"": 6, ""descricao"": ""Caneta Esferográfica características adicionais: corpo sextavado e tampa ventidada, cor tinta: preta, material: acrílico transparente, material ponta: esfera de tungstênio, quantidade cargas: 1, tipo escrita: fina"", ""materialOuServico"": ""M"", ""materialOuServicoNome"": ""Material"", ""valorUnitarioEstimado"": 39.33, ""valorTotal"": 983.25, ""quantidade"": 25.0, ""unidadeMedida"": ""Caixa 50 UN"", ""orcamentoSigiloso"": false, ""itemCategoriaId"": 3, ""itemCategoriaNome"": ""Não se aplica"", ""patrimonio"": null, ""codigoRegistroImobiliario"": null, ""criterioJulgamentoId"": 7, ""criterioJulgamentoNome"": ""Não se aplica"", ""situacaoCompraItem"": 2, ""situacaoCompraItemNome"": ""Homologado"", ""tipoBeneficio"": 5, ""tipoBeneficioNome"": ""Não se aplica"", ""incentivoProdutivoBasico"": false, ""dataInclusao"": ""2026-04-22T15:56:54"", ""dataAtualizacao"": ""2026-04-22T15:59:55"", ""temResultado"": true, ""imagem"": 0, ""aplicabilidadeMargemPreferenciaNormal"": false, ""aplicabilidadeMargemPreferenciaAdicional"": false, ""percentualMargemPreferenciaNormal"": null, ""percentualMargemPreferenciaAdicional"": null, ""ncmNbsCodigo"": null, ""ncmNbsDescricao"": null, ""catalogo"": null, ""categoriaItemCatalogo"": null, ""catalogoCodigoItem"": null, ""informacaoComplementar"": null, ""tipoMargemPreferencia"": null, ""exigenciaConteudoNacional"": false}";2026-09-12T19:58:21.491666;11762179000130;SECRETARIA DE ESTADO DA INFRA-ESTRUTURA;estadual;E;462116;EAP-SECRETARIA DE ESTADO DA INFRAESTRUTURA;Macapá;AP;8;Dispensa;0;2026-04-22T15:50:13;;;1;Divulgada no PNCP;generico;15.0;589.95;1.0;1.0;False;589.9499999999999;-2.220446049250313e-14;True;P06;educativo;Caneta esferografica azul/preta/vermelha;9608.10.00
11762179000130-1-000016/2026;7;Caneta Esferográfica cor tinta: azul e vermelha, material: plástico, material ponta: esfera de tungstênio, quantidade cargas: 2, tipo escrita: média;M;15.0;Caixa 50 UN;Caixa 50 UN;;"unidade nao reconhecida no dicionario; preservada como original";38.75;581.25;0;2;Homologado;1;;;;2026-04-22T15:56:55;2026-04-22T15:59:56;ACEITO;P06;educativo;casou regra de identidade do produto P06;v2;ok;"{""numeroItem"": 7, ""descricao"": ""Caneta Esferográfica cor tinta: azul e vermelha, material: plástico, material ponta: esfera de tungstênio, quantidade cargas: 2, tipo escrita: média"", ""materialOuServico"": ""M"", ""materialOuServicoNome"": ""Material"", ""valorUnitarioEstimado"": 38.75, ""valorTotal"": 581.25, ""quantidade"": 15.0, ""unidadeMedida"": ""Caixa 50 UN"", ""orcamentoSigiloso"": false, ""itemCategoriaId"": 3, ""itemCategoriaNome"": ""Não se aplica"", ""patrimonio"": null, ""codigoRegistroImobiliario"": null, ""criterioJulgamentoId"": 7, ""criterioJulgamentoNome"": ""Não se aplica"", ""situacaoCompraItem"": 2, ""situacaoCompraItemNome"": ""Homologado"", ""tipoBeneficio"": 5, ""tipoBeneficioNome"": ""Não se aplica"", ""incentivoProdutivoBasico"": false, ""dataInclusao"": ""2026-04-22T15:56:55"", ""dataAtualizacao"": ""2026-04-22T15:59:56"", ""temResultado"": true, ""imagem"": 0, ""aplicabilidadeMargemPreferenciaNormal"": false, ""aplicabilidadeMargemPreferenciaAdicional"": false, ""percentualMargemPreferenciaNormal"": null, ""percentualMargemPreferenciaAdicional"": null, ""ncmNbsCodigo"": null, ""ncmNbsDescricao"": null, ""catalogo"": null, ""categoriaItemCatalogo"": null, ""catalogoCodigoItem"": null, ""informacaoComplementar"": null, ""tipoMargemPreferencia"": null, ""exigenciaConteudoNacional"": false}";2026-09-12T19:58:21.491666;11762179000130;SECRETARIA DE ESTADO DA INFRA-ESTRUTURA;estadual;E;462116;EAP-SECRETARIA DE ESTADO DA INFRAESTRUTURA;Macapá;AP;8;Dispensa;0;2026-04-22T15:50:13;;;1;Divulgada no PNCP;generico;10.0;387.5;1.0;1.0;False;387.5;0.0;False;P06;educativo;Caneta esferografica azul/preta/vermelha;9608.10.00
84408731000160-1-000002/2026;3;Apontador Lápis características adicionais: com depósito, lâmina aço inoxidável, material: plástico, quantidade furos: 1, tamanho: conforme modelo do orgão, tipo: mesa;M;40.0;Unidade;unidade;1.0;unidade original ja comparavel (sem conversao);1.31;52.4;0;2;Homologado;1;;;;2026-04-29T14:42:49;2026-05-18T11:57:21;ACEITO;P08;educativo;casou regra de identidade do produto P08;v2;nao_consultado;"{""numeroItem"": 3, ""descricao"": ""Apontador Lápis características adicionais: com depósito, lâmina aço inoxidável, material: plástico, quantidade furos: 1, tamanho: conforme modelo do orgão, tipo: mesa"", ""materialOuServico"": ""M"", ""materialOuServicoNome"": ""Material"", ""valorUnitarioEstimado"": 1.31, ""valorTotal"": 52.4, ""quantidade"": 40.0, ""unidadeMedida"": ""Unidade"", ""orcamentoSigiloso"": false, ""itemCategoriaId"": 3, ""itemCategoriaNome"": ""Não se aplica"", ""patrimonio"": null, ""codigoRegistroImobiliario"": null, ""criterioJulgamentoId"": 1, ""criterioJulgamentoNome"": ""Menor preço"", ""situacaoCompraItem"": 2, ""situacaoCompraItemNome"": ""Homologado"", ""tipoBeneficio"": 1, ""tipoBeneficioNome"": ""Participação exclusiva para ME/EPP"", ""incentivoProdutivoBasico"": false, ""dataInclusao"": ""2026-04-29T14:42:49"", ""dataAtualizacao"": ""2026-05-18T11:57:21"", ""temResultado"": true, ""imagem"": 0, ""aplicabilidadeMargemPreferenciaNormal"": false, ""aplicabilidadeMargemPreferenciaAdicional"": false, ""percentualMargemPreferenciaNormal"": null, ""percentualMargemPreferenciaAdicional"": null, ""ncmNbsCodigo"": null, ""ncmNbsDescricao"": null, ""catalogo"": null, ""categoriaItemCatalogo"": null, ""catalogoCodigoItem"": null, ""informacaoComplementar"": null, ""tipoMargemPreferencia"": null, ""exigenciaConteudoNacional"": false}";2026-09-12T19:58:49.862018;84408731000160;CONSELHO REGIONAL DE ENGENHARIA E AGRONOMIA DO AMAPA;federal;F;389420;CONSELHO REG.DE ENG. E AGRON. DO AMAPA;Macapá;AP;8;Dispensa;0;2026-04-29T14:42:41;2026-04-30T08:00:00;2026-05-06T08:00:00;1;Divulgada no PNCP;generico;0.0;0.0;;;False;;;False;P08;educativo;Apontador de lapis;8214.10.00
84408731000160-1-000002/2026;7;Caneta Esferográfica características adicionais: corpo sextavado, transparente e orifício lateral, cor tinta: azul, material: plástico, material ponta: aço inoxidável com esfera de tungstênio, quantidade cargas: 1, tipo escrita: fina;M;6.0;Caixa 50 UN;Caixa 50 UN;;"unidade nao reconhecida no dicionario; preservada como original";34.07;204.42;0;2;Homologado;1;;;;2026-04-29T14:43:52;2026-05-18T11:57:23;ACEITO;P06;educativo;casou regra de identidade do produto P06;v2;ok;"{""numeroItem"": 7, ""descricao"": ""Caneta Esferográfica características adicionais: corpo sextavado, transparente e orifício lateral, cor tinta: azul, material: plástico, material ponta: aço inoxidável com esfera de tungstênio, quantidade cargas: 1, tipo escrita: fina"", ""materialOuServico"": ""M"", ""materialOuServicoNome"": ""Material"", ""valorUnitarioEstimado"": 34.07, ""valorTotal"": 204.42, ""quantidade"": 6.0, ""unidadeMedida"": ""Caixa 50 UN"", ""orcamentoSigiloso"": false, ""itemCategoriaId"": 3, ""itemCategoriaNome"": ""Não se aplica"", ""patrimonio"": null, ""codigoRegistroImobiliario"": null, ""criterioJulgamentoId"": 1, ""criterioJulgamentoNome"": ""Menor preço"", ""situacaoCompraItem"": 2, ""situacaoCompraItemNome"": ""Homologado"", ""tipoBeneficio"": 1, ""tipoBeneficioNome"": ""Participação exclusiva para ME/EPP"", ""incentivoProdutivoBasico"": false, ""dataInclusao"": ""2026-04-29T14:43:52"", ""dataAtualizacao"": ""2026-05-18T11:57:23"", ""temResultado"": true, ""imagem"": 0, ""aplicabilidadeMargemPreferenciaNormal"": false, ""aplicabilidadeMargemPreferenciaAdicional"": false, ""percentualMargemPreferenciaNormal"": null, ""percentualMargemPreferenciaAdicional"": null, ""ncmNbsCodigo"": null, ""ncmNbsDescricao"": null, ""catalogo"": null, ""categoriaItemCatalogo"": null, ""catalogoCodigoItem"": null, ""informacaoComplementar"": null, ""tipoMargemPreferencia"": null, ""exigenciaConteudoNacional"": false}";2026-09-12T19:58:49.862018;84408731000160;CONSELHO REGIONAL DE ENGENHARIA E AGRONOMIA DO AMAPA;federal;F;389420;CONSELHO REG.DE ENG. E AGRON. DO AMAPA;Macapá;AP;8;Dispensa;0;2026-04-29T14:42:41;2026-04-30T08:00:00;2026-05-06T08:00:00;1;Divulgada no PNCP;generico;6.0;180.0;1.0;1.0;False;204.42000000000002;11.945993542706201;False;P06;educativo;Caneta esferografica azul/preta/vermelha;9608.10.00
84408731000160-1-000002/2026;8;Caneta Esferográfica características adicionais: corpo cilíndrico, cor tinta: azul, material: plástico, material ponta: aço inoxidável com esfera de tungstênio, quantidade cargas: 1, tipo escrita: grossa;M;6.0;Caixa 50 UN;Caixa 50 UN;;"unidade nao reconhecida no dicionario; preservada como original";34.07;204.42;0;2;Homologado;1;;;;2026-04-29T14:43:27;2026-05-18T11:57:24;ACEITO;P06;educativo;casou regra de identidade do produto P06;v2;ok;"{""numeroItem"": 8, ""descricao"": ""Caneta Esferográfica características adicionais: corpo cilíndrico, cor tinta: azul, material: plástico, material ponta: aço inoxidável com esfera de tungstênio, quantidade cargas: 1, tipo escrita: grossa"", ""materialOuServico"": ""M"", ""materialOuServicoNome"": ""Material"", ""valorUnitarioEstimado"": 34.07, ""valorTotal"": 204.42, ""quantidade"": 6.0, ""unidadeMedida"": ""Caixa 50 UN"", ""orcamentoSigiloso"": false, ""itemCategoriaId"": 3, ""itemCategoriaNome"": ""Não se aplica"", ""patrimonio"": null, ""codigoRegistroImobiliario"": null, ""criterioJulgamentoId"": 1, ""criterioJulgamentoNome"": ""Menor preço"", ""situacaoCompraItem"": 2, ""situacaoCompraItemNome"": ""Homologado"", ""tipoBeneficio"": 1, ""tipoBeneficioNome"": ""Participação exclusiva para ME/EPP"", ""incentivoProdutivoBasico"": false, ""dataInclusao"": ""2026-04-29T14:43:27"", ""dataAtualizacao"": ""2026-05-18T11:57:24"", ""temResultado"": true, ""imagem"": 0, ""aplicabilidadeMargemPreferenciaNormal"": false, ""aplicabilidadeMargemPreferenciaAdicional"": false, ""percentualMargemPreferenciaNormal"": null, ""percentualMargemPreferenciaAdicional"": null, ""ncmNbsCodigo"": null, ""ncmNbsDescricao"": null, ""catalogo"": null, ""categoriaItemCatalogo"": null, ""catalogoCodigoItem"": null, ""informacaoComplementar"": null, ""tipoMargemPreferencia"": null, ""exigenciaConteudoNacional"": false}";2026-09-12T19:58:49.862018;84408731000160;CONSELHO REGIONAL DE ENGENHARIA E AGRONOMIA DO AMAPA;federal;F;389420;CONSELHO REG.DE ENG. E AGRON. DO AMAPA;Macapá;AP;8;Dispensa;0;2026-04-29T14:42:41;2026-04-30T08:00:00;2026-05-06T08:00:00;1;Divulgada no PNCP;generico;6.0;180.0;1.0;1.0;False;204.42000000000002;11.945993542706201;False;P06;educativo;Caneta esferografica azul/preta/vermelha;9608.10.00
84408731000160-1-000002/2026;9;Caneta Esferográfica características adicionais: pega emborrachada e ponta retrátil, cor tinta: preta, material: plástico, material ponta: aço inoxidável com esfera de tungstênio, quantidade cargas: 1, tipo escrita: fina;M;6.0;Caixa 50 UN;Caixa 50 UN;;"unidade nao reconhecida no dicionario; preservada como original";34.07;204.42;0;2;Homologado;1;;;;2026-04-29T14:43:29;2026-05-18T11:57:24;ACEITO;P06;educativo;casou regra de identidade do produto P06;v2;ok;"{""numeroItem"": 9, ""descricao"": ""Caneta Esferográfica características adicionais: pega emborrachada e ponta retrátil, cor tinta: preta, material: plástico, material ponta: aço inoxidável com esfera de tungstênio, quantidade cargas: 1, tipo escrita: fina"", ""materialOuServico"": ""M"", ""materialOuServicoNome"": ""Material"", ""valorUnitarioEstimado"": 34.07, ""valorTotal"": 204.42, ""quantidade"": 6.0, ""unidadeMedida"": ""Caixa 50 UN"", ""orcamentoSigiloso"": false, ""itemCategoriaId"": 3, ""itemCategoriaNome"": ""Não se aplica"", ""patrimonio"": null, ""codigoRegistroImobiliario"": null, ""criterioJulgamentoId"": 1, ""criterioJulgamentoNome"": ""Menor preço"", ""situacaoCompraItem"": 2, ""situacaoCompraItemNome"": ""Homologado"", ""tipoBeneficio"": 1, ""tipoBeneficioNome"": ""Participação exclusiva para ME/EPP"", ""incentivoProdutivoBasico"": false, ""dataInclusao"": ""2026-04-29T14:43:29"", ""dataAtualizacao"": ""2026-05-18T11:57:24"", ""temResultado"": true, ""imagem"": 0, ""aplicabilidadeMargemPreferenciaNormal"": false, ""aplicabilidadeMargemPreferenciaAdicional"": false, ""percentualMargemPreferenciaNormal"": null, ""percentualMargemPreferenciaAdicional"": null, ""ncmNbsCodigo"": null, ""ncmNbsDescricao"": null, ""catalogo"": null, ""categoriaItemCatalogo"": null, ""catalogoCodigoItem"": null, ""informacaoComplementar"": null, ""tipoMargemPreferencia"": null, ""exigenciaConteudoNacional"": false}";2026-09-12T19:58:49.862018;84408731000160;CONSELHO REGIONAL DE ENGENHARIA E AGRONOMIA DO AMAPA;federal;F;389420;CONSELHO REG.DE ENG. E AGRON. DO AMAPA;Macapá;AP;8;Dispensa;0;2026-04-29T14:42:41;2026-04-30T08:00:00;2026-05-06T08:00:00;1;Divulgada no PNCP;generico;6.0;180.0;1.0;1.0;False;204.42000000000002;11.945993542706201;False;P06;educativo;Caneta esferografica azul/preta/vermelha;9608.10.00
34870576000121-1-000048/2026;8;Caneta Esferográfica características adicionais: corpo sextavado com respiro, tampa removível venti, cor tinta: azul, material: termoplástico, material ponta: latão com esfera de tungstênio, quantidade cargas: 1, tipo escrita: fina;M;1.0;Caixa 50 UN;Caixa 50 UN;;"unidade nao reconhecida no dicionario; preservada como original";0.0;0.0;0;2;Homologado;1;;;;2026-05-29T12:20:24;2026-07-22T13:49:40;ACEITO;P06;educativo;casou regra de identidade do produto P06;v2;ok;"{""numeroItem"": 8, ""descricao"": ""Caneta Esferográfica características adicionais: corpo sextavado com respiro, tampa removível venti, cor tinta: azul, material: termoplástico, material ponta: latão com esfera de tungstênio, quantidade cargas: 1, tipo escrita: fina"", ""materialOuServico"": ""M"", ""materialOuServicoNome"": ""Material"", ""valorUnitarioEstimado"": 0.0, ""valorTotal"": 0.0, ""quantidade"": 1.0, ""unidadeMedida"": ""Caixa 50 UN"", ""orcamentoSigiloso"": false, ""itemCategoriaId"": 3, ""itemCategoriaNome"": ""Não se aplica"", ""patrimonio"": null, ""codigoRegistroImobiliario"": null, ""criterioJulgamentoId"": 1, ""criterioJulgamentoNome"": ""Menor preço"", ""situacaoCompraItem"": 2, ""situacaoCompraItemNome"": ""Homologado"", ""tipoBeneficio"": 1, ""tipoBeneficioNome"": ""Participação exclusiva para ME/EPP"", ""incentivoProdutivoBasico"": false, ""dataInclusao"": ""2026-05-29T12:20:24"", ""dataAtualizacao"": ""2026-07-22T13:49:40"", ""temResultado"": true, ""imagem"": 0, ""aplicabilidadeMargemPreferenciaNormal"": false, ""aplicabilidadeMargemPreferenciaAdicional"": false, ""percentualMargemPreferenciaNormal"": null, ""percentualMargemPreferenciaAdicional"": null, ""ncmNbsCodigo"": null, ""ncmNbsDescricao"": null, ""catalogo"": null, ""categoriaItemCatalogo"": null, ""catalogoCodigoItem"": null, ""informacaoComplementar"": null, ""tipoMargemPreferencia"": null, ""exigenciaConteudoNacional"": false}";2026-09-12T20:00:14.889955;34870576000121;TRIBUNAL DE JUSTICA DO ESTADO DO AMAPA;estadual;E;925306;TRIBUNAL DE JUSTIÇA DO ESTADO DO AMAPÁ;Macapá;AP;8;Dispensa;0;2026-05-29T12:20:12;2026-06-01T08:00:00;2026-06-09T08:00:00;1;Divulgada no PNCP;generico;1.0;26.0;1.0;1.0;False;0.0;;False;P06;educativo;Caneta esferografica azul/preta/vermelha;9608.10.00
00508903000188-1-001109/2026;3;Troféu altura: 40, cor: dourada, finalidade: para esportes em geral, material: alumínio, material base: resina abs;M;1.0;Unidade;unidade;1.0;unidade original ja comparavel (sem conversao);2632.64;2632.64;0;2;Homologado;1;;;;2026-06-15T10:38:43;2026-07-09T12:45:34;ACEITO;E22;esportivo;casou regra de identidade do produto E22;v2;ok;"{""numeroItem"": 3, ""descricao"": ""Troféu altura: 40, cor: dourada, finalidade: para esportes em geral, material: alumínio, material base: resina abs"", ""materialOuServico"": ""M"", ""materialOuServicoNome"": ""Material"", ""valorUnitarioEstimado"": 2632.64, ""valorTotal"": 2632.64, ""quantidade"": 1.0, ""unidadeMedida"": ""Unidade"", ""orcamentoSigiloso"": false, ""itemCategoriaId"": 3, ""itemCategoriaNome"": ""Não se aplica"", ""patrimonio"": null, ""codigoRegistroImobiliario"": null, ""criterioJulgamentoId"": 1, ""criterioJulgamentoNome"": ""Menor preço"", ""situacaoCompraItem"": 2, ""situacaoCompraItemNome"": ""Homologado"", ""tipoBeneficio"": 1, ""tipoBeneficioNome"": ""Participação exclusiva para ME/EPP"", ""incentivoProdutivoBasico"": false, ""dataInclusao"": ""2026-06-15T10:38:43"", ""dataAtualizacao"": ""2026-07-09T12:45:34"", ""temResultado"": true, ""imagem"": 0, ""aplicabilidadeMargemPreferenciaNormal"": false, ""aplicabilidadeMargemPreferenciaAdicional"": false, ""percentualMargemPreferenciaNormal"": null, ""percentualMargemPreferenciaAdicional"": null, ""ncmNbsCodigo"": null, ""ncmNbsDescricao"": null, ""catalogo"": null, ""categoriaItemCatalogo"": null, ""catalogoCodigoItem"": null, ""informacaoComplementar"": null, ""tipoMargemPreferencia"": null, ""exigenciaConteudoNacional"": false}";2026-09-12T20:04:17.963062;00508903000188;JUSTICA FEDERAL DE PRIMEIRA INSTANCIA;federal;F;090037;JUSTICA FEDERAL DE 1A. INSTANCIA/AP;Macapá;AP;8;Dispensa;0;2026-06-15T10:38:43;2026-06-15T12:10:00;2026-06-19T08:00:00;1;Divulgada no PNCP;generico;1.0;2268.0;1.0;1.0;False;2632.64;13.850735383493372;False;E22;esportivo;Trofeu;3926.40.00
50956623000100-1-000007/2026;7707210;"CANETA ESFEROGRÁFICA - Material: Plástico Reciclado; Material ponta: Esfera De Tungstênio; Tipo escrita: grossa; Cor tinta: preta; Características adicionais: Atóxica, Corpo Cilíndrico. Com 50 unidades";M;81.0;CX;CX;;"unidade nao reconhecida no dicionario; preservada como original";40.65;3292.65;0;2;Homologado;1;;;;2026-07-02T17:23:35;2026-07-10T15:14:41;ACEITO;P06;educativo;casou regra de identidade do produto P06;v2;ok;"{""numeroItem"": 7707210, ""descricao"": ""CANETA ESFEROGRÁFICA - Material: Plástico Reciclado; Material ponta: Esfera De Tungstênio; Tipo escrita: grossa; Cor tinta: preta; Características adicionais: Atóxica, Corpo Cilíndrico. Com 50 unidades"", ""materialOuServico"": ""M"", ""materialOuServicoNome"": ""Material"", ""valorUnitarioEstimado"": 40.65, ""valorTotal"": 3292.65, ""quantidade"": 81.0, ""unidadeMedida"": ""CX"", ""orcamentoSigiloso"": false, ""itemCategoriaId"": 3, ""itemCategoriaNome"": ""Não se aplica"", ""patrimonio"": null, ""codigoRegistroImobiliario"": null, ""criterioJulgamentoId"": 1, ""criterioJulgamentoNome"": ""Menor preço"", ""situacaoCompraItem"": 2, ""situacaoCompraItemNome"": ""Homologado"", ""tipoBeneficio"": 1, ""tipoBeneficioNome"": ""Participação exclusiva para ME/EPP"", ""incentivoProdutivoBasico"": false, ""dataInclusao"": ""2026-07-02T17:23:35"", ""dataAtualizacao"": ""2026-07-10T15:14:41"", ""temResultado"": true, ""imagem"": 0, ""aplicabilidadeMargemPreferenciaNormal"": false, ""aplicabilidadeMargemPreferenciaAdicional"": false, ""percentualMargemPreferenciaNormal"": null, ""percentualMargemPreferenciaAdicional"": null, ""ncmNbsCodigo"": null, ""ncmNbsDescricao"": null, ""catalogo"": null, ""categoriaItemCatalogo"": null, ""catalogoCodigoItem"": null, ""informacaoComplementar"": null, ""tipoMargemPreferencia"": null, ""exigenciaConteudoNacional"": false}";2026-09-12T20:05:07.001391;50956623000100;FUNDACAO DE SAUDE AMAPAENSE - FUNDESA;estadual;E;3273; FUNDESA - FUNDAÇÃO DE SAÚDE AMAPAENSE/AP;Macapá;AP;8;Dispensa;0;2026-07-02T17:23:35;;;1;Divulgada no PNCP;generico;81.0;1857.33;1.0;1.0;False;3292.65;43.591635916359174;False;P06;educativo;Caneta esferografica azul/preta/vermelha;9608.10.00
50956623000100-1-000007/2026;7707211;"CANETA ESFEROGRÁFICA - Material: Plástico Reciclado; Material ponta: Esfera De Tungstênio; Tipo escrita: grossa; Cor tinta: azul; Características adicionais: Atóxica, Corpo Cilíndrico. Com 50 unidades";M;84.0;CX;CX;;"unidade nao reconhecida no dicionario; preservada como original";38.0;3192.0;0;2;Homologado;1;;;;2026-07-02T17:23:35;2026-07-10T15:14:42;ACEITO;P06;educativo;casou regra de identidade do produto P06;v2;ok;"{""numeroItem"": 7707211, ""descricao"": ""CANETA ESFEROGRÁFICA - Material: Plástico Reciclado; Material ponta: Esfera De Tungstênio; Tipo escrita: grossa; Cor tinta: azul; Características adicionais: Atóxica, Corpo Cilíndrico. Com 50 unidades"", ""materialOuServico"": ""M"", ""materialOuServicoNome"": ""Material"", ""valorUnitarioEstimado"": 38.0, ""valorTotal"": 3192.0, ""quantidade"": 84.0, ""unidadeMedida"": ""CX"", ""orcamentoSigiloso"": false, ""itemCategoriaId"": 3, ""itemCategoriaNome"": ""Não se aplica"", ""patrimonio"": null, ""codigoRegistroImobiliario"": null, ""criterioJulgamentoId"": 1, ""criterioJulgamentoNome"": ""Menor preço"", ""situacaoCompraItem"": 2, ""situacaoCompraItemNome"": ""Homologado"", ""tipoBeneficio"": 1, ""tipoBeneficioNome"": ""Participação exclusiva para ME/EPP"", ""incentivoProdutivoBasico"": false, ""dataInclusao"": ""2026-07-02T17:23:35"", ""dataAtualizacao"": ""2026-07-10T15:14:42"", ""temResultado"": true, ""imagem"": 0, ""aplicabilidadeMargemPreferenciaNormal"": false, ""aplicabilidadeMargemPreferenciaAdicional"": false, ""percentualMargemPreferenciaNormal"": null, ""percentualMargemPreferenciaAdicional"": null, ""ncmNbsCodigo"": null, ""ncmNbsDescricao"": null, ""catalogo"": null, ""categoriaItemCatalogo"": null, ""catalogoCodigoItem"": null, ""informacaoComplementar"": null, ""tipoMargemPreferencia"": null, ""exigenciaConteudoNacional"": false}";2026-09-12T20:05:07.001391;50956623000100;FUNDACAO DE SAUDE AMAPAENSE - FUNDESA;estadual;E;3273; FUNDESA - FUNDAÇÃO DE SAÚDE AMAPAENSE/AP;Macapá;AP;8;Dispensa;0;2026-07-02T17:23:35;;;1;Divulgada no PNCP;generico;84.0;1800.96;1.0;1.0;False;3192.0;43.57894736842105;False;P06;educativo;Caneta esferografica azul/preta/vermelha;9608.10.00
26461699000180-1-000284/2026;4;Apagador Quadro Branco material base: feltro, material corpo: plástico, comprimento: 13, largura: 4, altura: 2,3;M;4.0;Unidade;unidade;1.0;unidade original ja comparavel (sem conversao);5.64;22.56;0;2;Homologado;1;;;;2026-09-04T17:57:52;2026-09-11T12:42:09;ACEITO;P19;educativo;casou regra de identidade do produto P19;v2;ok;"{""numeroItem"": 4, ""descricao"": ""Apagador Quadro Branco material base: feltro, material corpo: plástico, comprimento: 13, largura: 4, altura: 2,3"", ""materialOuServico"": ""M"", ""materialOuServicoNome"": ""Material"", ""valorUnitarioEstimado"": 5.64, ""valorTotal"": 22.56, ""quantidade"": 4.0, ""unidadeMedida"": ""Unidade"", ""orcamentoSigiloso"": false, ""itemCategoriaId"": 3, ""itemCategoriaNome"": ""Não se aplica"", ""patrimonio"": null, ""codigoRegistroImobiliario"": null, ""criterioJulgamentoId"": 1, ""criterioJulgamentoNome"": ""Menor preço"", ""situacaoCompraItem"": 2, ""situacaoCompraItemNome"": ""Homologado"", ""tipoBeneficio"": 1, ""tipoBeneficioNome"": ""Participação exclusiva para ME/EPP"", ""incentivoProdutivoBasico"": false, ""dataInclusao"": ""2026-09-04T17:57:52"", ""dataAtualizacao"": ""2026-09-11T12:42:09"", ""temResultado"": true, ""imagem"": 0, ""aplicabilidadeMargemPreferenciaNormal"": false, ""aplicabilidadeMargemPreferenciaAdicional"": false, ""percentualMargemPreferenciaNormal"": null, ""percentualMargemPreferenciaAdicional"": null, ""ncmNbsCodigo"": null, ""ncmNbsDescricao"": null, ""catalogo"": null, ""categoriaItemCatalogo"": null, ""catalogoCodigoItem"": null, ""informacaoComplementar"": null, ""tipoMargemPreferencia"": null, ""exigenciaConteudoNacional"": false}";2026-09-12T20:08:08.662575;26461699000180;COMPANHIA NACIONAL DE ABASTECIMENTO;federal;F;135596;CONAB SEDE SUREG AMAPA;Macapá;AP;8;Dispensa;0;2026-09-04T17:52:27;2026-09-04T18:00:00;2026-09-10T08:00:00;1;Divulgada no PNCP;generico;4.0;22.4;1.0;1.0;False;22.56;0.7092198581560294;False;P19;educativo;Apagador para quadro/lousa;9603.90.00
10820882000195-1-000033/2025;1;Bola Voleibol;M;6.0;Unidade  ;unidade;1.0;unidade original ja comparavel (sem conversao);199.0;1194.0;0;2;Homologado;1;;;;2025-08-05T17:56:21;2025-08-15T09:26:10;ACEITO;E03;esportivo;casou regra de identidade do produto E03;v2;ok;"{""numeroItem"": 1, ""descricao"": ""Bola Voleibol"", ""materialOuServico"": ""M"", ""materialOuServicoNome"": ""Material"", ""valorUnitarioEstimado"": 199.0, ""valorTotal"": 1194.0, ""quantidade"": 6.0, ""unidadeMedida"": ""Unidade  "", ""orcamentoSigiloso"": false, ""itemCategoriaId"": 3, ""itemCategoriaNome"": ""Não se aplica"", ""patrimonio"": null, ""codigoRegistroImobiliario"": null, ""criterioJulgamentoId"": 1, ""criterioJulgamentoNome"": ""Menor preço"", ""situacaoCompraItem"": 2, ""situacaoCompraItemNome"": ""Homologado"", ""tipoBeneficio"": 1, ""tipoBeneficioNome"": ""Participação exclusiva para ME/EPP"", ""incentivoProdutivoBasico"": false, ""dataInclusao"": ""2025-08-05T17:56:21"", ""dataAtualizacao"": ""2025-08-15T09:26:10"", ""temResultado"": true, ""imagem"": 0, ""aplicabilidadeMargemPreferenciaNormal"": false, ""aplicabilidadeMargemPreferenciaAdicional"": false, ""percentualMargemPreferenciaNormal"": null, ""percentualMargemPreferenciaAdicional"": null, ""ncmNbsCodigo"": null, ""ncmNbsDescricao"": null, ""catalogo"": null, ""categoriaItemCatalogo"": null, ""catalogoCodigoItem"": null, ""informacaoComplementar"": null, ""tipoMargemPreferencia"": null, ""exigenciaConteudoNacional"": false}";2026-09-12T20:08:55.282547;10820882000195;INSTITUTO FEDERAL DE EDUCACAO, CIENCIA E TECNOLOGIA DO AMAPA;federal;F;158150;INST.FED.DE EDUC.,CIENC.E TEC.DO AMAPA;Macapá;AP;8;Dispensa;0;2025-08-05T17:56:21;2025-08-06T15:20:23;2025-08-11T08:59:59;1;Divulgada no PNCP;generico;6.0;600.0;1.0;1.0;False;1194.0;49.74874371859297;False;E03;esportivo;Bola de volei;9506.62.00
10820882000195-1-000033/2025;2;Bola Voleibol;M;6.0;Unidade  ;unidade;1.0;unidade original ja comparavel (sem conversao);180.0;1080.0;0;2;Homologado;1;;;;2025-08-05T17:56:21;2025-08-15T09:26:12;ACEITO;E03;esportivo;casou regra de identidade do produto E03;v2;ok;"{""numeroItem"": 2, ""descricao"": ""Bola Voleibol"", ""materialOuServico"": ""M"", ""materialOuServicoNome"": ""Material"", ""valorUnitarioEstimado"": 180.0, ""valorTotal"": 1080.0, ""quantidade"": 6.0, ""unidadeMedida"": ""Unidade  "", ""orcamentoSigiloso"": false, ""itemCategoriaId"": 3, ""itemCategoriaNome"": ""Não se aplica"", ""patrimonio"": null, ""codigoRegistroImobiliario"": null, ""criterioJulgamentoId"": 1, ""criterioJulgamentoNome"": ""Menor preço"", ""situacaoCompraItem"": 2, ""situacaoCompraItemNome"": ""Homologado"", ""tipoBeneficio"": 1, ""tipoBeneficioNome"": ""Participação exclusiva para ME/EPP"", ""incentivoProdutivoBasico"": false, ""dataInclusao"": ""2025-08-05T17:56:21"", ""dataAtualizacao"": ""2025-08-15T09:26:12"", ""temResultado"": true, ""imagem"": 0, ""aplicabilidadeMargemPreferenciaNormal"": false, ""aplicabilidadeMargemPreferenciaAdicional"": false, ""percentualMargemPreferenciaNormal"": null, ""percentualMargemPreferenciaAdicional"": null, ""ncmNbsCodigo"": null, ""ncmNbsDescricao"": null, ""catalogo"": null, ""categoriaItemCatalogo"": null, ""catalogoCodigoItem"": null, ""informacaoComplementar"": null, ""tipoMargemPreferencia"": null, ""exigenciaConteudoNacional"": false}";2026-09-12T20:08:55.282547;10820882000195;INSTITUTO FEDERAL DE EDUCACAO, CIENCIA E TECNOLOGIA DO AMAPA;federal;F;158150;INST.FED.DE EDUC.,CIENC.E TEC.DO AMAPA;Macapá;AP;8;Dispensa;0;2025-08-05T17:56:21;2025-08-06T15:20:23;2025-08-11T08:59:59;1;Divulgada no PNCP;generico;6.0;598.8;1.0;1.0;False;1080.0;44.55555555555556;False;E03;esportivo;Bola de volei;9506.62.00
10820882000195-1-000033/2025;3;Bola Handebol;M;6.0;Unidade  ;unidade;1.0;unidade original ja comparavel (sem conversao);214.15;1284.9;0;2;Homologado;1;;;;2025-08-05T17:56:21;2025-08-15T09:26:14;ACEITO;E05;esportivo;casou regra de identidade do produto E05;v2;ok;"{""numeroItem"": 3, ""descricao"": ""Bola Handebol"", ""materialOuServico"": ""M"", ""materialOuServicoNome"": ""Material"", ""valorUnitarioEstimado"": 214.15, ""valorTotal"": 1284.9, ""quantidade"": 6.0, ""unidadeMedida"": ""Unidade  "", ""orcamentoSigiloso"": false, ""itemCategoriaId"": 3, ""itemCategoriaNome"": ""Não se aplica"", ""patrimonio"": null, ""codigoRegistroImobiliario"": null, ""criterioJulgamentoId"": 1, ""criterioJulgamentoNome"": ""Menor preço"", ""situacaoCompraItem"": 2, ""situacaoCompraItemNome"": ""Homologado"", ""tipoBeneficio"": 1, ""tipoBeneficioNome"": ""Participação exclusiva para ME/EPP"", ""incentivoProdutivoBasico"": false, ""dataInclusao"": ""2025-08-05T17:56:21"", ""dataAtualizacao"": ""2025-08-15T09:26:14"", ""temResultado"": true, ""imagem"": 0, ""aplicabilidadeMargemPreferenciaNormal"": false, ""aplicabilidadeMargemPreferenciaAdicional"": false, ""percentualMargemPreferenciaNormal"": null, ""percentualMargemPreferenciaAdicional"": null, ""ncmNbsCodigo"": null, ""ncmNbsDescricao"": null, ""catalogo"": null, ""categoriaItemCatalogo"": null, ""catalogoCodigoItem"": null, ""informacaoComplementar"": null, ""tipoMargemPreferencia"": null, ""exigenciaConteudoNacional"": false}";2026-09-12T20:08:55.282547;10820882000195;INSTITUTO FEDERAL DE EDUCACAO, CIENCIA E TECNOLOGIA DO AMAPA;federal;F;158150;INST.FED.DE EDUC.,CIENC.E TEC.DO AMAPA;Macapá;AP;8;Dispensa;0;2025-08-05T17:56:21;2025-08-06T15:20:23;2025-08-11T08:59:59;1;Divulgada no PNCP;generico;6.0;720.78;1.0;1.0;False;1284.9;43.90380574363765;False;E05;esportivo;Bola de handebol;9506.62.00
10820882000195-1-000033/2025;4;Bola Handebol;M;6.0;Unidade  ;unidade;1.0;unidade original ja comparavel (sem conversao);199.311;1195.87;0;2;Homologado;1;;;;2025-08-05T17:56:21;2025-08-15T09:26:16;ACEITO;E05;esportivo;casou regra de identidade do produto E05;v2;ok;"{""numeroItem"": 4, ""descricao"": ""Bola Handebol"", ""materialOuServico"": ""M"", ""materialOuServicoNome"": ""Material"", ""valorUnitarioEstimado"": 199.311, ""valorTotal"": 1195.87, ""quantidade"": 6.0, ""unidadeMedida"": ""Unidade  "", ""orcamentoSigiloso"": false, ""itemCategoriaId"": 3, ""itemCategoriaNome"": ""Não se aplica"", ""patrimonio"": null, ""codigoRegistroImobiliario"": null, ""criterioJulgamentoId"": 1, ""criterioJulgamentoNome"": ""Menor preço"", ""situacaoCompraItem"": 2, ""situacaoCompraItemNome"": ""Homologado"", ""tipoBeneficio"": 1, ""tipoBeneficioNome"": ""Participação exclusiva para ME/EPP"", ""incentivoProdutivoBasico"": false, ""dataInclusao"": ""2025-08-05T17:56:21"", ""dataAtualizacao"": ""2025-08-15T09:26:16"", ""temResultado"": true, ""imagem"": 0, ""aplicabilidadeMargemPreferenciaNormal"": false, ""aplicabilidadeMargemPreferenciaAdicional"": false, ""percentualMargemPreferenciaNormal"": null, ""percentualMargemPreferenciaAdicional"": null, ""ncmNbsCodigo"": null, ""ncmNbsDescricao"": null, ""catalogo"": null, ""categoriaItemCatalogo"": null, ""catalogoCodigoItem"": null, ""informacaoComplementar"": null, ""tipoMargemPreferencia"": null, ""exigenciaConteudoNacional"": false}";2026-09-12T20:08:55.282547;10820882000195;INSTITUTO FEDERAL DE EDUCACAO, CIENCIA E TECNOLOGIA DO AMAPA;federal;F;158150;INST.FED.DE EDUC.,CIENC.E TEC.DO AMAPA;Macapá;AP;8;Dispensa;0;2025-08-05T17:56:21;2025-08-06T15:20:23;2025-08-11T08:59:59;1;Divulgada no PNCP;generico;6.0;688.62;1.0;1.0;False;1195.866;42.41662527406916;False;E05;esportivo;Bola de handebol;9506.62.00
10820882000195-1-000033/2025;5;Bola Futebol;M;6.0;Unidade  ;unidade;1.0;unidade original ja comparavel (sem conversao);188.59;1131.54;0;2;Homologado;1;;;;2025-08-05T17:56:21;2025-08-15T09:26:17;ACEITO;E01;esportivo;casou regra de identidade do produto E01;v2;nao_consultado;"{""numeroItem"": 5, ""descricao"": ""Bola Futebol"", ""materialOuServico"": ""M"", ""materialOuServicoNome"": ""Material"", ""valorUnitarioEstimado"": 188.59, ""valorTotal"": 1131.54, ""quantidade"": 6.0, ""unidadeMedida"": ""Unidade  "", ""orcamentoSigiloso"": false, ""itemCategoriaId"": 3, ""itemCategoriaNome"": ""Não se aplica"", ""patrimonio"": null, ""codigoRegistroImobiliario"": null, ""criterioJulgamentoId"": 1, ""criterioJulgamentoNome"": ""Menor preço"", ""situacaoCompraItem"": 2, ""situacaoCompraItemNome"": ""Homologado"", ""tipoBeneficio"": 1, ""tipoBeneficioNome"": ""Participação exclusiva para ME/EPP"", ""incentivoProdutivoBasico"": false, ""dataInclusao"": ""2025-08-05T17:56:21"", ""dataAtualizacao"": ""2025-08-15T09:26:17"", ""temResultado"": true, ""imagem"": 0, ""aplicabilidadeMargemPreferenciaNormal"": false, ""aplicabilidadeMargemPreferenciaAdicional"": false, ""percentualMargemPreferenciaNormal"": null, ""percentualMargemPreferenciaAdicional"": null, ""ncmNbsCodigo"": null, ""ncmNbsDescricao"": null, ""catalogo"": null, ""categoriaItemCatalogo"": null, ""catalogoCodigoItem"": null, ""informacaoComplementar"": null, ""tipoMargemPreferencia"": null, ""exigenciaConteudoNacional"": false}";2026-09-12T20:08:55.282547;10820882000195;INSTITUTO FEDERAL DE EDUCACAO, CIENCIA E TECNOLOGIA DO AMAPA;federal;F;158150;INST.FED.DE EDUC.,CIENC.E TEC.DO AMAPA;Macapá;AP;8;Dispensa;0;2025-08-05T17:56:21;2025-08-06T15:20:23;2025-08-11T08:59:59;1;Divulgada no PNCP;generico;0.0;0.0;;;False;;;False;E01;esportivo;Bola de futebol de campo;9506.62.00
10820882000195-1-000033/2025;6;Bola Futsal;M;6.0;Unidade  ;unidade;1.0;unidade original ja comparavel (sem conversao);155.8;934.8;0;2;Homologado;1;;;;2025-08-05T17:56:21;2025-08-15T09:26:20;ACEITO;E02;esportivo;casou regra de identidade do produto E02;v2;ok;"{""numeroItem"": 6, ""descricao"": ""Bola Futsal"", ""materialOuServico"": ""M"", ""materialOuServicoNome"": ""Material"", ""valorUnitarioEstimado"": 155.8, ""valorTotal"": 934.8, ""quantidade"": 6.0, ""unidadeMedida"": ""Unidade  "", ""orcamentoSigiloso"": false, ""itemCategoriaId"": 3, ""itemCategoriaNome"": ""Não se aplica"", ""patrimonio"": null, ""codigoRegistroImobiliario"": null, ""criterioJulgamentoId"": 1, ""criterioJulgamentoNome"": ""Menor preço"", ""situacaoCompraItem"": 2, ""situacaoCompraItemNome"": ""Homologado"", ""tipoBeneficio"": 1, ""tipoBeneficioNome"": ""Participação exclusiva para ME/EPP"", ""incentivoProdutivoBasico"": false, ""dataInclusao"": ""2025-08-05T17:56:21"", ""dataAtualizacao"": ""2025-08-15T09:26:20"", ""temResultado"": true, ""imagem"": 0, ""aplicabilidadeMargemPreferenciaNormal"": false, ""aplicabilidadeMargemPreferenciaAdicional"": false, ""percentualMargemPreferenciaNormal"": null, ""percentualMargemPreferenciaAdicional"": null, ""ncmNbsCodigo"": null, ""ncmNbsDescricao"": null, ""catalogo"": null, ""categoriaItemCatalogo"": null, ""catalogoCodigoItem"": null, ""informacaoComplementar"": null, ""tipoMargemPreferencia"": null, ""exigenciaConteudoNacional"": false}";2026-09-12T20:08:55.282547;10820882000195;INSTITUTO FEDERAL DE EDUCACAO, CIENCIA E TECNOLOGIA DO AMAPA;federal;F;158150;INST.FED.DE EDUC.,CIENC.E TEC.DO AMAPA;Macapá;AP;8;Dispensa;0;2025-08-05T17:56:21;2025-08-06T15:20:23;2025-08-11T08:59:59;1;Divulgada no PNCP;futsal;6.0;600.0;1.0;1.0;False;934.8000000000001;35.81514762516047;False;E02;esportivo;Bola de futsal;9506.62.00
10820882000195-1-000033/2025;8;Bola Basquetebol;M;6.0;Unidade  ;unidade;1.0;unidade original ja comparavel (sem conversao);229.0;1374.0;0;2;Homologado;1;;;;2025-08-05T17:56:21;2025-08-15T09:26:23;ACEITO;E04;esportivo;casou regra de identidade do produto E04;v2;ok;"{""numeroItem"": 8, ""descricao"": ""Bola Basquetebol"", ""materialOuServico"": ""M"", ""materialOuServicoNome"": ""Material"", ""valorUnitarioEstimado"": 229.0, ""valorTotal"": 1374.0, ""quantidade"": 6.0, ""unidadeMedida"": ""Unidade  "", ""orcamentoSigiloso"": false, ""itemCategoriaId"": 3, ""itemCategoriaNome"": ""Não se aplica"", ""patrimonio"": null, ""codigoRegistroImobiliario"": null, ""criterioJulgamentoId"": 1, ""criterioJulgamentoNome"": ""Menor preço"", ""situacaoCompraItem"": 2, ""situacaoCompraItemNome"": ""Homologado"", ""tipoBeneficio"": 1, ""tipoBeneficioNome"": ""Participação exclusiva para ME/EPP"", ""incentivoProdutivoBasico"": false, ""dataInclusao"": ""2025-08-05T17:56:21"", ""dataAtualizacao"": ""2025-08-15T09:26:23"", ""temResultado"": true, ""imagem"": 0, ""aplicabilidadeMargemPreferenciaNormal"": false, ""aplicabilidadeMargemPreferenciaAdicional"": false, ""percentualMargemPreferenciaNormal"": null, ""percentualMargemPreferenciaAdicional"": null, ""ncmNbsCodigo"": null, ""ncmNbsDescricao"": null, ""catalogo"": null, ""categoriaItemCatalogo"": null, ""catalogoCodigoItem"": null, ""informacaoComplementar"": null, ""tipoMargemPreferencia"": null, ""exigenciaConteudoNacional"": false}";2026-09-12T20:08:55.282547;10820882000195;INSTITUTO FEDERAL DE EDUCACAO, CIENCIA E TECNOLOGIA DO AMAPA;federal;F;158150;INST.FED.DE EDUC.,CIENC.E TEC.DO AMAPA;Macapá;AP;8;Dispensa;0;2025-08-05T17:56:21;2025-08-06T15:20:23;2025-08-11T08:59:59;1;Divulgada no PNCP;generico;6.0;826.32;1.0;1.0;False;1374.0;39.86026200873361;False;E04;esportivo;Bola de basquete;9506.62.00
21744847000150-1-001597/2025;2;Apagador Quadro Branco;M;15.0;Unidade  ;unidade;1.0;unidade original ja comparavel (sem conversao);14.96;224.4;0;2;Homologado;1;;;;2025-08-12T10:54:54;2025-08-20T16:48:19;ACEITO;P19;educativo;casou regra de identidade do produto P19;v2;ok;"{""numeroItem"": 2, ""descricao"": ""Apagador Quadro Branco"", ""materialOuServico"": ""M"", ""materialOuServicoNome"": ""Material"", ""valorUnitarioEstimado"": 14.96, ""valorTotal"": 224.4, ""quantidade"": 15.0, ""unidadeMedida"": ""Unidade  "", ""orcamentoSigiloso"": false, ""itemCategoriaId"": 3, ""itemCategoriaNome"": ""Não se aplica"", ""patrimonio"": null, ""codigoRegistroImobiliario"": null, ""criterioJulgamentoId"": 1, ""criterioJulgamentoNome"": ""Menor preço"", ""situacaoCompraItem"": 2, ""situacaoCompraItemNome"": ""Homologado"", ""tipoBeneficio"": 1, ""tipoBeneficioNome"": ""Participação exclusiva para ME/EPP"", ""incentivoProdutivoBasico"": false, ""dataInclusao"": ""2025-08-12T10:54:54"", ""dataAtualizacao"": ""2025-08-20T16:48:19"", ""temResultado"": true, ""imagem"": 0, ""aplicabilidadeMargemPreferenciaNormal"": false, ""aplicabilidadeMargemPreferenciaAdicional"": false, ""percentualMargemPreferenciaNormal"": null, ""percentualMargemPreferenciaAdicional"": null, ""ncmNbsCodigo"": null, ""ncmNbsDescricao"": null, ""catalogo"": null, ""categoriaItemCatalogo"": null, ""catalogoCodigoItem"": null, ""informacaoComplementar"": null, ""tipoMargemPreferencia"": null, ""exigenciaConteudoNacional"": false}";2026-09-12T20:09:19.394782;21744847000150;BASE ADMINISTRATIVA DO QUARTEL-GENERAL DO EXERCITO;federal;F;160026;COMANDO DA 22ª BRIGADA DE INFANTARIA DE SELVA;Macapá;AP;8;Dispensa;0;2025-08-12T10:54:54;2025-08-12T11:08:18;2025-08-15T07:59:59;1;Divulgada no PNCP;generico;15.0;139.35;1.0;1.0;False;224.4;37.90106951871658;False;P19;educativo;Apagador para quadro/lousa;9603.90.00
21744847000150-1-001597/2025;4;Caneta Esferográfica;M;3.0;Caixa 50,00 UN;Caixa 50,00 UN;;"unidade nao reconhecida no dicionario; preservada como original";123.83;371.49;0;2;Homologado;1;;;;2025-08-12T10:54:54;2025-08-20T16:48:22;ACEITO;P06;educativo;casou regra de identidade do produto P06;v2;ok;"{""numeroItem"": 4, ""descricao"": ""Caneta Esferográfica"", ""materialOuServico"": ""M"", ""materialOuServicoNome"": ""Material"", ""valorUnitarioEstimado"": 123.83, ""valorTotal"": 371.49, ""quantidade"": 3.0, ""unidadeMedida"": ""Caixa 50,00 UN"", ""orcamentoSigiloso"": false, ""itemCategoriaId"": 3, ""itemCategoriaNome"": ""Não se aplica"", ""patrimonio"": null, ""codigoRegistroImobiliario"": null, ""criterioJulgamentoId"": 1, ""criterioJulgamentoNome"": ""Menor preço"", ""situacaoCompraItem"": 2, ""situacaoCompraItemNome"": ""Homologado"", ""tipoBeneficio"": 1, ""tipoBeneficioNome"": ""Participação exclusiva para ME/EPP"", ""incentivoProdutivoBasico"": false, ""dataInclusao"": ""2025-08-12T10:54:54"", ""dataAtualizacao"": ""2025-08-20T16:48:22"", ""temResultado"": true, ""imagem"": 0, ""aplicabilidadeMargemPreferenciaNormal"": false, ""aplicabilidadeMargemPreferenciaAdicional"": false, ""percentualMargemPreferenciaNormal"": null, ""percentualMargemPreferenciaAdicional"": null, ""ncmNbsCodigo"": null, ""ncmNbsDescricao"": null, ""catalogo"": null, ""categoriaItemCatalogo"": null, ""catalogoCodigoItem"": null, ""informacaoComplementar"": null, ""tipoMargemPreferencia"": null, ""exigenciaConteudoNacional"": false}";2026-09-12T20:09:19.395955;21744847000150;BASE ADMINISTRATIVA DO QUARTEL-GENERAL DO EXERCITO;federal;F;160026;COMANDO DA 22ª BRIGADA DE INFANTARIA DE SELVA;Macapá;AP;8;Dispensa;0;2025-08-12T10:54:54;2025-08-12T11:08:18;2025-08-15T07:59:59;1;Divulgada no PNCP;generico;3.0;119.97;1.0;1.0;False;371.49;67.70572559153678;False;P06;educativo;Caneta esferografica azul/preta/vermelha;9608.10.00
