tipo;chave;status;detalhe
paginacao_itens;00059311000126-1-000136/2026;completude_nao_comprovada;"2 itens armazenados via chamada unica sem paginacao (bug v1); pode estar completo (lista curta) ou truncado. Nao ha evidencia suficiente para afirmar completude sem repetir a consulta com paginacao real."
paginacao_itens;00059311000126-1-000210/2025;completude_nao_comprovada_alta_prioridade;"exatamente 10 itens armazenados; tamanho tipico de 1a pagina do endpoint. Bug v1: coletor fez 1 chamada sem parametros pagina/tamanhoPagina e assumiu completude. Requer nova consulta paginada real (pagina=1,2,3,... ate esgotar) para confirmar total."
paginacao_itens;00059311000126-1-000267/2025;completude_nao_comprovada;"2 itens armazenados via chamada unica sem paginacao (bug v1); pode estar completo (lista curta) ou truncado. Nao ha evidencia suficiente para afirmar completude sem repetir a consulta com paginacao real."
paginacao_itens;00059311000126-1-000320/2025;completude_nao_comprovada_alta_prioridade;"exatamente 10 itens armazenados; tamanho tipico de 1a pagina do endpoint. Bug v1: coletor fez 1 chamada sem parametros pagina/tamanhoPagina e assumiu completude. Requer nova consulta paginada real (pagina=1,2,3,... ate esgotar) para confirmar total."
paginacao_itens;00059311000126-1-000330/2025;completude_nao_comprovada;"1 itens armazenados via chamada unica sem paginacao (bug v1); pode estar completo (lista curta) ou truncado. Nao ha evidencia suficiente para afirmar completude sem repetir a consulta com paginacao real."
paginacao_itens;00059311000126-1-000400/2025;completude_nao_comprovada;"2 itens armazenados via chamada unica sem paginacao (bug v1); pode estar completo (lista curta) ou truncado. Nao ha evidencia suficiente para afirmar completude sem repetir a consulta com paginacao real."
paginacao_itens;00059311000126-1-000424/2025;completude_nao_comprovada;"1 itens armazenados via chamada unica sem paginacao (bug v1); pode estar completo (lista curta) ou truncado. Nao ha evidencia suficiente para afirmar completude sem repetir a consulta com paginacao real."
paginacao_itens;00059311000126-1-000458/2025;completude_nao_comprovada;"1 itens armazenados via chamada unica sem paginacao (bug v1); pode estar completo (lista curta) ou truncado. Nao ha evidencia suficiente para afirmar completude sem repetir a consulta com paginacao real."
paginacao_itens;00059311000126-1-000517/2025;completude_nao_comprovada;"3 itens armazenados via chamada unica sem paginacao (bug v1); pode estar completo (lista curta) ou truncado. Nao ha evidencia suficiente para afirmar completude sem repetir a consulta com paginacao real."
paginacao_itens;00059311000126-1-000622/2025;completude_nao_comprovada;"4 itens armazenados via chamada unica sem paginacao (bug v1); pode estar completo (lista curta) ou truncado. Nao ha evidencia suficiente para afirmar completude sem repetir a consulta com paginacao real."
paginacao_itens;00059311000126-1-000625/2025;completude_nao_comprovada;"4 itens armazenados via chamada unica sem paginacao (bug v1); pode estar completo (lista curta) ou truncado. Nao ha evidencia suficiente para afirmar completude sem repetir a consulta com paginacao real."
paginacao_itens;00348003000110-1-000358/2026;completude_nao_comprovada;"1 itens armazenados via chamada unica sem paginacao (bug v1); pode estar completo (lista curta) ou truncado. Nao ha evidencia suficiente para afirmar completude sem repetir a consulta com paginacao real."
paginacao_itens;00348003000110-1-000360/2026;completude_nao_comprovada;"9 itens armazenados via chamada unica sem paginacao (bug v1); pode estar completo (lista curta) ou truncado. Nao ha evidencia suficiente para afirmar completude sem repetir a consulta com paginacao real."
paginacao_itens;00348003000110-1-000361/2026;completude_nao_comprovada;"1 itens armazenados via chamada unica sem paginacao (bug v1); pode estar completo (lista curta) ou truncado. Nao ha evidencia suficiente para afirmar completude sem repetir a consulta com paginacao real."
paginacao_itens;00348003000110-1-000362/2025;completude_nao_comprovada;"1 itens armazenados via chamada unica sem paginacao (bug v1); pode estar completo (lista curta) ou truncado. Nao ha evidencia suficiente para afirmar completude sem repetir a consulta com paginacao real."
paginacao_itens;00348003000110-1-000362/2026;completude_nao_comprovada;"1 itens armazenados via chamada unica sem paginacao (bug v1); pode estar completo (lista curta) ou truncado. Nao ha evidencia suficiente para afirmar completude sem repetir a consulta com paginacao real."
paginacao_itens;00348003000110-1-000363/2026;completude_nao_comprovada;"4 itens armazenados via chamada unica sem paginacao (bug v1); pode estar completo (lista curta) ou truncado. Nao ha evidencia suficiente para afirmar completude sem repetir a consulta com paginacao real."
paginacao_itens;00348003000110-1-000364/2026;completude_nao_comprovada;"1 itens armazenados via chamada unica sem paginacao (bug v1); pode estar completo (lista curta) ou truncado. Nao ha evidencia suficiente para afirmar completude sem repetir a consulta com paginacao real."
paginacao_itens;00348003000110-1-000368/2026;completude_nao_comprovada;"1 itens armazenados via chamada unica sem paginacao (bug v1); pode estar completo (lista curta) ou truncado. Nao ha evidencia suficiente para afirmar completude sem repetir a consulta com paginacao real."
paginacao_itens;00348003000110-1-000369/2026;completude_nao_comprovada;"2 itens armazenados via chamada unica sem paginacao (bug v1); pode estar completo (lista curta) ou truncado. Nao ha evidencia suficiente para afirmar completude sem repetir a consulta com paginacao real."
paginacao_itens;00348003000110-1-000609/2026;completude_nao_comprovada;"1 itens armazenados via chamada unica sem paginacao (bug v1); pode estar completo (lista curta) ou truncado. Nao ha evidencia suficiente para afirmar completude sem repetir a consulta com paginacao real."
paginacao_itens;00348003000110-1-000611/2026;completude_nao_comprovada;"1 itens armazenados via chamada unica sem paginacao (bug v1); pode estar completo (lista curta) ou truncado. Nao ha evidencia suficiente para afirmar completude sem repetir a consulta com paginacao real."
paginacao_itens;00348003000110-1-000728/2025;completude_nao_comprovada;"2 itens armazenados via chamada unica sem paginacao (bug v1); pode estar completo (lista curta) ou truncado. Nao ha evidencia suficiente para afirmar completude sem repetir a consulta com paginacao real."
paginacao_itens;00348003000110-1-000852/2026;completude_nao_comprovada;"1 itens armazenados via chamada unica sem paginacao (bug v1); pode estar completo (lista curta) ou truncado. Nao ha evidencia suficiente para afirmar completude sem repetir a consulta com paginacao real."
paginacao_itens;00348003000110-1-000854/2026;completude_nao_comprovada;"2 itens armazenados via chamada unica sem paginacao (bug v1); pode estar completo (lista curta) ou truncado. Nao ha evidencia suficiente para afirmar completude sem repetir a consulta com paginacao real."
paginacao_itens;00348003000110-1-000893/2026;completude_nao_comprovada;"1 itens armazenados via chamada unica sem paginacao (bug v1); pode estar completo (lista curta) ou truncado. Nao ha evidencia suficiente para afirmar completude sem repetir a consulta com paginacao real."
paginacao_itens;00348003000110-1-001222/2024;completude_nao_comprovada;"2 itens armazenados via chamada unica sem paginacao (bug v1); pode estar completo (lista curta) ou truncado. Nao ha evidencia suficiente para afirmar completude sem repetir a consulta com paginacao real."
paginacao_itens;00348003002245-1-000001/2026;completude_nao_comprovada;"2 itens armazenados via chamada unica sem paginacao (bug v1); pode estar completo (lista curta) ou truncado. Nao ha evidencia suficiente para afirmar completude sem repetir a consulta com paginacao real."
paginacao_itens;00348003002245-1-000456/2025;completude_nao_comprovada;"1 itens armazenados via chamada unica sem paginacao (bug v1); pode estar completo (lista curta) ou truncado. Nao ha evidencia suficiente para afirmar completude sem repetir a consulta com paginacao real."
paginacao_itens;00348003002245-1-000468/2025;completude_nao_comprovada;"8 itens armazenados via chamada unica sem paginacao (bug v1); pode estar completo (lista curta) ou truncado. Nao ha evidencia suficiente para afirmar completude sem repetir a consulta com paginacao real."
paginacao_itens;00348003002245-1-000481/2025;completude_nao_comprovada;"3 itens armazenados via chamada unica sem paginacao (bug v1); pode estar completo (lista curta) ou truncado. Nao ha evidencia suficiente para afirmar completude sem repetir a consulta com paginacao real."
paginacao_itens;00348003002245-1-000489/2025;completude_nao_comprovada_alta_prioridade;"exatamente 10 itens armazenados; tamanho tipico de 1a pagina do endpoint. Bug v1: coletor fez 1 chamada sem parametros pagina/tamanhoPagina e assumiu completude. Requer nova consulta paginada real (pagina=1,2,3,... ate esgotar) para confirmar total."
paginacao_itens;00394452000103-1-000448/2026;completude_nao_comprovada_alta_prioridade;"exatamente 10 itens armazenados; tamanho tipico de 1a pagina do endpoint. Bug v1: coletor fez 1 chamada sem parametros pagina/tamanhoPagina e assumiu completude. Requer nova consulta paginada real (pagina=1,2,3,... ate esgotar) para confirmar total."
paginacao_itens;00394452000103-1-000478/2026;completude_nao_comprovada_alta_prioridade;"exatamente 10 itens armazenados; tamanho tipico de 1a pagina do endpoint. Bug v1: coletor fez 1 chamada sem parametros pagina/tamanhoPagina e assumiu completude. Requer nova consulta paginada real (pagina=1,2,3,... ate esgotar) para confirmar total."
paginacao_itens;00394452000103-1-000480/2026;completude_nao_comprovada;"1 itens armazenados via chamada unica sem paginacao (bug v1); pode estar completo (lista curta) ou truncado. Nao ha evidencia suficiente para afirmar completude sem repetir a consulta com paginacao real."
paginacao_itens;00394452000103-1-002239/2026;completude_nao_comprovada;"1 itens armazenados via chamada unica sem paginacao (bug v1); pode estar completo (lista curta) ou truncado. Nao ha evidencia suficiente para afirmar completude sem repetir a consulta com paginacao real."
paginacao_itens;00394452000103-1-003166/2025;completude_nao_comprovada;"4 itens armazenados via chamada unica sem paginacao (bug v1); pode estar completo (lista curta) ou truncado. Nao ha evidencia suficiente para afirmar completude sem repetir a consulta com paginacao real."
paginacao_itens;00394452000103-1-003519/2025;completude_nao_comprovada;"2 itens armazenados via chamada unica sem paginacao (bug v1); pode estar completo (lista curta) ou truncado. Nao ha evidencia suficiente para afirmar completude sem repetir a consulta com paginacao real."
paginacao_itens;00394452000103-1-003523/2025;completude_nao_comprovada;"2 itens armazenados via chamada unica sem paginacao (bug v1); pode estar completo (lista curta) ou truncado. Nao ha evidencia suficiente para afirmar completude sem repetir a consulta com paginacao real."
paginacao_itens;00394452000103-1-004177/2025;completude_nao_comprovada;"2 itens armazenados via chamada unica sem paginacao (bug v1); pode estar completo (lista curta) ou truncado. Nao ha evidencia suficiente para afirmar completude sem repetir a consulta com paginacao real."
paginacao_itens;00394452000103-1-004943/2026;completude_nao_comprovada;"6 itens armazenados via chamada unica sem paginacao (bug v1); pode estar completo (lista curta) ou truncado. Nao ha evidencia suficiente para afirmar completude sem repetir a consulta com paginacao real."
paginacao_itens;00394452000103-1-005431/2025;completude_nao_comprovada;"3 itens armazenados via chamada unica sem paginacao (bug v1); pode estar completo (lista curta) ou truncado. Nao ha evidencia suficiente para afirmar completude sem repetir a consulta com paginacao real."
paginacao_itens;00394452000103-1-006051/2025;completude_nao_comprovada_alta_prioridade;"exatamente 10 itens armazenados; tamanho tipico de 1a pagina do endpoint. Bug v1: coletor fez 1 chamada sem parametros pagina/tamanhoPagina e assumiu completude. Requer nova consulta paginada real (pagina=1,2,3,... ate esgotar) para confirmar total."
paginacao_itens;00394452000103-1-006317/2026;completude_nao_comprovada_alta_prioridade;"exatamente 10 itens armazenados; tamanho tipico de 1a pagina do endpoint. Bug v1: coletor fez 1 chamada sem parametros pagina/tamanhoPagina e assumiu completude. Requer nova consulta paginada real (pagina=1,2,3,... ate esgotar) para confirmar total."
paginacao_itens;00394452000103-1-006521/2026;completude_nao_comprovada;"3 itens armazenados via chamada unica sem paginacao (bug v1); pode estar completo (lista curta) ou truncado. Nao ha evidencia suficiente para afirmar completude sem repetir a consulta com paginacao real."
paginacao_itens;00394452000103-1-007490/2025;completude_nao_comprovada;"3 itens armazenados via chamada unica sem paginacao (bug v1); pode estar completo (lista curta) ou truncado. Nao ha evidencia suficiente para afirmar completude sem repetir a consulta com paginacao real."
paginacao_itens;00394452000103-1-007506/2025;completude_nao_comprovada;"1 itens armazenados via chamada unica sem paginacao (bug v1); pode estar completo (lista curta) ou truncado. Nao ha evidencia suficiente para afirmar completude sem repetir a consulta com paginacao real."
paginacao_itens;00394452000103-1-007590/2026;completude_nao_comprovada;"2 itens armazenados via chamada unica sem paginacao (bug v1); pode estar completo (lista curta) ou truncado. Nao ha evidencia suficiente para afirmar completude sem repetir a consulta com paginacao real."
paginacao_itens;00394452000103-1-007940/2026;completude_nao_comprovada;"3 itens armazenados via chamada unica sem paginacao (bug v1); pode estar completo (lista curta) ou truncado. Nao ha evidencia suficiente para afirmar completude sem repetir a consulta com paginacao real."
paginacao_itens;00394452000103-1-007941/2026;completude_nao_comprovada;"8 itens armazenados via chamada unica sem paginacao (bug v1); pode estar completo (lista curta) ou truncado. Nao ha evidencia suficiente para afirmar completude sem repetir a consulta com paginacao real."
paginacao_itens;00394452000103-1-007942/2026;completude_nao_comprovada;"7 itens armazenados via chamada unica sem paginacao (bug v1); pode estar completo (lista curta) ou truncado. Nao ha evidencia suficiente para afirmar completude sem repetir a consulta com paginacao real."
paginacao_itens;00394452000103-1-007943/2026;completude_nao_comprovada;"3 itens armazenados via chamada unica sem paginacao (bug v1); pode estar completo (lista curta) ou truncado. Nao ha evidencia suficiente para afirmar completude sem repetir a consulta com paginacao real."
paginacao_itens;00394452000103-1-008125/2025;completude_nao_comprovada;"1 itens armazenados via chamada unica sem paginacao (bug v1); pode estar completo (lista curta) ou truncado. Nao ha evidencia suficiente para afirmar completude sem repetir a consulta com paginacao real."
paginacao_itens;00394452000103-1-008234/2026;completude_nao_comprovada;"6 itens armazenados via chamada unica sem paginacao (bug v1); pode estar completo (lista curta) ou truncado. Nao ha evidencia suficiente para afirmar completude sem repetir a consulta com paginacao real."
paginacao_itens;00394452000103-1-008235/2026;completude_nao_comprovada_alta_prioridade;"exatamente 10 itens armazenados; tamanho tipico de 1a pagina do endpoint. Bug v1: coletor fez 1 chamada sem parametros pagina/tamanhoPagina e assumiu completude. Requer nova consulta paginada real (pagina=1,2,3,... ate esgotar) para confirmar total."
paginacao_itens;00394452000103-1-008351/2025;completude_nao_comprovada_alta_prioridade;"exatamente 10 itens armazenados; tamanho tipico de 1a pagina do endpoint. Bug v1: coletor fez 1 chamada sem parametros pagina/tamanhoPagina e assumiu completude. Requer nova consulta paginada real (pagina=1,2,3,... ate esgotar) para confirmar total."
paginacao_itens;00394452000103-1-008393/2025;completude_nao_comprovada;"3 itens armazenados via chamada unica sem paginacao (bug v1); pode estar completo (lista curta) ou truncado. Nao ha evidencia suficiente para afirmar completude sem repetir a consulta com paginacao real."
paginacao_itens;00394452000103-1-008470/2026;completude_nao_comprovada_alta_prioridade;"exatamente 10 itens armazenados; tamanho tipico de 1a pagina do endpoint. Bug v1: coletor fez 1 chamada sem parametros pagina/tamanhoPagina e assumiu completude. Requer nova consulta paginada real (pagina=1,2,3,... ate esgotar) para confirmar total."
paginacao_itens;00394452000103-1-008509/2025;completude_nao_comprovada;"3 itens armazenados via chamada unica sem paginacao (bug v1); pode estar completo (lista curta) ou truncado. Nao ha evidencia suficiente para afirmar completude sem repetir a consulta com paginacao real."
paginacao_itens;00394452000103-1-008625/2025;completude_nao_comprovada_alta_prioridade;"exatamente 10 itens armazenados; tamanho tipico de 1a pagina do endpoint. Bug v1: coletor fez 1 chamada sem parametros pagina/tamanhoPagina e assumiu completude. Requer nova consulta paginada real (pagina=1,2,3,... ate esgotar) para confirmar total."
paginacao_itens;00394452000103-1-008680/2026;completude_nao_comprovada;"2 itens armazenados via chamada unica sem paginacao (bug v1); pode estar completo (lista curta) ou truncado. Nao ha evidencia suficiente para afirmar completude sem repetir a consulta com paginacao real."
paginacao_itens;00394452000103-1-008971/2025;completude_nao_comprovada;"4 itens armazenados via chamada unica sem paginacao (bug v1); pode estar completo (lista curta) ou truncado. Nao ha evidencia suficiente para afirmar completude sem repetir a consulta com paginacao real."
paginacao_itens;00394452000103-1-008972/2025;completude_nao_comprovada;"4 itens armazenados via chamada unica sem paginacao (bug v1); pode estar completo (lista curta) ou truncado. Nao ha evidencia suficiente para afirmar completude sem repetir a consulta com paginacao real."
paginacao_itens;00394452000103-1-009212/2026;completude_nao_comprovada;"1 itens armazenados via chamada unica sem paginacao (bug v1); pode estar completo (lista curta) ou truncado. Nao ha evidencia suficiente para afirmar completude sem repetir a consulta com paginacao real."
paginacao_itens;00394452000103-1-009217/2025;completude_nao_comprovada;"1 itens armazenados via chamada unica sem paginacao (bug v1); pode estar completo (lista curta) ou truncado. Nao ha evidencia suficiente para afirmar completude sem repetir a consulta com paginacao real."
paginacao_itens;00394452000103-1-009224/2025;completude_nao_comprovada;"1 itens armazenados via chamada unica sem paginacao (bug v1); pode estar completo (lista curta) ou truncado. Nao ha evidencia suficiente para afirmar completude sem repetir a consulta com paginacao real."
paginacao_itens;00394452000103-1-009235/2026;completude_nao_comprovada;"2 itens armazenados via chamada unica sem paginacao (bug v1); pode estar completo (lista curta) ou truncado. Nao ha evidencia suficiente para afirmar completude sem repetir a consulta com paginacao real."
paginacao_itens;00394452000103-1-009238/2026;completude_nao_comprovada;"9 itens armazenados via chamada unica sem paginacao (bug v1); pode estar completo (lista curta) ou truncado. Nao ha evidencia suficiente para afirmar completude sem repetir a consulta com paginacao real."
paginacao_itens;00394452000103-1-009278/2025;completude_nao_comprovada_alta_prioridade;"exatamente 10 itens armazenados; tamanho tipico de 1a pagina do endpoint. Bug v1: coletor fez 1 chamada sem parametros pagina/tamanhoPagina e assumiu completude. Requer nova consulta paginada real (pagina=1,2,3,... ate esgotar) para confirmar total."
paginacao_itens;00394452000103-1-009362/2025;completude_nao_comprovada_alta_prioridade;"exatamente 10 itens armazenados; tamanho tipico de 1a pagina do endpoint. Bug v1: coletor fez 1 chamada sem parametros pagina/tamanhoPagina e assumiu completude. Requer nova consulta paginada real (pagina=1,2,3,... ate esgotar) para confirmar total."
paginacao_itens;00394452000103-1-009363/2026;completude_nao_comprovada;"5 itens armazenados via chamada unica sem paginacao (bug v1); pode estar completo (lista curta) ou truncado. Nao ha evidencia suficiente para afirmar completude sem repetir a consulta com paginacao real."
paginacao_itens;00394452000103-1-009364/2026;completude_nao_comprovada;"1 itens armazenados via chamada unica sem paginacao (bug v1); pode estar completo (lista curta) ou truncado. Nao ha evidencia suficiente para afirmar completude sem repetir a consulta com paginacao real."
paginacao_itens;00394452000103-1-009412/2026;completude_nao_comprovada_alta_prioridade;"exatamente 10 itens armazenados; tamanho tipico de 1a pagina do endpoint. Bug v1: coletor fez 1 chamada sem parametros pagina/tamanhoPagina e assumiu completude. Requer nova consulta paginada real (pagina=1,2,3,... ate esgotar) para confirmar total."
paginacao_itens;00394452000103-1-009562/2025;completude_nao_comprovada;"5 itens armazenados via chamada unica sem paginacao (bug v1); pode estar completo (lista curta) ou truncado. Nao ha evidencia suficiente para afirmar completude sem repetir a consulta com paginacao real."
paginacao_itens;00394452000103-1-009573/2026;completude_nao_comprovada;"8 itens armazenados via chamada unica sem paginacao (bug v1); pode estar completo (lista curta) ou truncado. Nao ha evidencia suficiente para afirmar completude sem repetir a consulta com paginacao real."
paginacao_itens;00394452000103-1-009898/2025;completude_nao_comprovada;"1 itens armazenados via chamada unica sem paginacao (bug v1); pode estar completo (lista curta) ou truncado. Nao ha evidencia suficiente para afirmar completude sem repetir a consulta com paginacao real."
paginacao_itens;00394452000103-1-009904/2025;completude_nao_comprovada;"1 itens armazenados via chamada unica sem paginacao (bug v1); pode estar completo (lista curta) ou truncado. Nao ha evidencia suficiente para afirmar completude sem repetir a consulta com paginacao real."
paginacao_itens;00394452000103-1-010162/2025;completude_nao_comprovada_alta_prioridade;"exatamente 10 itens armazenados; tamanho tipico de 1a pagina do endpoint. Bug v1: coletor fez 1 chamada sem parametros pagina/tamanhoPagina e assumiu completude. Requer nova consulta paginada real (pagina=1,2,3,... ate esgotar) para confirmar total."
paginacao_itens;00394452000103-1-010215/2026;completude_nao_comprovada;"7 itens armazenados via chamada unica sem paginacao (bug v1); pode estar completo (lista curta) ou truncado. Nao ha evidencia suficiente para afirmar completude sem repetir a consulta com paginacao real."
paginacao_itens;00394452000103-1-010334/2026;completude_nao_comprovada_alta_prioridade;"exatamente 10 itens armazenados; tamanho tipico de 1a pagina do endpoint. Bug v1: coletor fez 1 chamada sem parametros pagina/tamanhoPagina e assumiu completude. Requer nova consulta paginada real (pagina=1,2,3,... ate esgotar) para confirmar total."
paginacao_itens;00394452000103-1-010436/2025;completude_nao_comprovada_alta_prioridade;"exatamente 10 itens armazenados; tamanho tipico de 1a pagina do endpoint. Bug v1: coletor fez 1 chamada sem parametros pagina/tamanhoPagina e assumiu completude. Requer nova consulta paginada real (pagina=1,2,3,... ate esgotar) para confirmar total."
paginacao_itens;00394452000103-1-010544/2025;completude_nao_comprovada_alta_prioridade;"exatamente 10 itens armazenados; tamanho tipico de 1a pagina do endpoint. Bug v1: coletor fez 1 chamada sem parametros pagina/tamanhoPagina e assumiu completude. Requer nova consulta paginada real (pagina=1,2,3,... ate esgotar) para confirmar total."
paginacao_itens;00394452000103-1-010594/2025;completude_nao_comprovada_alta_prioridade;"exatamente 10 itens armazenados; tamanho tipico de 1a pagina do endpoint. Bug v1: coletor fez 1 chamada sem parametros pagina/tamanhoPagina e assumiu completude. Requer nova consulta paginada real (pagina=1,2,3,... ate esgotar) para confirmar total."
paginacao_itens;00394452000103-1-010723/2025;completude_nao_comprovada;"8 itens armazenados via chamada unica sem paginacao (bug v1); pode estar completo (lista curta) ou truncado. Nao ha evidencia suficiente para afirmar completude sem repetir a consulta com paginacao real."
paginacao_itens;00394452000103-1-010738/2025;completude_nao_comprovada;"1 itens armazenados via chamada unica sem paginacao (bug v1); pode estar completo (lista curta) ou truncado. Nao ha evidencia suficiente para afirmar completude sem repetir a consulta com paginacao real."
paginacao_itens;00394452000103-1-010958/2025;completude_nao_comprovada;"8 itens armazenados via chamada unica sem paginacao (bug v1); pode estar completo (lista curta) ou truncado. Nao ha evidencia suficiente para afirmar completude sem repetir a consulta com paginacao real."
paginacao_itens;00394452000103-1-011165/2026;completude_nao_comprovada_alta_prioridade;"exatamente 10 itens armazenados; tamanho tipico de 1a pagina do endpoint. Bug v1: coletor fez 1 chamada sem parametros pagina/tamanhoPagina e assumiu completude. Requer nova consulta paginada real (pagina=1,2,3,... ate esgotar) para confirmar total."
paginacao_itens;00394452000103-1-011932/2026;completude_nao_comprovada;"1 itens armazenados via chamada unica sem paginacao (bug v1); pode estar completo (lista curta) ou truncado. Nao ha evidencia suficiente para afirmar completude sem repetir a consulta com paginacao real."
paginacao_itens;00394452000103-1-012072/2025;completude_nao_comprovada;"3 itens armazenados via chamada unica sem paginacao (bug v1); pode estar completo (lista curta) ou truncado. Nao ha evidencia suficiente para afirmar completude sem repetir a consulta com paginacao real."
paginacao_itens;00394452000103-1-012079/2025;completude_nao_comprovada;"2 itens armazenados via chamada unica sem paginacao (bug v1); pode estar completo (lista curta) ou truncado. Nao ha evidencia suficiente para afirmar completude sem repetir a consulta com paginacao real."
paginacao_itens;00394452000103-1-012107/2025;completude_nao_comprovada;"5 itens armazenados via chamada unica sem paginacao (bug v1); pode estar completo (lista curta) ou truncado. Nao ha evidencia suficiente para afirmar completude sem repetir a consulta com paginacao real."
paginacao_itens;00394452000103-1-012119/2025;completude_nao_comprovada_alta_prioridade;"exatamente 10 itens armazenados; tamanho tipico de 1a pagina do endpoint. Bug v1: coletor fez 1 chamada sem parametros pagina/tamanhoPagina e assumiu completude. Requer nova consulta paginada real (pagina=1,2,3,... ate esgotar) para confirmar total."
paginacao_itens;00394452000103-1-012141/2026;completude_nao_comprovada;"1 itens armazenados via chamada unica sem paginacao (bug v1); pode estar completo (lista curta) ou truncado. Nao ha evidencia suficiente para afirmar completude sem repetir a consulta com paginacao real."
paginacao_itens;00394452000103-1-012471/2025;completude_nao_comprovada;"2 itens armazenados via chamada unica sem paginacao (bug v1); pode estar completo (lista curta) ou truncado. Nao ha evidencia suficiente para afirmar completude sem repetir a consulta com paginacao real."
paginacao_itens;00394452000103-1-012603/2026;completude_nao_comprovada;"1 itens armazenados via chamada unica sem paginacao (bug v1); pode estar completo (lista curta) ou truncado. Nao ha evidencia suficiente para afirmar completude sem repetir a consulta com paginacao real."
paginacao_itens;00394452000103-1-012638/2026;completude_nao_comprovada_alta_prioridade;"exatamente 10 itens armazenados; tamanho tipico de 1a pagina do endpoint. Bug v1: coletor fez 1 chamada sem parametros pagina/tamanhoPagina e assumiu completude. Requer nova consulta paginada real (pagina=1,2,3,... ate esgotar) para confirmar total."
paginacao_itens;00394452000103-1-012758/2026;completude_nao_comprovada;"1 itens armazenados via chamada unica sem paginacao (bug v1); pode estar completo (lista curta) ou truncado. Nao ha evidencia suficiente para afirmar completude sem repetir a consulta com paginacao real."
paginacao_itens;00394452000103-1-012814/2026;completude_nao_comprovada;"5 itens armazenados via chamada unica sem paginacao (bug v1); pode estar completo (lista curta) ou truncado. Nao ha evidencia suficiente para afirmar completude sem repetir a consulta com paginacao real."
paginacao_itens;00394452000103-1-012983/2026;completude_nao_comprovada;"7 itens armazenados via chamada unica sem paginacao (bug v1); pode estar completo (lista curta) ou truncado. Nao ha evidencia suficiente para afirmar completude sem repetir a consulta com paginacao real."
paginacao_itens;00394452000103-1-013165/2025;completude_nao_comprovada;"4 itens armazenados via chamada unica sem paginacao (bug v1); pode estar completo (lista curta) ou truncado. Nao ha evidencia suficiente para afirmar completude sem repetir a consulta com paginacao real."
paginacao_itens;00394452000103-1-013456/2026;completude_nao_comprovada;"2 itens armazenados via chamada unica sem paginacao (bug v1); pode estar completo (lista curta) ou truncado. Nao ha evidencia suficiente para afirmar completude sem repetir a consulta com paginacao real."
paginacao_itens;00394452000103-1-013536/2025;completude_nao_comprovada_alta_prioridade;"exatamente 10 itens armazenados; tamanho tipico de 1a pagina do endpoint. Bug v1: coletor fez 1 chamada sem parametros pagina/tamanhoPagina e assumiu completude. Requer nova consulta paginada real (pagina=1,2,3,... ate esgotar) para confirmar total."
paginacao_itens;00394452000103-1-013700/2025;completude_nao_comprovada;"5 itens armazenados via chamada unica sem paginacao (bug v1); pode estar completo (lista curta) ou truncado. Nao ha evidencia suficiente para afirmar completude sem repetir a consulta com paginacao real."
paginacao_itens;00394452000103-1-014243/2025;completude_nao_comprovada;"4 itens armazenados via chamada unica sem paginacao (bug v1); pode estar completo (lista curta) ou truncado. Nao ha evidencia suficiente para afirmar completude sem repetir a consulta com paginacao real."
paginacao_itens;00394452000103-1-014383/2026;completude_nao_comprovada_alta_prioridade;"exatamente 10 itens armazenados; tamanho tipico de 1a pagina do endpoint. Bug v1: coletor fez 1 chamada sem parametros pagina/tamanhoPagina e assumiu completude. Requer nova consulta paginada real (pagina=1,2,3,... ate esgotar) para confirmar total."
paginacao_itens;00394452000103-1-014385/2026;completude_nao_comprovada;"4 itens armazenados via chamada unica sem paginacao (bug v1); pode estar completo (lista curta) ou truncado. Nao ha evidencia suficiente para afirmar completude sem repetir a consulta com paginacao real."
paginacao_itens;00394452000103-1-014514/2025;completude_nao_comprovada;"1 itens armazenados via chamada unica sem paginacao (bug v1); pode estar completo (lista curta) ou truncado. Nao ha evidencia suficiente para afirmar completude sem repetir a consulta com paginacao real."
paginacao_itens;00394452000103-1-014614/2026;completude_nao_comprovada_alta_prioridade;"exatamente 10 itens armazenados; tamanho tipico de 1a pagina do endpoint. Bug v1: coletor fez 1 chamada sem parametros pagina/tamanhoPagina e assumiu completude. Requer nova consulta paginada real (pagina=1,2,3,... ate esgotar) para confirmar total."
paginacao_itens;00394452000103-1-014739/2025;completude_nao_comprovada;"8 itens armazenados via chamada unica sem paginacao (bug v1); pode estar completo (lista curta) ou truncado. Nao ha evidencia suficiente para afirmar completude sem repetir a consulta com paginacao real."
paginacao_itens;00394452000103-1-014863/2026;completude_nao_comprovada;"1 itens armazenados via chamada unica sem paginacao (bug v1); pode estar completo (lista curta) ou truncado. Nao ha evidencia suficiente para afirmar completude sem repetir a consulta com paginacao real."
paginacao_itens;00394452000103-1-015142/2025;completude_nao_comprovada;"6 itens armazenados via chamada unica sem paginacao (bug v1); pode estar completo (lista curta) ou truncado. Nao ha evidencia suficiente para afirmar completude sem repetir a consulta com paginacao real."
paginacao_itens;00394452000103-1-015343/2026;completude_nao_comprovada;"4 itens armazenados via chamada unica sem paginacao (bug v1); pode estar completo (lista curta) ou truncado. Nao ha evidencia suficiente para afirmar completude sem repetir a consulta com paginacao real."
paginacao_itens;00394452000103-1-015354/2025;completude_nao_comprovada;"1 itens armazenados via chamada unica sem paginacao (bug v1); pode estar completo (lista curta) ou truncado. Nao ha evidencia suficiente para afirmar completude sem repetir a consulta com paginacao real."
paginacao_itens;00394452000103-1-015421/2025;completude_nao_comprovada;"2 itens armazenados via chamada unica sem paginacao (bug v1); pode estar completo (lista curta) ou truncado. Nao ha evidencia suficiente para afirmar completude sem repetir a consulta com paginacao real."
paginacao_itens;00394452000103-1-015583/2025;completude_nao_comprovada_alta_prioridade;"exatamente 10 itens armazenados; tamanho tipico de 1a pagina do endpoint. Bug v1: coletor fez 1 chamada sem parametros pagina/tamanhoPagina e assumiu completude. Requer nova consulta paginada real (pagina=1,2,3,... ate esgotar) para confirmar total."
paginacao_itens;00394452000103-1-015647/2025;completude_nao_comprovada;"1 itens armazenados via chamada unica sem paginacao (bug v1); pode estar completo (lista curta) ou truncado. Nao ha evidencia suficiente para afirmar completude sem repetir a consulta com paginacao real."
paginacao_itens;00394452000103-1-015741/2026;completude_nao_comprovada_alta_prioridade;"exatamente 10 itens armazenados; tamanho tipico de 1a pagina do endpoint. Bug v1: coletor fez 1 chamada sem parametros pagina/tamanhoPagina e assumiu completude. Requer nova consulta paginada real (pagina=1,2,3,... ate esgotar) para confirmar total."
paginacao_itens;00394452000103-1-016065/2026;completude_nao_comprovada_alta_prioridade;"exatamente 10 itens armazenados; tamanho tipico de 1a pagina do endpoint. Bug v1: coletor fez 1 chamada sem parametros pagina/tamanhoPagina e assumiu completude. Requer nova consulta paginada real (pagina=1,2,3,... ate esgotar) para confirmar total."
paginacao_itens;00394452000103-1-016124/2025;completude_nao_comprovada_alta_prioridade;"exatamente 10 itens armazenados; tamanho tipico de 1a pagina do endpoint. Bug v1: coletor fez 1 chamada sem parametros pagina/tamanhoPagina e assumiu completude. Requer nova consulta paginada real (pagina=1,2,3,... ate esgotar) para confirmar total."
paginacao_itens;00394452000103-1-016153/2025;completude_nao_comprovada;"7 itens armazenados via chamada unica sem paginacao (bug v1); pode estar completo (lista curta) ou truncado. Nao ha evidencia suficiente para afirmar completude sem repetir a consulta com paginacao real."
paginacao_itens;00394452000103-1-016187/2026;completude_nao_comprovada;"4 itens armazenados via chamada unica sem paginacao (bug v1); pode estar completo (lista curta) ou truncado. Nao ha evidencia suficiente para afirmar completude sem repetir a consulta com paginacao real."
paginacao_itens;00394452000103-1-016371/2026;completude_nao_comprovada_alta_prioridade;"exatamente 10 itens armazenados; tamanho tipico de 1a pagina do endpoint. Bug v1: coletor fez 1 chamada sem parametros pagina/tamanhoPagina e assumiu completude. Requer nova consulta paginada real (pagina=1,2,3,... ate esgotar) para confirmar total."
paginacao_itens;00394452000103-1-016979/2026;completude_nao_comprovada;"1 itens armazenados via chamada unica sem paginacao (bug v1); pode estar completo (lista curta) ou truncado. Nao ha evidencia suficiente para afirmar completude sem repetir a consulta com paginacao real."
paginacao_itens;00394452000103-1-017539/2025;completude_nao_comprovada;"1 itens armazenados via chamada unica sem paginacao (bug v1); pode estar completo (lista curta) ou truncado. Nao ha evidencia suficiente para afirmar completude sem repetir a consulta com paginacao real."
paginacao_itens;00394452000103-1-017864/2025;completude_nao_comprovada;"3 itens armazenados via chamada unica sem paginacao (bug v1); pode estar completo (lista curta) ou truncado. Nao ha evidencia suficiente para afirmar completude sem repetir a consulta com paginacao real."
paginacao_itens;00394452000103-1-017893/2025;completude_nao_comprovada;"1 itens armazenados via chamada unica sem paginacao (bug v1); pode estar completo (lista curta) ou truncado. Nao ha evidencia suficiente para afirmar completude sem repetir a consulta com paginacao real."
paginacao_itens;00394452000103-1-017911/2025;completude_nao_comprovada;"2 itens armazenados via chamada unica sem paginacao (bug v1); pode estar completo (lista curta) ou truncado. Nao ha evidencia suficiente para afirmar completude sem repetir a consulta com paginacao real."
paginacao_itens;00394452000103-1-018068/2025;completude_nao_comprovada;"4 itens armazenados via chamada unica sem paginacao (bug v1); pode estar completo (lista curta) ou truncado. Nao ha evidencia suficiente para afirmar completude sem repetir a consulta com paginacao real."
paginacao_itens;00394452000103-1-018206/2025;completude_nao_comprovada;"4 itens armazenados via chamada unica sem paginacao (bug v1); pode estar completo (lista curta) ou truncado. Nao ha evidencia suficiente para afirmar completude sem repetir a consulta com paginacao real."
paginacao_itens;00394452000103-1-018501/2025;completude_nao_comprovada;"1 itens armazenados via chamada unica sem paginacao (bug v1); pode estar completo (lista curta) ou truncado. Nao ha evidencia suficiente para afirmar completude sem repetir a consulta com paginacao real."
paginacao_itens;00394452000103-1-018513/2025;completude_nao_comprovada;"1 itens armazenados via chamada unica sem paginacao (bug v1); pode estar completo (lista curta) ou truncado. Nao ha evidencia suficiente para afirmar completude sem repetir a consulta com paginacao real."
paginacao_itens;00394452000103-1-018521/2025;completude_nao_comprovada;"1 itens armazenados via chamada unica sem paginacao (bug v1); pode estar completo (lista curta) ou truncado. Nao ha evidencia suficiente para afirmar completude sem repetir a consulta com paginacao real."
paginacao_itens;00394452000103-1-018560/2025;completude_nao_comprovada_alta_prioridade;"exatamente 10 itens armazenados; tamanho tipico de 1a pagina do endpoint. Bug v1: coletor fez 1 chamada sem parametros pagina/tamanhoPagina e assumiu completude. Requer nova consulta paginada real (pagina=1,2,3,... ate esgotar) para confirmar total."
paginacao_itens;00394452000103-1-018635/2025;completude_nao_comprovada;"8 itens armazenados via chamada unica sem paginacao (bug v1); pode estar completo (lista curta) ou truncado. Nao ha evidencia suficiente para afirmar completude sem repetir a consulta com paginacao real."
paginacao_itens;00394452000103-1-018712/2026;completude_nao_comprovada;"1 itens armazenados via chamada unica sem paginacao (bug v1); pode estar completo (lista curta) ou truncado. Nao ha evidencia suficiente para afirmar completude sem repetir a consulta com paginacao real."
paginacao_itens;00394452000103-1-019489/2025;completude_nao_comprovada;"1 itens armazenados via chamada unica sem paginacao (bug v1); pode estar completo (lista curta) ou truncado. Nao ha evidencia suficiente para afirmar completude sem repetir a consulta com paginacao real."
paginacao_itens;00394452000103-1-019493/2025;completude_nao_comprovada;"1 itens armazenados via chamada unica sem paginacao (bug v1); pode estar completo (lista curta) ou truncado. Nao ha evidencia suficiente para afirmar completude sem repetir a consulta com paginacao real."
paginacao_itens;00394452000103-1-019563/2026;completude_nao_comprovada_alta_prioridade;"exatamente 10 itens armazenados; tamanho tipico de 1a pagina do endpoint. Bug v1: coletor fez 1 chamada sem parametros pagina/tamanhoPagina e assumiu completude. Requer nova consulta paginada real (pagina=1,2,3,... ate esgotar) para confirmar total."
paginacao_itens;00394452000103-1-019572/2025;completude_nao_comprovada;"2 itens armazenados via chamada unica sem paginacao (bug v1); pode estar completo (lista curta) ou truncado. Nao ha evidencia suficiente para afirmar completude sem repetir a consulta com paginacao real."
paginacao_itens;00394452000103-1-019637/2025;completude_nao_comprovada;"1 itens armazenados via chamada unica sem paginacao (bug v1); pode estar completo (lista curta) ou truncado. Nao ha evidencia suficiente para afirmar completude sem repetir a consulta com paginacao real."
paginacao_itens;00394452000103-1-019984/2025;completude_nao_comprovada;"2 itens armazenados via chamada unica sem paginacao (bug v1); pode estar completo (lista curta) ou truncado. Nao ha evidencia suficiente para afirmar completude sem repetir a consulta com paginacao real."
paginacao_itens;00394452000103-1-020466/2025;completude_nao_comprovada_alta_prioridade;"exatamente 10 itens armazenados; tamanho tipico de 1a pagina do endpoint. Bug v1: coletor fez 1 chamada sem parametros pagina/tamanhoPagina e assumiu completude. Requer nova consulta paginada real (pagina=1,2,3,... ate esgotar) para confirmar total."
paginacao_itens;00394452000103-1-020491/2025;completude_nao_comprovada;"1 itens armazenados via chamada unica sem paginacao (bug v1); pode estar completo (lista curta) ou truncado. Nao ha evidencia suficiente para afirmar completude sem repetir a consulta com paginacao real."
paginacao_itens;00394452000103-1-020583/2025;completude_nao_comprovada;"2 itens armazenados via chamada unica sem paginacao (bug v1); pode estar completo (lista curta) ou truncado. Nao ha evidencia suficiente para afirmar completude sem repetir a consulta com paginacao real."
paginacao_itens;00394452000103-1-020594/2025;completude_nao_comprovada;"1 itens armazenados via chamada unica sem paginacao (bug v1); pode estar completo (lista curta) ou truncado. Nao ha evidencia suficiente para afirmar completude sem repetir a consulta com paginacao real."
paginacao_itens;00394452000103-1-020806/2025;completude_nao_comprovada_alta_prioridade;"exatamente 10 itens armazenados; tamanho tipico de 1a pagina do endpoint. Bug v1: coletor fez 1 chamada sem parametros pagina/tamanhoPagina e assumiu completude. Requer nova consulta paginada real (pagina=1,2,3,... ate esgotar) para confirmar total."
paginacao_itens;00394452000103-1-021000/2025;completude_nao_comprovada;"1 itens armazenados via chamada unica sem paginacao (bug v1); pode estar completo (lista curta) ou truncado. Nao ha evidencia suficiente para afirmar completude sem repetir a consulta com paginacao real."
paginacao_itens;00394452000103-1-021042/2025;completude_nao_comprovada_alta_prioridade;"exatamente 10 itens armazenados; tamanho tipico de 1a pagina do endpoint. Bug v1: coletor fez 1 chamada sem parametros pagina/tamanhoPagina e assumiu completude. Requer nova consulta paginada real (pagina=1,2,3,... ate esgotar) para confirmar total."
paginacao_itens;00394452000103-1-021282/2025;completude_nao_comprovada;"1 itens armazenados via chamada unica sem paginacao (bug v1); pode estar completo (lista curta) ou truncado. Nao ha evidencia suficiente para afirmar completude sem repetir a consulta com paginacao real."
paginacao_itens;00394452000103-1-021433/2025;completude_nao_comprovada;"1 itens armazenados via chamada unica sem paginacao (bug v1); pode estar completo (lista curta) ou truncado. Nao ha evidencia suficiente para afirmar completude sem repetir a consulta com paginacao real."
paginacao_itens;00394452000103-1-021772/2025;completude_nao_comprovada_alta_prioridade;"exatamente 10 itens armazenados; tamanho tipico de 1a pagina do endpoint. Bug v1: coletor fez 1 chamada sem parametros pagina/tamanhoPagina e assumiu completude. Requer nova consulta paginada real (pagina=1,2,3,... ate esgotar) para confirmar total."
paginacao_itens;00394452000103-1-021885/2025;completude_nao_comprovada_alta_prioridade;"exatamente 10 itens armazenados; tamanho tipico de 1a pagina do endpoint. Bug v1: coletor fez 1 chamada sem parametros pagina/tamanhoPagina e assumiu completude. Requer nova consulta paginada real (pagina=1,2,3,... ate esgotar) para confirmar total."
paginacao_itens;00394452000103-1-021918/2025;completude_nao_comprovada;"7 itens armazenados via chamada unica sem paginacao (bug v1); pode estar completo (lista curta) ou truncado. Nao ha evidencia suficiente para afirmar completude sem repetir a consulta com paginacao real."
paginacao_itens;00394452000103-1-022883/2025;completude_nao_comprovada;"5 itens armazenados via chamada unica sem paginacao (bug v1); pode estar completo (lista curta) ou truncado. Nao ha evidencia suficiente para afirmar completude sem repetir a consulta com paginacao real."
paginacao_itens;00394452000103-1-022955/2024;completude_nao_comprovada_alta_prioridade;"exatamente 10 itens armazenados; tamanho tipico de 1a pagina do endpoint. Bug v1: coletor fez 1 chamada sem parametros pagina/tamanhoPagina e assumiu completude. Requer nova consulta paginada real (pagina=1,2,3,... ate esgotar) para confirmar total."
paginacao_itens;00394452000103-1-023367/2024;completude_nao_comprovada_alta_prioridade;"exatamente 10 itens armazenados; tamanho tipico de 1a pagina do endpoint. Bug v1: coletor fez 1 chamada sem parametros pagina/tamanhoPagina e assumiu completude. Requer nova consulta paginada real (pagina=1,2,3,... ate esgotar) para confirmar total."
paginacao_itens;00394452000103-1-023531/2025;completude_nao_comprovada_alta_prioridade;"exatamente 10 itens armazenados; tamanho tipico de 1a pagina do endpoint. Bug v1: coletor fez 1 chamada sem parametros pagina/tamanhoPagina e assumiu completude. Requer nova consulta paginada real (pagina=1,2,3,... ate esgotar) para confirmar total."
paginacao_itens;00394452000103-1-023533/2025;completude_nao_comprovada;"5 itens armazenados via chamada unica sem paginacao (bug v1); pode estar completo (lista curta) ou truncado. Nao ha evidencia suficiente para afirmar completude sem repetir a consulta com paginacao real."
paginacao_itens;00394452000103-1-024015/2025;completude_nao_comprovada_alta_prioridade;"exatamente 10 itens armazenados; tamanho tipico de 1a pagina do endpoint. Bug v1: coletor fez 1 chamada sem parametros pagina/tamanhoPagina e assumiu completude. Requer nova consulta paginada real (pagina=1,2,3,... ate esgotar) para confirmar total."
paginacao_itens;00394452000103-1-024098/2025;completude_nao_comprovada;"2 itens armazenados via chamada unica sem paginacao (bug v1); pode estar completo (lista curta) ou truncado. Nao ha evidencia suficiente para afirmar completude sem repetir a consulta com paginacao real."
paginacao_itens;00394452000103-1-025134/2025;completude_nao_comprovada_alta_prioridade;"exatamente 10 itens armazenados; tamanho tipico de 1a pagina do endpoint. Bug v1: coletor fez 1 chamada sem parametros pagina/tamanhoPagina e assumiu completude. Requer nova consulta paginada real (pagina=1,2,3,... ate esgotar) para confirmar total."
paginacao_itens;00394452000103-1-025161/2025;completude_nao_comprovada_alta_prioridade;"exatamente 10 itens armazenados; tamanho tipico de 1a pagina do endpoint. Bug v1: coletor fez 1 chamada sem parametros pagina/tamanhoPagina e assumiu completude. Requer nova consulta paginada real (pagina=1,2,3,... ate esgotar) para confirmar total."
paginacao_itens;00394452000103-1-025292/2025;completude_nao_comprovada_alta_prioridade;"exatamente 10 itens armazenados; tamanho tipico de 1a pagina do endpoint. Bug v1: coletor fez 1 chamada sem parametros pagina/tamanhoPagina e assumiu completude. Requer nova consulta paginada real (pagina=1,2,3,... ate esgotar) para confirmar total."
paginacao_itens;00394452000103-1-025417/2025;completude_nao_comprovada_alta_prioridade;"exatamente 10 itens armazenados; tamanho tipico de 1a pagina do endpoint. Bug v1: coletor fez 1 chamada sem parametros pagina/tamanhoPagina e assumiu completude. Requer nova consulta paginada real (pagina=1,2,3,... ate esgotar) para confirmar total."
paginacao_itens;00394460000141-1-000115/2025;completude_nao_comprovada;"1 itens armazenados via chamada unica sem paginacao (bug v1); pode estar completo (lista curta) ou truncado. Nao ha evidencia suficiente para afirmar completude sem repetir a consulta com paginacao real."
paginacao_itens;00394460000141-1-000130/2026;completude_nao_comprovada;"8 itens armazenados via chamada unica sem paginacao (bug v1); pode estar completo (lista curta) ou truncado. Nao ha evidencia suficiente para afirmar completude sem repetir a consulta com paginacao real."
paginacao_itens;00394460000141-1-000140/2025;completude_nao_comprovada;"2 itens armazenados via chamada unica sem paginacao (bug v1); pode estar completo (lista curta) ou truncado. Nao ha evidencia suficiente para afirmar completude sem repetir a consulta com paginacao real."
paginacao_itens;00394460000141-1-000195/2025;completude_nao_comprovada;"1 itens armazenados via chamada unica sem paginacao (bug v1); pode estar completo (lista curta) ou truncado. Nao ha evidencia suficiente para afirmar completude sem repetir a consulta com paginacao real."
paginacao_itens;00394460000141-1-000216/2025;completude_nao_comprovada;"2 itens armazenados via chamada unica sem paginacao (bug v1); pode estar completo (lista curta) ou truncado. Nao ha evidencia suficiente para afirmar completude sem repetir a consulta com paginacao real."
paginacao_itens;00394460000141-1-000233/2026;completude_nao_comprovada;"2 itens armazenados via chamada unica sem paginacao (bug v1); pode estar completo (lista curta) ou truncado. Nao ha evidencia suficiente para afirmar completude sem repetir a consulta com paginacao real."
paginacao_itens;00394460000141-1-000352/2026;completude_nao_comprovada;"1 itens armazenados via chamada unica sem paginacao (bug v1); pode estar completo (lista curta) ou truncado. Nao ha evidencia suficiente para afirmar completude sem repetir a consulta com paginacao real."
paginacao_itens;00394460000141-1-000702/2025;completude_nao_comprovada;"1 itens armazenados via chamada unica sem paginacao (bug v1); pode estar completo (lista curta) ou truncado. Nao ha evidencia suficiente para afirmar completude sem repetir a consulta com paginacao real."
paginacao_itens;00394460000141-1-000722/2025;completude_nao_comprovada;"1 itens armazenados via chamada unica sem paginacao (bug v1); pode estar completo (lista curta) ou truncado. Nao ha evidencia suficiente para afirmar completude sem repetir a consulta com paginacao real."
paginacao_itens;00394460000141-1-000798/2025;completude_nao_comprovada;"1 itens armazenados via chamada unica sem paginacao (bug v1); pode estar completo (lista curta) ou truncado. Nao ha evidencia suficiente para afirmar completude sem repetir a consulta com paginacao real."
paginacao_itens;00394494000136-1-000044/2026;completude_nao_comprovada_alta_prioridade;"exatamente 10 itens armazenados; tamanho tipico de 1a pagina do endpoint. Bug v1: coletor fez 1 chamada sem parametros pagina/tamanhoPagina e assumiu completude. Requer nova consulta paginada real (pagina=1,2,3,... ate esgotar) para confirmar total."
paginacao_itens;00394494000136-1-000055/2026;completude_nao_comprovada_alta_prioridade;"exatamente 10 itens armazenados; tamanho tipico de 1a pagina do endpoint. Bug v1: coletor fez 1 chamada sem parametros pagina/tamanhoPagina e assumiu completude. Requer nova consulta paginada real (pagina=1,2,3,... ate esgotar) para confirmar total."
paginacao_itens;00394494000136-1-000169/2026;completude_nao_comprovada;"1 itens armazenados via chamada unica sem paginacao (bug v1); pode estar completo (lista curta) ou truncado. Nao ha evidencia suficiente para afirmar completude sem repetir a consulta com paginacao real."
paginacao_itens;00394494000136-1-000328/2026;completude_nao_comprovada;"4 itens armazenados via chamada unica sem paginacao (bug v1); pode estar completo (lista curta) ou truncado. Nao ha evidencia suficiente para afirmar completude sem repetir a consulta com paginacao real."
paginacao_itens;00394494000136-1-000446/2025;completude_nao_comprovada;"1 itens armazenados via chamada unica sem paginacao (bug v1); pode estar completo (lista curta) ou truncado. Nao ha evidencia suficiente para afirmar completude sem repetir a consulta com paginacao real."
paginacao_itens;00394494000136-1-000455/2026;completude_nao_comprovada;"2 itens armazenados via chamada unica sem paginacao (bug v1); pode estar completo (lista curta) ou truncado. Nao ha evidencia suficiente para afirmar completude sem repetir a consulta com paginacao real."
paginacao_itens;00394494000136-1-000460/2026;completude_nao_comprovada;"4 itens armazenados via chamada unica sem paginacao (bug v1); pode estar completo (lista curta) ou truncado. Nao ha evidencia suficiente para afirmar completude sem repetir a consulta com paginacao real."
paginacao_itens;00394494000136-1-000554/2025;completude_nao_comprovada;"3 itens armazenados via chamada unica sem paginacao (bug v1); pode estar completo (lista curta) ou truncado. Nao ha evidencia suficiente para afirmar completude sem repetir a consulta com paginacao real."
paginacao_itens;00394494000136-1-000635/2025;completude_nao_comprovada;"1 itens armazenados via chamada unica sem paginacao (bug v1); pode estar completo (lista curta) ou truncado. Nao ha evidencia suficiente para afirmar completude sem repetir a consulta com paginacao real."
paginacao_itens;00394494000136-1-000858/2026;completude_nao_comprovada;"2 itens armazenados via chamada unica sem paginacao (bug v1); pode estar completo (lista curta) ou truncado. Nao ha evidencia suficiente para afirmar completude sem repetir a consulta com paginacao real."
paginacao_itens;00394494000136-1-000866/2026;completude_nao_comprovada;"1 itens armazenados via chamada unica sem paginacao (bug v1); pode estar completo (lista curta) ou truncado. Nao ha evidencia suficiente para afirmar completude sem repetir a consulta com paginacao real."
paginacao_itens;00394494000136-1-000895/2025;completude_nao_comprovada;"1 itens armazenados via chamada unica sem paginacao (bug v1); pode estar completo (lista curta) ou truncado. Nao ha evidencia suficiente para afirmar completude sem repetir a consulta com paginacao real."
paginacao_itens;00394494000136-1-000961/2026;completude_nao_comprovada;"4 itens armazenados via chamada unica sem paginacao (bug v1); pode estar completo (lista curta) ou truncado. Nao ha evidencia suficiente para afirmar completude sem repetir a consulta com paginacao real."
paginacao_itens;00394494000136-1-001037/2025;completude_nao_comprovada;"2 itens armazenados via chamada unica sem paginacao (bug v1); pode estar completo (lista curta) ou truncado. Nao ha evidencia suficiente para afirmar completude sem repetir a consulta com paginacao real."
paginacao_itens;00394494000136-1-001458/2025;completude_nao_comprovada;"1 itens armazenados via chamada unica sem paginacao (bug v1); pode estar completo (lista curta) ou truncado. Nao ha evidencia suficiente para afirmar completude sem repetir a consulta com paginacao real."
paginacao_itens;00394494000136-1-001588/2025;completude_nao_comprovada;"1 itens armazenados via chamada unica sem paginacao (bug v1); pode estar completo (lista curta) ou truncado. Nao ha evidencia suficiente para afirmar completude sem repetir a consulta com paginacao real."
paginacao_itens;00394494010441-1-000006/2025;completude_nao_comprovada_alta_prioridade;"exatamente 10 itens armazenados; tamanho tipico de 1a pagina do endpoint. Bug v1: coletor fez 1 chamada sem parametros pagina/tamanhoPagina e assumiu completude. Requer nova consulta paginada real (pagina=1,2,3,... ate esgotar) para confirmar total."
paginacao_itens;00394494010441-1-000043/2026;completude_nao_comprovada;"1 itens armazenados via chamada unica sem paginacao (bug v1); pode estar completo (lista curta) ou truncado. Nao ha evidencia suficiente para afirmar completude sem repetir a consulta com paginacao real."
paginacao_itens;00394494010441-1-000055/2026;completude_nao_comprovada;"3 itens armazenados via chamada unica sem paginacao (bug v1); pode estar completo (lista curta) ou truncado. Nao ha evidencia suficiente para afirmar completude sem repetir a consulta com paginacao real."
paginacao_itens;00394494010441-1-000168/2026;completude_nao_comprovada;"1 itens armazenados via chamada unica sem paginacao (bug v1); pode estar completo (lista curta) ou truncado. Nao ha evidencia suficiente para afirmar completude sem repetir a consulta com paginacao real."
paginacao_itens;00394494010441-1-000215/2025;completude_nao_comprovada_alta_prioridade;"exatamente 10 itens armazenados; tamanho tipico de 1a pagina do endpoint. Bug v1: coletor fez 1 chamada sem parametros pagina/tamanhoPagina e assumiu completude. Requer nova consulta paginada real (pagina=1,2,3,... ate esgotar) para confirmar total."
paginacao_itens;00394494010441-1-000233/2025;completude_nao_comprovada_alta_prioridade;"exatamente 10 itens armazenados; tamanho tipico de 1a pagina do endpoint. Bug v1: coletor fez 1 chamada sem parametros pagina/tamanhoPagina e assumiu completude. Requer nova consulta paginada real (pagina=1,2,3,... ate esgotar) para confirmar total."
paginacao_itens;00394494010441-1-000260/2026;completude_nao_comprovada;"1 itens armazenados via chamada unica sem paginacao (bug v1); pode estar completo (lista curta) ou truncado. Nao ha evidencia suficiente para afirmar completude sem repetir a consulta com paginacao real."
paginacao_itens;00394494010441-1-000337/2025;completude_nao_comprovada_alta_prioridade;"exatamente 10 itens armazenados; tamanho tipico de 1a pagina do endpoint. Bug v1: coletor fez 1 chamada sem parametros pagina/tamanhoPagina e assumiu completude. Requer nova consulta paginada real (pagina=1,2,3,... ate esgotar) para confirmar total."
paginacao_itens;00394494010441-1-000340/2025;completude_nao_comprovada;"1 itens armazenados via chamada unica sem paginacao (bug v1); pode estar completo (lista curta) ou truncado. Nao ha evidencia suficiente para afirmar completude sem repetir a consulta com paginacao real."
paginacao_itens;00394494010441-1-000504/2025;completude_nao_comprovada;"2 itens armazenados via chamada unica sem paginacao (bug v1); pode estar completo (lista curta) ou truncado. Nao ha evidencia suficiente para afirmar completude sem repetir a consulta com paginacao real."
paginacao_itens;00394494010441-1-000596/2025;completude_nao_comprovada_alta_prioridade;"exatamente 10 itens armazenados; tamanho tipico de 1a pagina do endpoint. Bug v1: coletor fez 1 chamada sem parametros pagina/tamanhoPagina e assumiu completude. Requer nova consulta paginada real (pagina=1,2,3,... ate esgotar) para confirmar total."
paginacao_itens;00394494010441-1-000617/2025;completude_nao_comprovada;"1 itens armazenados via chamada unica sem paginacao (bug v1); pode estar completo (lista curta) ou truncado. Nao ha evidencia suficiente para afirmar completude sem repetir a consulta com paginacao real."
paginacao_itens;00394494010441-1-000645/2025;completude_nao_comprovada;"6 itens armazenados via chamada unica sem paginacao (bug v1); pode estar completo (lista curta) ou truncado. Nao ha evidencia suficiente para afirmar completude sem repetir a consulta com paginacao real."
paginacao_itens;00394494010441-1-000694/2025;completude_nao_comprovada;"4 itens armazenados via chamada unica sem paginacao (bug v1); pode estar completo (lista curta) ou truncado. Nao ha evidencia suficiente para afirmar completude sem repetir a consulta com paginacao real."
paginacao_itens;00394494010441-1-000705/2025;completude_nao_comprovada_alta_prioridade;"exatamente 10 itens armazenados; tamanho tipico de 1a pagina do endpoint. Bug v1: coletor fez 1 chamada sem parametros pagina/tamanhoPagina e assumiu completude. Requer nova consulta paginada real (pagina=1,2,3,... ate esgotar) para confirmar total."
paginacao_itens;00394494010441-1-000817/2025;completude_nao_comprovada;"2 itens armazenados via chamada unica sem paginacao (bug v1); pode estar completo (lista curta) ou truncado. Nao ha evidencia suficiente para afirmar completude sem repetir a consulta com paginacao real."
paginacao_itens;00394494010441-1-000825/2025;completude_nao_comprovada;"1 itens armazenados via chamada unica sem paginacao (bug v1); pode estar completo (lista curta) ou truncado. Nao ha evidencia suficiente para afirmar completude sem repetir a consulta com paginacao real."
paginacao_itens;00394494011928-1-000036/2026;completude_nao_comprovada;"1 itens armazenados via chamada unica sem paginacao (bug v1); pode estar completo (lista curta) ou truncado. Nao ha evidencia suficiente para afirmar completude sem repetir a consulta com paginacao real."
paginacao_itens;00394502000144-1-000515/2026;completude_nao_comprovada_alta_prioridade;"exatamente 10 itens armazenados; tamanho tipico de 1a pagina do endpoint. Bug v1: coletor fez 1 chamada sem parametros pagina/tamanhoPagina e assumiu completude. Requer nova consulta paginada real (pagina=1,2,3,... ate esgotar) para confirmar total."
paginacao_itens;00394502000144-1-001257/2026;completude_nao_comprovada_alta_prioridade;"exatamente 10 itens armazenados; tamanho tipico de 1a pagina do endpoint. Bug v1: coletor fez 1 chamada sem parametros pagina/tamanhoPagina e assumiu completude. Requer nova consulta paginada real (pagina=1,2,3,... ate esgotar) para confirmar total."
paginacao_itens;00394502000144-1-002175/2025;completude_nao_comprovada;"1 itens armazenados via chamada unica sem paginacao (bug v1); pode estar completo (lista curta) ou truncado. Nao ha evidencia suficiente para afirmar completude sem repetir a consulta com paginacao real."
paginacao_itens;00394502000144-1-002953/2026;completude_nao_comprovada;"7 itens armazenados via chamada unica sem paginacao (bug v1); pode estar completo (lista curta) ou truncado. Nao ha evidencia suficiente para afirmar completude sem repetir a consulta com paginacao real."
paginacao_itens;00394502000144-1-003219/2025;completude_nao_comprovada;"2 itens armazenados via chamada unica sem paginacao (bug v1); pode estar completo (lista curta) ou truncado. Nao ha evidencia suficiente para afirmar completude sem repetir a consulta com paginacao real."
paginacao_itens;00394502000144-1-003962/2025;completude_nao_comprovada_alta_prioridade;"exatamente 10 itens armazenados; tamanho tipico de 1a pagina do endpoint. Bug v1: coletor fez 1 chamada sem parametros pagina/tamanhoPagina e assumiu completude. Requer nova consulta paginada real (pagina=1,2,3,... ate esgotar) para confirmar total."
paginacao_itens;00394502000144-1-003970/2025;completude_nao_comprovada;"1 itens armazenados via chamada unica sem paginacao (bug v1); pode estar completo (lista curta) ou truncado. Nao ha evidencia suficiente para afirmar completude sem repetir a consulta com paginacao real."
paginacao_itens;00394502000144-1-004604/2025;completude_nao_comprovada;"2 itens armazenados via chamada unica sem paginacao (bug v1); pode estar completo (lista curta) ou truncado. Nao ha evidencia suficiente para afirmar completude sem repetir a consulta com paginacao real."
paginacao_itens;00394502000144-1-004750/2025;completude_nao_comprovada;"5 itens armazenados via chamada unica sem paginacao (bug v1); pode estar completo (lista curta) ou truncado. Nao ha evidencia suficiente para afirmar completude sem repetir a consulta com paginacao real."
paginacao_itens;00394502000144-1-005075/2026;completude_nao_comprovada;"1 itens armazenados via chamada unica sem paginacao (bug v1); pode estar completo (lista curta) ou truncado. Nao ha evidencia suficiente para afirmar completude sem repetir a consulta com paginacao real."
paginacao_itens;00394502000144-1-005881/2025;completude_nao_comprovada;"1 itens armazenados via chamada unica sem paginacao (bug v1); pode estar completo (lista curta) ou truncado. Nao ha evidencia suficiente para afirmar completude sem repetir a consulta com paginacao real."
paginacao_itens;00394502000144-1-005882/2025;completude_nao_comprovada;"1 itens armazenados via chamada unica sem paginacao (bug v1); pode estar completo (lista curta) ou truncado. Nao ha evidencia suficiente para afirmar completude sem repetir a consulta com paginacao real."
paginacao_itens;00394502000144-1-006456/2025;completude_nao_comprovada;"3 itens armazenados via chamada unica sem paginacao (bug v1); pode estar completo (lista curta) ou truncado. Nao ha evidencia suficiente para afirmar completude sem repetir a consulta com paginacao real."
paginacao_itens;00394502000144-1-006934/2025;completude_nao_comprovada;"7 itens armazenados via chamada unica sem paginacao (bug v1); pode estar completo (lista curta) ou truncado. Nao ha evidencia suficiente para afirmar completude sem repetir a consulta com paginacao real."
paginacao_itens;00394502000144-1-007023/2025;completude_nao_comprovada;"3 itens armazenados via chamada unica sem paginacao (bug v1); pode estar completo (lista curta) ou truncado. Nao ha evidencia suficiente para afirmar completude sem repetir a consulta com paginacao real."
paginacao_itens;00394502000144-1-007024/2025;completude_nao_comprovada;"2 itens armazenados via chamada unica sem paginacao (bug v1); pode estar completo (lista curta) ou truncado. Nao ha evidencia suficiente para afirmar completude sem repetir a consulta com paginacao real."
paginacao_itens;00394502000144-1-007819/2025;completude_nao_comprovada;"2 itens armazenados via chamada unica sem paginacao (bug v1); pode estar completo (lista curta) ou truncado. Nao ha evidencia suficiente para afirmar completude sem repetir a consulta com paginacao real."
paginacao_itens;00394502000144-1-007820/2025;completude_nao_comprovada;"4 itens armazenados via chamada unica sem paginacao (bug v1); pode estar completo (lista curta) ou truncado. Nao ha evidencia suficiente para afirmar completude sem repetir a consulta com paginacao real."
paginacao_itens;00394502000144-1-008748/2025;completude_nao_comprovada_alta_prioridade;"exatamente 10 itens armazenados; tamanho tipico de 1a pagina do endpoint. Bug v1: coletor fez 1 chamada sem parametros pagina/tamanhoPagina e assumiu completude. Requer nova consulta paginada real (pagina=1,2,3,... ate esgotar) para confirmar total."
paginacao_itens;00394502000144-1-009473/2025;completude_nao_comprovada;"1 itens armazenados via chamada unica sem paginacao (bug v1); pode estar completo (lista curta) ou truncado. Nao ha evidencia suficiente para afirmar completude sem repetir a consulta com paginacao real."
paginacao_itens;00394502000144-1-010154/2025;completude_nao_comprovada;"1 itens armazenados via chamada unica sem paginacao (bug v1); pode estar completo (lista curta) ou truncado. Nao ha evidencia suficiente para afirmar completude sem repetir a consulta com paginacao real."
paginacao_itens;00394502000144-1-010416/2025;completude_nao_comprovada;"1 itens armazenados via chamada unica sem paginacao (bug v1); pode estar completo (lista curta) ou truncado. Nao ha evidencia suficiente para afirmar completude sem repetir a consulta com paginacao real."
paginacao_itens;00394502000144-1-010442/2025;completude_nao_comprovada;"3 itens armazenados via chamada unica sem paginacao (bug v1); pode estar completo (lista curta) ou truncado. Nao ha evidencia suficiente para afirmar completude sem repetir a consulta com paginacao real."
paginacao_itens;00394502000144-1-010586/2025;completude_nao_comprovada;"8 itens armazenados via chamada unica sem paginacao (bug v1); pode estar completo (lista curta) ou truncado. Nao ha evidencia suficiente para afirmar completude sem repetir a consulta com paginacao real."
paginacao_itens;00394502000144-1-010590/2025;completude_nao_comprovada;"1 itens armazenados via chamada unica sem paginacao (bug v1); pode estar completo (lista curta) ou truncado. Nao ha evidencia suficiente para afirmar completude sem repetir a consulta com paginacao real."
paginacao_itens;00394502000144-1-010591/2025;completude_nao_comprovada;"3 itens armazenados via chamada unica sem paginacao (bug v1); pode estar completo (lista curta) ou truncado. Nao ha evidencia suficiente para afirmar completude sem repetir a consulta com paginacao real."
paginacao_itens;00394502000144-1-010838/2025;completude_nao_comprovada_alta_prioridade;"exatamente 10 itens armazenados; tamanho tipico de 1a pagina do endpoint. Bug v1: coletor fez 1 chamada sem parametros pagina/tamanhoPagina e assumiu completude. Requer nova consulta paginada real (pagina=1,2,3,... ate esgotar) para confirmar total."
paginacao_itens;00394502000144-1-012927/2025;completude_nao_comprovada;"1 itens armazenados via chamada unica sem paginacao (bug v1); pode estar completo (lista curta) ou truncado. Nao ha evidencia suficiente para afirmar completude sem repetir a consulta com paginacao real."
paginacao_itens;00394502000144-1-013755/2025;completude_nao_comprovada_alta_prioridade;"exatamente 10 itens armazenados; tamanho tipico de 1a pagina do endpoint. Bug v1: coletor fez 1 chamada sem parametros pagina/tamanhoPagina e assumiu completude. Requer nova consulta paginada real (pagina=1,2,3,... ate esgotar) para confirmar total."
paginacao_itens;00394502000144-1-014669/2025;completude_nao_comprovada_alta_prioridade;"exatamente 10 itens armazenados; tamanho tipico de 1a pagina do endpoint. Bug v1: coletor fez 1 chamada sem parametros pagina/tamanhoPagina e assumiu completude. Requer nova consulta paginada real (pagina=1,2,3,... ate esgotar) para confirmar total."
paginacao_itens;00394502000144-1-014716/2025;completude_nao_comprovada_alta_prioridade;"exatamente 10 itens armazenados; tamanho tipico de 1a pagina do endpoint. Bug v1: coletor fez 1 chamada sem parametros pagina/tamanhoPagina e assumiu completude. Requer nova consulta paginada real (pagina=1,2,3,... ate esgotar) para confirmar total."
paginacao_itens;00394502001205-1-000471/2025;completude_nao_comprovada_alta_prioridade;"exatamente 10 itens armazenados; tamanho tipico de 1a pagina do endpoint. Bug v1: coletor fez 1 chamada sem parametros pagina/tamanhoPagina e assumiu completude. Requer nova consulta paginada real (pagina=1,2,3,... ate esgotar) para confirmar total."
paginacao_itens;00394502001205-1-000473/2025;completude_nao_comprovada;"1 itens armazenados via chamada unica sem paginacao (bug v1); pode estar completo (lista curta) ou truncado. Nao ha evidencia suficiente para afirmar completude sem repetir a consulta com paginacao real."
paginacao_itens;00394502001205-1-000511/2025;completude_nao_comprovada;"7 itens armazenados via chamada unica sem paginacao (bug v1); pode estar completo (lista curta) ou truncado. Nao ha evidencia suficiente para afirmar completude sem repetir a consulta com paginacao real."
paginacao_itens;00394502001205-1-000699/2025;completude_nao_comprovada;"1 itens armazenados via chamada unica sem paginacao (bug v1); pode estar completo (lista curta) ou truncado. Nao ha evidencia suficiente para afirmar completude sem repetir a consulta com paginacao real."
paginacao_itens;00394502001205-1-000700/2025;completude_nao_comprovada;"1 itens armazenados via chamada unica sem paginacao (bug v1); pode estar completo (lista curta) ou truncado. Nao ha evidencia suficiente para afirmar completude sem repetir a consulta com paginacao real."
paginacao_itens;00394502002864-1-000397/2025;completude_nao_comprovada;"1 itens armazenados via chamada unica sem paginacao (bug v1); pode estar completo (lista curta) ou truncado. Nao ha evidencia suficiente para afirmar completude sem repetir a consulta com paginacao real."
paginacao_itens;00394502002864-1-000780/2025;completude_nao_comprovada;"1 itens armazenados via chamada unica sem paginacao (bug v1); pode estar completo (lista curta) ou truncado. Nao ha evidencia suficiente para afirmar completude sem repetir a consulta com paginacao real."
paginacao_itens;00394502002864-1-001047/2025;completude_nao_comprovada_alta_prioridade;"exatamente 10 itens armazenados; tamanho tipico de 1a pagina do endpoint. Bug v1: coletor fez 1 chamada sem parametros pagina/tamanhoPagina e assumiu completude. Requer nova consulta paginada real (pagina=1,2,3,... ate esgotar) para confirmar total."
paginacao_itens;00394502002864-1-001066/2025;completude_nao_comprovada;"1 itens armazenados via chamada unica sem paginacao (bug v1); pode estar completo (lista curta) ou truncado. Nao ha evidencia suficiente para afirmar completude sem repetir a consulta com paginacao real."
paginacao_itens;00394502002864-1-001691/2025;completude_nao_comprovada;"5 itens armazenados via chamada unica sem paginacao (bug v1); pode estar completo (lista curta) ou truncado. Nao ha evidencia suficiente para afirmar completude sem repetir a consulta com paginacao real."
paginacao_itens;00394502002864-1-001838/2025;completude_nao_comprovada;"1 itens armazenados via chamada unica sem paginacao (bug v1); pode estar completo (lista curta) ou truncado. Nao ha evidencia suficiente para afirmar completude sem repetir a consulta com paginacao real."
paginacao_itens;00394502002864-1-001926/2025;completude_nao_comprovada_alta_prioridade;"exatamente 10 itens armazenados; tamanho tipico de 1a pagina do endpoint. Bug v1: coletor fez 1 chamada sem parametros pagina/tamanhoPagina e assumiu completude. Requer nova consulta paginada real (pagina=1,2,3,... ate esgotar) para confirmar total."
paginacao_itens;00394502002864-1-002625/2025;completude_nao_comprovada;"1 itens armazenados via chamada unica sem paginacao (bug v1); pode estar completo (lista curta) ou truncado. Nao ha evidencia suficiente para afirmar completude sem repetir a consulta com paginacao real."
paginacao_itens;00394502002864-1-002756/2025;completude_nao_comprovada;"7 itens armazenados via chamada unica sem paginacao (bug v1); pode estar completo (lista curta) ou truncado. Nao ha evidencia suficiente para afirmar completude sem repetir a consulta com paginacao real."
paginacao_itens;00394502002864-1-002757/2025;completude_nao_comprovada;"2 itens armazenados via chamada unica sem paginacao (bug v1); pode estar completo (lista curta) ou truncado. Nao ha evidencia suficiente para afirmar completude sem repetir a consulta com paginacao real."
paginacao_itens;00394502002864-1-002758/2025;completude_nao_comprovada;"1 itens armazenados via chamada unica sem paginacao (bug v1); pode estar completo (lista curta) ou truncado. Nao ha evidencia suficiente para afirmar completude sem repetir a consulta com paginacao real."
paginacao_itens;00394502002864-1-002924/2025;completude_nao_comprovada;"1 itens armazenados via chamada unica sem paginacao (bug v1); pode estar completo (lista curta) ou truncado. Nao ha evidencia suficiente para afirmar completude sem repetir a consulta com paginacao real."
paginacao_itens;00394502002864-1-003384/2025;completude_nao_comprovada_alta_prioridade;"exatamente 10 itens armazenados; tamanho tipico de 1a pagina do endpoint. Bug v1: coletor fez 1 chamada sem parametros pagina/tamanhoPagina e assumiu completude. Requer nova consulta paginada real (pagina=1,2,3,... ate esgotar) para confirmar total."
paginacao_itens;00394502022890-1-000192/2025;completude_nao_comprovada;"1 itens armazenados via chamada unica sem paginacao (bug v1); pode estar completo (lista curta) ou truncado. Nao ha evidencia suficiente para afirmar completude sem repetir a consulta com paginacao real."
paginacao_itens;00394544000185-1-000012/2026;completude_nao_comprovada;"1 itens armazenados via chamada unica sem paginacao (bug v1); pode estar completo (lista curta) ou truncado. Nao ha evidencia suficiente para afirmar completude sem repetir a consulta com paginacao real."
paginacao_itens;00394544000185-1-000013/2026;completude_nao_comprovada;"1 itens armazenados via chamada unica sem paginacao (bug v1); pode estar completo (lista curta) ou truncado. Nao ha evidencia suficiente para afirmar completude sem repetir a consulta com paginacao real."
paginacao_itens;00394544000185-1-000309/2026;completude_nao_comprovada;"1 itens armazenados via chamada unica sem paginacao (bug v1); pode estar completo (lista curta) ou truncado. Nao ha evidencia suficiente para afirmar completude sem repetir a consulta com paginacao real."
paginacao_itens;00394544000185-1-000316/2026;completude_nao_comprovada;"1 itens armazenados via chamada unica sem paginacao (bug v1); pode estar completo (lista curta) ou truncado. Nao ha evidencia suficiente para afirmar completude sem repetir a consulta com paginacao real."
paginacao_itens;00394544000185-1-000346/2026;completude_nao_comprovada;"1 itens armazenados via chamada unica sem paginacao (bug v1); pode estar completo (lista curta) ou truncado. Nao ha evidencia suficiente para afirmar completude sem repetir a consulta com paginacao real."
paginacao_itens;00394544000185-1-000362/2026;completude_nao_comprovada;"1 itens armazenados via chamada unica sem paginacao (bug v1); pode estar completo (lista curta) ou truncado. Nao ha evidencia suficiente para afirmar completude sem repetir a consulta com paginacao real."
paginacao_itens;00394544000185-1-000490/2026;completude_nao_comprovada;"1 itens armazenados via chamada unica sem paginacao (bug v1); pode estar completo (lista curta) ou truncado. Nao ha evidencia suficiente para afirmar completude sem repetir a consulta com paginacao real."
paginacao_itens;00394544000185-1-000549/2026;completude_nao_comprovada;"1 itens armazenados via chamada unica sem paginacao (bug v1); pode estar completo (lista curta) ou truncado. Nao ha evidencia suficiente para afirmar completude sem repetir a consulta com paginacao real."
paginacao_itens;00394544000185-1-000555/2026;completude_nao_comprovada;"1 itens armazenados via chamada unica sem paginacao (bug v1); pode estar completo (lista curta) ou truncado. Nao ha evidencia suficiente para afirmar completude sem repetir a consulta com paginacao real."
paginacao_itens;00394544000185-1-000557/2025;completude_nao_comprovada;"6 itens armazenados via chamada unica sem paginacao (bug v1); pode estar completo (lista curta) ou truncado. Nao ha evidencia suficiente para afirmar completude sem repetir a consulta com paginacao real."
paginacao_itens;00394544000185-1-000661/2026;completude_nao_comprovada_alta_prioridade;"exatamente 10 itens armazenados; tamanho tipico de 1a pagina do endpoint. Bug v1: coletor fez 1 chamada sem parametros pagina/tamanhoPagina e assumiu completude. Requer nova consulta paginada real (pagina=1,2,3,... ate esgotar) para confirmar total."
paginacao_itens;00394544000185-1-000871/2026;completude_nao_comprovada;"1 itens armazenados via chamada unica sem paginacao (bug v1); pode estar completo (lista curta) ou truncado. Nao ha evidencia suficiente para afirmar completude sem repetir a consulta com paginacao real."
paginacao_itens;00394544000185-1-001008/2026;completude_nao_comprovada;"1 itens armazenados via chamada unica sem paginacao (bug v1); pode estar completo (lista curta) ou truncado. Nao ha evidencia suficiente para afirmar completude sem repetir a consulta com paginacao real."
paginacao_itens;00394544000185-1-001292/2026;completude_nao_comprovada;"1 itens armazenados via chamada unica sem paginacao (bug v1); pode estar completo (lista curta) ou truncado. Nao ha evidencia suficiente para afirmar completude sem repetir a consulta com paginacao real."
paginacao_itens;00394544000185-1-001293/2026;completude_nao_comprovada;"1 itens armazenados via chamada unica sem paginacao (bug v1); pode estar completo (lista curta) ou truncado. Nao ha evidencia suficiente para afirmar completude sem repetir a consulta com paginacao real."
paginacao_itens;00394544000185-1-001295/2026;completude_nao_comprovada;"1 itens armazenados via chamada unica sem paginacao (bug v1); pode estar completo (lista curta) ou truncado. Nao ha evidencia suficiente para afirmar completude sem repetir a consulta com paginacao real."
paginacao_itens;00394544000185-1-001364/2026;completude_nao_comprovada;"1 itens armazenados via chamada unica sem paginacao (bug v1); pode estar completo (lista curta) ou truncado. Nao ha evidencia suficiente para afirmar completude sem repetir a consulta com paginacao real."
paginacao_itens;00394544000185-1-001398/2026;completude_nao_comprovada;"1 itens armazenados via chamada unica sem paginacao (bug v1); pode estar completo (lista curta) ou truncado. Nao ha evidencia suficiente para afirmar completude sem repetir a consulta com paginacao real."
paginacao_itens;00394544000185-1-001781/2025;completude_nao_comprovada;"1 itens armazenados via chamada unica sem paginacao (bug v1); pode estar completo (lista curta) ou truncado. Nao ha evidencia suficiente para afirmar completude sem repetir a consulta com paginacao real."
paginacao_itens;00394544000185-1-001789/2025;completude_nao_comprovada;"1 itens armazenados via chamada unica sem paginacao (bug v1); pode estar completo (lista curta) ou truncado. Nao ha evidencia suficiente para afirmar completude sem repetir a consulta com paginacao real."
paginacao_itens;00394544000185-1-001790/2025;completude_nao_comprovada;"7 itens armazenados via chamada unica sem paginacao (bug v1); pode estar completo (lista curta) ou truncado. Nao ha evidencia suficiente para afirmar completude sem repetir a consulta com paginacao real."
paginacao_itens;00394544000185-1-001850/2025;completude_nao_comprovada_alta_prioridade;"exatamente 10 itens armazenados; tamanho tipico de 1a pagina do endpoint. Bug v1: coletor fez 1 chamada sem parametros pagina/tamanhoPagina e assumiu completude. Requer nova consulta paginada real (pagina=1,2,3,... ate esgotar) para confirmar total."
paginacao_itens;00394544000185-1-001892/2025;completude_nao_comprovada_alta_prioridade;"exatamente 10 itens armazenados; tamanho tipico de 1a pagina do endpoint. Bug v1: coletor fez 1 chamada sem parametros pagina/tamanhoPagina e assumiu completude. Requer nova consulta paginada real (pagina=1,2,3,... ate esgotar) para confirmar total."
paginacao_itens;00394544000185-1-001902/2025;completude_nao_comprovada_alta_prioridade;"exatamente 10 itens armazenados; tamanho tipico de 1a pagina do endpoint. Bug v1: coletor fez 1 chamada sem parametros pagina/tamanhoPagina e assumiu completude. Requer nova consulta paginada real (pagina=1,2,3,... ate esgotar) para confirmar total."
paginacao_itens;00394544000185-1-002164/2025;completude_nao_comprovada;"1 itens armazenados via chamada unica sem paginacao (bug v1); pode estar completo (lista curta) ou truncado. Nao ha evidencia suficiente para afirmar completude sem repetir a consulta com paginacao real."
paginacao_itens;00394544000185-1-002170/2025;completude_nao_comprovada;"2 itens armazenados via chamada unica sem paginacao (bug v1); pode estar completo (lista curta) ou truncado. Nao ha evidencia suficiente para afirmar completude sem repetir a consulta com paginacao real."
paginacao_itens;00394544000185-1-002171/2025;completude_nao_comprovada;"1 itens armazenados via chamada unica sem paginacao (bug v1); pode estar completo (lista curta) ou truncado. Nao ha evidencia suficiente para afirmar completude sem repetir a consulta com paginacao real."
paginacao_itens;00394544000185-1-002172/2025;completude_nao_comprovada;"1 itens armazenados via chamada unica sem paginacao (bug v1); pode estar completo (lista curta) ou truncado. Nao ha evidencia suficiente para afirmar completude sem repetir a consulta com paginacao real."
paginacao_itens;00394544000185-1-002189/2025;completude_nao_comprovada;"5 itens armazenados via chamada unica sem paginacao (bug v1); pode estar completo (lista curta) ou truncado. Nao ha evidencia suficiente para afirmar completude sem repetir a consulta com paginacao real."
paginacao_itens;00394544000185-1-002192/2025;completude_nao_comprovada;"1 itens armazenados via chamada unica sem paginacao (bug v1); pode estar completo (lista curta) ou truncado. Nao ha evidencia suficiente para afirmar completude sem repetir a consulta com paginacao real."
paginacao_itens;00394544000185-1-002412/2025;completude_nao_comprovada;"1 itens armazenados via chamada unica sem paginacao (bug v1); pode estar completo (lista curta) ou truncado. Nao ha evidencia suficiente para afirmar completude sem repetir a consulta com paginacao real."
paginacao_itens;00394544000185-1-002987/2025;completude_nao_comprovada_alta_prioridade;"exatamente 10 itens armazenados; tamanho tipico de 1a pagina do endpoint. Bug v1: coletor fez 1 chamada sem parametros pagina/tamanhoPagina e assumiu completude. Requer nova consulta paginada real (pagina=1,2,3,... ate esgotar) para confirmar total."
paginacao_itens;00394577000125-1-000001/2025;completude_nao_comprovada_alta_prioridade;"exatamente 10 itens armazenados; tamanho tipico de 1a pagina do endpoint. Bug v1: coletor fez 1 chamada sem parametros pagina/tamanhoPagina e assumiu completude. Requer nova consulta paginada real (pagina=1,2,3,... ate esgotar) para confirmar total."
paginacao_itens;00394577000125-1-000001/2026;completude_nao_comprovada;"1 itens armazenados via chamada unica sem paginacao (bug v1); pode estar completo (lista curta) ou truncado. Nao ha evidencia suficiente para afirmar completude sem repetir a consulta com paginacao real."
paginacao_itens;00394577000125-1-000002/2025;completude_nao_comprovada_alta_prioridade;"exatamente 10 itens armazenados; tamanho tipico de 1a pagina do endpoint. Bug v1: coletor fez 1 chamada sem parametros pagina/tamanhoPagina e assumiu completude. Requer nova consulta paginada real (pagina=1,2,3,... ate esgotar) para confirmar total."
paginacao_itens;00394577000125-1-000002/2026;completude_nao_comprovada;"6 itens armazenados via chamada unica sem paginacao (bug v1); pode estar completo (lista curta) ou truncado. Nao ha evidencia suficiente para afirmar completude sem repetir a consulta com paginacao real."
paginacao_itens;00394577000125-1-000003/2025;completude_nao_comprovada;"2 itens armazenados via chamada unica sem paginacao (bug v1); pode estar completo (lista curta) ou truncado. Nao ha evidencia suficiente para afirmar completude sem repetir a consulta com paginacao real."
paginacao_itens;00394577000125-1-000003/2026;completude_nao_comprovada;"3 itens armazenados via chamada unica sem paginacao (bug v1); pode estar completo (lista curta) ou truncado. Nao ha evidencia suficiente para afirmar completude sem repetir a consulta com paginacao real."
paginacao_itens;00394577000125-1-000004/2025;completude_nao_comprovada;"9 itens armazenados via chamada unica sem paginacao (bug v1); pode estar completo (lista curta) ou truncado. Nao ha evidencia suficiente para afirmar completude sem repetir a consulta com paginacao real."
paginacao_itens;00394577000125-1-000006/2025;completude_nao_comprovada_alta_prioridade;"exatamente 10 itens armazenados; tamanho tipico de 1a pagina do endpoint. Bug v1: coletor fez 1 chamada sem parametros pagina/tamanhoPagina e assumiu completude. Requer nova consulta paginada real (pagina=1,2,3,... ate esgotar) para confirmar total."
paginacao_itens;00394577000125-1-000007/2025;completude_nao_comprovada_alta_prioridade;"exatamente 10 itens armazenados; tamanho tipico de 1a pagina do endpoint. Bug v1: coletor fez 1 chamada sem parametros pagina/tamanhoPagina e assumiu completude. Requer nova consulta paginada real (pagina=1,2,3,... ate esgotar) para confirmar total."
paginacao_itens;00394577000125-1-000007/2026;completude_nao_comprovada;"1 itens armazenados via chamada unica sem paginacao (bug v1); pode estar completo (lista curta) ou truncado. Nao ha evidencia suficiente para afirmar completude sem repetir a consulta com paginacao real."
paginacao_itens;00394577000125-1-000008/2025;completude_nao_comprovada;"1 itens armazenados via chamada unica sem paginacao (bug v1); pode estar completo (lista curta) ou truncado. Nao ha evidencia suficiente para afirmar completude sem repetir a consulta com paginacao real."
paginacao_itens;00394577000125-1-000009/2025;completude_nao_comprovada_alta_prioridade;"exatamente 10 itens armazenados; tamanho tipico de 1a pagina do endpoint. Bug v1: coletor fez 1 chamada sem parametros pagina/tamanhoPagina e assumiu completude. Requer nova consulta paginada real (pagina=1,2,3,... ate esgotar) para confirmar total."
paginacao_itens;00394577000125-1-000009/2026;completude_nao_comprovada;"1 itens armazenados via chamada unica sem paginacao (bug v1); pode estar completo (lista curta) ou truncado. Nao ha evidencia suficiente para afirmar completude sem repetir a consulta com paginacao real."
paginacao_itens;00394577000125-1-000010/2026;completude_nao_comprovada;"9 itens armazenados via chamada unica sem paginacao (bug v1); pode estar completo (lista curta) ou truncado. Nao ha evidencia suficiente para afirmar completude sem repetir a consulta com paginacao real."
paginacao_itens;00394577000125-1-000011/2025;completude_nao_comprovada_alta_prioridade;"exatamente 10 itens armazenados; tamanho tipico de 1a pagina do endpoint. Bug v1: coletor fez 1 chamada sem parametros pagina/tamanhoPagina e assumiu completude. Requer nova consulta paginada real (pagina=1,2,3,... ate esgotar) para confirmar total."
paginacao_itens;00394577000125-1-000013/2025;completude_nao_comprovada;"3 itens armazenados via chamada unica sem paginacao (bug v1); pode estar completo (lista curta) ou truncado. Nao ha evidencia suficiente para afirmar completude sem repetir a consulta com paginacao real."
paginacao_itens;00394577000125-1-000014/2026;completude_nao_comprovada;"1 itens armazenados via chamada unica sem paginacao (bug v1); pode estar completo (lista curta) ou truncado. Nao ha evidencia suficiente para afirmar completude sem repetir a consulta com paginacao real."
paginacao_itens;00394577000125-1-000015/2025;completude_nao_comprovada;"8 itens armazenados via chamada unica sem paginacao (bug v1); pode estar completo (lista curta) ou truncado. Nao ha evidencia suficiente para afirmar completude sem repetir a consulta com paginacao real."
paginacao_itens;00394577000125-1-000016/2025;completude_nao_comprovada;"2 itens armazenados via chamada unica sem paginacao (bug v1); pode estar completo (lista curta) ou truncado. Nao ha evidencia suficiente para afirmar completude sem repetir a consulta com paginacao real."
paginacao_itens;00394577000125-1-000016/2026;completude_nao_comprovada;"3 itens armazenados via chamada unica sem paginacao (bug v1); pode estar completo (lista curta) ou truncado. Nao ha evidencia suficiente para afirmar completude sem repetir a consulta com paginacao real."
paginacao_itens;00394577000125-1-000017/2025;completude_nao_comprovada;"2 itens armazenados via chamada unica sem paginacao (bug v1); pode estar completo (lista curta) ou truncado. Nao ha evidencia suficiente para afirmar completude sem repetir a consulta com paginacao real."
paginacao_itens;00394577000125-1-000018/2025;completude_nao_comprovada_alta_prioridade;"exatamente 10 itens armazenados; tamanho tipico de 1a pagina do endpoint. Bug v1: coletor fez 1 chamada sem parametros pagina/tamanhoPagina e assumiu completude. Requer nova consulta paginada real (pagina=1,2,3,... ate esgotar) para confirmar total."
paginacao_itens;00394577000125-1-000021/2025;completude_nao_comprovada;"1 itens armazenados via chamada unica sem paginacao (bug v1); pode estar completo (lista curta) ou truncado. Nao ha evidencia suficiente para afirmar completude sem repetir a consulta com paginacao real."
paginacao_itens;00394577000125-1-000022/2025;completude_nao_comprovada;"2 itens armazenados via chamada unica sem paginacao (bug v1); pode estar completo (lista curta) ou truncado. Nao ha evidencia suficiente para afirmar completude sem repetir a consulta com paginacao real."
paginacao_itens;00394577000125-1-000023/2025;completude_nao_comprovada_alta_prioridade;"exatamente 10 itens armazenados; tamanho tipico de 1a pagina do endpoint. Bug v1: coletor fez 1 chamada sem parametros pagina/tamanhoPagina e assumiu completude. Requer nova consulta paginada real (pagina=1,2,3,... ate esgotar) para confirmar total."
paginacao_itens;00394577000125-1-000024/2025;completude_nao_comprovada;"1 itens armazenados via chamada unica sem paginacao (bug v1); pode estar completo (lista curta) ou truncado. Nao ha evidencia suficiente para afirmar completude sem repetir a consulta com paginacao real."
paginacao_itens;00394577000125-1-000025/2025;completude_nao_comprovada;"2 itens armazenados via chamada unica sem paginacao (bug v1); pode estar completo (lista curta) ou truncado. Nao ha evidencia suficiente para afirmar completude sem repetir a consulta com paginacao real."
paginacao_itens;00394577000125-1-000026/2025;completude_nao_comprovada;"3 itens armazenados via chamada unica sem paginacao (bug v1); pode estar completo (lista curta) ou truncado. Nao ha evidencia suficiente para afirmar completude sem repetir a consulta com paginacao real."
paginacao_itens;00394577000125-1-000030/2025;completude_nao_comprovada;"6 itens armazenados via chamada unica sem paginacao (bug v1); pode estar completo (lista curta) ou truncado. Nao ha evidencia suficiente para afirmar completude sem repetir a consulta com paginacao real."
paginacao_itens;00394577000125-1-000031/2025;completude_nao_comprovada;"4 itens armazenados via chamada unica sem paginacao (bug v1); pode estar completo (lista curta) ou truncado. Nao ha evidencia suficiente para afirmar completude sem repetir a consulta com paginacao real."
paginacao_itens;00394577000125-1-000034/2025;completude_nao_comprovada;"1 itens armazenados via chamada unica sem paginacao (bug v1); pode estar completo (lista curta) ou truncado. Nao ha evidencia suficiente para afirmar completude sem repetir a consulta com paginacao real."
paginacao_itens;00394577000125-1-000036/2025;completude_nao_comprovada_alta_prioridade;"exatamente 10 itens armazenados; tamanho tipico de 1a pagina do endpoint. Bug v1: coletor fez 1 chamada sem parametros pagina/tamanhoPagina e assumiu completude. Requer nova consulta paginada real (pagina=1,2,3,... ate esgotar) para confirmar total."
paginacao_itens;00394577000125-1-000037/2025;completude_nao_comprovada;"3 itens armazenados via chamada unica sem paginacao (bug v1); pode estar completo (lista curta) ou truncado. Nao ha evidencia suficiente para afirmar completude sem repetir a consulta com paginacao real."
paginacao_itens;00394577000125-1-000038/2025;completude_nao_comprovada_alta_prioridade;"exatamente 10 itens armazenados; tamanho tipico de 1a pagina do endpoint. Bug v1: coletor fez 1 chamada sem parametros pagina/tamanhoPagina e assumiu completude. Requer nova consulta paginada real (pagina=1,2,3,... ate esgotar) para confirmar total."
paginacao_itens;00394577000125-1-000041/2025;completude_nao_comprovada;"2 itens armazenados via chamada unica sem paginacao (bug v1); pode estar completo (lista curta) ou truncado. Nao ha evidencia suficiente para afirmar completude sem repetir a consulta com paginacao real."
paginacao_itens;00394577000125-1-000045/2025;completude_nao_comprovada_alta_prioridade;"exatamente 10 itens armazenados; tamanho tipico de 1a pagina do endpoint. Bug v1: coletor fez 1 chamada sem parametros pagina/tamanhoPagina e assumiu completude. Requer nova consulta paginada real (pagina=1,2,3,... ate esgotar) para confirmar total."
paginacao_itens;00394577000125-1-000048/2025;completude_nao_comprovada_alta_prioridade;"exatamente 10 itens armazenados; tamanho tipico de 1a pagina do endpoint. Bug v1: coletor fez 1 chamada sem parametros pagina/tamanhoPagina e assumiu completude. Requer nova consulta paginada real (pagina=1,2,3,... ate esgotar) para confirmar total."
paginacao_itens;00394577000125-1-000049/2025;completude_nao_comprovada;"1 itens armazenados via chamada unica sem paginacao (bug v1); pode estar completo (lista curta) ou truncado. Nao ha evidencia suficiente para afirmar completude sem repetir a consulta com paginacao real."
paginacao_itens;00394577000125-1-000050/2025;completude_nao_comprovada;"1 itens armazenados via chamada unica sem paginacao (bug v1); pode estar completo (lista curta) ou truncado. Nao ha evidencia suficiente para afirmar completude sem repetir a consulta com paginacao real."
paginacao_itens;00394577000125-1-000052/2025;completude_nao_comprovada;"1 itens armazenados via chamada unica sem paginacao (bug v1); pode estar completo (lista curta) ou truncado. Nao ha evidencia suficiente para afirmar completude sem repetir a consulta com paginacao real."
paginacao_itens;00394577000125-1-000053/2025;completude_nao_comprovada_alta_prioridade;"exatamente 10 itens armazenados; tamanho tipico de 1a pagina do endpoint. Bug v1: coletor fez 1 chamada sem parametros pagina/tamanhoPagina e assumiu completude. Requer nova consulta paginada real (pagina=1,2,3,... ate esgotar) para confirmar total."
paginacao_itens;00394577000125-1-000056/2025;completude_nao_comprovada_alta_prioridade;"exatamente 10 itens armazenados; tamanho tipico de 1a pagina do endpoint. Bug v1: coletor fez 1 chamada sem parametros pagina/tamanhoPagina e assumiu completude. Requer nova consulta paginada real (pagina=1,2,3,... ate esgotar) para confirmar total."
paginacao_itens;00394577000125-1-000057/2025;completude_nao_comprovada_alta_prioridade;"exatamente 10 itens armazenados; tamanho tipico de 1a pagina do endpoint. Bug v1: coletor fez 1 chamada sem parametros pagina/tamanhoPagina e assumiu completude. Requer nova consulta paginada real (pagina=1,2,3,... ate esgotar) para confirmar total."
paginacao_itens;00394577000125-1-000234/2024;completude_nao_comprovada;"6 itens armazenados via chamada unica sem paginacao (bug v1); pode estar completo (lista curta) ou truncado. Nao ha evidencia suficiente para afirmar completude sem repetir a consulta com paginacao real."
paginacao_itens;00394577000125-1-000235/2024;completude_nao_comprovada;"3 itens armazenados via chamada unica sem paginacao (bug v1); pode estar completo (lista curta) ou truncado. Nao ha evidencia suficiente para afirmar completude sem repetir a consulta com paginacao real."
paginacao_itens;00394577000125-1-000236/2024;completude_nao_comprovada;"1 itens armazenados via chamada unica sem paginacao (bug v1); pode estar completo (lista curta) ou truncado. Nao ha evidencia suficiente para afirmar completude sem repetir a consulta com paginacao real."
paginacao_itens;00394577000125-1-000237/2024;completude_nao_comprovada_alta_prioridade;"exatamente 10 itens armazenados; tamanho tipico de 1a pagina do endpoint. Bug v1: coletor fez 1 chamada sem parametros pagina/tamanhoPagina e assumiu completude. Requer nova consulta paginada real (pagina=1,2,3,... ate esgotar) para confirmar total."
paginacao_itens;00394577000125-1-000238/2024;completude_nao_comprovada_alta_prioridade;"exatamente 10 itens armazenados; tamanho tipico de 1a pagina do endpoint. Bug v1: coletor fez 1 chamada sem parametros pagina/tamanhoPagina e assumiu completude. Requer nova consulta paginada real (pagina=1,2,3,... ate esgotar) para confirmar total."
paginacao_itens;00394577000125-1-000239/2024;completude_nao_comprovada_alta_prioridade;"exatamente 10 itens armazenados; tamanho tipico de 1a pagina do endpoint. Bug v1: coletor fez 1 chamada sem parametros pagina/tamanhoPagina e assumiu completude. Requer nova consulta paginada real (pagina=1,2,3,... ate esgotar) para confirmar total."
paginacao_itens;00394577000206-1-000003/2025;completude_nao_comprovada;"1 itens armazenados via chamada unica sem paginacao (bug v1); pode estar completo (lista curta) ou truncado. Nao ha evidencia suficiente para afirmar completude sem repetir a consulta com paginacao real."
paginacao_itens;00394577000206-1-000003/2026;completude_nao_comprovada;"1 itens armazenados via chamada unica sem paginacao (bug v1); pode estar completo (lista curta) ou truncado. Nao ha evidencia suficiente para afirmar completude sem repetir a consulta com paginacao real."
paginacao_itens;00394577000206-1-000004/2025;completude_nao_comprovada;"1 itens armazenados via chamada unica sem paginacao (bug v1); pode estar completo (lista curta) ou truncado. Nao ha evidencia suficiente para afirmar completude sem repetir a consulta com paginacao real."
paginacao_itens;00394577000206-1-000005/2026;completude_nao_comprovada;"3 itens armazenados via chamada unica sem paginacao (bug v1); pode estar completo (lista curta) ou truncado. Nao ha evidencia suficiente para afirmar completude sem repetir a consulta com paginacao real."
paginacao_itens;00394577000206-1-000008/2025;completude_nao_comprovada;"1 itens armazenados via chamada unica sem paginacao (bug v1); pode estar completo (lista curta) ou truncado. Nao ha evidencia suficiente para afirmar completude sem repetir a consulta com paginacao real."
paginacao_itens;00394577000206-1-000009/2025;completude_nao_comprovada;"1 itens armazenados via chamada unica sem paginacao (bug v1); pode estar completo (lista curta) ou truncado. Nao ha evidencia suficiente para afirmar completude sem repetir a consulta com paginacao real."
paginacao_itens;00394577000206-1-000010/2026;completude_nao_comprovada;"1 itens armazenados via chamada unica sem paginacao (bug v1); pode estar completo (lista curta) ou truncado. Nao ha evidencia suficiente para afirmar completude sem repetir a consulta com paginacao real."
paginacao_itens;00394577000206-1-000012/2026;completude_nao_comprovada;"1 itens armazenados via chamada unica sem paginacao (bug v1); pode estar completo (lista curta) ou truncado. Nao ha evidencia suficiente para afirmar completude sem repetir a consulta com paginacao real."
paginacao_itens;00394577000206-1-000013/2025;completude_nao_comprovada;"1 itens armazenados via chamada unica sem paginacao (bug v1); pode estar completo (lista curta) ou truncado. Nao ha evidencia suficiente para afirmar completude sem repetir a consulta com paginacao real."
paginacao_itens;00394577000206-1-000014/2025;completude_nao_comprovada;"4 itens armazenados via chamada unica sem paginacao (bug v1); pode estar completo (lista curta) ou truncado. Nao ha evidencia suficiente para afirmar completude sem repetir a consulta com paginacao real."
paginacao_itens;00394577000206-1-000015/2025;completude_nao_comprovada;"4 itens armazenados via chamada unica sem paginacao (bug v1); pode estar completo (lista curta) ou truncado. Nao ha evidencia suficiente para afirmar completude sem repetir a consulta com paginacao real."
paginacao_itens;00394577000206-1-000017/2025;completude_nao_comprovada;"1 itens armazenados via chamada unica sem paginacao (bug v1); pode estar completo (lista curta) ou truncado. Nao ha evidencia suficiente para afirmar completude sem repetir a consulta com paginacao real."
paginacao_itens;00394577000559-1-000001/2026;completude_nao_comprovada;"1 itens armazenados via chamada unica sem paginacao (bug v1); pode estar completo (lista curta) ou truncado. Nao ha evidencia suficiente para afirmar completude sem repetir a consulta com paginacao real."
paginacao_itens;00394577000559-1-000003/2026;completude_nao_comprovada;"4 itens armazenados via chamada unica sem paginacao (bug v1); pode estar completo (lista curta) ou truncado. Nao ha evidencia suficiente para afirmar completude sem repetir a consulta com paginacao real."
paginacao_itens;00394577000559-1-000004/2026;completude_nao_comprovada_alta_prioridade;"exatamente 10 itens armazenados; tamanho tipico de 1a pagina do endpoint. Bug v1: coletor fez 1 chamada sem parametros pagina/tamanhoPagina e assumiu completude. Requer nova consulta paginada real (pagina=1,2,3,... ate esgotar) para confirmar total."
paginacao_itens;00394577000559-1-000005/2026;completude_nao_comprovada;"1 itens armazenados via chamada unica sem paginacao (bug v1); pode estar completo (lista curta) ou truncado. Nao ha evidencia suficiente para afirmar completude sem repetir a consulta com paginacao real."
paginacao_itens;00396895000125-1-000244/2025;completude_nao_comprovada_alta_prioridade;"exatamente 10 itens armazenados; tamanho tipico de 1a pagina do endpoint. Bug v1: coletor fez 1 chamada sem parametros pagina/tamanhoPagina e assumiu completude. Requer nova consulta paginada real (pagina=1,2,3,... ate esgotar) para confirmar total."
paginacao_itens;00396895000125-1-000245/2025;completude_nao_comprovada;"1 itens armazenados via chamada unica sem paginacao (bug v1); pode estar completo (lista curta) ou truncado. Nao ha evidencia suficiente para afirmar completude sem repetir a consulta com paginacao real."
paginacao_itens;00396895000125-1-000426/2025;completude_nao_comprovada;"2 itens armazenados via chamada unica sem paginacao (bug v1); pode estar completo (lista curta) ou truncado. Nao ha evidencia suficiente para afirmar completude sem repetir a consulta com paginacao real."
paginacao_itens;00396895000125-1-000541/2025;completude_nao_comprovada_alta_prioridade;"exatamente 10 itens armazenados; tamanho tipico de 1a pagina do endpoint. Bug v1: coletor fez 1 chamada sem parametros pagina/tamanhoPagina e assumiu completude. Requer nova consulta paginada real (pagina=1,2,3,... ate esgotar) para confirmar total."
paginacao_itens;00399857000126-1-000055/2025;completude_nao_comprovada;"6 itens armazenados via chamada unica sem paginacao (bug v1); pode estar completo (lista curta) ou truncado. Nao ha evidencia suficiente para afirmar completude sem repetir a consulta com paginacao real."
paginacao_itens;00399857000126-1-000166/2026;completude_nao_comprovada;"2 itens armazenados via chamada unica sem paginacao (bug v1); pode estar completo (lista curta) ou truncado. Nao ha evidencia suficiente para afirmar completude sem repetir a consulta com paginacao real."
paginacao_itens;00399857000126-1-000167/2026;completude_nao_comprovada;"2 itens armazenados via chamada unica sem paginacao (bug v1); pode estar completo (lista curta) ou truncado. Nao ha evidencia suficiente para afirmar completude sem repetir a consulta com paginacao real."
paginacao_itens;00399857000126-1-000192/2026;completude_nao_comprovada;"1 itens armazenados via chamada unica sem paginacao (bug v1); pode estar completo (lista curta) ou truncado. Nao ha evidencia suficiente para afirmar completude sem repetir a consulta com paginacao real."
paginacao_itens;00399857000126-1-000208/2026;completude_nao_comprovada;"7 itens armazenados via chamada unica sem paginacao (bug v1); pode estar completo (lista curta) ou truncado. Nao ha evidencia suficiente para afirmar completude sem repetir a consulta com paginacao real."
paginacao_itens;00399857000126-1-000214/2026;completude_nao_comprovada;"2 itens armazenados via chamada unica sem paginacao (bug v1); pode estar completo (lista curta) ou truncado. Nao ha evidencia suficiente para afirmar completude sem repetir a consulta com paginacao real."
paginacao_itens;00399857000126-1-000264/2026;completude_nao_comprovada;"5 itens armazenados via chamada unica sem paginacao (bug v1); pode estar completo (lista curta) ou truncado. Nao ha evidencia suficiente para afirmar completude sem repetir a consulta com paginacao real."
paginacao_itens;00399857000126-1-000266/2026;completude_nao_comprovada;"5 itens armazenados via chamada unica sem paginacao (bug v1); pode estar completo (lista curta) ou truncado. Nao ha evidencia suficiente para afirmar completude sem repetir a consulta com paginacao real."
paginacao_itens;00399857000126-1-000308/2025;completude_nao_comprovada;"2 itens armazenados via chamada unica sem paginacao (bug v1); pode estar completo (lista curta) ou truncado. Nao ha evidencia suficiente para afirmar completude sem repetir a consulta com paginacao real."
paginacao_itens;00399857000126-1-000439/2025;completude_nao_comprovada;"1 itens armazenados via chamada unica sem paginacao (bug v1); pode estar completo (lista curta) ou truncado. Nao ha evidencia suficiente para afirmar completude sem repetir a consulta com paginacao real."
paginacao_itens;00399857000126-1-000530/2025;completude_nao_comprovada;"5 itens armazenados via chamada unica sem paginacao (bug v1); pode estar completo (lista curta) ou truncado. Nao ha evidencia suficiente para afirmar completude sem repetir a consulta com paginacao real."
paginacao_itens;00399857000126-1-000531/2025;completude_nao_comprovada;"5 itens armazenados via chamada unica sem paginacao (bug v1); pode estar completo (lista curta) ou truncado. Nao ha evidencia suficiente para afirmar completude sem repetir a consulta com paginacao real."
paginacao_itens;00399857000126-1-000532/2025;completude_nao_comprovada;"8 itens armazenados via chamada unica sem paginacao (bug v1); pode estar completo (lista curta) ou truncado. Nao ha evidencia suficiente para afirmar completude sem repetir a consulta com paginacao real."
paginacao_itens;00399857000126-1-000533/2025;completude_nao_comprovada;"1 itens armazenados via chamada unica sem paginacao (bug v1); pode estar completo (lista curta) ou truncado. Nao ha evidencia suficiente para afirmar completude sem repetir a consulta com paginacao real."
paginacao_itens;00399857000126-1-000534/2025;completude_nao_comprovada;"1 itens armazenados via chamada unica sem paginacao (bug v1); pode estar completo (lista curta) ou truncado. Nao ha evidencia suficiente para afirmar completude sem repetir a consulta com paginacao real."
paginacao_itens;00399857000126-1-000535/2025;completude_nao_comprovada;"2 itens armazenados via chamada unica sem paginacao (bug v1); pode estar completo (lista curta) ou truncado. Nao ha evidencia suficiente para afirmar completude sem repetir a consulta com paginacao real."
paginacao_itens;00399857000126-1-000549/2025;completude_nao_comprovada;"4 itens armazenados via chamada unica sem paginacao (bug v1); pode estar completo (lista curta) ou truncado. Nao ha evidencia suficiente para afirmar completude sem repetir a consulta com paginacao real."
paginacao_itens;00399857000126-1-000554/2025;completude_nao_comprovada_alta_prioridade;"exatamente 10 itens armazenados; tamanho tipico de 1a pagina do endpoint. Bug v1: coletor fez 1 chamada sem parametros pagina/tamanhoPagina e assumiu completude. Requer nova consulta paginada real (pagina=1,2,3,... ate esgotar) para confirmar total."
paginacao_itens;00399857000126-1-000556/2025;completude_nao_comprovada;"3 itens armazenados via chamada unica sem paginacao (bug v1); pode estar completo (lista curta) ou truncado. Nao ha evidencia suficiente para afirmar completude sem repetir a consulta com paginacao real."
paginacao_itens;00399857000126-1-000564/2025;completude_nao_comprovada_alta_prioridade;"exatamente 10 itens armazenados; tamanho tipico de 1a pagina do endpoint. Bug v1: coletor fez 1 chamada sem parametros pagina/tamanhoPagina e assumiu completude. Requer nova consulta paginada real (pagina=1,2,3,... ate esgotar) para confirmar total."
paginacao_itens;00399857000126-1-000565/2025;completude_nao_comprovada;"1 itens armazenados via chamada unica sem paginacao (bug v1); pode estar completo (lista curta) ou truncado. Nao ha evidencia suficiente para afirmar completude sem repetir a consulta com paginacao real."
paginacao_itens;00399857000126-1-000569/2025;completude_nao_comprovada;"2 itens armazenados via chamada unica sem paginacao (bug v1); pode estar completo (lista curta) ou truncado. Nao ha evidencia suficiente para afirmar completude sem repetir a consulta com paginacao real."
paginacao_itens;00399857000126-1-000577/2025;completude_nao_comprovada_alta_prioridade;"exatamente 10 itens armazenados; tamanho tipico de 1a pagina do endpoint. Bug v1: coletor fez 1 chamada sem parametros pagina/tamanhoPagina e assumiu completude. Requer nova consulta paginada real (pagina=1,2,3,... ate esgotar) para confirmar total."
paginacao_itens;00489828000155-1-000026/2025;completude_nao_comprovada;"9 itens armazenados via chamada unica sem paginacao (bug v1); pode estar completo (lista curta) ou truncado. Nao ha evidencia suficiente para afirmar completude sem repetir a consulta com paginacao real."
paginacao_itens;00489828000155-1-000062/2026;completude_nao_comprovada;"4 itens armazenados via chamada unica sem paginacao (bug v1); pode estar completo (lista curta) ou truncado. Nao ha evidencia suficiente para afirmar completude sem repetir a consulta com paginacao real."
paginacao_itens;00489828000155-1-000096/2025;completude_nao_comprovada;"4 itens armazenados via chamada unica sem paginacao (bug v1); pode estar completo (lista curta) ou truncado. Nao ha evidencia suficiente para afirmar completude sem repetir a consulta com paginacao real."
paginacao_itens;00489828000155-1-000114/2026;completude_nao_comprovada;"1 itens armazenados via chamada unica sem paginacao (bug v1); pode estar completo (lista curta) ou truncado. Nao ha evidencia suficiente para afirmar completude sem repetir a consulta com paginacao real."
paginacao_itens;00489828000155-1-000177/2025;completude_nao_comprovada;"1 itens armazenados via chamada unica sem paginacao (bug v1); pode estar completo (lista curta) ou truncado. Nao ha evidencia suficiente para afirmar completude sem repetir a consulta com paginacao real."
paginacao_itens;00489828000155-1-000207/2026;completude_nao_comprovada_alta_prioridade;"exatamente 10 itens armazenados; tamanho tipico de 1a pagina do endpoint. Bug v1: coletor fez 1 chamada sem parametros pagina/tamanhoPagina e assumiu completude. Requer nova consulta paginada real (pagina=1,2,3,... ate esgotar) para confirmar total."
paginacao_itens;00489828000155-1-000256/2025;completude_nao_comprovada;"1 itens armazenados via chamada unica sem paginacao (bug v1); pode estar completo (lista curta) ou truncado. Nao ha evidencia suficiente para afirmar completude sem repetir a consulta com paginacao real."
paginacao_itens;00489828000155-1-000341/2025;completude_nao_comprovada;"2 itens armazenados via chamada unica sem paginacao (bug v1); pode estar completo (lista curta) ou truncado. Nao ha evidencia suficiente para afirmar completude sem repetir a consulta com paginacao real."
paginacao_itens;00489828000155-1-000479/2025;completude_nao_comprovada;"3 itens armazenados via chamada unica sem paginacao (bug v1); pode estar completo (lista curta) ou truncado. Nao ha evidencia suficiente para afirmar completude sem repetir a consulta com paginacao real."
paginacao_itens;00489828000155-1-000499/2026;completude_nao_comprovada;"1 itens armazenados via chamada unica sem paginacao (bug v1); pode estar completo (lista curta) ou truncado. Nao ha evidencia suficiente para afirmar completude sem repetir a consulta com paginacao real."
paginacao_itens;00489828000155-1-000656/2025;completude_nao_comprovada;"1 itens armazenados via chamada unica sem paginacao (bug v1); pode estar completo (lista curta) ou truncado. Nao ha evidencia suficiente para afirmar completude sem repetir a consulta com paginacao real."
paginacao_itens;00489828000155-1-000719/2025;completude_nao_comprovada;"2 itens armazenados via chamada unica sem paginacao (bug v1); pode estar completo (lista curta) ou truncado. Nao ha evidencia suficiente para afirmar completude sem repetir a consulta com paginacao real."
paginacao_itens;00489828000155-1-000916/2025;completude_nao_comprovada;"1 itens armazenados via chamada unica sem paginacao (bug v1); pode estar completo (lista curta) ou truncado. Nao ha evidencia suficiente para afirmar completude sem repetir a consulta com paginacao real."
paginacao_itens;00489828000155-1-000941/2025;completude_nao_comprovada;"3 itens armazenados via chamada unica sem paginacao (bug v1); pode estar completo (lista curta) ou truncado. Nao ha evidencia suficiente para afirmar completude sem repetir a consulta com paginacao real."
paginacao_itens;00508903000188-1-000106/2025;completude_nao_comprovada;"1 itens armazenados via chamada unica sem paginacao (bug v1); pode estar completo (lista curta) ou truncado. Nao ha evidencia suficiente para afirmar completude sem repetir a consulta com paginacao real."
paginacao_itens;00508903000188-1-000117/2026;completude_nao_comprovada;"1 itens armazenados via chamada unica sem paginacao (bug v1); pode estar completo (lista curta) ou truncado. Nao ha evidencia suficiente para afirmar completude sem repetir a consulta com paginacao real."
paginacao_itens;00508903000188-1-000133/2026;completude_nao_comprovada;"1 itens armazenados via chamada unica sem paginacao (bug v1); pode estar completo (lista curta) ou truncado. Nao ha evidencia suficiente para afirmar completude sem repetir a consulta com paginacao real."
paginacao_itens;00508903000188-1-000189/2025;completude_nao_comprovada;"1 itens armazenados via chamada unica sem paginacao (bug v1); pode estar completo (lista curta) ou truncado. Nao ha evidencia suficiente para afirmar completude sem repetir a consulta com paginacao real."
paginacao_itens;00508903000188-1-000234/2025;completude_nao_comprovada;"1 itens armazenados via chamada unica sem paginacao (bug v1); pode estar completo (lista curta) ou truncado. Nao ha evidencia suficiente para afirmar completude sem repetir a consulta com paginacao real."
paginacao_itens;00508903000188-1-000304/2025;completude_nao_comprovada;"1 itens armazenados via chamada unica sem paginacao (bug v1); pode estar completo (lista curta) ou truncado. Nao ha evidencia suficiente para afirmar completude sem repetir a consulta com paginacao real."
paginacao_itens;00508903000188-1-000338/2026;completude_nao_comprovada;"1 itens armazenados via chamada unica sem paginacao (bug v1); pode estar completo (lista curta) ou truncado. Nao ha evidencia suficiente para afirmar completude sem repetir a consulta com paginacao real."
paginacao_itens;00508903000188-1-000363/2025;completude_nao_comprovada;"1 itens armazenados via chamada unica sem paginacao (bug v1); pode estar completo (lista curta) ou truncado. Nao ha evidencia suficiente para afirmar completude sem repetir a consulta com paginacao real."
paginacao_itens;00508903000188-1-000376/2025;completude_nao_comprovada;"1 itens armazenados via chamada unica sem paginacao (bug v1); pode estar completo (lista curta) ou truncado. Nao ha evidencia suficiente para afirmar completude sem repetir a consulta com paginacao real."
paginacao_itens;00508903000188-1-000381/2025;completude_nao_comprovada;"1 itens armazenados via chamada unica sem paginacao (bug v1); pode estar completo (lista curta) ou truncado. Nao ha evidencia suficiente para afirmar completude sem repetir a consulta com paginacao real."
paginacao_itens;00508903000188-1-000430/2025;completude_nao_comprovada;"1 itens armazenados via chamada unica sem paginacao (bug v1); pode estar completo (lista curta) ou truncado. Nao ha evidencia suficiente para afirmar completude sem repetir a consulta com paginacao real."
paginacao_itens;00508903000188-1-000432/2025;completude_nao_comprovada;"1 itens armazenados via chamada unica sem paginacao (bug v1); pode estar completo (lista curta) ou truncado. Nao ha evidencia suficiente para afirmar completude sem repetir a consulta com paginacao real."
paginacao_itens;00508903000188-1-000468/2026;completude_nao_comprovada;"1 itens armazenados via chamada unica sem paginacao (bug v1); pode estar completo (lista curta) ou truncado. Nao ha evidencia suficiente para afirmar completude sem repetir a consulta com paginacao real."
paginacao_itens;00508903000188-1-000581/2025;completude_nao_comprovada;"1 itens armazenados via chamada unica sem paginacao (bug v1); pode estar completo (lista curta) ou truncado. Nao ha evidencia suficiente para afirmar completude sem repetir a consulta com paginacao real."
paginacao_itens;00508903000188-1-000581/2026;completude_nao_comprovada;"1 itens armazenados via chamada unica sem paginacao (bug v1); pode estar completo (lista curta) ou truncado. Nao ha evidencia suficiente para afirmar completude sem repetir a consulta com paginacao real."
paginacao_itens;00508903000188-1-000602/2025;completude_nao_comprovada;"2 itens armazenados via chamada unica sem paginacao (bug v1); pode estar completo (lista curta) ou truncado. Nao ha evidencia suficiente para afirmar completude sem repetir a consulta com paginacao real."
paginacao_itens;00508903000188-1-000614/2025;completude_nao_comprovada;"1 itens armazenados via chamada unica sem paginacao (bug v1); pode estar completo (lista curta) ou truncado. Nao ha evidencia suficiente para afirmar completude sem repetir a consulta com paginacao real."
paginacao_itens;00508903000188-1-000678/2026;completude_nao_comprovada;"1 itens armazenados via chamada unica sem paginacao (bug v1); pode estar completo (lista curta) ou truncado. Nao ha evidencia suficiente para afirmar completude sem repetir a consulta com paginacao real."
paginacao_itens;00508903000188-1-000699/2025;completude_nao_comprovada;"1 itens armazenados via chamada unica sem paginacao (bug v1); pode estar completo (lista curta) ou truncado. Nao ha evidencia suficiente para afirmar completude sem repetir a consulta com paginacao real."
paginacao_itens;00508903000188-1-000704/2025;completude_nao_comprovada;"1 itens armazenados via chamada unica sem paginacao (bug v1); pode estar completo (lista curta) ou truncado. Nao ha evidencia suficiente para afirmar completude sem repetir a consulta com paginacao real."
paginacao_itens;00508903000188-1-000730/2026;completude_nao_comprovada;"1 itens armazenados via chamada unica sem paginacao (bug v1); pode estar completo (lista curta) ou truncado. Nao ha evidencia suficiente para afirmar completude sem repetir a consulta com paginacao real."
paginacao_itens;00508903000188-1-000790/2025;completude_nao_comprovada;"1 itens armazenados via chamada unica sem paginacao (bug v1); pode estar completo (lista curta) ou truncado. Nao ha evidencia suficiente para afirmar completude sem repetir a consulta com paginacao real."
paginacao_itens;00508903000188-1-000802/2025;completude_nao_comprovada;"2 itens armazenados via chamada unica sem paginacao (bug v1); pode estar completo (lista curta) ou truncado. Nao ha evidencia suficiente para afirmar completude sem repetir a consulta com paginacao real."
paginacao_itens;00508903000188-1-000805/2026;completude_nao_comprovada;"1 itens armazenados via chamada unica sem paginacao (bug v1); pode estar completo (lista curta) ou truncado. Nao ha evidencia suficiente para afirmar completude sem repetir a consulta com paginacao real."
paginacao_itens;00508903000188-1-000808/2025;completude_nao_comprovada;"1 itens armazenados via chamada unica sem paginacao (bug v1); pode estar completo (lista curta) ou truncado. Nao ha evidencia suficiente para afirmar completude sem repetir a consulta com paginacao real."
paginacao_itens;00508903000188-1-000825/2026;completude_nao_comprovada;"1 itens armazenados via chamada unica sem paginacao (bug v1); pode estar completo (lista curta) ou truncado. Nao ha evidencia suficiente para afirmar completude sem repetir a consulta com paginacao real."
paginacao_itens;00508903000188-1-000877/2025;completude_nao_comprovada;"1 itens armazenados via chamada unica sem paginacao (bug v1); pode estar completo (lista curta) ou truncado. Nao ha evidencia suficiente para afirmar completude sem repetir a consulta com paginacao real."
paginacao_itens;00508903000188-1-001051/2025;completude_nao_comprovada;"1 itens armazenados via chamada unica sem paginacao (bug v1); pode estar completo (lista curta) ou truncado. Nao ha evidencia suficiente para afirmar completude sem repetir a consulta com paginacao real."
paginacao_itens;00508903000188-1-001094/2026;completude_nao_comprovada;"1 itens armazenados via chamada unica sem paginacao (bug v1); pode estar completo (lista curta) ou truncado. Nao ha evidencia suficiente para afirmar completude sem repetir a consulta com paginacao real."
paginacao_itens;00508903000188-1-001109/2026;completude_nao_comprovada;"3 itens armazenados via chamada unica sem paginacao (bug v1); pode estar completo (lista curta) ou truncado. Nao ha evidencia suficiente para afirmar completude sem repetir a consulta com paginacao real."
paginacao_itens;00508903000188-1-001124/2026;completude_nao_comprovada;"1 itens armazenados via chamada unica sem paginacao (bug v1); pode estar completo (lista curta) ou truncado. Nao ha evidencia suficiente para afirmar completude sem repetir a consulta com paginacao real."
paginacao_itens;00508903000188-1-001135/2026;completude_nao_comprovada;"2 itens armazenados via chamada unica sem paginacao (bug v1); pode estar completo (lista curta) ou truncado. Nao ha evidencia suficiente para afirmar completude sem repetir a consulta com paginacao real."
paginacao_itens;00508903000188-1-001142/2025;completude_nao_comprovada;"1 itens armazenados via chamada unica sem paginacao (bug v1); pode estar completo (lista curta) ou truncado. Nao ha evidencia suficiente para afirmar completude sem repetir a consulta com paginacao real."
paginacao_itens;00508903000188-1-001223/2025;completude_nao_comprovada;"1 itens armazenados via chamada unica sem paginacao (bug v1); pode estar completo (lista curta) ou truncado. Nao ha evidencia suficiente para afirmar completude sem repetir a consulta com paginacao real."
paginacao_itens;00508903000188-1-001239/2025;completude_nao_comprovada;"1 itens armazenados via chamada unica sem paginacao (bug v1); pode estar completo (lista curta) ou truncado. Nao ha evidencia suficiente para afirmar completude sem repetir a consulta com paginacao real."
paginacao_itens;00508903000188-1-001252/2025;completude_nao_comprovada;"1 itens armazenados via chamada unica sem paginacao (bug v1); pode estar completo (lista curta) ou truncado. Nao ha evidencia suficiente para afirmar completude sem repetir a consulta com paginacao real."
paginacao_itens;00508903000188-1-001276/2026;completude_nao_comprovada;"6 itens armazenados via chamada unica sem paginacao (bug v1); pode estar completo (lista curta) ou truncado. Nao ha evidencia suficiente para afirmar completude sem repetir a consulta com paginacao real."
paginacao_itens;00508903000188-1-001294/2025;completude_nao_comprovada;"1 itens armazenados via chamada unica sem paginacao (bug v1); pode estar completo (lista curta) ou truncado. Nao ha evidencia suficiente para afirmar completude sem repetir a consulta com paginacao real."
paginacao_itens;00508903000188-1-001312/2025;completude_nao_comprovada;"1 itens armazenados via chamada unica sem paginacao (bug v1); pode estar completo (lista curta) ou truncado. Nao ha evidencia suficiente para afirmar completude sem repetir a consulta com paginacao real."
paginacao_itens;00508903000188-1-001318/2026;completude_nao_comprovada;"1 itens armazenados via chamada unica sem paginacao (bug v1); pode estar completo (lista curta) ou truncado. Nao ha evidencia suficiente para afirmar completude sem repetir a consulta com paginacao real."
paginacao_itens;00508903000188-1-001322/2025;completude_nao_comprovada;"3 itens armazenados via chamada unica sem paginacao (bug v1); pode estar completo (lista curta) ou truncado. Nao ha evidencia suficiente para afirmar completude sem repetir a consulta com paginacao real."
paginacao_itens;00508903000188-1-001339/2026;completude_nao_comprovada;"1 itens armazenados via chamada unica sem paginacao (bug v1); pode estar completo (lista curta) ou truncado. Nao ha evidencia suficiente para afirmar completude sem repetir a consulta com paginacao real."
paginacao_itens;00508903000188-1-001340/2026;completude_nao_comprovada;"1 itens armazenados via chamada unica sem paginacao (bug v1); pode estar completo (lista curta) ou truncado. Nao ha evidencia suficiente para afirmar completude sem repetir a consulta com paginacao real."
paginacao_itens;00508903000188-1-001405/2026;completude_nao_comprovada;"1 itens armazenados via chamada unica sem paginacao (bug v1); pode estar completo (lista curta) ou truncado. Nao ha evidencia suficiente para afirmar completude sem repetir a consulta com paginacao real."
paginacao_itens;00508903000188-1-001459/2025;completude_nao_comprovada;"1 itens armazenados via chamada unica sem paginacao (bug v1); pode estar completo (lista curta) ou truncado. Nao ha evidencia suficiente para afirmar completude sem repetir a consulta com paginacao real."
paginacao_itens;00508903000188-1-001468/2025;completude_nao_comprovada_alta_prioridade;"exatamente 10 itens armazenados; tamanho tipico de 1a pagina do endpoint. Bug v1: coletor fez 1 chamada sem parametros pagina/tamanhoPagina e assumiu completude. Requer nova consulta paginada real (pagina=1,2,3,... ate esgotar) para confirmar total."
paginacao_itens;00508903000188-1-001479/2025;completude_nao_comprovada;"1 itens armazenados via chamada unica sem paginacao (bug v1); pode estar completo (lista curta) ou truncado. Nao ha evidencia suficiente para afirmar completude sem repetir a consulta com paginacao real."
paginacao_itens;00508903000188-1-001551/2025;completude_nao_comprovada;"1 itens armazenados via chamada unica sem paginacao (bug v1); pode estar completo (lista curta) ou truncado. Nao ha evidencia suficiente para afirmar completude sem repetir a consulta com paginacao real."
paginacao_itens;00508903000188-1-001636/2025;completude_nao_comprovada;"1 itens armazenados via chamada unica sem paginacao (bug v1); pode estar completo (lista curta) ou truncado. Nao ha evidencia suficiente para afirmar completude sem repetir a consulta com paginacao real."
paginacao_itens;00508903000188-1-001647/2025;completude_nao_comprovada;"1 itens armazenados via chamada unica sem paginacao (bug v1); pode estar completo (lista curta) ou truncado. Nao ha evidencia suficiente para afirmar completude sem repetir a consulta com paginacao real."
paginacao_itens;00508903000188-1-001706/2025;completude_nao_comprovada;"1 itens armazenados via chamada unica sem paginacao (bug v1); pode estar completo (lista curta) ou truncado. Nao ha evidencia suficiente para afirmar completude sem repetir a consulta com paginacao real."
paginacao_itens;00508903000188-1-001707/2026;completude_nao_comprovada;"1 itens armazenados via chamada unica sem paginacao (bug v1); pode estar completo (lista curta) ou truncado. Nao ha evidencia suficiente para afirmar completude sem repetir a consulta com paginacao real."
paginacao_itens;00508903000188-1-001814/2025;completude_nao_comprovada;"1 itens armazenados via chamada unica sem paginacao (bug v1); pode estar completo (lista curta) ou truncado. Nao ha evidencia suficiente para afirmar completude sem repetir a consulta com paginacao real."
paginacao_itens;00508903000188-1-001844/2025;completude_nao_comprovada;"1 itens armazenados via chamada unica sem paginacao (bug v1); pode estar completo (lista curta) ou truncado. Nao ha evidencia suficiente para afirmar completude sem repetir a consulta com paginacao real."
paginacao_itens;00508903000188-1-001944/2025;completude_nao_comprovada;"1 itens armazenados via chamada unica sem paginacao (bug v1); pode estar completo (lista curta) ou truncado. Nao ha evidencia suficiente para afirmar completude sem repetir a consulta com paginacao real."
paginacao_itens;00508903000188-1-001955/2025;completude_nao_comprovada;"1 itens armazenados via chamada unica sem paginacao (bug v1); pode estar completo (lista curta) ou truncado. Nao ha evidencia suficiente para afirmar completude sem repetir a consulta com paginacao real."
paginacao_itens;00508903000188-1-002124/2025;completude_nao_comprovada;"1 itens armazenados via chamada unica sem paginacao (bug v1); pode estar completo (lista curta) ou truncado. Nao ha evidencia suficiente para afirmar completude sem repetir a consulta com paginacao real."
paginacao_itens;00508903000188-1-002321/2025;completude_nao_comprovada;"1 itens armazenados via chamada unica sem paginacao (bug v1); pode estar completo (lista curta) ou truncado. Nao ha evidencia suficiente para afirmar completude sem repetir a consulta com paginacao real."
paginacao_itens;00508903000188-1-002342/2025;completude_nao_comprovada;"1 itens armazenados via chamada unica sem paginacao (bug v1); pode estar completo (lista curta) ou truncado. Nao ha evidencia suficiente para afirmar completude sem repetir a consulta com paginacao real."
paginacao_itens;00508903000188-1-002413/2025;completude_nao_comprovada;"1 itens armazenados via chamada unica sem paginacao (bug v1); pode estar completo (lista curta) ou truncado. Nao ha evidencia suficiente para afirmar completude sem repetir a consulta com paginacao real."
paginacao_itens;00508903000188-1-002551/2025;completude_nao_comprovada;"1 itens armazenados via chamada unica sem paginacao (bug v1); pode estar completo (lista curta) ou truncado. Nao ha evidencia suficiente para afirmar completude sem repetir a consulta com paginacao real."
paginacao_itens;00508903000188-1-002820/2025;completude_nao_comprovada;"2 itens armazenados via chamada unica sem paginacao (bug v1); pode estar completo (lista curta) ou truncado. Nao ha evidencia suficiente para afirmar completude sem repetir a consulta com paginacao real."
paginacao_itens;00508903000188-1-002892/2025;completude_nao_comprovada;"1 itens armazenados via chamada unica sem paginacao (bug v1); pode estar completo (lista curta) ou truncado. Nao ha evidencia suficiente para afirmar completude sem repetir a consulta com paginacao real."
paginacao_itens;00508903000188-1-002932/2025;completude_nao_comprovada;"4 itens armazenados via chamada unica sem paginacao (bug v1); pode estar completo (lista curta) ou truncado. Nao ha evidencia suficiente para afirmar completude sem repetir a consulta com paginacao real."
paginacao_itens;00508903000188-1-003009/2025;completude_nao_comprovada;"1 itens armazenados via chamada unica sem paginacao (bug v1); pode estar completo (lista curta) ou truncado. Nao ha evidencia suficiente para afirmar completude sem repetir a consulta com paginacao real."
paginacao_itens;00508903000188-1-003175/2025;completude_nao_comprovada;"1 itens armazenados via chamada unica sem paginacao (bug v1); pode estar completo (lista curta) ou truncado. Nao ha evidencia suficiente para afirmar completude sem repetir a consulta com paginacao real."
paginacao_itens;00509018000113-1-000089/2025;completude_nao_comprovada_alta_prioridade;"exatamente 10 itens armazenados; tamanho tipico de 1a pagina do endpoint. Bug v1: coletor fez 1 chamada sem parametros pagina/tamanhoPagina e assumiu completude. Requer nova consulta paginada real (pagina=1,2,3,... ate esgotar) para confirmar total."
paginacao_itens;00509018000113-1-000135/2025;completude_nao_comprovada;"1 itens armazenados via chamada unica sem paginacao (bug v1); pode estar completo (lista curta) ou truncado. Nao ha evidencia suficiente para afirmar completude sem repetir a consulta com paginacao real."
paginacao_itens;00509018000113-1-000174/2025;completude_nao_comprovada;"1 itens armazenados via chamada unica sem paginacao (bug v1); pode estar completo (lista curta) ou truncado. Nao ha evidencia suficiente para afirmar completude sem repetir a consulta com paginacao real."
paginacao_itens;00509018000113-1-000186/2026;completude_nao_comprovada_alta_prioridade;"exatamente 10 itens armazenados; tamanho tipico de 1a pagina do endpoint. Bug v1: coletor fez 1 chamada sem parametros pagina/tamanhoPagina e assumiu completude. Requer nova consulta paginada real (pagina=1,2,3,... ate esgotar) para confirmar total."
paginacao_itens;00509018000113-1-000240/2026;completude_nao_comprovada;"1 itens armazenados via chamada unica sem paginacao (bug v1); pode estar completo (lista curta) ou truncado. Nao ha evidencia suficiente para afirmar completude sem repetir a consulta com paginacao real."
paginacao_itens;00509018000113-1-000290/2026;completude_nao_comprovada;"4 itens armazenados via chamada unica sem paginacao (bug v1); pode estar completo (lista curta) ou truncado. Nao ha evidencia suficiente para afirmar completude sem repetir a consulta com paginacao real."
paginacao_itens;00509018000113-1-000337/2026;completude_nao_comprovada;"1 itens armazenados via chamada unica sem paginacao (bug v1); pode estar completo (lista curta) ou truncado. Nao ha evidencia suficiente para afirmar completude sem repetir a consulta com paginacao real."
paginacao_itens;00509018000113-1-000385/2025;completude_nao_comprovada;"1 itens armazenados via chamada unica sem paginacao (bug v1); pode estar completo (lista curta) ou truncado. Nao ha evidencia suficiente para afirmar completude sem repetir a consulta com paginacao real."
paginacao_itens;00509018000113-1-000397/2026;completude_nao_comprovada;"2 itens armazenados via chamada unica sem paginacao (bug v1); pode estar completo (lista curta) ou truncado. Nao ha evidencia suficiente para afirmar completude sem repetir a consulta com paginacao real."
paginacao_itens;00509018000113-1-000441/2026;completude_nao_comprovada;"1 itens armazenados via chamada unica sem paginacao (bug v1); pode estar completo (lista curta) ou truncado. Nao ha evidencia suficiente para afirmar completude sem repetir a consulta com paginacao real."
paginacao_itens;00509018000113-1-000444/2025;completude_nao_comprovada;"1 itens armazenados via chamada unica sem paginacao (bug v1); pode estar completo (lista curta) ou truncado. Nao ha evidencia suficiente para afirmar completude sem repetir a consulta com paginacao real."
paginacao_itens;00509018000113-1-000455/2025;completude_nao_comprovada;"1 itens armazenados via chamada unica sem paginacao (bug v1); pode estar completo (lista curta) ou truncado. Nao ha evidencia suficiente para afirmar completude sem repetir a consulta com paginacao real."
paginacao_itens;00509018000113-1-000468/2025;completude_nao_comprovada;"1 itens armazenados via chamada unica sem paginacao (bug v1); pode estar completo (lista curta) ou truncado. Nao ha evidencia suficiente para afirmar completude sem repetir a consulta com paginacao real."
paginacao_itens;00509018000113-1-000692/2025;completude_nao_comprovada;"1 itens armazenados via chamada unica sem paginacao (bug v1); pode estar completo (lista curta) ou truncado. Nao ha evidencia suficiente para afirmar completude sem repetir a consulta com paginacao real."
paginacao_itens;00509018000113-1-000727/2025;completude_nao_comprovada;"1 itens armazenados via chamada unica sem paginacao (bug v1); pode estar completo (lista curta) ou truncado. Nao ha evidencia suficiente para afirmar completude sem repetir a consulta com paginacao real."
paginacao_itens;00509018000113-1-000742/2025;completude_nao_comprovada;"1 itens armazenados via chamada unica sem paginacao (bug v1); pode estar completo (lista curta) ou truncado. Nao ha evidencia suficiente para afirmar completude sem repetir a consulta com paginacao real."
paginacao_itens;00509018000113-1-000936/2025;completude_nao_comprovada;"1 itens armazenados via chamada unica sem paginacao (bug v1); pode estar completo (lista curta) ou truncado. Nao ha evidencia suficiente para afirmar completude sem repetir a consulta com paginacao real."
paginacao_itens;00509018000113-1-000938/2025;completude_nao_comprovada;"1 itens armazenados via chamada unica sem paginacao (bug v1); pode estar completo (lista curta) ou truncado. Nao ha evidencia suficiente para afirmar completude sem repetir a consulta com paginacao real."
paginacao_itens;00509018000113-1-000969/2025;completude_nao_comprovada;"1 itens armazenados via chamada unica sem paginacao (bug v1); pode estar completo (lista curta) ou truncado. Nao ha evidencia suficiente para afirmar completude sem repetir a consulta com paginacao real."
paginacao_itens;00509018000113-1-001020/2025;completude_nao_comprovada;"4 itens armazenados via chamada unica sem paginacao (bug v1); pode estar completo (lista curta) ou truncado. Nao ha evidencia suficiente para afirmar completude sem repetir a consulta com paginacao real."
paginacao_itens;00509018000113-1-001087/2025;completude_nao_comprovada;"1 itens armazenados via chamada unica sem paginacao (bug v1); pode estar completo (lista curta) ou truncado. Nao ha evidencia suficiente para afirmar completude sem repetir a consulta com paginacao real."
paginacao_itens;00509018000113-1-001107/2025;completude_nao_comprovada;"1 itens armazenados via chamada unica sem paginacao (bug v1); pode estar completo (lista curta) ou truncado. Nao ha evidencia suficiente para afirmar completude sem repetir a consulta com paginacao real."
paginacao_itens;00509018000113-1-001313/2025;completude_nao_comprovada;"1 itens armazenados via chamada unica sem paginacao (bug v1); pode estar completo (lista curta) ou truncado. Nao ha evidencia suficiente para afirmar completude sem repetir a consulta com paginacao real."
paginacao_itens;00509018000113-1-001356/2025;completude_nao_comprovada;"1 itens armazenados via chamada unica sem paginacao (bug v1); pode estar completo (lista curta) ou truncado. Nao ha evidencia suficiente para afirmar completude sem repetir a consulta com paginacao real."
paginacao_itens;00509018000113-1-001363/2025;completude_nao_comprovada;"1 itens armazenados via chamada unica sem paginacao (bug v1); pode estar completo (lista curta) ou truncado. Nao ha evidencia suficiente para afirmar completude sem repetir a consulta com paginacao real."
paginacao_itens;00509018000113-1-001372/2025;completude_nao_comprovada;"1 itens armazenados via chamada unica sem paginacao (bug v1); pode estar completo (lista curta) ou truncado. Nao ha evidencia suficiente para afirmar completude sem repetir a consulta com paginacao real."
paginacao_itens;00509018000113-1-001592/2025;completude_nao_comprovada;"5 itens armazenados via chamada unica sem paginacao (bug v1); pode estar completo (lista curta) ou truncado. Nao ha evidencia suficiente para afirmar completude sem repetir a consulta com paginacao real."
paginacao_itens;00509018000113-1-001659/2025;completude_nao_comprovada;"1 itens armazenados via chamada unica sem paginacao (bug v1); pode estar completo (lista curta) ou truncado. Nao ha evidencia suficiente para afirmar completude sem repetir a consulta com paginacao real."
paginacao_itens;00509018000113-1-001750/2025;completude_nao_comprovada;"3 itens armazenados via chamada unica sem paginacao (bug v1); pode estar completo (lista curta) ou truncado. Nao ha evidencia suficiente para afirmar completude sem repetir a consulta com paginacao real."
paginacao_itens;00509018000113-1-001940/2025;completude_nao_comprovada;"1 itens armazenados via chamada unica sem paginacao (bug v1); pode estar completo (lista curta) ou truncado. Nao ha evidencia suficiente para afirmar completude sem repetir a consulta com paginacao real."
paginacao_itens;00509018000113-1-002001/2025;completude_nao_comprovada;"1 itens armazenados via chamada unica sem paginacao (bug v1); pode estar completo (lista curta) ou truncado. Nao ha evidencia suficiente para afirmar completude sem repetir a consulta com paginacao real."
paginacao_itens;00509018000113-1-002083/2025;completude_nao_comprovada;"1 itens armazenados via chamada unica sem paginacao (bug v1); pode estar completo (lista curta) ou truncado. Nao ha evidencia suficiente para afirmar completude sem repetir a consulta com paginacao real."
paginacao_itens;00509018000113-1-002297/2025;completude_nao_comprovada;"1 itens armazenados via chamada unica sem paginacao (bug v1); pode estar completo (lista curta) ou truncado. Nao ha evidencia suficiente para afirmar completude sem repetir a consulta com paginacao real."
paginacao_itens;00509018000113-1-002335/2025;completude_nao_comprovada;"1 itens armazenados via chamada unica sem paginacao (bug v1); pode estar completo (lista curta) ou truncado. Nao ha evidencia suficiente para afirmar completude sem repetir a consulta com paginacao real."
paginacao_itens;00509018000113-1-002366/2025;completude_nao_comprovada;"9 itens armazenados via chamada unica sem paginacao (bug v1); pode estar completo (lista curta) ou truncado. Nao ha evidencia suficiente para afirmar completude sem repetir a consulta com paginacao real."
paginacao_itens;00509018000113-1-002428/2025;completude_nao_comprovada;"1 itens armazenados via chamada unica sem paginacao (bug v1); pode estar completo (lista curta) ou truncado. Nao ha evidencia suficiente para afirmar completude sem repetir a consulta com paginacao real."
paginacao_itens;00509018000113-1-002724/2025;completude_nao_comprovada;"1 itens armazenados via chamada unica sem paginacao (bug v1); pode estar completo (lista curta) ou truncado. Nao ha evidencia suficiente para afirmar completude sem repetir a consulta com paginacao real."
paginacao_itens;00509018000113-1-002903/2025;completude_nao_comprovada;"1 itens armazenados via chamada unica sem paginacao (bug v1); pode estar completo (lista curta) ou truncado. Nao ha evidencia suficiente para afirmar completude sem repetir a consulta com paginacao real."
paginacao_itens;00509018000113-1-003058/2025;completude_nao_comprovada;"1 itens armazenados via chamada unica sem paginacao (bug v1); pode estar completo (lista curta) ou truncado. Nao ha evidencia suficiente para afirmar completude sem repetir a consulta com paginacao real."
paginacao_itens;00509018000113-1-003084/2025;completude_nao_comprovada;"1 itens armazenados via chamada unica sem paginacao (bug v1); pode estar completo (lista curta) ou truncado. Nao ha evidencia suficiente para afirmar completude sem repetir a consulta com paginacao real."
paginacao_itens;00509018000113-1-003365/2025;completude_nao_comprovada;"1 itens armazenados via chamada unica sem paginacao (bug v1); pode estar completo (lista curta) ou truncado. Nao ha evidencia suficiente para afirmar completude sem repetir a consulta com paginacao real."
paginacao_itens;00509018000113-1-003699/2025;completude_nao_comprovada;"9 itens armazenados via chamada unica sem paginacao (bug v1); pode estar completo (lista curta) ou truncado. Nao ha evidencia suficiente para afirmar completude sem repetir a consulta com paginacao real."
paginacao_itens;00509018000113-1-003706/2025;completude_nao_comprovada;"1 itens armazenados via chamada unica sem paginacao (bug v1); pode estar completo (lista curta) ou truncado. Nao ha evidencia suficiente para afirmar completude sem repetir a consulta com paginacao real."
paginacao_itens;00593411000138-1-000001/2025;completude_nao_comprovada_alta_prioridade;"exatamente 10 itens armazenados; tamanho tipico de 1a pagina do endpoint. Bug v1: coletor fez 1 chamada sem parametros pagina/tamanhoPagina e assumiu completude. Requer nova consulta paginada real (pagina=1,2,3,... ate esgotar) para confirmar total."
paginacao_itens;00593411000138-1-000001/2026;completude_nao_comprovada_alta_prioridade;"exatamente 10 itens armazenados; tamanho tipico de 1a pagina do endpoint. Bug v1: coletor fez 1 chamada sem parametros pagina/tamanhoPagina e assumiu completude. Requer nova consulta paginada real (pagina=1,2,3,... ate esgotar) para confirmar total."
paginacao_itens;00593411000138-1-000002/2025;completude_nao_comprovada;"7 itens armazenados via chamada unica sem paginacao (bug v1); pode estar completo (lista curta) ou truncado. Nao ha evidencia suficiente para afirmar completude sem repetir a consulta com paginacao real."
paginacao_itens;00593411000138-1-000002/2026;completude_nao_comprovada;"1 itens armazenados via chamada unica sem paginacao (bug v1); pode estar completo (lista curta) ou truncado. Nao ha evidencia suficiente para afirmar completude sem repetir a consulta com paginacao real."
paginacao_itens;00593411000138-1-000003/2025;completude_nao_comprovada;"2 itens armazenados via chamada unica sem paginacao (bug v1); pode estar completo (lista curta) ou truncado. Nao ha evidencia suficiente para afirmar completude sem repetir a consulta com paginacao real."
paginacao_itens;00593411000138-1-000003/2026;completude_nao_comprovada_alta_prioridade;"exatamente 10 itens armazenados; tamanho tipico de 1a pagina do endpoint. Bug v1: coletor fez 1 chamada sem parametros pagina/tamanhoPagina e assumiu completude. Requer nova consulta paginada real (pagina=1,2,3,... ate esgotar) para confirmar total."
paginacao_itens;00593411000138-1-000004/2025;completude_nao_comprovada;"1 itens armazenados via chamada unica sem paginacao (bug v1); pode estar completo (lista curta) ou truncado. Nao ha evidencia suficiente para afirmar completude sem repetir a consulta com paginacao real."
paginacao_itens;00593411000138-1-000004/2026;completude_nao_comprovada_alta_prioridade;"exatamente 10 itens armazenados; tamanho tipico de 1a pagina do endpoint. Bug v1: coletor fez 1 chamada sem parametros pagina/tamanhoPagina e assumiu completude. Requer nova consulta paginada real (pagina=1,2,3,... ate esgotar) para confirmar total."
paginacao_itens;00593411000138-1-000005/2025;completude_nao_comprovada;"2 itens armazenados via chamada unica sem paginacao (bug v1); pode estar completo (lista curta) ou truncado. Nao ha evidencia suficiente para afirmar completude sem repetir a consulta com paginacao real."
paginacao_itens;00593411000138-1-000006/2025;completude_nao_comprovada;"1 itens armazenados via chamada unica sem paginacao (bug v1); pode estar completo (lista curta) ou truncado. Nao ha evidencia suficiente para afirmar completude sem repetir a consulta com paginacao real."
paginacao_itens;00593411000138-1-000007/2025;completude_nao_comprovada;"1 itens armazenados via chamada unica sem paginacao (bug v1); pode estar completo (lista curta) ou truncado. Nao ha evidencia suficiente para afirmar completude sem repetir a consulta com paginacao real."
paginacao_itens;00593411000138-1-000008/2025;completude_nao_comprovada;"1 itens armazenados via chamada unica sem paginacao (bug v1); pode estar completo (lista curta) ou truncado. Nao ha evidencia suficiente para afirmar completude sem repetir a consulta com paginacao real."
paginacao_itens;00593411000138-1-000009/2025;completude_nao_comprovada_alta_prioridade;"exatamente 10 itens armazenados; tamanho tipico de 1a pagina do endpoint. Bug v1: coletor fez 1 chamada sem parametros pagina/tamanhoPagina e assumiu completude. Requer nova consulta paginada real (pagina=1,2,3,... ate esgotar) para confirmar total."
paginacao_itens;00743471000190-1-000001/2025;completude_nao_comprovada;"3 itens armazenados via chamada unica sem paginacao (bug v1); pode estar completo (lista curta) ou truncado. Nao ha evidencia suficiente para afirmar completude sem repetir a consulta com paginacao real."
paginacao_itens;00743471000190-1-000002/2026;completude_nao_comprovada;"1 itens armazenados via chamada unica sem paginacao (bug v1); pode estar completo (lista curta) ou truncado. Nao ha evidencia suficiente para afirmar completude sem repetir a consulta com paginacao real."
paginacao_itens;01002322000132-1-000001/2025;completude_nao_comprovada;"1 itens armazenados via chamada unica sem paginacao (bug v1); pode estar completo (lista curta) ou truncado. Nao ha evidencia suficiente para afirmar completude sem repetir a consulta com paginacao real."
paginacao_itens;01002322000132-1-000001/2026;completude_nao_comprovada_alta_prioridade;"exatamente 10 itens armazenados; tamanho tipico de 1a pagina do endpoint. Bug v1: coletor fez 1 chamada sem parametros pagina/tamanhoPagina e assumiu completude. Requer nova consulta paginada real (pagina=1,2,3,... ate esgotar) para confirmar total."
paginacao_itens;01002322000132-1-000002/2025;completude_nao_comprovada;"1 itens armazenados via chamada unica sem paginacao (bug v1); pode estar completo (lista curta) ou truncado. Nao ha evidencia suficiente para afirmar completude sem repetir a consulta com paginacao real."
paginacao_itens;01002322000132-1-000003/2025;completude_nao_comprovada;"2 itens armazenados via chamada unica sem paginacao (bug v1); pode estar completo (lista curta) ou truncado. Nao ha evidencia suficiente para afirmar completude sem repetir a consulta com paginacao real."
paginacao_itens;01002322000132-1-000004/2025;completude_nao_comprovada;"1 itens armazenados via chamada unica sem paginacao (bug v1); pode estar completo (lista curta) ou truncado. Nao ha evidencia suficiente para afirmar completude sem repetir a consulta com paginacao real."
paginacao_itens;01002322000132-1-000005/2025;completude_nao_comprovada;"2 itens armazenados via chamada unica sem paginacao (bug v1); pode estar completo (lista curta) ou truncado. Nao ha evidencia suficiente para afirmar completude sem repetir a consulta com paginacao real."
paginacao_itens;01002322000132-1-000006/2025;completude_nao_comprovada;"1 itens armazenados via chamada unica sem paginacao (bug v1); pode estar completo (lista curta) ou truncado. Nao ha evidencia suficiente para afirmar completude sem repetir a consulta com paginacao real."
paginacao_itens;01002322000132-1-000007/2025;completude_nao_comprovada;"1 itens armazenados via chamada unica sem paginacao (bug v1); pode estar completo (lista curta) ou truncado. Nao ha evidencia suficiente para afirmar completude sem repetir a consulta com paginacao real."
paginacao_itens;01002322000132-1-000007/2026;completude_nao_comprovada;"2 itens armazenados via chamada unica sem paginacao (bug v1); pode estar completo (lista curta) ou truncado. Nao ha evidencia suficiente para afirmar completude sem repetir a consulta com paginacao real."
paginacao_itens;01002322000132-1-000008/2026;completude_nao_comprovada;"1 itens armazenados via chamada unica sem paginacao (bug v1); pode estar completo (lista curta) ou truncado. Nao ha evidencia suficiente para afirmar completude sem repetir a consulta com paginacao real."
paginacao_itens;01002322000132-1-000009/2025;completude_nao_comprovada;"1 itens armazenados via chamada unica sem paginacao (bug v1); pode estar completo (lista curta) ou truncado. Nao ha evidencia suficiente para afirmar completude sem repetir a consulta com paginacao real."
paginacao_itens;01002322000132-1-000010/2025;completude_nao_comprovada_alta_prioridade;"exatamente 10 itens armazenados; tamanho tipico de 1a pagina do endpoint. Bug v1: coletor fez 1 chamada sem parametros pagina/tamanhoPagina e assumiu completude. Requer nova consulta paginada real (pagina=1,2,3,... ate esgotar) para confirmar total."
paginacao_itens;01002322000132-1-000010/2026;completude_nao_comprovada;"1 itens armazenados via chamada unica sem paginacao (bug v1); pode estar completo (lista curta) ou truncado. Nao ha evidencia suficiente para afirmar completude sem repetir a consulta com paginacao real."
paginacao_itens;01002322000132-1-000011/2025;completude_nao_comprovada;"1 itens armazenados via chamada unica sem paginacao (bug v1); pode estar completo (lista curta) ou truncado. Nao ha evidencia suficiente para afirmar completude sem repetir a consulta com paginacao real."
paginacao_itens;01002322000132-1-000011/2026;completude_nao_comprovada;"2 itens armazenados via chamada unica sem paginacao (bug v1); pode estar completo (lista curta) ou truncado. Nao ha evidencia suficiente para afirmar completude sem repetir a consulta com paginacao real."
paginacao_itens;01002322000132-1-000012/2025;completude_nao_comprovada;"1 itens armazenados via chamada unica sem paginacao (bug v1); pode estar completo (lista curta) ou truncado. Nao ha evidencia suficiente para afirmar completude sem repetir a consulta com paginacao real."
paginacao_itens;01002322000132-1-000014/2025;completude_nao_comprovada;"1 itens armazenados via chamada unica sem paginacao (bug v1); pode estar completo (lista curta) ou truncado. Nao ha evidencia suficiente para afirmar completude sem repetir a consulta com paginacao real."
paginacao_itens;01002322000132-1-000014/2026;completude_nao_comprovada;"2 itens armazenados via chamada unica sem paginacao (bug v1); pode estar completo (lista curta) ou truncado. Nao ha evidencia suficiente para afirmar completude sem repetir a consulta com paginacao real."
paginacao_itens;01002322000132-1-000017/2025;completude_nao_comprovada;"1 itens armazenados via chamada unica sem paginacao (bug v1); pode estar completo (lista curta) ou truncado. Nao ha evidencia suficiente para afirmar completude sem repetir a consulta com paginacao real."
paginacao_itens;01002322000132-1-000017/2026;completude_nao_comprovada;"4 itens armazenados via chamada unica sem paginacao (bug v1); pode estar completo (lista curta) ou truncado. Nao ha evidencia suficiente para afirmar completude sem repetir a consulta com paginacao real."
paginacao_itens;01002322000132-1-000018/2025;completude_nao_comprovada;"1 itens armazenados via chamada unica sem paginacao (bug v1); pode estar completo (lista curta) ou truncado. Nao ha evidencia suficiente para afirmar completude sem repetir a consulta com paginacao real."
paginacao_itens;01002322000132-1-000018/2026;completude_nao_comprovada;"1 itens armazenados via chamada unica sem paginacao (bug v1); pode estar completo (lista curta) ou truncado. Nao ha evidencia suficiente para afirmar completude sem repetir a consulta com paginacao real."
paginacao_itens;01002322000132-1-000019/2025;completude_nao_comprovada_alta_prioridade;"exatamente 10 itens armazenados; tamanho tipico de 1a pagina do endpoint. Bug v1: coletor fez 1 chamada sem parametros pagina/tamanhoPagina e assumiu completude. Requer nova consulta paginada real (pagina=1,2,3,... ate esgotar) para confirmar total."
paginacao_itens;01002322000132-1-000020/2025;completude_nao_comprovada;"1 itens armazenados via chamada unica sem paginacao (bug v1); pode estar completo (lista curta) ou truncado. Nao ha evidencia suficiente para afirmar completude sem repetir a consulta com paginacao real."
paginacao_itens;01002322000132-1-000020/2026;completude_nao_comprovada;"1 itens armazenados via chamada unica sem paginacao (bug v1); pode estar completo (lista curta) ou truncado. Nao ha evidencia suficiente para afirmar completude sem repetir a consulta com paginacao real."
paginacao_itens;01002322000132-1-000021/2025;completude_nao_comprovada;"1 itens armazenados via chamada unica sem paginacao (bug v1); pode estar completo (lista curta) ou truncado. Nao ha evidencia suficiente para afirmar completude sem repetir a consulta com paginacao real."
paginacao_itens;01002322000132-1-000024/2025;completude_nao_comprovada;"2 itens armazenados via chamada unica sem paginacao (bug v1); pode estar completo (lista curta) ou truncado. Nao ha evidencia suficiente para afirmar completude sem repetir a consulta com paginacao real."
paginacao_itens;01002322000132-1-000025/2025;completude_nao_comprovada;"9 itens armazenados via chamada unica sem paginacao (bug v1); pode estar completo (lista curta) ou truncado. Nao ha evidencia suficiente para afirmar completude sem repetir a consulta com paginacao real."
paginacao_itens;01002322000132-1-000027/2025;completude_nao_comprovada;"6 itens armazenados via chamada unica sem paginacao (bug v1); pode estar completo (lista curta) ou truncado. Nao ha evidencia suficiente para afirmar completude sem repetir a consulta com paginacao real."
paginacao_itens;01002322000132-1-000029/2025;completude_nao_comprovada;"3 itens armazenados via chamada unica sem paginacao (bug v1); pode estar completo (lista curta) ou truncado. Nao ha evidencia suficiente para afirmar completude sem repetir a consulta com paginacao real."
paginacao_itens;01002322000132-1-000030/2025;completude_nao_comprovada_alta_prioridade;"exatamente 10 itens armazenados; tamanho tipico de 1a pagina do endpoint. Bug v1: coletor fez 1 chamada sem parametros pagina/tamanhoPagina e assumiu completude. Requer nova consulta paginada real (pagina=1,2,3,... ate esgotar) para confirmar total."
paginacao_itens;01002322000132-1-000031/2025;completude_nao_comprovada_alta_prioridade;"exatamente 10 itens armazenados; tamanho tipico de 1a pagina do endpoint. Bug v1: coletor fez 1 chamada sem parametros pagina/tamanhoPagina e assumiu completude. Requer nova consulta paginada real (pagina=1,2,3,... ate esgotar) para confirmar total."
paginacao_itens;01002322000132-1-000032/2025;completude_nao_comprovada_alta_prioridade;"exatamente 10 itens armazenados; tamanho tipico de 1a pagina do endpoint. Bug v1: coletor fez 1 chamada sem parametros pagina/tamanhoPagina e assumiu completude. Requer nova consulta paginada real (pagina=1,2,3,... ate esgotar) para confirmar total."
paginacao_itens;01002322000132-1-000033/2025;completude_nao_comprovada;"2 itens armazenados via chamada unica sem paginacao (bug v1); pode estar completo (lista curta) ou truncado. Nao ha evidencia suficiente para afirmar completude sem repetir a consulta com paginacao real."
paginacao_itens;01002322000132-1-000036/2025;completude_nao_comprovada_alta_prioridade;"exatamente 10 itens armazenados; tamanho tipico de 1a pagina do endpoint. Bug v1: coletor fez 1 chamada sem parametros pagina/tamanhoPagina e assumiu completude. Requer nova consulta paginada real (pagina=1,2,3,... ate esgotar) para confirmar total."
paginacao_itens;01002322000132-1-000038/2025;completude_nao_comprovada_alta_prioridade;"exatamente 10 itens armazenados; tamanho tipico de 1a pagina do endpoint. Bug v1: coletor fez 1 chamada sem parametros pagina/tamanhoPagina e assumiu completude. Requer nova consulta paginada real (pagina=1,2,3,... ate esgotar) para confirmar total."
paginacao_itens;01002322000132-1-000039/2025;completude_nao_comprovada_alta_prioridade;"exatamente 10 itens armazenados; tamanho tipico de 1a pagina do endpoint. Bug v1: coletor fez 1 chamada sem parametros pagina/tamanhoPagina e assumiu completude. Requer nova consulta paginada real (pagina=1,2,3,... ate esgotar) para confirmar total."
paginacao_itens;01002322000132-1-000067/2024;completude_nao_comprovada_alta_prioridade;"exatamente 10 itens armazenados; tamanho tipico de 1a pagina do endpoint. Bug v1: coletor fez 1 chamada sem parametros pagina/tamanhoPagina e assumiu completude. Requer nova consulta paginada real (pagina=1,2,3,... ate esgotar) para confirmar total."
paginacao_itens;01249331000122-1-000001/2025;completude_nao_comprovada;"4 itens armazenados via chamada unica sem paginacao (bug v1); pode estar completo (lista curta) ou truncado. Nao ha evidencia suficiente para afirmar completude sem repetir a consulta com paginacao real."
paginacao_itens;01249331000122-1-000001/2026;completude_nao_comprovada_alta_prioridade;"exatamente 10 itens armazenados; tamanho tipico de 1a pagina do endpoint. Bug v1: coletor fez 1 chamada sem parametros pagina/tamanhoPagina e assumiu completude. Requer nova consulta paginada real (pagina=1,2,3,... ate esgotar) para confirmar total."
paginacao_itens;01249331000122-1-000002/2026;completude_nao_comprovada_alta_prioridade;"exatamente 10 itens armazenados; tamanho tipico de 1a pagina do endpoint. Bug v1: coletor fez 1 chamada sem parametros pagina/tamanhoPagina e assumiu completude. Requer nova consulta paginada real (pagina=1,2,3,... ate esgotar) para confirmar total."
paginacao_itens;01249331000122-1-000005/2025;completude_nao_comprovada;"1 itens armazenados via chamada unica sem paginacao (bug v1); pode estar completo (lista curta) ou truncado. Nao ha evidencia suficiente para afirmar completude sem repetir a consulta com paginacao real."
paginacao_itens;01249331000122-1-000006/2025;completude_nao_comprovada_alta_prioridade;"exatamente 10 itens armazenados; tamanho tipico de 1a pagina do endpoint. Bug v1: coletor fez 1 chamada sem parametros pagina/tamanhoPagina e assumiu completude. Requer nova consulta paginada real (pagina=1,2,3,... ate esgotar) para confirmar total."
paginacao_itens;01517658000138-1-000007/2025;completude_nao_comprovada;"1 itens armazenados via chamada unica sem paginacao (bug v1); pode estar completo (lista curta) ou truncado. Nao ha evidencia suficiente para afirmar completude sem repetir a consulta com paginacao real."
paginacao_itens;01591392000173-1-000001/2025;completude_nao_comprovada;"1 itens armazenados via chamada unica sem paginacao (bug v1); pode estar completo (lista curta) ou truncado. Nao ha evidencia suficiente para afirmar completude sem repetir a consulta com paginacao real."
paginacao_itens;01591392000173-1-000001/2026;completude_nao_comprovada;"9 itens armazenados via chamada unica sem paginacao (bug v1); pode estar completo (lista curta) ou truncado. Nao ha evidencia suficiente para afirmar completude sem repetir a consulta com paginacao real."
paginacao_itens;01591392000173-1-000002/2026;completude_nao_comprovada;"3 itens armazenados via chamada unica sem paginacao (bug v1); pode estar completo (lista curta) ou truncado. Nao ha evidencia suficiente para afirmar completude sem repetir a consulta com paginacao real."
paginacao_itens;01591392000173-1-000003/2025;completude_nao_comprovada;"1 itens armazenados via chamada unica sem paginacao (bug v1); pode estar completo (lista curta) ou truncado. Nao ha evidencia suficiente para afirmar completude sem repetir a consulta com paginacao real."
paginacao_itens;01591392000173-1-000003/2026;completude_nao_comprovada;"3 itens armazenados via chamada unica sem paginacao (bug v1); pode estar completo (lista curta) ou truncado. Nao ha evidencia suficiente para afirmar completude sem repetir a consulta com paginacao real."
paginacao_itens;01591392000173-1-000004/2025;completude_nao_comprovada;"2 itens armazenados via chamada unica sem paginacao (bug v1); pode estar completo (lista curta) ou truncado. Nao ha evidencia suficiente para afirmar completude sem repetir a consulta com paginacao real."
paginacao_itens;01591392000173-1-000005/2025;completude_nao_comprovada;"2 itens armazenados via chamada unica sem paginacao (bug v1); pode estar completo (lista curta) ou truncado. Nao ha evidencia suficiente para afirmar completude sem repetir a consulta com paginacao real."
paginacao_itens;01591392000173-1-000006/2025;completude_nao_comprovada;"1 itens armazenados via chamada unica sem paginacao (bug v1); pode estar completo (lista curta) ou truncado. Nao ha evidencia suficiente para afirmar completude sem repetir a consulta com paginacao real."
paginacao_itens;01591392000173-1-000007/2026;completude_nao_comprovada_alta_prioridade;"exatamente 10 itens armazenados; tamanho tipico de 1a pagina do endpoint. Bug v1: coletor fez 1 chamada sem parametros pagina/tamanhoPagina e assumiu completude. Requer nova consulta paginada real (pagina=1,2,3,... ate esgotar) para confirmar total."
paginacao_itens;01591392000173-1-000008/2026;completude_nao_comprovada_alta_prioridade;"exatamente 10 itens armazenados; tamanho tipico de 1a pagina do endpoint. Bug v1: coletor fez 1 chamada sem parametros pagina/tamanhoPagina e assumiu completude. Requer nova consulta paginada real (pagina=1,2,3,... ate esgotar) para confirmar total."
paginacao_itens;01591392000173-1-000010/2026;completude_nao_comprovada;"2 itens armazenados via chamada unica sem paginacao (bug v1); pode estar completo (lista curta) ou truncado. Nao ha evidencia suficiente para afirmar completude sem repetir a consulta com paginacao real."
paginacao_itens;01591392000173-1-000011/2026;completude_nao_comprovada;"1 itens armazenados via chamada unica sem paginacao (bug v1); pode estar completo (lista curta) ou truncado. Nao ha evidencia suficiente para afirmar completude sem repetir a consulta com paginacao real."
paginacao_itens;01591392000173-1-000012/2025;completude_nao_comprovada;"9 itens armazenados via chamada unica sem paginacao (bug v1); pode estar completo (lista curta) ou truncado. Nao ha evidencia suficiente para afirmar completude sem repetir a consulta com paginacao real."
paginacao_itens;01687152000177-1-000002/2025;completude_nao_comprovada_alta_prioridade;"exatamente 10 itens armazenados; tamanho tipico de 1a pagina do endpoint. Bug v1: coletor fez 1 chamada sem parametros pagina/tamanhoPagina e assumiu completude. Requer nova consulta paginada real (pagina=1,2,3,... ate esgotar) para confirmar total."
paginacao_itens;01687152000177-1-000003/2025;completude_nao_comprovada;"1 itens armazenados via chamada unica sem paginacao (bug v1); pode estar completo (lista curta) ou truncado. Nao ha evidencia suficiente para afirmar completude sem repetir a consulta com paginacao real."
paginacao_itens;01687152000177-1-000004/2025;completude_nao_comprovada;"1 itens armazenados via chamada unica sem paginacao (bug v1); pode estar completo (lista curta) ou truncado. Nao ha evidencia suficiente para afirmar completude sem repetir a consulta com paginacao real."
paginacao_itens;01754170000124-1-000001/2025;completude_nao_comprovada;"9 itens armazenados via chamada unica sem paginacao (bug v1); pode estar completo (lista curta) ou truncado. Nao ha evidencia suficiente para afirmar completude sem repetir a consulta com paginacao real."
paginacao_itens;01754170000124-1-000001/2026;completude_nao_comprovada_alta_prioridade;"exatamente 10 itens armazenados; tamanho tipico de 1a pagina do endpoint. Bug v1: coletor fez 1 chamada sem parametros pagina/tamanhoPagina e assumiu completude. Requer nova consulta paginada real (pagina=1,2,3,... ate esgotar) para confirmar total."
paginacao_itens;01754170000124-1-000002/2025;completude_nao_comprovada;"1 itens armazenados via chamada unica sem paginacao (bug v1); pode estar completo (lista curta) ou truncado. Nao ha evidencia suficiente para afirmar completude sem repetir a consulta com paginacao real."
paginacao_itens;01754170000124-1-000002/2026;completude_nao_comprovada;"1 itens armazenados via chamada unica sem paginacao (bug v1); pode estar completo (lista curta) ou truncado. Nao ha evidencia suficiente para afirmar completude sem repetir a consulta com paginacao real."
paginacao_itens;01762561000190-1-000001/2025;completude_nao_comprovada;"1 itens armazenados via chamada unica sem paginacao (bug v1); pode estar completo (lista curta) ou truncado. Nao ha evidencia suficiente para afirmar completude sem repetir a consulta com paginacao real."
paginacao_itens;01762561000190-1-000001/2026;completude_nao_comprovada;"3 itens armazenados via chamada unica sem paginacao (bug v1); pode estar completo (lista curta) ou truncado. Nao ha evidencia suficiente para afirmar completude sem repetir a consulta com paginacao real."
paginacao_itens;01762561000190-1-000002/2025;completude_nao_comprovada;"4 itens armazenados via chamada unica sem paginacao (bug v1); pode estar completo (lista curta) ou truncado. Nao ha evidencia suficiente para afirmar completude sem repetir a consulta com paginacao real."
paginacao_itens;01762561000190-1-000002/2026;completude_nao_comprovada;"5 itens armazenados via chamada unica sem paginacao (bug v1); pode estar completo (lista curta) ou truncado. Nao ha evidencia suficiente para afirmar completude sem repetir a consulta com paginacao real."
paginacao_itens;01762561000190-1-000003/2025;completude_nao_comprovada;"7 itens armazenados via chamada unica sem paginacao (bug v1); pode estar completo (lista curta) ou truncado. Nao ha evidencia suficiente para afirmar completude sem repetir a consulta com paginacao real."
paginacao_itens;01762561000190-1-000003/2026;completude_nao_comprovada_alta_prioridade;"exatamente 10 itens armazenados; tamanho tipico de 1a pagina do endpoint. Bug v1: coletor fez 1 chamada sem parametros pagina/tamanhoPagina e assumiu completude. Requer nova consulta paginada real (pagina=1,2,3,... ate esgotar) para confirmar total."
paginacao_itens;01762561000190-1-000004/2025;completude_nao_comprovada;"1 itens armazenados via chamada unica sem paginacao (bug v1); pode estar completo (lista curta) ou truncado. Nao ha evidencia suficiente para afirmar completude sem repetir a consulta com paginacao real."
paginacao_itens;01762561000190-1-000005/2025;completude_nao_comprovada;"1 itens armazenados via chamada unica sem paginacao (bug v1); pode estar completo (lista curta) ou truncado. Nao ha evidencia suficiente para afirmar completude sem repetir a consulta com paginacao real."
paginacao_itens;01762561000190-1-000005/2026;completude_nao_comprovada_alta_prioridade;"exatamente 10 itens armazenados; tamanho tipico de 1a pagina do endpoint. Bug v1: coletor fez 1 chamada sem parametros pagina/tamanhoPagina e assumiu completude. Requer nova consulta paginada real (pagina=1,2,3,... ate esgotar) para confirmar total."
paginacao_itens;01762561000190-1-000006/2026;completude_nao_comprovada;"1 itens armazenados via chamada unica sem paginacao (bug v1); pode estar completo (lista curta) ou truncado. Nao ha evidencia suficiente para afirmar completude sem repetir a consulta com paginacao real."
paginacao_itens;01762561000190-1-000007/2025;completude_nao_comprovada_alta_prioridade;"exatamente 10 itens armazenados; tamanho tipico de 1a pagina do endpoint. Bug v1: coletor fez 1 chamada sem parametros pagina/tamanhoPagina e assumiu completude. Requer nova consulta paginada real (pagina=1,2,3,... ate esgotar) para confirmar total."
paginacao_itens;01762561000190-1-000008/2025;completude_nao_comprovada;"6 itens armazenados via chamada unica sem paginacao (bug v1); pode estar completo (lista curta) ou truncado. Nao ha evidencia suficiente para afirmar completude sem repetir a consulta com paginacao real."
paginacao_itens;01762561000190-1-000010/2025;completude_nao_comprovada;"1 itens armazenados via chamada unica sem paginacao (bug v1); pode estar completo (lista curta) ou truncado. Nao ha evidencia suficiente para afirmar completude sem repetir a consulta com paginacao real."
paginacao_itens;01762561000190-1-000011/2025;completude_nao_comprovada_alta_prioridade;"exatamente 10 itens armazenados; tamanho tipico de 1a pagina do endpoint. Bug v1: coletor fez 1 chamada sem parametros pagina/tamanhoPagina e assumiu completude. Requer nova consulta paginada real (pagina=1,2,3,... ate esgotar) para confirmar total."
paginacao_itens;01762561000190-1-000012/2025;completude_nao_comprovada;"4 itens armazenados via chamada unica sem paginacao (bug v1); pode estar completo (lista curta) ou truncado. Nao ha evidencia suficiente para afirmar completude sem repetir a consulta com paginacao real."
paginacao_itens;01762561000190-1-000015/2025;completude_nao_comprovada_alta_prioridade;"exatamente 10 itens armazenados; tamanho tipico de 1a pagina do endpoint. Bug v1: coletor fez 1 chamada sem parametros pagina/tamanhoPagina e assumiu completude. Requer nova consulta paginada real (pagina=1,2,3,... ate esgotar) para confirmar total."
paginacao_itens;01762561000190-1-000017/2025;completude_nao_comprovada;"9 itens armazenados via chamada unica sem paginacao (bug v1); pode estar completo (lista curta) ou truncado. Nao ha evidencia suficiente para afirmar completude sem repetir a consulta com paginacao real."
paginacao_itens;02929977000113-1-000001/2026;completude_nao_comprovada;"1 itens armazenados via chamada unica sem paginacao (bug v1); pode estar completo (lista curta) ou truncado. Nao ha evidencia suficiente para afirmar completude sem repetir a consulta com paginacao real."
paginacao_itens;02954346000154-1-000001/2025;completude_nao_comprovada;"7 itens armazenados via chamada unica sem paginacao (bug v1); pode estar completo (lista curta) ou truncado. Nao ha evidencia suficiente para afirmar completude sem repetir a consulta com paginacao real."
paginacao_itens;02954346000154-1-000001/2026;completude_nao_comprovada_alta_prioridade;"exatamente 10 itens armazenados; tamanho tipico de 1a pagina do endpoint. Bug v1: coletor fez 1 chamada sem parametros pagina/tamanhoPagina e assumiu completude. Requer nova consulta paginada real (pagina=1,2,3,... ate esgotar) para confirmar total."
paginacao_itens;02954346000154-1-000002/2025;completude_nao_comprovada;"1 itens armazenados via chamada unica sem paginacao (bug v1); pode estar completo (lista curta) ou truncado. Nao ha evidencia suficiente para afirmar completude sem repetir a consulta com paginacao real."
paginacao_itens;02954346000154-1-000002/2026;completude_nao_comprovada;"3 itens armazenados via chamada unica sem paginacao (bug v1); pode estar completo (lista curta) ou truncado. Nao ha evidencia suficiente para afirmar completude sem repetir a consulta com paginacao real."
paginacao_itens;02954346000154-1-000003/2025;completude_nao_comprovada;"1 itens armazenados via chamada unica sem paginacao (bug v1); pode estar completo (lista curta) ou truncado. Nao ha evidencia suficiente para afirmar completude sem repetir a consulta com paginacao real."
paginacao_itens;02954346000154-1-000004/2025;completude_nao_comprovada;"1 itens armazenados via chamada unica sem paginacao (bug v1); pode estar completo (lista curta) ou truncado. Nao ha evidencia suficiente para afirmar completude sem repetir a consulta com paginacao real."
paginacao_itens;02954346000154-1-000006/2025;completude_nao_comprovada;"2 itens armazenados via chamada unica sem paginacao (bug v1); pode estar completo (lista curta) ou truncado. Nao ha evidencia suficiente para afirmar completude sem repetir a consulta com paginacao real."
paginacao_itens;02954346000154-1-000007/2024;completude_nao_comprovada;"2 itens armazenados via chamada unica sem paginacao (bug v1); pode estar completo (lista curta) ou truncado. Nao ha evidencia suficiente para afirmar completude sem repetir a consulta com paginacao real."
paginacao_itens;02954346000154-1-000008/2025;completude_nao_comprovada;"1 itens armazenados via chamada unica sem paginacao (bug v1); pode estar completo (lista curta) ou truncado. Nao ha evidencia suficiente para afirmar completude sem repetir a consulta com paginacao real."
paginacao_itens;02954346000154-1-000009/2025;completude_nao_comprovada;"1 itens armazenados via chamada unica sem paginacao (bug v1); pode estar completo (lista curta) ou truncado. Nao ha evidencia suficiente para afirmar completude sem repetir a consulta com paginacao real."
paginacao_itens;02954346000154-1-000010/2025;completude_nao_comprovada;"1 itens armazenados via chamada unica sem paginacao (bug v1); pode estar completo (lista curta) ou truncado. Nao ha evidencia suficiente para afirmar completude sem repetir a consulta com paginacao real."
paginacao_itens;02954346000154-1-000012/2025;completude_nao_comprovada;"3 itens armazenados via chamada unica sem paginacao (bug v1); pode estar completo (lista curta) ou truncado. Nao ha evidencia suficiente para afirmar completude sem repetir a consulta com paginacao real."
paginacao_itens;02954346000154-1-000013/2025;completude_nao_comprovada;"1 itens armazenados via chamada unica sem paginacao (bug v1); pode estar completo (lista curta) ou truncado. Nao ha evidencia suficiente para afirmar completude sem repetir a consulta com paginacao real."
paginacao_itens;02954346000154-1-000014/2025;completude_nao_comprovada;"2 itens armazenados via chamada unica sem paginacao (bug v1); pode estar completo (lista curta) ou truncado. Nao ha evidencia suficiente para afirmar completude sem repetir a consulta com paginacao real."
paginacao_itens;03204421000122-1-000102/2026;completude_nao_comprovada;"4 itens armazenados via chamada unica sem paginacao (bug v1); pode estar completo (lista curta) ou truncado. Nao ha evidencia suficiente para afirmar completude sem repetir a consulta com paginacao real."
paginacao_itens;03204421000122-1-000106/2026;completude_nao_comprovada;"4 itens armazenados via chamada unica sem paginacao (bug v1); pode estar completo (lista curta) ou truncado. Nao ha evidencia suficiente para afirmar completude sem repetir a consulta com paginacao real."
paginacao_itens;03204421000122-1-000124/2026;completude_nao_comprovada;"1 itens armazenados via chamada unica sem paginacao (bug v1); pode estar completo (lista curta) ou truncado. Nao ha evidencia suficiente para afirmar completude sem repetir a consulta com paginacao real."
paginacao_itens;03204421000122-1-000194/2025;completude_nao_comprovada;"1 itens armazenados via chamada unica sem paginacao (bug v1); pode estar completo (lista curta) ou truncado. Nao ha evidencia suficiente para afirmar completude sem repetir a consulta com paginacao real."
paginacao_itens;03204421000122-1-000245/2025;completude_nao_comprovada;"3 itens armazenados via chamada unica sem paginacao (bug v1); pode estar completo (lista curta) ou truncado. Nao ha evidencia suficiente para afirmar completude sem repetir a consulta com paginacao real."
paginacao_itens;03204421000122-1-000274/2025;completude_nao_comprovada;"3 itens armazenados via chamada unica sem paginacao (bug v1); pode estar completo (lista curta) ou truncado. Nao ha evidencia suficiente para afirmar completude sem repetir a consulta com paginacao real."
paginacao_itens;03204421000122-1-000286/2025;completude_nao_comprovada;"3 itens armazenados via chamada unica sem paginacao (bug v1); pode estar completo (lista curta) ou truncado. Nao ha evidencia suficiente para afirmar completude sem repetir a consulta com paginacao real."
paginacao_itens;03204421000122-1-000310/2025;completude_nao_comprovada;"1 itens armazenados via chamada unica sem paginacao (bug v1); pode estar completo (lista curta) ou truncado. Nao ha evidencia suficiente para afirmar completude sem repetir a consulta com paginacao real."
paginacao_itens;03204421000122-1-000340/2025;completude_nao_comprovada;"3 itens armazenados via chamada unica sem paginacao (bug v1); pode estar completo (lista curta) ou truncado. Nao ha evidencia suficiente para afirmar completude sem repetir a consulta com paginacao real."
paginacao_itens;03281445000185-1-000001/2025;completude_nao_comprovada_alta_prioridade;"exatamente 10 itens armazenados; tamanho tipico de 1a pagina do endpoint. Bug v1: coletor fez 1 chamada sem parametros pagina/tamanhoPagina e assumiu completude. Requer nova consulta paginada real (pagina=1,2,3,... ate esgotar) para confirmar total."
paginacao_itens;03281445000185-1-000002/2025;completude_nao_comprovada;"5 itens armazenados via chamada unica sem paginacao (bug v1); pode estar completo (lista curta) ou truncado. Nao ha evidencia suficiente para afirmar completude sem repetir a consulta com paginacao real."
paginacao_itens;03281445000185-1-000003/2025;completude_nao_comprovada_alta_prioridade;"exatamente 10 itens armazenados; tamanho tipico de 1a pagina do endpoint. Bug v1: coletor fez 1 chamada sem parametros pagina/tamanhoPagina e assumiu completude. Requer nova consulta paginada real (pagina=1,2,3,... ate esgotar) para confirmar total."
paginacao_itens;03281445000185-1-000004/2025;completude_nao_comprovada;"4 itens armazenados via chamada unica sem paginacao (bug v1); pode estar completo (lista curta) ou truncado. Nao ha evidencia suficiente para afirmar completude sem repetir a consulta com paginacao real."
paginacao_itens;03296347000111-1-000001/2025;completude_nao_comprovada_alta_prioridade;"exatamente 10 itens armazenados; tamanho tipico de 1a pagina do endpoint. Bug v1: coletor fez 1 chamada sem parametros pagina/tamanhoPagina e assumiu completude. Requer nova consulta paginada real (pagina=1,2,3,... ate esgotar) para confirmar total."
paginacao_itens;03296347000111-1-000002/2025;completude_nao_comprovada;"2 itens armazenados via chamada unica sem paginacao (bug v1); pode estar completo (lista curta) ou truncado. Nao ha evidencia suficiente para afirmar completude sem repetir a consulta com paginacao real."
paginacao_itens;03406029000166-1-000001/2025;completude_nao_comprovada;"1 itens armazenados via chamada unica sem paginacao (bug v1); pode estar completo (lista curta) ou truncado. Nao ha evidencia suficiente para afirmar completude sem repetir a consulta com paginacao real."
paginacao_itens;03406029000166-1-000001/2026;completude_nao_comprovada;"1 itens armazenados via chamada unica sem paginacao (bug v1); pode estar completo (lista curta) ou truncado. Nao ha evidencia suficiente para afirmar completude sem repetir a consulta com paginacao real."
paginacao_itens;03406029000166-1-000002/2025;completude_nao_comprovada;"1 itens armazenados via chamada unica sem paginacao (bug v1); pode estar completo (lista curta) ou truncado. Nao ha evidencia suficiente para afirmar completude sem repetir a consulta com paginacao real."
paginacao_itens;03592977000133-1-000001/2025;completude_nao_comprovada_alta_prioridade;"exatamente 10 itens armazenados; tamanho tipico de 1a pagina do endpoint. Bug v1: coletor fez 1 chamada sem parametros pagina/tamanhoPagina e assumiu completude. Requer nova consulta paginada real (pagina=1,2,3,... ate esgotar) para confirmar total."
paginacao_itens;03592977000133-1-000001/2026;completude_nao_comprovada_alta_prioridade;"exatamente 10 itens armazenados; tamanho tipico de 1a pagina do endpoint. Bug v1: coletor fez 1 chamada sem parametros pagina/tamanhoPagina e assumiu completude. Requer nova consulta paginada real (pagina=1,2,3,... ate esgotar) para confirmar total."
paginacao_itens;03592977000133-1-000002/2025;completude_nao_comprovada_alta_prioridade;"exatamente 10 itens armazenados; tamanho tipico de 1a pagina do endpoint. Bug v1: coletor fez 1 chamada sem parametros pagina/tamanhoPagina e assumiu completude. Requer nova consulta paginada real (pagina=1,2,3,... ate esgotar) para confirmar total."
paginacao_itens;03592977000133-1-000002/2026;completude_nao_comprovada_alta_prioridade;"exatamente 10 itens armazenados; tamanho tipico de 1a pagina do endpoint. Bug v1: coletor fez 1 chamada sem parametros pagina/tamanhoPagina e assumiu completude. Requer nova consulta paginada real (pagina=1,2,3,... ate esgotar) para confirmar total."
paginacao_itens;03592977000133-1-000003/2025;completude_nao_comprovada;"2 itens armazenados via chamada unica sem paginacao (bug v1); pode estar completo (lista curta) ou truncado. Nao ha evidencia suficiente para afirmar completude sem repetir a consulta com paginacao real."
paginacao_itens;03592977000133-1-000003/2026;completude_nao_comprovada_alta_prioridade;"exatamente 10 itens armazenados; tamanho tipico de 1a pagina do endpoint. Bug v1: coletor fez 1 chamada sem parametros pagina/tamanhoPagina e assumiu completude. Requer nova consulta paginada real (pagina=1,2,3,... ate esgotar) para confirmar total."
paginacao_itens;03592977000133-1-000004/2025;completude_nao_comprovada_alta_prioridade;"exatamente 10 itens armazenados; tamanho tipico de 1a pagina do endpoint. Bug v1: coletor fez 1 chamada sem parametros pagina/tamanhoPagina e assumiu completude. Requer nova consulta paginada real (pagina=1,2,3,... ate esgotar) para confirmar total."
paginacao_itens;03592977000133-1-000004/2026;completude_nao_comprovada;"4 itens armazenados via chamada unica sem paginacao (bug v1); pode estar completo (lista curta) ou truncado. Nao ha evidencia suficiente para afirmar completude sem repetir a consulta com paginacao real."
paginacao_itens;03592977000133-1-000005/2025;completude_nao_comprovada;"2 itens armazenados via chamada unica sem paginacao (bug v1); pode estar completo (lista curta) ou truncado. Nao ha evidencia suficiente para afirmar completude sem repetir a consulta com paginacao real."
paginacao_itens;03592977000133-1-000005/2026;completude_nao_comprovada_alta_prioridade;"exatamente 10 itens armazenados; tamanho tipico de 1a pagina do endpoint. Bug v1: coletor fez 1 chamada sem parametros pagina/tamanhoPagina e assumiu completude. Requer nova consulta paginada real (pagina=1,2,3,... ate esgotar) para confirmar total."
paginacao_itens;03592977000133-1-000006/2025;completude_nao_comprovada_alta_prioridade;"exatamente 10 itens armazenados; tamanho tipico de 1a pagina do endpoint. Bug v1: coletor fez 1 chamada sem parametros pagina/tamanhoPagina e assumiu completude. Requer nova consulta paginada real (pagina=1,2,3,... ate esgotar) para confirmar total."
paginacao_itens;03592977000133-1-000006/2026;completude_nao_comprovada_alta_prioridade;"exatamente 10 itens armazenados; tamanho tipico de 1a pagina do endpoint. Bug v1: coletor fez 1 chamada sem parametros pagina/tamanhoPagina e assumiu completude. Requer nova consulta paginada real (pagina=1,2,3,... ate esgotar) para confirmar total."
paginacao_itens;03592977000133-1-000007/2025;completude_nao_comprovada_alta_prioridade;"exatamente 10 itens armazenados; tamanho tipico de 1a pagina do endpoint. Bug v1: coletor fez 1 chamada sem parametros pagina/tamanhoPagina e assumiu completude. Requer nova consulta paginada real (pagina=1,2,3,... ate esgotar) para confirmar total."
paginacao_itens;03592977000133-1-000007/2026;completude_nao_comprovada;"4 itens armazenados via chamada unica sem paginacao (bug v1); pode estar completo (lista curta) ou truncado. Nao ha evidencia suficiente para afirmar completude sem repetir a consulta com paginacao real."
paginacao_itens;03592977000133-1-000008/2025;completude_nao_comprovada_alta_prioridade;"exatamente 10 itens armazenados; tamanho tipico de 1a pagina do endpoint. Bug v1: coletor fez 1 chamada sem parametros pagina/tamanhoPagina e assumiu completude. Requer nova consulta paginada real (pagina=1,2,3,... ate esgotar) para confirmar total."
paginacao_itens;03592977000133-1-000008/2026;completude_nao_comprovada_alta_prioridade;"exatamente 10 itens armazenados; tamanho tipico de 1a pagina do endpoint. Bug v1: coletor fez 1 chamada sem parametros pagina/tamanhoPagina e assumiu completude. Requer nova consulta paginada real (pagina=1,2,3,... ate esgotar) para confirmar total."
paginacao_itens;03592977000133-1-000009/2025;completude_nao_comprovada_alta_prioridade;"exatamente 10 itens armazenados; tamanho tipico de 1a pagina do endpoint. Bug v1: coletor fez 1 chamada sem parametros pagina/tamanhoPagina e assumiu completude. Requer nova consulta paginada real (pagina=1,2,3,... ate esgotar) para confirmar total."
paginacao_itens;03592977000133-1-000009/2026;completude_nao_comprovada_alta_prioridade;"exatamente 10 itens armazenados; tamanho tipico de 1a pagina do endpoint. Bug v1: coletor fez 1 chamada sem parametros pagina/tamanhoPagina e assumiu completude. Requer nova consulta paginada real (pagina=1,2,3,... ate esgotar) para confirmar total."
paginacao_itens;03592977000133-1-000010/2025;completude_nao_comprovada_alta_prioridade;"exatamente 10 itens armazenados; tamanho tipico de 1a pagina do endpoint. Bug v1: coletor fez 1 chamada sem parametros pagina/tamanhoPagina e assumiu completude. Requer nova consulta paginada real (pagina=1,2,3,... ate esgotar) para confirmar total."
paginacao_itens;03592977000133-1-000010/2026;completude_nao_comprovada;"1 itens armazenados via chamada unica sem paginacao (bug v1); pode estar completo (lista curta) ou truncado. Nao ha evidencia suficiente para afirmar completude sem repetir a consulta com paginacao real."
paginacao_itens;03592977000133-1-000011/2025;completude_nao_comprovada_alta_prioridade;"exatamente 10 itens armazenados; tamanho tipico de 1a pagina do endpoint. Bug v1: coletor fez 1 chamada sem parametros pagina/tamanhoPagina e assumiu completude. Requer nova consulta paginada real (pagina=1,2,3,... ate esgotar) para confirmar total."
paginacao_itens;03592977000133-1-000011/2026;completude_nao_comprovada_alta_prioridade;"exatamente 10 itens armazenados; tamanho tipico de 1a pagina do endpoint. Bug v1: coletor fez 1 chamada sem parametros pagina/tamanhoPagina e assumiu completude. Requer nova consulta paginada real (pagina=1,2,3,... ate esgotar) para confirmar total."
paginacao_itens;03592977000133-1-000012/2025;completude_nao_comprovada_alta_prioridade;"exatamente 10 itens armazenados; tamanho tipico de 1a pagina do endpoint. Bug v1: coletor fez 1 chamada sem parametros pagina/tamanhoPagina e assumiu completude. Requer nova consulta paginada real (pagina=1,2,3,... ate esgotar) para confirmar total."
paginacao_itens;03592977000133-1-000012/2026;completude_nao_comprovada;"6 itens armazenados via chamada unica sem paginacao (bug v1); pode estar completo (lista curta) ou truncado. Nao ha evidencia suficiente para afirmar completude sem repetir a consulta com paginacao real."
paginacao_itens;03592977000133-1-000013/2025;completude_nao_comprovada_alta_prioridade;"exatamente 10 itens armazenados; tamanho tipico de 1a pagina do endpoint. Bug v1: coletor fez 1 chamada sem parametros pagina/tamanhoPagina e assumiu completude. Requer nova consulta paginada real (pagina=1,2,3,... ate esgotar) para confirmar total."
paginacao_itens;03592977000133-1-000013/2026;completude_nao_comprovada;"1 itens armazenados via chamada unica sem paginacao (bug v1); pode estar completo (lista curta) ou truncado. Nao ha evidencia suficiente para afirmar completude sem repetir a consulta com paginacao real."
paginacao_itens;03592977000133-1-000014/2025;completude_nao_comprovada;"5 itens armazenados via chamada unica sem paginacao (bug v1); pode estar completo (lista curta) ou truncado. Nao ha evidencia suficiente para afirmar completude sem repetir a consulta com paginacao real."
paginacao_itens;03592977000133-1-000014/2026;completude_nao_comprovada;"4 itens armazenados via chamada unica sem paginacao (bug v1); pode estar completo (lista curta) ou truncado. Nao ha evidencia suficiente para afirmar completude sem repetir a consulta com paginacao real."
paginacao_itens;03592977000133-1-000015/2025;completude_nao_comprovada_alta_prioridade;"exatamente 10 itens armazenados; tamanho tipico de 1a pagina do endpoint. Bug v1: coletor fez 1 chamada sem parametros pagina/tamanhoPagina e assumiu completude. Requer nova consulta paginada real (pagina=1,2,3,... ate esgotar) para confirmar total."
paginacao_itens;03592977000133-1-000015/2026;completude_nao_comprovada_alta_prioridade;"exatamente 10 itens armazenados; tamanho tipico de 1a pagina do endpoint. Bug v1: coletor fez 1 chamada sem parametros pagina/tamanhoPagina e assumiu completude. Requer nova consulta paginada real (pagina=1,2,3,... ate esgotar) para confirmar total."
paginacao_itens;03592977000133-1-000016/2025;completude_nao_comprovada_alta_prioridade;"exatamente 10 itens armazenados; tamanho tipico de 1a pagina do endpoint. Bug v1: coletor fez 1 chamada sem parametros pagina/tamanhoPagina e assumiu completude. Requer nova consulta paginada real (pagina=1,2,3,... ate esgotar) para confirmar total."
paginacao_itens;03592977000133-1-000016/2026;completude_nao_comprovada_alta_prioridade;"exatamente 10 itens armazenados; tamanho tipico de 1a pagina do endpoint. Bug v1: coletor fez 1 chamada sem parametros pagina/tamanhoPagina e assumiu completude. Requer nova consulta paginada real (pagina=1,2,3,... ate esgotar) para confirmar total."
paginacao_itens;03592977000133-1-000017/2025;completude_nao_comprovada_alta_prioridade;"exatamente 10 itens armazenados; tamanho tipico de 1a pagina do endpoint. Bug v1: coletor fez 1 chamada sem parametros pagina/tamanhoPagina e assumiu completude. Requer nova consulta paginada real (pagina=1,2,3,... ate esgotar) para confirmar total."
paginacao_itens;03592977000133-1-000017/2026;completude_nao_comprovada;"2 itens armazenados via chamada unica sem paginacao (bug v1); pode estar completo (lista curta) ou truncado. Nao ha evidencia suficiente para afirmar completude sem repetir a consulta com paginacao real."
paginacao_itens;03592977000133-1-000018/2025;completude_nao_comprovada_alta_prioridade;"exatamente 10 itens armazenados; tamanho tipico de 1a pagina do endpoint. Bug v1: coletor fez 1 chamada sem parametros pagina/tamanhoPagina e assumiu completude. Requer nova consulta paginada real (pagina=1,2,3,... ate esgotar) para confirmar total."
paginacao_itens;03592977000133-1-000018/2026;completude_nao_comprovada_alta_prioridade;"exatamente 10 itens armazenados; tamanho tipico de 1a pagina do endpoint. Bug v1: coletor fez 1 chamada sem parametros pagina/tamanhoPagina e assumiu completude. Requer nova consulta paginada real (pagina=1,2,3,... ate esgotar) para confirmar total."
paginacao_itens;03592977000133-1-000019/2025;completude_nao_comprovada;"3 itens armazenados via chamada unica sem paginacao (bug v1); pode estar completo (lista curta) ou truncado. Nao ha evidencia suficiente para afirmar completude sem repetir a consulta com paginacao real."
paginacao_itens;03592977000133-1-000019/2026;completude_nao_comprovada;"2 itens armazenados via chamada unica sem paginacao (bug v1); pode estar completo (lista curta) ou truncado. Nao ha evidencia suficiente para afirmar completude sem repetir a consulta com paginacao real."
paginacao_itens;03592977000133-1-000020/2025;completude_nao_comprovada;"2 itens armazenados via chamada unica sem paginacao (bug v1); pode estar completo (lista curta) ou truncado. Nao ha evidencia suficiente para afirmar completude sem repetir a consulta com paginacao real."
paginacao_itens;03592977000133-1-000020/2026;completude_nao_comprovada_alta_prioridade;"exatamente 10 itens armazenados; tamanho tipico de 1a pagina do endpoint. Bug v1: coletor fez 1 chamada sem parametros pagina/tamanhoPagina e assumiu completude. Requer nova consulta paginada real (pagina=1,2,3,... ate esgotar) para confirmar total."
paginacao_itens;03592977000133-1-000021/2025;completude_nao_comprovada_alta_prioridade;"exatamente 10 itens armazenados; tamanho tipico de 1a pagina do endpoint. Bug v1: coletor fez 1 chamada sem parametros pagina/tamanhoPagina e assumiu completude. Requer nova consulta paginada real (pagina=1,2,3,... ate esgotar) para confirmar total."
paginacao_itens;03592977000133-1-000022/2025;completude_nao_comprovada_alta_prioridade;"exatamente 10 itens armazenados; tamanho tipico de 1a pagina do endpoint. Bug v1: coletor fez 1 chamada sem parametros pagina/tamanhoPagina e assumiu completude. Requer nova consulta paginada real (pagina=1,2,3,... ate esgotar) para confirmar total."
paginacao_itens;03592977000133-1-000023/2025;completude_nao_comprovada_alta_prioridade;"exatamente 10 itens armazenados; tamanho tipico de 1a pagina do endpoint. Bug v1: coletor fez 1 chamada sem parametros pagina/tamanhoPagina e assumiu completude. Requer nova consulta paginada real (pagina=1,2,3,... ate esgotar) para confirmar total."
paginacao_itens;03592977000133-1-000024/2025;completude_nao_comprovada_alta_prioridade;"exatamente 10 itens armazenados; tamanho tipico de 1a pagina do endpoint. Bug v1: coletor fez 1 chamada sem parametros pagina/tamanhoPagina e assumiu completude. Requer nova consulta paginada real (pagina=1,2,3,... ate esgotar) para confirmar total."
paginacao_itens;03592977000133-1-000025/2025;completude_nao_comprovada;"5 itens armazenados via chamada unica sem paginacao (bug v1); pode estar completo (lista curta) ou truncado. Nao ha evidencia suficiente para afirmar completude sem repetir a consulta com paginacao real."
paginacao_itens;03592977000133-1-000026/2025;completude_nao_comprovada_alta_prioridade;"exatamente 10 itens armazenados; tamanho tipico de 1a pagina do endpoint. Bug v1: coletor fez 1 chamada sem parametros pagina/tamanhoPagina e assumiu completude. Requer nova consulta paginada real (pagina=1,2,3,... ate esgotar) para confirmar total."
paginacao_itens;03592977000133-1-000027/2025;completude_nao_comprovada_alta_prioridade;"exatamente 10 itens armazenados; tamanho tipico de 1a pagina do endpoint. Bug v1: coletor fez 1 chamada sem parametros pagina/tamanhoPagina e assumiu completude. Requer nova consulta paginada real (pagina=1,2,3,... ate esgotar) para confirmar total."
paginacao_itens;03592977000133-1-000028/2025;completude_nao_comprovada_alta_prioridade;"exatamente 10 itens armazenados; tamanho tipico de 1a pagina do endpoint. Bug v1: coletor fez 1 chamada sem parametros pagina/tamanhoPagina e assumiu completude. Requer nova consulta paginada real (pagina=1,2,3,... ate esgotar) para confirmar total."
paginacao_itens;03594436000144-1-000001/2025;completude_nao_comprovada;"2 itens armazenados via chamada unica sem paginacao (bug v1); pode estar completo (lista curta) ou truncado. Nao ha evidencia suficiente para afirmar completude sem repetir a consulta com paginacao real."
paginacao_itens;03594436000144-1-000002/2025;completude_nao_comprovada;"2 itens armazenados via chamada unica sem paginacao (bug v1); pode estar completo (lista curta) ou truncado. Nao ha evidencia suficiente para afirmar completude sem repetir a consulta com paginacao real."
paginacao_itens;03594436000144-1-000003/2025;completude_nao_comprovada;"5 itens armazenados via chamada unica sem paginacao (bug v1); pode estar completo (lista curta) ou truncado. Nao ha evidencia suficiente para afirmar completude sem repetir a consulta com paginacao real."
paginacao_itens;03659166001931-1-000003/2026;completude_nao_comprovada_alta_prioridade;"exatamente 10 itens armazenados; tamanho tipico de 1a pagina do endpoint. Bug v1: coletor fez 1 chamada sem parametros pagina/tamanhoPagina e assumiu completude. Requer nova consulta paginada real (pagina=1,2,3,... ate esgotar) para confirmar total."
paginacao_itens;03659166001931-1-000013/2025;completude_nao_comprovada;"1 itens armazenados via chamada unica sem paginacao (bug v1); pode estar completo (lista curta) ou truncado. Nao ha evidencia suficiente para afirmar completude sem repetir a consulta com paginacao real."
paginacao_itens;03659166001931-1-000014/2026;completude_nao_comprovada;"1 itens armazenados via chamada unica sem paginacao (bug v1); pode estar completo (lista curta) ou truncado. Nao ha evidencia suficiente para afirmar completude sem repetir a consulta com paginacao real."
paginacao_itens;03659166001931-1-000019/2026;completude_nao_comprovada;"3 itens armazenados via chamada unica sem paginacao (bug v1); pode estar completo (lista curta) ou truncado. Nao ha evidencia suficiente para afirmar completude sem repetir a consulta com paginacao real."
paginacao_itens;03659166001931-1-000053/2025;completude_nao_comprovada;"1 itens armazenados via chamada unica sem paginacao (bug v1); pode estar completo (lista curta) ou truncado. Nao ha evidencia suficiente para afirmar completude sem repetir a consulta com paginacao real."
paginacao_itens;03659166001931-1-000059/2025;completude_nao_comprovada;"1 itens armazenados via chamada unica sem paginacao (bug v1); pode estar completo (lista curta) ou truncado. Nao ha evidencia suficiente para afirmar completude sem repetir a consulta com paginacao real."
paginacao_itens;03659166001931-1-000068/2026;completude_nao_comprovada;"2 itens armazenados via chamada unica sem paginacao (bug v1); pode estar completo (lista curta) ou truncado. Nao ha evidencia suficiente para afirmar completude sem repetir a consulta com paginacao real."
paginacao_itens;03659166001931-1-000073/2025;completude_nao_comprovada;"1 itens armazenados via chamada unica sem paginacao (bug v1); pode estar completo (lista curta) ou truncado. Nao ha evidencia suficiente para afirmar completude sem repetir a consulta com paginacao real."
paginacao_itens;03659166001931-1-000079/2025;completude_nao_comprovada;"1 itens armazenados via chamada unica sem paginacao (bug v1); pode estar completo (lista curta) ou truncado. Nao ha evidencia suficiente para afirmar completude sem repetir a consulta com paginacao real."
paginacao_itens;03659166001931-1-000092/2026;completude_nao_comprovada;"3 itens armazenados via chamada unica sem paginacao (bug v1); pode estar completo (lista curta) ou truncado. Nao ha evidencia suficiente para afirmar completude sem repetir a consulta com paginacao real."
paginacao_itens;03659166001931-1-000096/2025;completude_nao_comprovada;"4 itens armazenados via chamada unica sem paginacao (bug v1); pode estar completo (lista curta) ou truncado. Nao ha evidencia suficiente para afirmar completude sem repetir a consulta com paginacao real."
paginacao_itens;03659166001931-1-000124/2026;completude_nao_comprovada;"2 itens armazenados via chamada unica sem paginacao (bug v1); pode estar completo (lista curta) ou truncado. Nao ha evidencia suficiente para afirmar completude sem repetir a consulta com paginacao real."
paginacao_itens;03659166001931-1-000133/2026;completude_nao_comprovada;"6 itens armazenados via chamada unica sem paginacao (bug v1); pode estar completo (lista curta) ou truncado. Nao ha evidencia suficiente para afirmar completude sem repetir a consulta com paginacao real."
paginacao_itens;03659166001931-1-000144/2025;completude_nao_comprovada;"3 itens armazenados via chamada unica sem paginacao (bug v1); pode estar completo (lista curta) ou truncado. Nao ha evidencia suficiente para afirmar completude sem repetir a consulta com paginacao real."
paginacao_itens;03659166001931-1-000159/2026;completude_nao_comprovada_alta_prioridade;"exatamente 10 itens armazenados; tamanho tipico de 1a pagina do endpoint. Bug v1: coletor fez 1 chamada sem parametros pagina/tamanhoPagina e assumiu completude. Requer nova consulta paginada real (pagina=1,2,3,... ate esgotar) para confirmar total."
paginacao_itens;03659166001931-1-000166/2025;completude_nao_comprovada;"1 itens armazenados via chamada unica sem paginacao (bug v1); pode estar completo (lista curta) ou truncado. Nao ha evidencia suficiente para afirmar completude sem repetir a consulta com paginacao real."
paginacao_itens;03659166001931-1-000213/2025;completude_nao_comprovada_alta_prioridade;"exatamente 10 itens armazenados; tamanho tipico de 1a pagina do endpoint. Bug v1: coletor fez 1 chamada sem parametros pagina/tamanhoPagina e assumiu completude. Requer nova consulta paginada real (pagina=1,2,3,... ate esgotar) para confirmar total."
paginacao_itens;03659166002156-1-000001/2026;completude_nao_comprovada;"1 itens armazenados via chamada unica sem paginacao (bug v1); pode estar completo (lista curta) ou truncado. Nao ha evidencia suficiente para afirmar completude sem repetir a consulta com paginacao real."
paginacao_itens;03659166002156-1-000062/2026;completude_nao_comprovada;"4 itens armazenados via chamada unica sem paginacao (bug v1); pode estar completo (lista curta) ou truncado. Nao ha evidencia suficiente para afirmar completude sem repetir a consulta com paginacao real."
paginacao_itens;03659166002156-1-000072/2026;completude_nao_comprovada;"6 itens armazenados via chamada unica sem paginacao (bug v1); pode estar completo (lista curta) ou truncado. Nao ha evidencia suficiente para afirmar completude sem repetir a consulta com paginacao real."
paginacao_itens;03689499000184-1-000001/2025;completude_nao_comprovada;"1 itens armazenados via chamada unica sem paginacao (bug v1); pode estar completo (lista curta) ou truncado. Nao ha evidencia suficiente para afirmar completude sem repetir a consulta com paginacao real."
paginacao_itens;03689499000184-1-000001/2026;completude_nao_comprovada_alta_prioridade;"exatamente 10 itens armazenados; tamanho tipico de 1a pagina do endpoint. Bug v1: coletor fez 1 chamada sem parametros pagina/tamanhoPagina e assumiu completude. Requer nova consulta paginada real (pagina=1,2,3,... ate esgotar) para confirmar total."
paginacao_itens;03689499000184-1-000002/2026;completude_nao_comprovada;"1 itens armazenados via chamada unica sem paginacao (bug v1); pode estar completo (lista curta) ou truncado. Nao ha evidencia suficiente para afirmar completude sem repetir a consulta com paginacao real."
paginacao_itens;03775620000190-1-000001/2025;completude_nao_comprovada;"1 itens armazenados via chamada unica sem paginacao (bug v1); pode estar completo (lista curta) ou truncado. Nao ha evidencia suficiente para afirmar completude sem repetir a consulta com paginacao real."
paginacao_itens;03775620000190-1-000002/2025;completude_nao_comprovada;"3 itens armazenados via chamada unica sem paginacao (bug v1); pode estar completo (lista curta) ou truncado. Nao ha evidencia suficiente para afirmar completude sem repetir a consulta com paginacao real."
paginacao_itens;03775620000190-1-000004/2025;completude_nao_comprovada;"6 itens armazenados via chamada unica sem paginacao (bug v1); pode estar completo (lista curta) ou truncado. Nao ha evidencia suficiente para afirmar completude sem repetir a consulta com paginacao real."
paginacao_itens;03775620000190-1-000005/2025;completude_nao_comprovada;"3 itens armazenados via chamada unica sem paginacao (bug v1); pode estar completo (lista curta) ou truncado. Nao ha evidencia suficiente para afirmar completude sem repetir a consulta com paginacao real."
paginacao_itens;03775620000190-1-000006/2025;completude_nao_comprovada;"1 itens armazenados via chamada unica sem paginacao (bug v1); pode estar completo (lista curta) ou truncado. Nao ha evidencia suficiente para afirmar completude sem repetir a consulta com paginacao real."
paginacao_itens;03775620000190-1-000007/2025;completude_nao_comprovada;"2 itens armazenados via chamada unica sem paginacao (bug v1); pode estar completo (lista curta) ou truncado. Nao ha evidencia suficiente para afirmar completude sem repetir a consulta com paginacao real."
paginacao_itens;03775620000190-1-000008/2025;completude_nao_comprovada;"1 itens armazenados via chamada unica sem paginacao (bug v1); pode estar completo (lista curta) ou truncado. Nao ha evidencia suficiente para afirmar completude sem repetir a consulta com paginacao real."
paginacao_itens;03775620000190-1-000009/2025;completude_nao_comprovada;"1 itens armazenados via chamada unica sem paginacao (bug v1); pode estar completo (lista curta) ou truncado. Nao ha evidencia suficiente para afirmar completude sem repetir a consulta com paginacao real."
paginacao_itens;03775620000190-1-000010/2025;completude_nao_comprovada;"1 itens armazenados via chamada unica sem paginacao (bug v1); pode estar completo (lista curta) ou truncado. Nao ha evidencia suficiente para afirmar completude sem repetir a consulta com paginacao real."
paginacao_itens;03775620000190-1-000011/2025;completude_nao_comprovada;"1 itens armazenados via chamada unica sem paginacao (bug v1); pode estar completo (lista curta) ou truncado. Nao ha evidencia suficiente para afirmar completude sem repetir a consulta com paginacao real."
paginacao_itens;03775690000149-1-000001/2025;completude_nao_comprovada;"2 itens armazenados via chamada unica sem paginacao (bug v1); pode estar completo (lista curta) ou truncado. Nao ha evidencia suficiente para afirmar completude sem repetir a consulta com paginacao real."
paginacao_itens;03775690000149-1-000002/2025;completude_nao_comprovada_alta_prioridade;"exatamente 10 itens armazenados; tamanho tipico de 1a pagina do endpoint. Bug v1: coletor fez 1 chamada sem parametros pagina/tamanhoPagina e assumiu completude. Requer nova consulta paginada real (pagina=1,2,3,... ate esgotar) para confirmar total."
paginacao_itens;03775690000149-1-000003/2025;completude_nao_comprovada;"7 itens armazenados via chamada unica sem paginacao (bug v1); pode estar completo (lista curta) ou truncado. Nao ha evidencia suficiente para afirmar completude sem repetir a consulta com paginacao real."
paginacao_itens;03775690000149-1-000005/2025;completude_nao_comprovada_alta_prioridade;"exatamente 10 itens armazenados; tamanho tipico de 1a pagina do endpoint. Bug v1: coletor fez 1 chamada sem parametros pagina/tamanhoPagina e assumiu completude. Requer nova consulta paginada real (pagina=1,2,3,... ate esgotar) para confirmar total."
paginacao_itens;03775690000149-1-000006/2025;completude_nao_comprovada_alta_prioridade;"exatamente 10 itens armazenados; tamanho tipico de 1a pagina do endpoint. Bug v1: coletor fez 1 chamada sem parametros pagina/tamanhoPagina e assumiu completude. Requer nova consulta paginada real (pagina=1,2,3,... ate esgotar) para confirmar total."
paginacao_itens;03775690000149-1-000007/2025;completude_nao_comprovada_alta_prioridade;"exatamente 10 itens armazenados; tamanho tipico de 1a pagina do endpoint. Bug v1: coletor fez 1 chamada sem parametros pagina/tamanhoPagina e assumiu completude. Requer nova consulta paginada real (pagina=1,2,3,... ate esgotar) para confirmar total."
paginacao_itens;03775690000149-1-000008/2025;completude_nao_comprovada_alta_prioridade;"exatamente 10 itens armazenados; tamanho tipico de 1a pagina do endpoint. Bug v1: coletor fez 1 chamada sem parametros pagina/tamanhoPagina e assumiu completude. Requer nova consulta paginada real (pagina=1,2,3,... ate esgotar) para confirmar total."
paginacao_itens;03775690000149-1-000009/2025;completude_nao_comprovada_alta_prioridade;"exatamente 10 itens armazenados; tamanho tipico de 1a pagina do endpoint. Bug v1: coletor fez 1 chamada sem parametros pagina/tamanhoPagina e assumiu completude. Requer nova consulta paginada real (pagina=1,2,3,... ate esgotar) para confirmar total."
paginacao_itens;03775690000149-1-000010/2025;completude_nao_comprovada;"4 itens armazenados via chamada unica sem paginacao (bug v1); pode estar completo (lista curta) ou truncado. Nao ha evidencia suficiente para afirmar completude sem repetir a consulta com paginacao real."
paginacao_itens;03775690000149-1-000012/2025;completude_nao_comprovada;"2 itens armazenados via chamada unica sem paginacao (bug v1); pode estar completo (lista curta) ou truncado. Nao ha evidencia suficiente para afirmar completude sem repetir a consulta com paginacao real."
paginacao_itens;03775690000149-1-000013/2025;completude_nao_comprovada;"7 itens armazenados via chamada unica sem paginacao (bug v1); pode estar completo (lista curta) ou truncado. Nao ha evidencia suficiente para afirmar completude sem repetir a consulta com paginacao real."
paginacao_itens;03775690000149-1-000014/2025;completude_nao_comprovada;"8 itens armazenados via chamada unica sem paginacao (bug v1); pode estar completo (lista curta) ou truncado. Nao ha evidencia suficiente para afirmar completude sem repetir a consulta com paginacao real."
paginacao_itens;04188116000157-1-000001/2025;completude_nao_comprovada;"1 itens armazenados via chamada unica sem paginacao (bug v1); pode estar completo (lista curta) ou truncado. Nao ha evidencia suficiente para afirmar completude sem repetir a consulta com paginacao real."
paginacao_itens;04188116000157-1-000001/2026;completude_nao_comprovada;"2 itens armazenados via chamada unica sem paginacao (bug v1); pode estar completo (lista curta) ou truncado. Nao ha evidencia suficiente para afirmar completude sem repetir a consulta com paginacao real."
paginacao_itens;04188116000157-1-000002/2026;completude_nao_comprovada;"1 itens armazenados via chamada unica sem paginacao (bug v1); pode estar completo (lista curta) ou truncado. Nao ha evidencia suficiente para afirmar completude sem repetir a consulta com paginacao real."
paginacao_itens;04188116000157-1-000003/2026;completude_nao_comprovada;"2 itens armazenados via chamada unica sem paginacao (bug v1); pode estar completo (lista curta) ou truncado. Nao ha evidencia suficiente para afirmar completude sem repetir a consulta com paginacao real."
paginacao_itens;04199826000182-1-000001/2025;completude_nao_comprovada;"1 itens armazenados via chamada unica sem paginacao (bug v1); pode estar completo (lista curta) ou truncado. Nao ha evidencia suficiente para afirmar completude sem repetir a consulta com paginacao real."
paginacao_itens;04199826000182-1-000001/2026;completude_nao_comprovada;"1 itens armazenados via chamada unica sem paginacao (bug v1); pode estar completo (lista curta) ou truncado. Nao ha evidencia suficiente para afirmar completude sem repetir a consulta com paginacao real."
paginacao_itens;04199826000182-1-000003/2025;completude_nao_comprovada;"2 itens armazenados via chamada unica sem paginacao (bug v1); pode estar completo (lista curta) ou truncado. Nao ha evidencia suficiente para afirmar completude sem repetir a consulta com paginacao real."
paginacao_itens;04199826000182-1-000003/2026;completude_nao_comprovada;"1 itens armazenados via chamada unica sem paginacao (bug v1); pode estar completo (lista curta) ou truncado. Nao ha evidencia suficiente para afirmar completude sem repetir a consulta com paginacao real."
paginacao_itens;04199826000182-1-000005/2026;completude_nao_comprovada;"6 itens armazenados via chamada unica sem paginacao (bug v1); pode estar completo (lista curta) ou truncado. Nao ha evidencia suficiente para afirmar completude sem repetir a consulta com paginacao real."
paginacao_itens;04199826000182-1-000006/2025;completude_nao_comprovada;"2 itens armazenados via chamada unica sem paginacao (bug v1); pode estar completo (lista curta) ou truncado. Nao ha evidencia suficiente para afirmar completude sem repetir a consulta com paginacao real."
paginacao_itens;04199826000182-1-000006/2026;completude_nao_comprovada;"3 itens armazenados via chamada unica sem paginacao (bug v1); pode estar completo (lista curta) ou truncado. Nao ha evidencia suficiente para afirmar completude sem repetir a consulta com paginacao real."
paginacao_itens;04199826000182-1-000007/2025;completude_nao_comprovada;"2 itens armazenados via chamada unica sem paginacao (bug v1); pode estar completo (lista curta) ou truncado. Nao ha evidencia suficiente para afirmar completude sem repetir a consulta com paginacao real."
paginacao_itens;04199826000182-1-000008/2026;completude_nao_comprovada;"2 itens armazenados via chamada unica sem paginacao (bug v1); pode estar completo (lista curta) ou truncado. Nao ha evidencia suficiente para afirmar completude sem repetir a consulta com paginacao real."
paginacao_itens;04199826000182-1-000009/2025;completude_nao_comprovada_alta_prioridade;"exatamente 10 itens armazenados; tamanho tipico de 1a pagina do endpoint. Bug v1: coletor fez 1 chamada sem parametros pagina/tamanhoPagina e assumiu completude. Requer nova consulta paginada real (pagina=1,2,3,... ate esgotar) para confirmar total."
paginacao_itens;04199826000182-1-000009/2026;completude_nao_comprovada;"7 itens armazenados via chamada unica sem paginacao (bug v1); pode estar completo (lista curta) ou truncado. Nao ha evidencia suficiente para afirmar completude sem repetir a consulta com paginacao real."
paginacao_itens;04199826000182-1-000010/2025;completude_nao_comprovada;"1 itens armazenados via chamada unica sem paginacao (bug v1); pode estar completo (lista curta) ou truncado. Nao ha evidencia suficiente para afirmar completude sem repetir a consulta com paginacao real."
paginacao_itens;04199826000182-1-000010/2026;completude_nao_comprovada;"2 itens armazenados via chamada unica sem paginacao (bug v1); pode estar completo (lista curta) ou truncado. Nao ha evidencia suficiente para afirmar completude sem repetir a consulta com paginacao real."
paginacao_itens;04199826000182-1-000011/2026;completude_nao_comprovada;"3 itens armazenados via chamada unica sem paginacao (bug v1); pode estar completo (lista curta) ou truncado. Nao ha evidencia suficiente para afirmar completude sem repetir a consulta com paginacao real."
paginacao_itens;04199826000182-1-000013/2025;completude_nao_comprovada;"4 itens armazenados via chamada unica sem paginacao (bug v1); pode estar completo (lista curta) ou truncado. Nao ha evidencia suficiente para afirmar completude sem repetir a consulta com paginacao real."
paginacao_itens;04199826000182-1-000014/2025;completude_nao_comprovada;"1 itens armazenados via chamada unica sem paginacao (bug v1); pode estar completo (lista curta) ou truncado. Nao ha evidencia suficiente para afirmar completude sem repetir a consulta com paginacao real."
paginacao_itens;04199826000182-1-000015/2025;completude_nao_comprovada;"9 itens armazenados via chamada unica sem paginacao (bug v1); pode estar completo (lista curta) ou truncado. Nao ha evidencia suficiente para afirmar completude sem repetir a consulta com paginacao real."
paginacao_itens;04243026000111-1-000001/2025;completude_nao_comprovada;"1 itens armazenados via chamada unica sem paginacao (bug v1); pode estar completo (lista curta) ou truncado. Nao ha evidencia suficiente para afirmar completude sem repetir a consulta com paginacao real."
paginacao_itens;04243026000111-1-000002/2025;completude_nao_comprovada;"1 itens armazenados via chamada unica sem paginacao (bug v1); pode estar completo (lista curta) ou truncado. Nao ha evidencia suficiente para afirmar completude sem repetir a consulta com paginacao real."
paginacao_itens;04243026000111-1-000003/2025;completude_nao_comprovada;"1 itens armazenados via chamada unica sem paginacao (bug v1); pode estar completo (lista curta) ou truncado. Nao ha evidencia suficiente para afirmar completude sem repetir a consulta com paginacao real."
paginacao_itens;04243026000111-1-000004/2025;completude_nao_comprovada;"5 itens armazenados via chamada unica sem paginacao (bug v1); pode estar completo (lista curta) ou truncado. Nao ha evidencia suficiente para afirmar completude sem repetir a consulta com paginacao real."
paginacao_itens;04243026000111-1-000005/2025;completude_nao_comprovada;"5 itens armazenados via chamada unica sem paginacao (bug v1); pode estar completo (lista curta) ou truncado. Nao ha evidencia suficiente para afirmar completude sem repetir a consulta com paginacao real."
paginacao_itens;04243026000111-1-000006/2025;completude_nao_comprovada;"6 itens armazenados via chamada unica sem paginacao (bug v1); pode estar completo (lista curta) ou truncado. Nao ha evidencia suficiente para afirmar completude sem repetir a consulta com paginacao real."
paginacao_itens;04243026000111-1-000006/2026;completude_nao_comprovada;"3 itens armazenados via chamada unica sem paginacao (bug v1); pode estar completo (lista curta) ou truncado. Nao ha evidencia suficiente para afirmar completude sem repetir a consulta com paginacao real."
paginacao_itens;04243026000111-1-000007/2025;completude_nao_comprovada;"1 itens armazenados via chamada unica sem paginacao (bug v1); pode estar completo (lista curta) ou truncado. Nao ha evidencia suficiente para afirmar completude sem repetir a consulta com paginacao real."
paginacao_itens;04243026000111-1-000008/2025;completude_nao_comprovada;"1 itens armazenados via chamada unica sem paginacao (bug v1); pode estar completo (lista curta) ou truncado. Nao ha evidencia suficiente para afirmar completude sem repetir a consulta com paginacao real."
paginacao_itens;04243026000111-1-000009/2025;completude_nao_comprovada;"1 itens armazenados via chamada unica sem paginacao (bug v1); pode estar completo (lista curta) ou truncado. Nao ha evidencia suficiente para afirmar completude sem repetir a consulta com paginacao real."
paginacao_itens;04243026000111-1-000009/2026;completude_nao_comprovada;"1 itens armazenados via chamada unica sem paginacao (bug v1); pode estar completo (lista curta) ou truncado. Nao ha evidencia suficiente para afirmar completude sem repetir a consulta com paginacao real."
paginacao_itens;04243026000111-1-000014/2026;completude_nao_comprovada;"2 itens armazenados via chamada unica sem paginacao (bug v1); pode estar completo (lista curta) ou truncado. Nao ha evidencia suficiente para afirmar completude sem repetir a consulta com paginacao real."
paginacao_itens;04243026000111-1-000015/2024;completude_nao_comprovada;"1 itens armazenados via chamada unica sem paginacao (bug v1); pode estar completo (lista curta) ou truncado. Nao ha evidencia suficiente para afirmar completude sem repetir a consulta com paginacao real."
paginacao_itens;04243026000111-1-000016/2024;completude_nao_comprovada;"1 itens armazenados via chamada unica sem paginacao (bug v1); pode estar completo (lista curta) ou truncado. Nao ha evidencia suficiente para afirmar completude sem repetir a consulta com paginacao real."
paginacao_itens;04615070000105-1-000001/2026;completude_nao_comprovada;"5 itens armazenados via chamada unica sem paginacao (bug v1); pode estar completo (lista curta) ou truncado. Nao ha evidencia suficiente para afirmar completude sem repetir a consulta com paginacao real."
paginacao_itens;04615070000105-1-000002/2025;completude_nao_comprovada;"2 itens armazenados via chamada unica sem paginacao (bug v1); pode estar completo (lista curta) ou truncado. Nao ha evidencia suficiente para afirmar completude sem repetir a consulta com paginacao real."
paginacao_itens;04615070000105-1-000003/2025;completude_nao_comprovada_alta_prioridade;"exatamente 10 itens armazenados; tamanho tipico de 1a pagina do endpoint. Bug v1: coletor fez 1 chamada sem parametros pagina/tamanhoPagina e assumiu completude. Requer nova consulta paginada real (pagina=1,2,3,... ate esgotar) para confirmar total."
paginacao_itens;04615070000105-1-000003/2026;completude_nao_comprovada;"2 itens armazenados via chamada unica sem paginacao (bug v1); pode estar completo (lista curta) ou truncado. Nao ha evidencia suficiente para afirmar completude sem repetir a consulta com paginacao real."
paginacao_itens;04615070000105-1-000004/2025;completude_nao_comprovada;"5 itens armazenados via chamada unica sem paginacao (bug v1); pode estar completo (lista curta) ou truncado. Nao ha evidencia suficiente para afirmar completude sem repetir a consulta com paginacao real."
paginacao_itens;04615070000105-1-000004/2026;completude_nao_comprovada_alta_prioridade;"exatamente 10 itens armazenados; tamanho tipico de 1a pagina do endpoint. Bug v1: coletor fez 1 chamada sem parametros pagina/tamanhoPagina e assumiu completude. Requer nova consulta paginada real (pagina=1,2,3,... ate esgotar) para confirmar total."
paginacao_itens;04615070000105-1-000006/2025;completude_nao_comprovada;"5 itens armazenados via chamada unica sem paginacao (bug v1); pode estar completo (lista curta) ou truncado. Nao ha evidencia suficiente para afirmar completude sem repetir a consulta com paginacao real."
paginacao_itens;04615070000105-1-000006/2026;completude_nao_comprovada;"3 itens armazenados via chamada unica sem paginacao (bug v1); pode estar completo (lista curta) ou truncado. Nao ha evidencia suficiente para afirmar completude sem repetir a consulta com paginacao real."
paginacao_itens;04615070000105-1-000007/2026;completude_nao_comprovada;"4 itens armazenados via chamada unica sem paginacao (bug v1); pode estar completo (lista curta) ou truncado. Nao ha evidencia suficiente para afirmar completude sem repetir a consulta com paginacao real."
paginacao_itens;04615070000105-1-000008/2026;completude_nao_comprovada_alta_prioridade;"exatamente 10 itens armazenados; tamanho tipico de 1a pagina do endpoint. Bug v1: coletor fez 1 chamada sem parametros pagina/tamanhoPagina e assumiu completude. Requer nova consulta paginada real (pagina=1,2,3,... ate esgotar) para confirmar total."
paginacao_itens;04615070000105-1-000011/2025;completude_nao_comprovada_alta_prioridade;"exatamente 10 itens armazenados; tamanho tipico de 1a pagina do endpoint. Bug v1: coletor fez 1 chamada sem parametros pagina/tamanhoPagina e assumiu completude. Requer nova consulta paginada real (pagina=1,2,3,... ate esgotar) para confirmar total."
paginacao_itens;04615070000105-1-000014/2025;completude_nao_comprovada_alta_prioridade;"exatamente 10 itens armazenados; tamanho tipico de 1a pagina do endpoint. Bug v1: coletor fez 1 chamada sem parametros pagina/tamanhoPagina e assumiu completude. Requer nova consulta paginada real (pagina=1,2,3,... ate esgotar) para confirmar total."
paginacao_itens;04615070000105-1-000017/2024;completude_nao_comprovada;"8 itens armazenados via chamada unica sem paginacao (bug v1); pode estar completo (lista curta) ou truncado. Nao ha evidencia suficiente para afirmar completude sem repetir a consulta com paginacao real."
paginacao_itens;04615070000105-1-000019/2024;completude_nao_comprovada;"1 itens armazenados via chamada unica sem paginacao (bug v1); pode estar completo (lista curta) ou truncado. Nao ha evidencia suficiente para afirmar completude sem repetir a consulta com paginacao real."
paginacao_itens;04756826000136-1-000001/2025;completude_nao_comprovada_alta_prioridade;"exatamente 10 itens armazenados; tamanho tipico de 1a pagina do endpoint. Bug v1: coletor fez 1 chamada sem parametros pagina/tamanhoPagina e assumiu completude. Requer nova consulta paginada real (pagina=1,2,3,... ate esgotar) para confirmar total."
paginacao_itens;04756826000136-1-000001/2026;completude_nao_comprovada;"2 itens armazenados via chamada unica sem paginacao (bug v1); pode estar completo (lista curta) ou truncado. Nao ha evidencia suficiente para afirmar completude sem repetir a consulta com paginacao real."
paginacao_itens;04892707000100-1-000078/2025;completude_nao_comprovada;"5 itens armazenados via chamada unica sem paginacao (bug v1); pode estar completo (lista curta) ou truncado. Nao ha evidencia suficiente para afirmar completude sem repetir a consulta com paginacao real."
paginacao_itens;04892707002588-1-000002/2025;completude_nao_comprovada_alta_prioridade;"exatamente 10 itens armazenados; tamanho tipico de 1a pagina do endpoint. Bug v1: coletor fez 1 chamada sem parametros pagina/tamanhoPagina e assumiu completude. Requer nova consulta paginada real (pagina=1,2,3,... ate esgotar) para confirmar total."
paginacao_itens;04892707002588-1-000003/2025;completude_nao_comprovada;"2 itens armazenados via chamada unica sem paginacao (bug v1); pode estar completo (lista curta) ou truncado. Nao ha evidencia suficiente para afirmar completude sem repetir a consulta com paginacao real."
paginacao_itens;04892707002588-1-000004/2025;completude_nao_comprovada;"1 itens armazenados via chamada unica sem paginacao (bug v1); pode estar completo (lista curta) ou truncado. Nao ha evidencia suficiente para afirmar completude sem repetir a consulta com paginacao real."
paginacao_itens;04892707002588-1-000005/2025;completude_nao_comprovada;"1 itens armazenados via chamada unica sem paginacao (bug v1); pode estar completo (lista curta) ou truncado. Nao ha evidencia suficiente para afirmar completude sem repetir a consulta com paginacao real."
paginacao_itens;04892707002588-1-000006/2026;completude_nao_comprovada;"1 itens armazenados via chamada unica sem paginacao (bug v1); pode estar completo (lista curta) ou truncado. Nao ha evidencia suficiente para afirmar completude sem repetir a consulta com paginacao real."
paginacao_itens;04892707002588-1-000007/2025;completude_nao_comprovada;"1 itens armazenados via chamada unica sem paginacao (bug v1); pode estar completo (lista curta) ou truncado. Nao ha evidencia suficiente para afirmar completude sem repetir a consulta com paginacao real."
paginacao_itens;04892707002588-1-000008/2026;completude_nao_comprovada;"1 itens armazenados via chamada unica sem paginacao (bug v1); pode estar completo (lista curta) ou truncado. Nao ha evidencia suficiente para afirmar completude sem repetir a consulta com paginacao real."
paginacao_itens;04892707002588-1-000009/2026;completude_nao_comprovada;"1 itens armazenados via chamada unica sem paginacao (bug v1); pode estar completo (lista curta) ou truncado. Nao ha evidencia suficiente para afirmar completude sem repetir a consulta com paginacao real."
paginacao_itens;04892707002588-1-000010/2026;completude_nao_comprovada;"4 itens armazenados via chamada unica sem paginacao (bug v1); pode estar completo (lista curta) ou truncado. Nao ha evidencia suficiente para afirmar completude sem repetir a consulta com paginacao real."
paginacao_itens;04892707002588-1-000011/2026;completude_nao_comprovada;"1 itens armazenados via chamada unica sem paginacao (bug v1); pode estar completo (lista curta) ou truncado. Nao ha evidencia suficiente para afirmar completude sem repetir a consulta com paginacao real."
paginacao_itens;04892707002588-1-000013/2026;completude_nao_comprovada_alta_prioridade;"exatamente 10 itens armazenados; tamanho tipico de 1a pagina do endpoint. Bug v1: coletor fez 1 chamada sem parametros pagina/tamanhoPagina e assumiu completude. Requer nova consulta paginada real (pagina=1,2,3,... ate esgotar) para confirmar total."
paginacao_itens;04892707002588-1-000014/2026;completude_nao_comprovada;"4 itens armazenados via chamada unica sem paginacao (bug v1); pode estar completo (lista curta) ou truncado. Nao ha evidencia suficiente para afirmar completude sem repetir a consulta com paginacao real."
paginacao_itens;04892707002588-1-000015/2026;completude_nao_comprovada;"1 itens armazenados via chamada unica sem paginacao (bug v1); pode estar completo (lista curta) ou truncado. Nao ha evidencia suficiente para afirmar completude sem repetir a consulta com paginacao real."
paginacao_itens;05194039000100-1-000001/2026;completude_nao_comprovada_alta_prioridade;"exatamente 10 itens armazenados; tamanho tipico de 1a pagina do endpoint. Bug v1: coletor fez 1 chamada sem parametros pagina/tamanhoPagina e assumiu completude. Requer nova consulta paginada real (pagina=1,2,3,... ate esgotar) para confirmar total."
paginacao_itens;05194039000100-1-000002/2025;completude_nao_comprovada;"3 itens armazenados via chamada unica sem paginacao (bug v1); pode estar completo (lista curta) ou truncado. Nao ha evidencia suficiente para afirmar completude sem repetir a consulta com paginacao real."
paginacao_itens;05194039000100-1-000002/2026;completude_nao_comprovada;"1 itens armazenados via chamada unica sem paginacao (bug v1); pode estar completo (lista curta) ou truncado. Nao ha evidencia suficiente para afirmar completude sem repetir a consulta com paginacao real."
paginacao_itens;05194039000100-1-000003/2024;completude_nao_comprovada;"2 itens armazenados via chamada unica sem paginacao (bug v1); pode estar completo (lista curta) ou truncado. Nao ha evidencia suficiente para afirmar completude sem repetir a consulta com paginacao real."
paginacao_itens;05194039000100-1-000003/2026;completude_nao_comprovada_alta_prioridade;"exatamente 10 itens armazenados; tamanho tipico de 1a pagina do endpoint. Bug v1: coletor fez 1 chamada sem parametros pagina/tamanhoPagina e assumiu completude. Requer nova consulta paginada real (pagina=1,2,3,... ate esgotar) para confirmar total."
paginacao_itens;05194039000100-1-000004/2025;completude_nao_comprovada;"1 itens armazenados via chamada unica sem paginacao (bug v1); pode estar completo (lista curta) ou truncado. Nao ha evidencia suficiente para afirmar completude sem repetir a consulta com paginacao real."
paginacao_itens;05194039000100-1-000004/2026;completude_nao_comprovada;"1 itens armazenados via chamada unica sem paginacao (bug v1); pode estar completo (lista curta) ou truncado. Nao ha evidencia suficiente para afirmar completude sem repetir a consulta com paginacao real."
paginacao_itens;05194039000100-1-000005/2026;completude_nao_comprovada;"1 itens armazenados via chamada unica sem paginacao (bug v1); pode estar completo (lista curta) ou truncado. Nao ha evidencia suficiente para afirmar completude sem repetir a consulta com paginacao real."
paginacao_itens;05194039000100-1-000006/2025;completude_nao_comprovada;"1 itens armazenados via chamada unica sem paginacao (bug v1); pode estar completo (lista curta) ou truncado. Nao ha evidencia suficiente para afirmar completude sem repetir a consulta com paginacao real."
paginacao_itens;05194039000100-1-000006/2026;completude_nao_comprovada;"4 itens armazenados via chamada unica sem paginacao (bug v1); pode estar completo (lista curta) ou truncado. Nao ha evidencia suficiente para afirmar completude sem repetir a consulta com paginacao real."
paginacao_itens;05194039000100-1-000007/2026;completude_nao_comprovada;"1 itens armazenados via chamada unica sem paginacao (bug v1); pode estar completo (lista curta) ou truncado. Nao ha evidencia suficiente para afirmar completude sem repetir a consulta com paginacao real."
paginacao_itens;05194039000100-1-000008/2026;completude_nao_comprovada;"1 itens armazenados via chamada unica sem paginacao (bug v1); pode estar completo (lista curta) ou truncado. Nao ha evidencia suficiente para afirmar completude sem repetir a consulta com paginacao real."
paginacao_itens;05194039000100-1-000009/2024;completude_nao_comprovada;"1 itens armazenados via chamada unica sem paginacao (bug v1); pode estar completo (lista curta) ou truncado. Nao ha evidencia suficiente para afirmar completude sem repetir a consulta com paginacao real."
paginacao_itens;05194039000100-1-000009/2025;completude_nao_comprovada_alta_prioridade;"exatamente 10 itens armazenados; tamanho tipico de 1a pagina do endpoint. Bug v1: coletor fez 1 chamada sem parametros pagina/tamanhoPagina e assumiu completude. Requer nova consulta paginada real (pagina=1,2,3,... ate esgotar) para confirmar total."
paginacao_itens;05194039000100-1-000010/2024;completude_nao_comprovada;"1 itens armazenados via chamada unica sem paginacao (bug v1); pode estar completo (lista curta) ou truncado. Nao ha evidencia suficiente para afirmar completude sem repetir a consulta com paginacao real."
paginacao_itens;05194039000100-1-000011/2025;completude_nao_comprovada;"3 itens armazenados via chamada unica sem paginacao (bug v1); pode estar completo (lista curta) ou truncado. Nao ha evidencia suficiente para afirmar completude sem repetir a consulta com paginacao real."
paginacao_itens;05194039000100-1-000012/2025;completude_nao_comprovada_alta_prioridade;"exatamente 10 itens armazenados; tamanho tipico de 1a pagina do endpoint. Bug v1: coletor fez 1 chamada sem parametros pagina/tamanhoPagina e assumiu completude. Requer nova consulta paginada real (pagina=1,2,3,... ate esgotar) para confirmar total."
paginacao_itens;05194039000100-1-000013/2025;completude_nao_comprovada;"4 itens armazenados via chamada unica sem paginacao (bug v1); pode estar completo (lista curta) ou truncado. Nao ha evidencia suficiente para afirmar completude sem repetir a consulta com paginacao real."
paginacao_itens;05194039000100-1-000014/2025;completude_nao_comprovada;"2 itens armazenados via chamada unica sem paginacao (bug v1); pode estar completo (lista curta) ou truncado. Nao ha evidencia suficiente para afirmar completude sem repetir a consulta com paginacao real."
paginacao_itens;05194039000100-1-000015/2025;completude_nao_comprovada_alta_prioridade;"exatamente 10 itens armazenados; tamanho tipico de 1a pagina do endpoint. Bug v1: coletor fez 1 chamada sem parametros pagina/tamanhoPagina e assumiu completude. Requer nova consulta paginada real (pagina=1,2,3,... ate esgotar) para confirmar total."
paginacao_itens;05194039000100-1-000016/2025;completude_nao_comprovada;"1 itens armazenados via chamada unica sem paginacao (bug v1); pode estar completo (lista curta) ou truncado. Nao ha evidencia suficiente para afirmar completude sem repetir a consulta com paginacao real."
paginacao_itens;05194039000100-1-000017/2025;completude_nao_comprovada;"1 itens armazenados via chamada unica sem paginacao (bug v1); pode estar completo (lista curta) ou truncado. Nao ha evidencia suficiente para afirmar completude sem repetir a consulta com paginacao real."
paginacao_itens;05194039000100-1-000018/2025;completude_nao_comprovada_alta_prioridade;"exatamente 10 itens armazenados; tamanho tipico de 1a pagina do endpoint. Bug v1: coletor fez 1 chamada sem parametros pagina/tamanhoPagina e assumiu completude. Requer nova consulta paginada real (pagina=1,2,3,... ate esgotar) para confirmar total."
paginacao_itens;05194039000100-1-000019/2025;completude_nao_comprovada;"1 itens armazenados via chamada unica sem paginacao (bug v1); pode estar completo (lista curta) ou truncado. Nao ha evidencia suficiente para afirmar completude sem repetir a consulta com paginacao real."
paginacao_itens;05194039000100-1-000022/2025;completude_nao_comprovada_alta_prioridade;"exatamente 10 itens armazenados; tamanho tipico de 1a pagina do endpoint. Bug v1: coletor fez 1 chamada sem parametros pagina/tamanhoPagina e assumiu completude. Requer nova consulta paginada real (pagina=1,2,3,... ate esgotar) para confirmar total."
paginacao_itens;05194039000100-1-000023/2025;completude_nao_comprovada_alta_prioridade;"exatamente 10 itens armazenados; tamanho tipico de 1a pagina do endpoint. Bug v1: coletor fez 1 chamada sem parametros pagina/tamanhoPagina e assumiu completude. Requer nova consulta paginada real (pagina=1,2,3,... ate esgotar) para confirmar total."
paginacao_itens;05497801000128-1-000001/2025;completude_nao_comprovada;"4 itens armazenados via chamada unica sem paginacao (bug v1); pode estar completo (lista curta) ou truncado. Nao ha evidencia suficiente para afirmar completude sem repetir a consulta com paginacao real."
paginacao_itens;05497801000128-1-000001/2026;completude_nao_comprovada;"3 itens armazenados via chamada unica sem paginacao (bug v1); pode estar completo (lista curta) ou truncado. Nao ha evidencia suficiente para afirmar completude sem repetir a consulta com paginacao real."
paginacao_itens;05497801000128-1-000002/2026;completude_nao_comprovada;"3 itens armazenados via chamada unica sem paginacao (bug v1); pode estar completo (lista curta) ou truncado. Nao ha evidencia suficiente para afirmar completude sem repetir a consulta com paginacao real."
paginacao_itens;05865233000170-1-000001/2025;completude_nao_comprovada;"2 itens armazenados via chamada unica sem paginacao (bug v1); pode estar completo (lista curta) ou truncado. Nao ha evidencia suficiente para afirmar completude sem repetir a consulta com paginacao real."
paginacao_itens;05865233000170-1-000002/2025;completude_nao_comprovada;"2 itens armazenados via chamada unica sem paginacao (bug v1); pode estar completo (lista curta) ou truncado. Nao ha evidencia suficiente para afirmar completude sem repetir a consulta com paginacao real."
paginacao_itens;05986427000124-1-000001/2025;completude_nao_comprovada;"1 itens armazenados via chamada unica sem paginacao (bug v1); pode estar completo (lista curta) ou truncado. Nao ha evidencia suficiente para afirmar completude sem repetir a consulta com paginacao real."
paginacao_itens;05986427000124-1-000002/2025;completude_nao_comprovada;"1 itens armazenados via chamada unica sem paginacao (bug v1); pode estar completo (lista curta) ou truncado. Nao ha evidencia suficiente para afirmar completude sem repetir a consulta com paginacao real."
paginacao_itens;05986427000124-1-000005/2025;completude_nao_comprovada;"1 itens armazenados via chamada unica sem paginacao (bug v1); pode estar completo (lista curta) ou truncado. Nao ha evidencia suficiente para afirmar completude sem repetir a consulta com paginacao real."
paginacao_itens;05986427000124-1-000005/2026;completude_nao_comprovada;"5 itens armazenados via chamada unica sem paginacao (bug v1); pode estar completo (lista curta) ou truncado. Nao ha evidencia suficiente para afirmar completude sem repetir a consulta com paginacao real."
paginacao_itens;05986427000124-1-000006/2025;completude_nao_comprovada;"9 itens armazenados via chamada unica sem paginacao (bug v1); pode estar completo (lista curta) ou truncado. Nao ha evidencia suficiente para afirmar completude sem repetir a consulta com paginacao real."
paginacao_itens;05986427000124-1-000007/2025;completude_nao_comprovada;"1 itens armazenados via chamada unica sem paginacao (bug v1); pode estar completo (lista curta) ou truncado. Nao ha evidencia suficiente para afirmar completude sem repetir a consulta com paginacao real."
paginacao_itens;05986427000124-1-000007/2026;completude_nao_comprovada;"4 itens armazenados via chamada unica sem paginacao (bug v1); pode estar completo (lista curta) ou truncado. Nao ha evidencia suficiente para afirmar completude sem repetir a consulta com paginacao real."
paginacao_itens;05986427000124-1-000008/2025;completude_nao_comprovada;"1 itens armazenados via chamada unica sem paginacao (bug v1); pode estar completo (lista curta) ou truncado. Nao ha evidencia suficiente para afirmar completude sem repetir a consulta com paginacao real."
paginacao_itens;05986427000124-1-000008/2026;completude_nao_comprovada;"1 itens armazenados via chamada unica sem paginacao (bug v1); pode estar completo (lista curta) ou truncado. Nao ha evidencia suficiente para afirmar completude sem repetir a consulta com paginacao real."
paginacao_itens;05986427000124-1-000010/2025;completude_nao_comprovada;"2 itens armazenados via chamada unica sem paginacao (bug v1); pode estar completo (lista curta) ou truncado. Nao ha evidencia suficiente para afirmar completude sem repetir a consulta com paginacao real."
paginacao_itens;05986427000124-1-000010/2026;completude_nao_comprovada;"1 itens armazenados via chamada unica sem paginacao (bug v1); pode estar completo (lista curta) ou truncado. Nao ha evidencia suficiente para afirmar completude sem repetir a consulta com paginacao real."
paginacao_itens;05986427000124-1-000011/2025;completude_nao_comprovada;"1 itens armazenados via chamada unica sem paginacao (bug v1); pode estar completo (lista curta) ou truncado. Nao ha evidencia suficiente para afirmar completude sem repetir a consulta com paginacao real."
paginacao_itens;05986427000124-1-000012/2025;completude_nao_comprovada;"1 itens armazenados via chamada unica sem paginacao (bug v1); pode estar completo (lista curta) ou truncado. Nao ha evidencia suficiente para afirmar completude sem repetir a consulta com paginacao real."
paginacao_itens;05986427000124-1-000013/2025;completude_nao_comprovada_alta_prioridade;"exatamente 10 itens armazenados; tamanho tipico de 1a pagina do endpoint. Bug v1: coletor fez 1 chamada sem parametros pagina/tamanhoPagina e assumiu completude. Requer nova consulta paginada real (pagina=1,2,3,... ate esgotar) para confirmar total."
paginacao_itens;05986427000124-1-000015/2025;completude_nao_comprovada;"2 itens armazenados via chamada unica sem paginacao (bug v1); pode estar completo (lista curta) ou truncado. Nao ha evidencia suficiente para afirmar completude sem repetir a consulta com paginacao real."
paginacao_itens;05986427000124-1-000016/2025;completude_nao_comprovada;"7 itens armazenados via chamada unica sem paginacao (bug v1); pode estar completo (lista curta) ou truncado. Nao ha evidencia suficiente para afirmar completude sem repetir a consulta com paginacao real."
paginacao_itens;05986427000124-1-000017/2025;completude_nao_comprovada;"1 itens armazenados via chamada unica sem paginacao (bug v1); pode estar completo (lista curta) ou truncado. Nao ha evidencia suficiente para afirmar completude sem repetir a consulta com paginacao real."
paginacao_itens;05986427000124-1-000018/2025;completude_nao_comprovada_alta_prioridade;"exatamente 10 itens armazenados; tamanho tipico de 1a pagina do endpoint. Bug v1: coletor fez 1 chamada sem parametros pagina/tamanhoPagina e assumiu completude. Requer nova consulta paginada real (pagina=1,2,3,... ate esgotar) para confirmar total."
paginacao_itens;05986427000124-1-000019/2025;completude_nao_comprovada_alta_prioridade;"exatamente 10 itens armazenados; tamanho tipico de 1a pagina do endpoint. Bug v1: coletor fez 1 chamada sem parametros pagina/tamanhoPagina e assumiu completude. Requer nova consulta paginada real (pagina=1,2,3,... ate esgotar) para confirmar total."
paginacao_itens;05986427000124-1-000020/2025;completude_nao_comprovada_alta_prioridade;"exatamente 10 itens armazenados; tamanho tipico de 1a pagina do endpoint. Bug v1: coletor fez 1 chamada sem parametros pagina/tamanhoPagina e assumiu completude. Requer nova consulta paginada real (pagina=1,2,3,... ate esgotar) para confirmar total."
paginacao_itens;05986427000124-1-000021/2025;completude_nao_comprovada;"1 itens armazenados via chamada unica sem paginacao (bug v1); pode estar completo (lista curta) ou truncado. Nao ha evidencia suficiente para afirmar completude sem repetir a consulta com paginacao real."
paginacao_itens;05986427000124-1-000022/2025;completude_nao_comprovada;"5 itens armazenados via chamada unica sem paginacao (bug v1); pode estar completo (lista curta) ou truncado. Nao ha evidencia suficiente para afirmar completude sem repetir a consulta com paginacao real."
paginacao_itens;05986427000124-1-000023/2025;completude_nao_comprovada;"3 itens armazenados via chamada unica sem paginacao (bug v1); pode estar completo (lista curta) ou truncado. Nao ha evidencia suficiente para afirmar completude sem repetir a consulta com paginacao real."
paginacao_itens;05986427000124-1-000026/2025;completude_nao_comprovada;"3 itens armazenados via chamada unica sem paginacao (bug v1); pode estar completo (lista curta) ou truncado. Nao ha evidencia suficiente para afirmar completude sem repetir a consulta com paginacao real."
paginacao_itens;05986427000124-1-000027/2025;completude_nao_comprovada;"2 itens armazenados via chamada unica sem paginacao (bug v1); pode estar completo (lista curta) ou truncado. Nao ha evidencia suficiente para afirmar completude sem repetir a consulta com paginacao real."
paginacao_itens;05986427000124-1-000028/2025;completude_nao_comprovada;"3 itens armazenados via chamada unica sem paginacao (bug v1); pode estar completo (lista curta) ou truncado. Nao ha evidencia suficiente para afirmar completude sem repetir a consulta com paginacao real."
paginacao_itens;05989116000119-1-000001/2025;completude_nao_comprovada_alta_prioridade;"exatamente 10 itens armazenados; tamanho tipico de 1a pagina do endpoint. Bug v1: coletor fez 1 chamada sem parametros pagina/tamanhoPagina e assumiu completude. Requer nova consulta paginada real (pagina=1,2,3,... ate esgotar) para confirmar total."
paginacao_itens;05989116000119-1-000001/2026;completude_nao_comprovada_alta_prioridade;"exatamente 10 itens armazenados; tamanho tipico de 1a pagina do endpoint. Bug v1: coletor fez 1 chamada sem parametros pagina/tamanhoPagina e assumiu completude. Requer nova consulta paginada real (pagina=1,2,3,... ate esgotar) para confirmar total."
paginacao_itens;05989116000119-1-000002/2025;completude_nao_comprovada_alta_prioridade;"exatamente 10 itens armazenados; tamanho tipico de 1a pagina do endpoint. Bug v1: coletor fez 1 chamada sem parametros pagina/tamanhoPagina e assumiu completude. Requer nova consulta paginada real (pagina=1,2,3,... ate esgotar) para confirmar total."
paginacao_itens;05989116000119-1-000003/2025;completude_nao_comprovada_alta_prioridade;"exatamente 10 itens armazenados; tamanho tipico de 1a pagina do endpoint. Bug v1: coletor fez 1 chamada sem parametros pagina/tamanhoPagina e assumiu completude. Requer nova consulta paginada real (pagina=1,2,3,... ate esgotar) para confirmar total."
paginacao_itens;05989116000119-1-000004/2025;completude_nao_comprovada_alta_prioridade;"exatamente 10 itens armazenados; tamanho tipico de 1a pagina do endpoint. Bug v1: coletor fez 1 chamada sem parametros pagina/tamanhoPagina e assumiu completude. Requer nova consulta paginada real (pagina=1,2,3,... ate esgotar) para confirmar total."
paginacao_itens;05989116000119-1-000004/2026;completude_nao_comprovada;"2 itens armazenados via chamada unica sem paginacao (bug v1); pode estar completo (lista curta) ou truncado. Nao ha evidencia suficiente para afirmar completude sem repetir a consulta com paginacao real."
paginacao_itens;05989116000119-1-000005/2025;completude_nao_comprovada_alta_prioridade;"exatamente 10 itens armazenados; tamanho tipico de 1a pagina do endpoint. Bug v1: coletor fez 1 chamada sem parametros pagina/tamanhoPagina e assumiu completude. Requer nova consulta paginada real (pagina=1,2,3,... ate esgotar) para confirmar total."
paginacao_itens;05989116000119-1-000007/2025;completude_nao_comprovada_alta_prioridade;"exatamente 10 itens armazenados; tamanho tipico de 1a pagina do endpoint. Bug v1: coletor fez 1 chamada sem parametros pagina/tamanhoPagina e assumiu completude. Requer nova consulta paginada real (pagina=1,2,3,... ate esgotar) para confirmar total."
paginacao_itens;05989116000119-1-000008/2025;completude_nao_comprovada_alta_prioridade;"exatamente 10 itens armazenados; tamanho tipico de 1a pagina do endpoint. Bug v1: coletor fez 1 chamada sem parametros pagina/tamanhoPagina e assumiu completude. Requer nova consulta paginada real (pagina=1,2,3,... ate esgotar) para confirmar total."
paginacao_itens;05989116000119-1-000009/2025;completude_nao_comprovada_alta_prioridade;"exatamente 10 itens armazenados; tamanho tipico de 1a pagina do endpoint. Bug v1: coletor fez 1 chamada sem parametros pagina/tamanhoPagina e assumiu completude. Requer nova consulta paginada real (pagina=1,2,3,... ate esgotar) para confirmar total."
paginacao_itens;05989116000119-1-000010/2025;completude_nao_comprovada_alta_prioridade;"exatamente 10 itens armazenados; tamanho tipico de 1a pagina do endpoint. Bug v1: coletor fez 1 chamada sem parametros pagina/tamanhoPagina e assumiu completude. Requer nova consulta paginada real (pagina=1,2,3,... ate esgotar) para confirmar total."
paginacao_itens;05989116000119-1-000011/2025;completude_nao_comprovada;"4 itens armazenados via chamada unica sem paginacao (bug v1); pode estar completo (lista curta) ou truncado. Nao ha evidencia suficiente para afirmar completude sem repetir a consulta com paginacao real."
paginacao_itens;05990437000133-1-000001/2026;completude_nao_comprovada;"5 itens armazenados via chamada unica sem paginacao (bug v1); pode estar completo (lista curta) ou truncado. Nao ha evidencia suficiente para afirmar completude sem repetir a consulta com paginacao real."
paginacao_itens;05990437000133-1-000002/2025;completude_nao_comprovada;"1 itens armazenados via chamada unica sem paginacao (bug v1); pode estar completo (lista curta) ou truncado. Nao ha evidencia suficiente para afirmar completude sem repetir a consulta com paginacao real."
paginacao_itens;05990437000133-1-000002/2026;completude_nao_comprovada_alta_prioridade;"exatamente 10 itens armazenados; tamanho tipico de 1a pagina do endpoint. Bug v1: coletor fez 1 chamada sem parametros pagina/tamanhoPagina e assumiu completude. Requer nova consulta paginada real (pagina=1,2,3,... ate esgotar) para confirmar total."
paginacao_itens;05990437000133-1-000003/2025;completude_nao_comprovada;"5 itens armazenados via chamada unica sem paginacao (bug v1); pode estar completo (lista curta) ou truncado. Nao ha evidencia suficiente para afirmar completude sem repetir a consulta com paginacao real."
paginacao_itens;05990437000133-1-000004/2026;completude_nao_comprovada_alta_prioridade;"exatamente 10 itens armazenados; tamanho tipico de 1a pagina do endpoint. Bug v1: coletor fez 1 chamada sem parametros pagina/tamanhoPagina e assumiu completude. Requer nova consulta paginada real (pagina=1,2,3,... ate esgotar) para confirmar total."
paginacao_itens;05990437000133-1-000005/2026;completude_nao_comprovada_alta_prioridade;"exatamente 10 itens armazenados; tamanho tipico de 1a pagina do endpoint. Bug v1: coletor fez 1 chamada sem parametros pagina/tamanhoPagina e assumiu completude. Requer nova consulta paginada real (pagina=1,2,3,... ate esgotar) para confirmar total."
paginacao_itens;05990437000133-1-000006/2025;completude_nao_comprovada;"1 itens armazenados via chamada unica sem paginacao (bug v1); pode estar completo (lista curta) ou truncado. Nao ha evidencia suficiente para afirmar completude sem repetir a consulta com paginacao real."
paginacao_itens;05990437000133-1-000006/2026;completude_nao_comprovada_alta_prioridade;"exatamente 10 itens armazenados; tamanho tipico de 1a pagina do endpoint. Bug v1: coletor fez 1 chamada sem parametros pagina/tamanhoPagina e assumiu completude. Requer nova consulta paginada real (pagina=1,2,3,... ate esgotar) para confirmar total."
paginacao_itens;05990437000133-1-000007/2025;completude_nao_comprovada;"5 itens armazenados via chamada unica sem paginacao (bug v1); pode estar completo (lista curta) ou truncado. Nao ha evidencia suficiente para afirmar completude sem repetir a consulta com paginacao real."
paginacao_itens;05990437000133-1-000007/2026;completude_nao_comprovada;"6 itens armazenados via chamada unica sem paginacao (bug v1); pode estar completo (lista curta) ou truncado. Nao ha evidencia suficiente para afirmar completude sem repetir a consulta com paginacao real."
paginacao_itens;05990437000133-1-000008/2025;completude_nao_comprovada;"1 itens armazenados via chamada unica sem paginacao (bug v1); pode estar completo (lista curta) ou truncado. Nao ha evidencia suficiente para afirmar completude sem repetir a consulta com paginacao real."
paginacao_itens;05990437000133-1-000009/2025;completude_nao_comprovada;"2 itens armazenados via chamada unica sem paginacao (bug v1); pode estar completo (lista curta) ou truncado. Nao ha evidencia suficiente para afirmar completude sem repetir a consulta com paginacao real."
paginacao_itens;05990437000133-1-000010/2025;completude_nao_comprovada_alta_prioridade;"exatamente 10 itens armazenados; tamanho tipico de 1a pagina do endpoint. Bug v1: coletor fez 1 chamada sem parametros pagina/tamanhoPagina e assumiu completude. Requer nova consulta paginada real (pagina=1,2,3,... ate esgotar) para confirmar total."
paginacao_itens;05990437000133-1-000011/2025;completude_nao_comprovada;"1 itens armazenados via chamada unica sem paginacao (bug v1); pode estar completo (lista curta) ou truncado. Nao ha evidencia suficiente para afirmar completude sem repetir a consulta com paginacao real."
paginacao_itens;05990437000133-1-000011/2026;completude_nao_comprovada;"4 itens armazenados via chamada unica sem paginacao (bug v1); pode estar completo (lista curta) ou truncado. Nao ha evidencia suficiente para afirmar completude sem repetir a consulta com paginacao real."
paginacao_itens;05990437000133-1-000013/2025;completude_nao_comprovada_alta_prioridade;"exatamente 10 itens armazenados; tamanho tipico de 1a pagina do endpoint. Bug v1: coletor fez 1 chamada sem parametros pagina/tamanhoPagina e assumiu completude. Requer nova consulta paginada real (pagina=1,2,3,... ate esgotar) para confirmar total."
paginacao_itens;05990437000133-1-000014/2025;completude_nao_comprovada_alta_prioridade;"exatamente 10 itens armazenados; tamanho tipico de 1a pagina do endpoint. Bug v1: coletor fez 1 chamada sem parametros pagina/tamanhoPagina e assumiu completude. Requer nova consulta paginada real (pagina=1,2,3,... ate esgotar) para confirmar total."
paginacao_itens;05990437000133-1-000014/2026;completude_nao_comprovada_alta_prioridade;"exatamente 10 itens armazenados; tamanho tipico de 1a pagina do endpoint. Bug v1: coletor fez 1 chamada sem parametros pagina/tamanhoPagina e assumiu completude. Requer nova consulta paginada real (pagina=1,2,3,... ate esgotar) para confirmar total."
paginacao_itens;05990437000133-1-000015/2025;completude_nao_comprovada;"1 itens armazenados via chamada unica sem paginacao (bug v1); pode estar completo (lista curta) ou truncado. Nao ha evidencia suficiente para afirmar completude sem repetir a consulta com paginacao real."
paginacao_itens;05990437000133-1-000015/2026;completude_nao_comprovada_alta_prioridade;"exatamente 10 itens armazenados; tamanho tipico de 1a pagina do endpoint. Bug v1: coletor fez 1 chamada sem parametros pagina/tamanhoPagina e assumiu completude. Requer nova consulta paginada real (pagina=1,2,3,... ate esgotar) para confirmar total."
paginacao_itens;05990437000133-1-000017/2025;completude_nao_comprovada_alta_prioridade;"exatamente 10 itens armazenados; tamanho tipico de 1a pagina do endpoint. Bug v1: coletor fez 1 chamada sem parametros pagina/tamanhoPagina e assumiu completude. Requer nova consulta paginada real (pagina=1,2,3,... ate esgotar) para confirmar total."
paginacao_itens;05990437000133-1-000018/2025;completude_nao_comprovada;"6 itens armazenados via chamada unica sem paginacao (bug v1); pode estar completo (lista curta) ou truncado. Nao ha evidencia suficiente para afirmar completude sem repetir a consulta com paginacao real."
paginacao_itens;05990437000133-1-000021/2025;completude_nao_comprovada;"3 itens armazenados via chamada unica sem paginacao (bug v1); pode estar completo (lista curta) ou truncado. Nao ha evidencia suficiente para afirmar completude sem repetir a consulta com paginacao real."
paginacao_itens;05990437000133-1-000026/2025;completude_nao_comprovada_alta_prioridade;"exatamente 10 itens armazenados; tamanho tipico de 1a pagina do endpoint. Bug v1: coletor fez 1 chamada sem parametros pagina/tamanhoPagina e assumiu completude. Requer nova consulta paginada real (pagina=1,2,3,... ate esgotar) para confirmar total."
paginacao_itens;05990437000133-1-000027/2025;completude_nao_comprovada_alta_prioridade;"exatamente 10 itens armazenados; tamanho tipico de 1a pagina do endpoint. Bug v1: coletor fez 1 chamada sem parametros pagina/tamanhoPagina e assumiu completude. Requer nova consulta paginada real (pagina=1,2,3,... ate esgotar) para confirmar total."
paginacao_itens;05990437000133-1-000028/2025;completude_nao_comprovada;"5 itens armazenados via chamada unica sem paginacao (bug v1); pode estar completo (lista curta) ou truncado. Nao ha evidencia suficiente para afirmar completude sem repetir a consulta com paginacao real."
paginacao_itens;05990437000133-1-000029/2025;completude_nao_comprovada_alta_prioridade;"exatamente 10 itens armazenados; tamanho tipico de 1a pagina do endpoint. Bug v1: coletor fez 1 chamada sem parametros pagina/tamanhoPagina e assumiu completude. Requer nova consulta paginada real (pagina=1,2,3,... ate esgotar) para confirmar total."
paginacao_itens;05990437000133-1-000030/2025;completude_nao_comprovada_alta_prioridade;"exatamente 10 itens armazenados; tamanho tipico de 1a pagina do endpoint. Bug v1: coletor fez 1 chamada sem parametros pagina/tamanhoPagina e assumiu completude. Requer nova consulta paginada real (pagina=1,2,3,... ate esgotar) para confirmar total."
paginacao_itens;05990437000133-1-000031/2025;completude_nao_comprovada;"8 itens armazenados via chamada unica sem paginacao (bug v1); pode estar completo (lista curta) ou truncado. Nao ha evidencia suficiente para afirmar completude sem repetir a consulta com paginacao real."
paginacao_itens;05990437000133-1-000032/2025;completude_nao_comprovada_alta_prioridade;"exatamente 10 itens armazenados; tamanho tipico de 1a pagina do endpoint. Bug v1: coletor fez 1 chamada sem parametros pagina/tamanhoPagina e assumiu completude. Requer nova consulta paginada real (pagina=1,2,3,... ate esgotar) para confirmar total."
paginacao_itens;05990437000133-1-000033/2025;completude_nao_comprovada_alta_prioridade;"exatamente 10 itens armazenados; tamanho tipico de 1a pagina do endpoint. Bug v1: coletor fez 1 chamada sem parametros pagina/tamanhoPagina e assumiu completude. Requer nova consulta paginada real (pagina=1,2,3,... ate esgotar) para confirmar total."
paginacao_itens;05990437000133-1-000034/2025;completude_nao_comprovada_alta_prioridade;"exatamente 10 itens armazenados; tamanho tipico de 1a pagina do endpoint. Bug v1: coletor fez 1 chamada sem parametros pagina/tamanhoPagina e assumiu completude. Requer nova consulta paginada real (pagina=1,2,3,... ate esgotar) para confirmar total."
paginacao_itens;05990437000133-1-000035/2025;completude_nao_comprovada;"1 itens armazenados via chamada unica sem paginacao (bug v1); pode estar completo (lista curta) ou truncado. Nao ha evidencia suficiente para afirmar completude sem repetir a consulta com paginacao real."
paginacao_itens;05990437000133-1-000038/2025;completude_nao_comprovada_alta_prioridade;"exatamente 10 itens armazenados; tamanho tipico de 1a pagina do endpoint. Bug v1: coletor fez 1 chamada sem parametros pagina/tamanhoPagina e assumiu completude. Requer nova consulta paginada real (pagina=1,2,3,... ate esgotar) para confirmar total."
paginacao_itens;05990437000133-1-000039/2025;completude_nao_comprovada;"1 itens armazenados via chamada unica sem paginacao (bug v1); pode estar completo (lista curta) ou truncado. Nao ha evidencia suficiente para afirmar completude sem repetir a consulta com paginacao real."
paginacao_itens;05990437000133-1-000041/2025;completude_nao_comprovada;"5 itens armazenados via chamada unica sem paginacao (bug v1); pode estar completo (lista curta) ou truncado. Nao ha evidencia suficiente para afirmar completude sem repetir a consulta com paginacao real."
paginacao_itens;05990437000133-1-000043/2025;completude_nao_comprovada_alta_prioridade;"exatamente 10 itens armazenados; tamanho tipico de 1a pagina do endpoint. Bug v1: coletor fez 1 chamada sem parametros pagina/tamanhoPagina e assumiu completude. Requer nova consulta paginada real (pagina=1,2,3,... ate esgotar) para confirmar total."
paginacao_itens;05990437000133-1-000044/2025;completude_nao_comprovada_alta_prioridade;"exatamente 10 itens armazenados; tamanho tipico de 1a pagina do endpoint. Bug v1: coletor fez 1 chamada sem parametros pagina/tamanhoPagina e assumiu completude. Requer nova consulta paginada real (pagina=1,2,3,... ate esgotar) para confirmar total."
paginacao_itens;05990445000180-1-000005/2025;completude_nao_comprovada;"1 itens armazenados via chamada unica sem paginacao (bug v1); pode estar completo (lista curta) ou truncado. Nao ha evidencia suficiente para afirmar completude sem repetir a consulta com paginacao real."
paginacao_itens;05990445000180-1-000005/2026;completude_nao_comprovada;"1 itens armazenados via chamada unica sem paginacao (bug v1); pode estar completo (lista curta) ou truncado. Nao ha evidencia suficiente para afirmar completude sem repetir a consulta com paginacao real."
paginacao_itens;05990445000180-1-000006/2025;completude_nao_comprovada;"1 itens armazenados via chamada unica sem paginacao (bug v1); pode estar completo (lista curta) ou truncado. Nao ha evidencia suficiente para afirmar completude sem repetir a consulta com paginacao real."
paginacao_itens;05990445000180-1-000007/2025;completude_nao_comprovada;"1 itens armazenados via chamada unica sem paginacao (bug v1); pode estar completo (lista curta) ou truncado. Nao ha evidencia suficiente para afirmar completude sem repetir a consulta com paginacao real."
paginacao_itens;05990445000180-1-000010/2025;completude_nao_comprovada;"4 itens armazenados via chamada unica sem paginacao (bug v1); pode estar completo (lista curta) ou truncado. Nao ha evidencia suficiente para afirmar completude sem repetir a consulta com paginacao real."
paginacao_itens;05990445000180-1-000012/2025;completude_nao_comprovada;"1 itens armazenados via chamada unica sem paginacao (bug v1); pode estar completo (lista curta) ou truncado. Nao ha evidencia suficiente para afirmar completude sem repetir a consulta com paginacao real."
paginacao_itens;05990445000180-1-000013/2025;completude_nao_comprovada;"2 itens armazenados via chamada unica sem paginacao (bug v1); pode estar completo (lista curta) ou truncado. Nao ha evidencia suficiente para afirmar completude sem repetir a consulta com paginacao real."
paginacao_itens;05990445000180-1-000013/2026;completude_nao_comprovada;"1 itens armazenados via chamada unica sem paginacao (bug v1); pode estar completo (lista curta) ou truncado. Nao ha evidencia suficiente para afirmar completude sem repetir a consulta com paginacao real."
paginacao_itens;05990445000180-1-000014/2025;completude_nao_comprovada;"1 itens armazenados via chamada unica sem paginacao (bug v1); pode estar completo (lista curta) ou truncado. Nao ha evidencia suficiente para afirmar completude sem repetir a consulta com paginacao real."
paginacao_itens;05990445000180-1-000023/2024;completude_nao_comprovada;"8 itens armazenados via chamada unica sem paginacao (bug v1); pode estar completo (lista curta) ou truncado. Nao ha evidencia suficiente para afirmar completude sem repetir a consulta com paginacao real."
paginacao_itens;05990445000180-1-000024/2024;completude_nao_comprovada;"1 itens armazenados via chamada unica sem paginacao (bug v1); pode estar completo (lista curta) ou truncado. Nao ha evidencia suficiente para afirmar completude sem repetir a consulta com paginacao real."
paginacao_itens;05995766000177-1-000001/2026;completude_nao_comprovada;"1 itens armazenados via chamada unica sem paginacao (bug v1); pode estar completo (lista curta) ou truncado. Nao ha evidencia suficiente para afirmar completude sem repetir a consulta com paginacao real."
paginacao_itens;05995766000177-1-000002/2025;completude_nao_comprovada;"1 itens armazenados via chamada unica sem paginacao (bug v1); pode estar completo (lista curta) ou truncado. Nao ha evidencia suficiente para afirmar completude sem repetir a consulta com paginacao real."
paginacao_itens;05995766000177-1-000004/2025;completude_nao_comprovada;"1 itens armazenados via chamada unica sem paginacao (bug v1); pode estar completo (lista curta) ou truncado. Nao ha evidencia suficiente para afirmar completude sem repetir a consulta com paginacao real."
paginacao_itens;05995766000177-1-000004/2026;completude_nao_comprovada_alta_prioridade;"exatamente 10 itens armazenados; tamanho tipico de 1a pagina do endpoint. Bug v1: coletor fez 1 chamada sem parametros pagina/tamanhoPagina e assumiu completude. Requer nova consulta paginada real (pagina=1,2,3,... ate esgotar) para confirmar total."
paginacao_itens;05995766000177-1-000005/2025;completude_nao_comprovada;"1 itens armazenados via chamada unica sem paginacao (bug v1); pode estar completo (lista curta) ou truncado. Nao ha evidencia suficiente para afirmar completude sem repetir a consulta com paginacao real."
paginacao_itens;05995766000177-1-000006/2025;completude_nao_comprovada;"1 itens armazenados via chamada unica sem paginacao (bug v1); pode estar completo (lista curta) ou truncado. Nao ha evidencia suficiente para afirmar completude sem repetir a consulta com paginacao real."
paginacao_itens;05995766000177-1-000006/2026;completude_nao_comprovada;"1 itens armazenados via chamada unica sem paginacao (bug v1); pode estar completo (lista curta) ou truncado. Nao ha evidencia suficiente para afirmar completude sem repetir a consulta com paginacao real."
paginacao_itens;05995766000177-1-000007/2025;completude_nao_comprovada;"1 itens armazenados via chamada unica sem paginacao (bug v1); pode estar completo (lista curta) ou truncado. Nao ha evidencia suficiente para afirmar completude sem repetir a consulta com paginacao real."
paginacao_itens;05995766000177-1-000008/2025;completude_nao_comprovada;"1 itens armazenados via chamada unica sem paginacao (bug v1); pode estar completo (lista curta) ou truncado. Nao ha evidencia suficiente para afirmar completude sem repetir a consulta com paginacao real."
paginacao_itens;05995766000177-1-000009/2025;completude_nao_comprovada_alta_prioridade;"exatamente 10 itens armazenados; tamanho tipico de 1a pagina do endpoint. Bug v1: coletor fez 1 chamada sem parametros pagina/tamanhoPagina e assumiu completude. Requer nova consulta paginada real (pagina=1,2,3,... ate esgotar) para confirmar total."
paginacao_itens;05995766000177-1-000010/2026;completude_nao_comprovada;"5 itens armazenados via chamada unica sem paginacao (bug v1); pode estar completo (lista curta) ou truncado. Nao ha evidencia suficiente para afirmar completude sem repetir a consulta com paginacao real."
paginacao_itens;05995766000177-1-000012/2026;completude_nao_comprovada_alta_prioridade;"exatamente 10 itens armazenados; tamanho tipico de 1a pagina do endpoint. Bug v1: coletor fez 1 chamada sem parametros pagina/tamanhoPagina e assumiu completude. Requer nova consulta paginada real (pagina=1,2,3,... ate esgotar) para confirmar total."
paginacao_itens;05995766000177-1-000014/2025;completude_nao_comprovada;"1 itens armazenados via chamada unica sem paginacao (bug v1); pode estar completo (lista curta) ou truncado. Nao ha evidencia suficiente para afirmar completude sem repetir a consulta com paginacao real."
paginacao_itens;05995766000177-1-000014/2026;completude_nao_comprovada;"1 itens armazenados via chamada unica sem paginacao (bug v1); pode estar completo (lista curta) ou truncado. Nao ha evidencia suficiente para afirmar completude sem repetir a consulta com paginacao real."
paginacao_itens;05995766000177-1-000015/2025;completude_nao_comprovada;"1 itens armazenados via chamada unica sem paginacao (bug v1); pode estar completo (lista curta) ou truncado. Nao ha evidencia suficiente para afirmar completude sem repetir a consulta com paginacao real."
paginacao_itens;05995766000177-1-000017/2025;completude_nao_comprovada;"1 itens armazenados via chamada unica sem paginacao (bug v1); pode estar completo (lista curta) ou truncado. Nao ha evidencia suficiente para afirmar completude sem repetir a consulta com paginacao real."
paginacao_itens;05995766000177-1-000018/2026;completude_nao_comprovada;"1 itens armazenados via chamada unica sem paginacao (bug v1); pode estar completo (lista curta) ou truncado. Nao ha evidencia suficiente para afirmar completude sem repetir a consulta com paginacao real."
paginacao_itens;05995766000177-1-000019/2025;completude_nao_comprovada_alta_prioridade;"exatamente 10 itens armazenados; tamanho tipico de 1a pagina do endpoint. Bug v1: coletor fez 1 chamada sem parametros pagina/tamanhoPagina e assumiu completude. Requer nova consulta paginada real (pagina=1,2,3,... ate esgotar) para confirmar total."
paginacao_itens;05995766000177-1-000019/2026;completude_nao_comprovada;"5 itens armazenados via chamada unica sem paginacao (bug v1); pode estar completo (lista curta) ou truncado. Nao ha evidencia suficiente para afirmar completude sem repetir a consulta com paginacao real."
paginacao_itens;05995766000177-1-000021/2025;completude_nao_comprovada_alta_prioridade;"exatamente 10 itens armazenados; tamanho tipico de 1a pagina do endpoint. Bug v1: coletor fez 1 chamada sem parametros pagina/tamanhoPagina e assumiu completude. Requer nova consulta paginada real (pagina=1,2,3,... ate esgotar) para confirmar total."
paginacao_itens;05995766000177-1-000022/2025;completude_nao_comprovada_alta_prioridade;"exatamente 10 itens armazenados; tamanho tipico de 1a pagina do endpoint. Bug v1: coletor fez 1 chamada sem parametros pagina/tamanhoPagina e assumiu completude. Requer nova consulta paginada real (pagina=1,2,3,... ate esgotar) para confirmar total."
paginacao_itens;05995766000177-1-000022/2026;completude_nao_comprovada_alta_prioridade;"exatamente 10 itens armazenados; tamanho tipico de 1a pagina do endpoint. Bug v1: coletor fez 1 chamada sem parametros pagina/tamanhoPagina e assumiu completude. Requer nova consulta paginada real (pagina=1,2,3,... ate esgotar) para confirmar total."
paginacao_itens;05995766000177-1-000027/2025;completude_nao_comprovada;"1 itens armazenados via chamada unica sem paginacao (bug v1); pode estar completo (lista curta) ou truncado. Nao ha evidencia suficiente para afirmar completude sem repetir a consulta com paginacao real."
paginacao_itens;05995766000177-1-000028/2025;completude_nao_comprovada_alta_prioridade;"exatamente 10 itens armazenados; tamanho tipico de 1a pagina do endpoint. Bug v1: coletor fez 1 chamada sem parametros pagina/tamanhoPagina e assumiu completude. Requer nova consulta paginada real (pagina=1,2,3,... ate esgotar) para confirmar total."
paginacao_itens;05995766000177-1-000029/2025;completude_nao_comprovada;"4 itens armazenados via chamada unica sem paginacao (bug v1); pode estar completo (lista curta) ou truncado. Nao ha evidencia suficiente para afirmar completude sem repetir a consulta com paginacao real."
paginacao_itens;05995766000177-1-000030/2025;completude_nao_comprovada;"1 itens armazenados via chamada unica sem paginacao (bug v1); pode estar completo (lista curta) ou truncado. Nao ha evidencia suficiente para afirmar completude sem repetir a consulta com paginacao real."
paginacao_itens;05995766000177-1-000031/2025;completude_nao_comprovada;"4 itens armazenados via chamada unica sem paginacao (bug v1); pode estar completo (lista curta) ou truncado. Nao ha evidencia suficiente para afirmar completude sem repetir a consulta com paginacao real."
paginacao_itens;05995766000177-1-000032/2025;completude_nao_comprovada;"4 itens armazenados via chamada unica sem paginacao (bug v1); pode estar completo (lista curta) ou truncado. Nao ha evidencia suficiente para afirmar completude sem repetir a consulta com paginacao real."
paginacao_itens;05995766000177-1-000033/2025;completude_nao_comprovada;"1 itens armazenados via chamada unica sem paginacao (bug v1); pode estar completo (lista curta) ou truncado. Nao ha evidencia suficiente para afirmar completude sem repetir a consulta com paginacao real."
paginacao_itens;05995766000177-1-000034/2025;completude_nao_comprovada_alta_prioridade;"exatamente 10 itens armazenados; tamanho tipico de 1a pagina do endpoint. Bug v1: coletor fez 1 chamada sem parametros pagina/tamanhoPagina e assumiu completude. Requer nova consulta paginada real (pagina=1,2,3,... ate esgotar) para confirmar total."
paginacao_itens;05995766000177-1-000035/2025;completude_nao_comprovada;"2 itens armazenados via chamada unica sem paginacao (bug v1); pode estar completo (lista curta) ou truncado. Nao ha evidencia suficiente para afirmar completude sem repetir a consulta com paginacao real."
paginacao_itens;05995766000177-1-000036/2025;completude_nao_comprovada_alta_prioridade;"exatamente 10 itens armazenados; tamanho tipico de 1a pagina do endpoint. Bug v1: coletor fez 1 chamada sem parametros pagina/tamanhoPagina e assumiu completude. Requer nova consulta paginada real (pagina=1,2,3,... ate esgotar) para confirmar total."
paginacao_itens;05995766000177-1-000037/2025;completude_nao_comprovada;"1 itens armazenados via chamada unica sem paginacao (bug v1); pode estar completo (lista curta) ou truncado. Nao ha evidencia suficiente para afirmar completude sem repetir a consulta com paginacao real."
paginacao_itens;05995766000177-1-000038/2025;completude_nao_comprovada;"1 itens armazenados via chamada unica sem paginacao (bug v1); pode estar completo (lista curta) ou truncado. Nao ha evidencia suficiente para afirmar completude sem repetir a consulta com paginacao real."
paginacao_itens;05995766000177-1-000039/2025;completude_nao_comprovada;"1 itens armazenados via chamada unica sem paginacao (bug v1); pode estar completo (lista curta) ou truncado. Nao ha evidencia suficiente para afirmar completude sem repetir a consulta com paginacao real."
paginacao_itens;05995766000177-1-000040/2025;completude_nao_comprovada;"2 itens armazenados via chamada unica sem paginacao (bug v1); pode estar completo (lista curta) ou truncado. Nao ha evidencia suficiente para afirmar completude sem repetir a consulta com paginacao real."
paginacao_itens;05995766000177-1-000041/2025;completude_nao_comprovada;"1 itens armazenados via chamada unica sem paginacao (bug v1); pode estar completo (lista curta) ou truncado. Nao ha evidencia suficiente para afirmar completude sem repetir a consulta com paginacao real."
paginacao_itens;05995766000177-1-000042/2025;completude_nao_comprovada;"1 itens armazenados via chamada unica sem paginacao (bug v1); pode estar completo (lista curta) ou truncado. Nao ha evidencia suficiente para afirmar completude sem repetir a consulta com paginacao real."
paginacao_itens;05995766000177-1-000043/2025;completude_nao_comprovada;"1 itens armazenados via chamada unica sem paginacao (bug v1); pode estar completo (lista curta) ou truncado. Nao ha evidencia suficiente para afirmar completude sem repetir a consulta com paginacao real."
paginacao_itens;05995766000177-1-000045/2025;completude_nao_comprovada_alta_prioridade;"exatamente 10 itens armazenados; tamanho tipico de 1a pagina do endpoint. Bug v1: coletor fez 1 chamada sem parametros pagina/tamanhoPagina e assumiu completude. Requer nova consulta paginada real (pagina=1,2,3,... ate esgotar) para confirmar total."
paginacao_itens;05995766000177-1-000047/2025;completude_nao_comprovada;"1 itens armazenados via chamada unica sem paginacao (bug v1); pode estar completo (lista curta) ou truncado. Nao ha evidencia suficiente para afirmar completude sem repetir a consulta com paginacao real."
paginacao_itens;05995766000177-1-000048/2025;completude_nao_comprovada;"2 itens armazenados via chamada unica sem paginacao (bug v1); pode estar completo (lista curta) ou truncado. Nao ha evidencia suficiente para afirmar completude sem repetir a consulta com paginacao real."
paginacao_itens;05995766000177-1-000049/2025;completude_nao_comprovada;"1 itens armazenados via chamada unica sem paginacao (bug v1); pode estar completo (lista curta) ou truncado. Nao ha evidencia suficiente para afirmar completude sem repetir a consulta com paginacao real."
paginacao_itens;05995766000177-1-000050/2025;completude_nao_comprovada_alta_prioridade;"exatamente 10 itens armazenados; tamanho tipico de 1a pagina do endpoint. Bug v1: coletor fez 1 chamada sem parametros pagina/tamanhoPagina e assumiu completude. Requer nova consulta paginada real (pagina=1,2,3,... ate esgotar) para confirmar total."
paginacao_itens;05995766000177-1-000053/2025;completude_nao_comprovada;"1 itens armazenados via chamada unica sem paginacao (bug v1); pode estar completo (lista curta) ou truncado. Nao ha evidencia suficiente para afirmar completude sem repetir a consulta com paginacao real."
paginacao_itens;05995766000177-1-000054/2025;completude_nao_comprovada_alta_prioridade;"exatamente 10 itens armazenados; tamanho tipico de 1a pagina do endpoint. Bug v1: coletor fez 1 chamada sem parametros pagina/tamanhoPagina e assumiu completude. Requer nova consulta paginada real (pagina=1,2,3,... ate esgotar) para confirmar total."
paginacao_itens;05995766000177-1-000056/2025;completude_nao_comprovada;"1 itens armazenados via chamada unica sem paginacao (bug v1); pode estar completo (lista curta) ou truncado. Nao ha evidencia suficiente para afirmar completude sem repetir a consulta com paginacao real."
paginacao_itens;05995766000177-1-000057/2025;completude_nao_comprovada;"6 itens armazenados via chamada unica sem paginacao (bug v1); pode estar completo (lista curta) ou truncado. Nao ha evidencia suficiente para afirmar completude sem repetir a consulta com paginacao real."
paginacao_itens;05995766000177-1-000061/2025;completude_nao_comprovada;"1 itens armazenados via chamada unica sem paginacao (bug v1); pode estar completo (lista curta) ou truncado. Nao ha evidencia suficiente para afirmar completude sem repetir a consulta com paginacao real."
paginacao_itens;05995766000177-1-000065/2025;completude_nao_comprovada;"1 itens armazenados via chamada unica sem paginacao (bug v1); pode estar completo (lista curta) ou truncado. Nao ha evidencia suficiente para afirmar completude sem repetir a consulta com paginacao real."
paginacao_itens;05995766000177-1-000068/2025;completude_nao_comprovada;"1 itens armazenados via chamada unica sem paginacao (bug v1); pode estar completo (lista curta) ou truncado. Nao ha evidencia suficiente para afirmar completude sem repetir a consulta com paginacao real."
paginacao_itens;05995766000177-1-000069/2025;completude_nao_comprovada;"4 itens armazenados via chamada unica sem paginacao (bug v1); pode estar completo (lista curta) ou truncado. Nao ha evidencia suficiente para afirmar completude sem repetir a consulta com paginacao real."
paginacao_itens;05995766000177-1-000070/2025;completude_nao_comprovada;"2 itens armazenados via chamada unica sem paginacao (bug v1); pode estar completo (lista curta) ou truncado. Nao ha evidencia suficiente para afirmar completude sem repetir a consulta com paginacao real."
paginacao_itens;05995766000177-1-000071/2025;completude_nao_comprovada;"1 itens armazenados via chamada unica sem paginacao (bug v1); pode estar completo (lista curta) ou truncado. Nao ha evidencia suficiente para afirmar completude sem repetir a consulta com paginacao real."
paginacao_itens;05995766000177-1-000073/2025;completude_nao_comprovada;"1 itens armazenados via chamada unica sem paginacao (bug v1); pode estar completo (lista curta) ou truncado. Nao ha evidencia suficiente para afirmar completude sem repetir a consulta com paginacao real."
paginacao_itens;05995766000177-1-000075/2025;completude_nao_comprovada;"9 itens armazenados via chamada unica sem paginacao (bug v1); pode estar completo (lista curta) ou truncado. Nao ha evidencia suficiente para afirmar completude sem repetir a consulta com paginacao real."
paginacao_itens;05995766000177-1-000076/2025;completude_nao_comprovada;"4 itens armazenados via chamada unica sem paginacao (bug v1); pode estar completo (lista curta) ou truncado. Nao ha evidencia suficiente para afirmar completude sem repetir a consulta com paginacao real."
paginacao_itens;05995766000177-1-000079/2025;completude_nao_comprovada;"1 itens armazenados via chamada unica sem paginacao (bug v1); pode estar completo (lista curta) ou truncado. Nao ha evidencia suficiente para afirmar completude sem repetir a consulta com paginacao real."
paginacao_itens;05995766000177-1-000081/2025;completude_nao_comprovada_alta_prioridade;"exatamente 10 itens armazenados; tamanho tipico de 1a pagina do endpoint. Bug v1: coletor fez 1 chamada sem parametros pagina/tamanhoPagina e assumiu completude. Requer nova consulta paginada real (pagina=1,2,3,... ate esgotar) para confirmar total."
paginacao_itens;05995766000177-1-000082/2025;completude_nao_comprovada_alta_prioridade;"exatamente 10 itens armazenados; tamanho tipico de 1a pagina do endpoint. Bug v1: coletor fez 1 chamada sem parametros pagina/tamanhoPagina e assumiu completude. Requer nova consulta paginada real (pagina=1,2,3,... ate esgotar) para confirmar total."
paginacao_itens;05995766000177-1-000084/2025;completude_nao_comprovada;"3 itens armazenados via chamada unica sem paginacao (bug v1); pode estar completo (lista curta) ou truncado. Nao ha evidencia suficiente para afirmar completude sem repetir a consulta com paginacao real."
paginacao_itens;05995766000177-1-000085/2025;completude_nao_comprovada;"4 itens armazenados via chamada unica sem paginacao (bug v1); pode estar completo (lista curta) ou truncado. Nao ha evidencia suficiente para afirmar completude sem repetir a consulta com paginacao real."
paginacao_itens;05995766000177-1-000086/2025;completude_nao_comprovada_alta_prioridade;"exatamente 10 itens armazenados; tamanho tipico de 1a pagina do endpoint. Bug v1: coletor fez 1 chamada sem parametros pagina/tamanhoPagina e assumiu completude. Requer nova consulta paginada real (pagina=1,2,3,... ate esgotar) para confirmar total."
paginacao_itens;05995766000177-1-000087/2025;completude_nao_comprovada_alta_prioridade;"exatamente 10 itens armazenados; tamanho tipico de 1a pagina do endpoint. Bug v1: coletor fez 1 chamada sem parametros pagina/tamanhoPagina e assumiu completude. Requer nova consulta paginada real (pagina=1,2,3,... ate esgotar) para confirmar total."
paginacao_itens;05995766000177-1-000089/2025;completude_nao_comprovada;"1 itens armazenados via chamada unica sem paginacao (bug v1); pode estar completo (lista curta) ou truncado. Nao ha evidencia suficiente para afirmar completude sem repetir a consulta com paginacao real."
paginacao_itens;05995766000177-1-000090/2025;completude_nao_comprovada_alta_prioridade;"exatamente 10 itens armazenados; tamanho tipico de 1a pagina do endpoint. Bug v1: coletor fez 1 chamada sem parametros pagina/tamanhoPagina e assumiu completude. Requer nova consulta paginada real (pagina=1,2,3,... ate esgotar) para confirmar total."
paginacao_itens;06023582000108-1-000001/2025;completude_nao_comprovada;"2 itens armazenados via chamada unica sem paginacao (bug v1); pode estar completo (lista curta) ou truncado. Nao ha evidencia suficiente para afirmar completude sem repetir a consulta com paginacao real."
paginacao_itens;06023582000108-1-000002/2025;completude_nao_comprovada;"2 itens armazenados via chamada unica sem paginacao (bug v1); pode estar completo (lista curta) ou truncado. Nao ha evidencia suficiente para afirmar completude sem repetir a consulta com paginacao real."
paginacao_itens;06023582000108-1-000003/2025;completude_nao_comprovada;"4 itens armazenados via chamada unica sem paginacao (bug v1); pode estar completo (lista curta) ou truncado. Nao ha evidencia suficiente para afirmar completude sem repetir a consulta com paginacao real."
paginacao_itens;06023582000108-1-000004/2025;completude_nao_comprovada;"2 itens armazenados via chamada unica sem paginacao (bug v1); pode estar completo (lista curta) ou truncado. Nao ha evidencia suficiente para afirmar completude sem repetir a consulta com paginacao real."
paginacao_itens;06023582000108-1-000006/2025;completude_nao_comprovada;"1 itens armazenados via chamada unica sem paginacao (bug v1); pode estar completo (lista curta) ou truncado. Nao ha evidencia suficiente para afirmar completude sem repetir a consulta com paginacao real."
paginacao_itens;06023582000108-1-000008/2025;completude_nao_comprovada_alta_prioridade;"exatamente 10 itens armazenados; tamanho tipico de 1a pagina do endpoint. Bug v1: coletor fez 1 chamada sem parametros pagina/tamanhoPagina e assumiu completude. Requer nova consulta paginada real (pagina=1,2,3,... ate esgotar) para confirmar total."
paginacao_itens;06023582000108-1-000009/2025;completude_nao_comprovada;"2 itens armazenados via chamada unica sem paginacao (bug v1); pode estar completo (lista curta) ou truncado. Nao ha evidencia suficiente para afirmar completude sem repetir a consulta com paginacao real."
paginacao_itens;06023862000116-1-000001/2025;completude_nao_comprovada;"1 itens armazenados via chamada unica sem paginacao (bug v1); pode estar completo (lista curta) ou truncado. Nao ha evidencia suficiente para afirmar completude sem repetir a consulta com paginacao real."
paginacao_itens;06023862000116-1-000001/2026;completude_nao_comprovada;"4 itens armazenados via chamada unica sem paginacao (bug v1); pode estar completo (lista curta) ou truncado. Nao ha evidencia suficiente para afirmar completude sem repetir a consulta com paginacao real."
paginacao_itens;06023862000116-1-000002/2026;completude_nao_comprovada;"8 itens armazenados via chamada unica sem paginacao (bug v1); pode estar completo (lista curta) ou truncado. Nao ha evidencia suficiente para afirmar completude sem repetir a consulta com paginacao real."
paginacao_itens;06023862000116-1-000003/2025;completude_nao_comprovada;"1 itens armazenados via chamada unica sem paginacao (bug v1); pode estar completo (lista curta) ou truncado. Nao ha evidencia suficiente para afirmar completude sem repetir a consulta com paginacao real."
paginacao_itens;06023862000116-1-000004/2025;completude_nao_comprovada;"6 itens armazenados via chamada unica sem paginacao (bug v1); pode estar completo (lista curta) ou truncado. Nao ha evidencia suficiente para afirmar completude sem repetir a consulta com paginacao real."
paginacao_itens;06023862000116-1-000005/2025;completude_nao_comprovada_alta_prioridade;"exatamente 10 itens armazenados; tamanho tipico de 1a pagina do endpoint. Bug v1: coletor fez 1 chamada sem parametros pagina/tamanhoPagina e assumiu completude. Requer nova consulta paginada real (pagina=1,2,3,... ate esgotar) para confirmar total."
paginacao_itens;06023862000116-1-000006/2025;completude_nao_comprovada;"3 itens armazenados via chamada unica sem paginacao (bug v1); pode estar completo (lista curta) ou truncado. Nao ha evidencia suficiente para afirmar completude sem repetir a consulta com paginacao real."
paginacao_itens;06023862000116-1-000007/2025;completude_nao_comprovada_alta_prioridade;"exatamente 10 itens armazenados; tamanho tipico de 1a pagina do endpoint. Bug v1: coletor fez 1 chamada sem parametros pagina/tamanhoPagina e assumiu completude. Requer nova consulta paginada real (pagina=1,2,3,... ate esgotar) para confirmar total."
paginacao_itens;06023862000116-1-000008/2025;completude_nao_comprovada;"1 itens armazenados via chamada unica sem paginacao (bug v1); pode estar completo (lista curta) ou truncado. Nao ha evidencia suficiente para afirmar completude sem repetir a consulta com paginacao real."
paginacao_itens;06023862000116-1-000009/2025;completude_nao_comprovada;"1 itens armazenados via chamada unica sem paginacao (bug v1); pode estar completo (lista curta) ou truncado. Nao ha evidencia suficiente para afirmar completude sem repetir a consulta com paginacao real."
paginacao_itens;06023862000116-1-000010/2025;completude_nao_comprovada;"3 itens armazenados via chamada unica sem paginacao (bug v1); pode estar completo (lista curta) ou truncado. Nao ha evidencia suficiente para afirmar completude sem repetir a consulta com paginacao real."
paginacao_itens;06023862000116-1-000011/2024;completude_nao_comprovada;"3 itens armazenados via chamada unica sem paginacao (bug v1); pode estar completo (lista curta) ou truncado. Nao ha evidencia suficiente para afirmar completude sem repetir a consulta com paginacao real."
paginacao_itens;06023862000116-1-000011/2025;completude_nao_comprovada;"2 itens armazenados via chamada unica sem paginacao (bug v1); pode estar completo (lista curta) ou truncado. Nao ha evidencia suficiente para afirmar completude sem repetir a consulta com paginacao real."
paginacao_itens;06023862000116-1-000012/2025;completude_nao_comprovada;"1 itens armazenados via chamada unica sem paginacao (bug v1); pode estar completo (lista curta) ou truncado. Nao ha evidencia suficiente para afirmar completude sem repetir a consulta com paginacao real."
paginacao_itens;06023862000116-1-000014/2025;completude_nao_comprovada;"1 itens armazenados via chamada unica sem paginacao (bug v1); pode estar completo (lista curta) ou truncado. Nao ha evidencia suficiente para afirmar completude sem repetir a consulta com paginacao real."
paginacao_itens;06102249000194-1-000002/2026;completude_nao_comprovada;"1 itens armazenados via chamada unica sem paginacao (bug v1); pode estar completo (lista curta) ou truncado. Nao ha evidencia suficiente para afirmar completude sem repetir a consulta com paginacao real."
paginacao_itens;06102249000194-1-000004/2025;completude_nao_comprovada;"1 itens armazenados via chamada unica sem paginacao (bug v1); pode estar completo (lista curta) ou truncado. Nao ha evidencia suficiente para afirmar completude sem repetir a consulta com paginacao real."
paginacao_itens;06102249000194-1-000005/2025;completude_nao_comprovada;"1 itens armazenados via chamada unica sem paginacao (bug v1); pode estar completo (lista curta) ou truncado. Nao ha evidencia suficiente para afirmar completude sem repetir a consulta com paginacao real."
paginacao_itens;06102249000194-1-000009/2025;completude_nao_comprovada;"1 itens armazenados via chamada unica sem paginacao (bug v1); pode estar completo (lista curta) ou truncado. Nao ha evidencia suficiente para afirmar completude sem repetir a consulta com paginacao real."
paginacao_itens;06102249000194-1-000010/2025;completude_nao_comprovada;"1 itens armazenados via chamada unica sem paginacao (bug v1); pode estar completo (lista curta) ou truncado. Nao ha evidencia suficiente para afirmar completude sem repetir a consulta com paginacao real."
paginacao_itens;06102249000194-1-000013/2025;completude_nao_comprovada;"1 itens armazenados via chamada unica sem paginacao (bug v1); pode estar completo (lista curta) ou truncado. Nao ha evidencia suficiente para afirmar completude sem repetir a consulta com paginacao real."
paginacao_itens;07217693000118-1-000001/2025;completude_nao_comprovada_alta_prioridade;"exatamente 10 itens armazenados; tamanho tipico de 1a pagina do endpoint. Bug v1: coletor fez 1 chamada sem parametros pagina/tamanhoPagina e assumiu completude. Requer nova consulta paginada real (pagina=1,2,3,... ate esgotar) para confirmar total."
paginacao_itens;07217693000118-1-000001/2026;completude_nao_comprovada;"1 itens armazenados via chamada unica sem paginacao (bug v1); pode estar completo (lista curta) ou truncado. Nao ha evidencia suficiente para afirmar completude sem repetir a consulta com paginacao real."
paginacao_itens;07217693000118-1-000002/2025;completude_nao_comprovada_alta_prioridade;"exatamente 10 itens armazenados; tamanho tipico de 1a pagina do endpoint. Bug v1: coletor fez 1 chamada sem parametros pagina/tamanhoPagina e assumiu completude. Requer nova consulta paginada real (pagina=1,2,3,... ate esgotar) para confirmar total."
paginacao_itens;07217693000118-1-000003/2026;completude_nao_comprovada;"1 itens armazenados via chamada unica sem paginacao (bug v1); pode estar completo (lista curta) ou truncado. Nao ha evidencia suficiente para afirmar completude sem repetir a consulta com paginacao real."
paginacao_itens;07217693000118-1-000004/2026;completude_nao_comprovada;"3 itens armazenados via chamada unica sem paginacao (bug v1); pode estar completo (lista curta) ou truncado. Nao ha evidencia suficiente para afirmar completude sem repetir a consulta com paginacao real."
paginacao_itens;07231209000105-1-000001/2025;completude_nao_comprovada;"2 itens armazenados via chamada unica sem paginacao (bug v1); pode estar completo (lista curta) ou truncado. Nao ha evidencia suficiente para afirmar completude sem repetir a consulta com paginacao real."
paginacao_itens;07231209000105-1-000001/2026;completude_nao_comprovada_alta_prioridade;"exatamente 10 itens armazenados; tamanho tipico de 1a pagina do endpoint. Bug v1: coletor fez 1 chamada sem parametros pagina/tamanhoPagina e assumiu completude. Requer nova consulta paginada real (pagina=1,2,3,... ate esgotar) para confirmar total."
paginacao_itens;07231209000105-1-000002/2025;completude_nao_comprovada;"1 itens armazenados via chamada unica sem paginacao (bug v1); pode estar completo (lista curta) ou truncado. Nao ha evidencia suficiente para afirmar completude sem repetir a consulta com paginacao real."
paginacao_itens;07231209000105-1-000003/2025;completude_nao_comprovada;"2 itens armazenados via chamada unica sem paginacao (bug v1); pode estar completo (lista curta) ou truncado. Nao ha evidencia suficiente para afirmar completude sem repetir a consulta com paginacao real."
paginacao_itens;07231209000105-1-000004/2025;completude_nao_comprovada;"1 itens armazenados via chamada unica sem paginacao (bug v1); pode estar completo (lista curta) ou truncado. Nao ha evidencia suficiente para afirmar completude sem repetir a consulta com paginacao real."
paginacao_itens;07231209000105-1-000004/2026;completude_nao_comprovada;"2 itens armazenados via chamada unica sem paginacao (bug v1); pode estar completo (lista curta) ou truncado. Nao ha evidencia suficiente para afirmar completude sem repetir a consulta com paginacao real."
paginacao_itens;07231209000105-1-000005/2025;completude_nao_comprovada;"1 itens armazenados via chamada unica sem paginacao (bug v1); pode estar completo (lista curta) ou truncado. Nao ha evidencia suficiente para afirmar completude sem repetir a consulta com paginacao real."
paginacao_itens;07231209000105-1-000005/2026;completude_nao_comprovada;"1 itens armazenados via chamada unica sem paginacao (bug v1); pode estar completo (lista curta) ou truncado. Nao ha evidencia suficiente para afirmar completude sem repetir a consulta com paginacao real."
paginacao_itens;07231209000105-1-000006/2025;completude_nao_comprovada;"2 itens armazenados via chamada unica sem paginacao (bug v1); pode estar completo (lista curta) ou truncado. Nao ha evidencia suficiente para afirmar completude sem repetir a consulta com paginacao real."
paginacao_itens;07231209000105-1-000006/2026;completude_nao_comprovada;"1 itens armazenados via chamada unica sem paginacao (bug v1); pode estar completo (lista curta) ou truncado. Nao ha evidencia suficiente para afirmar completude sem repetir a consulta com paginacao real."
paginacao_itens;07231209000105-1-000007/2025;completude_nao_comprovada;"1 itens armazenados via chamada unica sem paginacao (bug v1); pode estar completo (lista curta) ou truncado. Nao ha evidencia suficiente para afirmar completude sem repetir a consulta com paginacao real."
paginacao_itens;07231209000105-1-000007/2026;completude_nao_comprovada;"3 itens armazenados via chamada unica sem paginacao (bug v1); pode estar completo (lista curta) ou truncado. Nao ha evidencia suficiente para afirmar completude sem repetir a consulta com paginacao real."
paginacao_itens;07231209000105-1-000008/2025;completude_nao_comprovada_alta_prioridade;"exatamente 10 itens armazenados; tamanho tipico de 1a pagina do endpoint. Bug v1: coletor fez 1 chamada sem parametros pagina/tamanhoPagina e assumiu completude. Requer nova consulta paginada real (pagina=1,2,3,... ate esgotar) para confirmar total."
paginacao_itens;07231209000105-1-000008/2026;completude_nao_comprovada;"4 itens armazenados via chamada unica sem paginacao (bug v1); pode estar completo (lista curta) ou truncado. Nao ha evidencia suficiente para afirmar completude sem repetir a consulta com paginacao real."
paginacao_itens;07231209000105-1-000009/2026;completude_nao_comprovada;"2 itens armazenados via chamada unica sem paginacao (bug v1); pode estar completo (lista curta) ou truncado. Nao ha evidencia suficiente para afirmar completude sem repetir a consulta com paginacao real."
paginacao_itens;07231209000105-1-000012/2025;completude_nao_comprovada;"5 itens armazenados via chamada unica sem paginacao (bug v1); pode estar completo (lista curta) ou truncado. Nao ha evidencia suficiente para afirmar completude sem repetir a consulta com paginacao real."
paginacao_itens;07231209000105-1-000015/2025;completude_nao_comprovada;"1 itens armazenados via chamada unica sem paginacao (bug v1); pode estar completo (lista curta) ou truncado. Nao ha evidencia suficiente para afirmar completude sem repetir a consulta com paginacao real."
paginacao_itens;07231209000105-1-000016/2025;completude_nao_comprovada;"2 itens armazenados via chamada unica sem paginacao (bug v1); pode estar completo (lista curta) ou truncado. Nao ha evidencia suficiente para afirmar completude sem repetir a consulta com paginacao real."
paginacao_itens;07231209000105-1-000017/2025;completude_nao_comprovada_alta_prioridade;"exatamente 10 itens armazenados; tamanho tipico de 1a pagina do endpoint. Bug v1: coletor fez 1 chamada sem parametros pagina/tamanhoPagina e assumiu completude. Requer nova consulta paginada real (pagina=1,2,3,... ate esgotar) para confirmar total."
paginacao_itens;07231209000105-1-000019/2025;completude_nao_comprovada;"1 itens armazenados via chamada unica sem paginacao (bug v1); pode estar completo (lista curta) ou truncado. Nao ha evidencia suficiente para afirmar completude sem repetir a consulta com paginacao real."
paginacao_itens;07231209000105-1-000020/2025;completude_nao_comprovada;"1 itens armazenados via chamada unica sem paginacao (bug v1); pode estar completo (lista curta) ou truncado. Nao ha evidencia suficiente para afirmar completude sem repetir a consulta com paginacao real."
paginacao_itens;07231209000105-1-000022/2025;completude_nao_comprovada;"1 itens armazenados via chamada unica sem paginacao (bug v1); pode estar completo (lista curta) ou truncado. Nao ha evidencia suficiente para afirmar completude sem repetir a consulta com paginacao real."
paginacao_itens;07231209000105-1-000025/2025;completude_nao_comprovada;"8 itens armazenados via chamada unica sem paginacao (bug v1); pode estar completo (lista curta) ou truncado. Nao ha evidencia suficiente para afirmar completude sem repetir a consulta com paginacao real."
paginacao_itens;07231209000105-1-000026/2025;completude_nao_comprovada;"8 itens armazenados via chamada unica sem paginacao (bug v1); pode estar completo (lista curta) ou truncado. Nao ha evidencia suficiente para afirmar completude sem repetir a consulta com paginacao real."
paginacao_itens;07231209000105-1-000028/2025;completude_nao_comprovada_alta_prioridade;"exatamente 10 itens armazenados; tamanho tipico de 1a pagina do endpoint. Bug v1: coletor fez 1 chamada sem parametros pagina/tamanhoPagina e assumiu completude. Requer nova consulta paginada real (pagina=1,2,3,... ate esgotar) para confirmar total."
paginacao_itens;07231209000105-1-000029/2025;completude_nao_comprovada;"2 itens armazenados via chamada unica sem paginacao (bug v1); pode estar completo (lista curta) ou truncado. Nao ha evidencia suficiente para afirmar completude sem repetir a consulta com paginacao real."
paginacao_itens;08186277000162-1-000002/2025;completude_nao_comprovada;"1 itens armazenados via chamada unica sem paginacao (bug v1); pode estar completo (lista curta) ou truncado. Nao ha evidencia suficiente para afirmar completude sem repetir a consulta com paginacao real."
paginacao_itens;08186277000162-1-000002/2026;completude_nao_comprovada;"1 itens armazenados via chamada unica sem paginacao (bug v1); pode estar completo (lista curta) ou truncado. Nao ha evidencia suficiente para afirmar completude sem repetir a consulta com paginacao real."
paginacao_itens;08186277000162-1-000003/2025;completude_nao_comprovada;"1 itens armazenados via chamada unica sem paginacao (bug v1); pode estar completo (lista curta) ou truncado. Nao ha evidencia suficiente para afirmar completude sem repetir a consulta com paginacao real."
paginacao_itens;08186277000162-1-000003/2026;completude_nao_comprovada;"2 itens armazenados via chamada unica sem paginacao (bug v1); pode estar completo (lista curta) ou truncado. Nao ha evidencia suficiente para afirmar completude sem repetir a consulta com paginacao real."
paginacao_itens;08186277000162-1-000004/2025;completude_nao_comprovada;"2 itens armazenados via chamada unica sem paginacao (bug v1); pode estar completo (lista curta) ou truncado. Nao ha evidencia suficiente para afirmar completude sem repetir a consulta com paginacao real."
paginacao_itens;08186277000162-1-000005/2025;completude_nao_comprovada;"2 itens armazenados via chamada unica sem paginacao (bug v1); pode estar completo (lista curta) ou truncado. Nao ha evidencia suficiente para afirmar completude sem repetir a consulta com paginacao real."
paginacao_itens;08186277000162-1-000006/2025;completude_nao_comprovada;"2 itens armazenados via chamada unica sem paginacao (bug v1); pode estar completo (lista curta) ou truncado. Nao ha evidencia suficiente para afirmar completude sem repetir a consulta com paginacao real."
paginacao_itens;08186277000162-1-000007/2025;completude_nao_comprovada;"1 itens armazenados via chamada unica sem paginacao (bug v1); pode estar completo (lista curta) ou truncado. Nao ha evidencia suficiente para afirmar completude sem repetir a consulta com paginacao real."
paginacao_itens;08186277000162-1-000008/2025;completude_nao_comprovada;"2 itens armazenados via chamada unica sem paginacao (bug v1); pode estar completo (lista curta) ou truncado. Nao ha evidencia suficiente para afirmar completude sem repetir a consulta com paginacao real."
paginacao_itens;10820882000195-1-000001/2026;completude_nao_comprovada_alta_prioridade;"exatamente 10 itens armazenados; tamanho tipico de 1a pagina do endpoint. Bug v1: coletor fez 1 chamada sem parametros pagina/tamanhoPagina e assumiu completude. Requer nova consulta paginada real (pagina=1,2,3,... ate esgotar) para confirmar total."
paginacao_itens;10820882000195-1-000002/2025;completude_nao_comprovada_alta_prioridade;"exatamente 10 itens armazenados; tamanho tipico de 1a pagina do endpoint. Bug v1: coletor fez 1 chamada sem parametros pagina/tamanhoPagina e assumiu completude. Requer nova consulta paginada real (pagina=1,2,3,... ate esgotar) para confirmar total."
paginacao_itens;10820882000195-1-000003/2025;completude_nao_comprovada_alta_prioridade;"exatamente 10 itens armazenados; tamanho tipico de 1a pagina do endpoint. Bug v1: coletor fez 1 chamada sem parametros pagina/tamanhoPagina e assumiu completude. Requer nova consulta paginada real (pagina=1,2,3,... ate esgotar) para confirmar total."
paginacao_itens;10820882000195-1-000003/2026;completude_nao_comprovada_alta_prioridade;"exatamente 10 itens armazenados; tamanho tipico de 1a pagina do endpoint. Bug v1: coletor fez 1 chamada sem parametros pagina/tamanhoPagina e assumiu completude. Requer nova consulta paginada real (pagina=1,2,3,... ate esgotar) para confirmar total."
paginacao_itens;10820882000195-1-000005/2026;completude_nao_comprovada_alta_prioridade;"exatamente 10 itens armazenados; tamanho tipico de 1a pagina do endpoint. Bug v1: coletor fez 1 chamada sem parametros pagina/tamanhoPagina e assumiu completude. Requer nova consulta paginada real (pagina=1,2,3,... ate esgotar) para confirmar total."
paginacao_itens;10820882000195-1-000006/2026;completude_nao_comprovada_alta_prioridade;"exatamente 10 itens armazenados; tamanho tipico de 1a pagina do endpoint. Bug v1: coletor fez 1 chamada sem parametros pagina/tamanhoPagina e assumiu completude. Requer nova consulta paginada real (pagina=1,2,3,... ate esgotar) para confirmar total."
paginacao_itens;10820882000195-1-000007/2025;completude_nao_comprovada;"1 itens armazenados via chamada unica sem paginacao (bug v1); pode estar completo (lista curta) ou truncado. Nao ha evidencia suficiente para afirmar completude sem repetir a consulta com paginacao real."
paginacao_itens;10820882000195-1-000007/2026;completude_nao_comprovada_alta_prioridade;"exatamente 10 itens armazenados; tamanho tipico de 1a pagina do endpoint. Bug v1: coletor fez 1 chamada sem parametros pagina/tamanhoPagina e assumiu completude. Requer nova consulta paginada real (pagina=1,2,3,... ate esgotar) para confirmar total."
paginacao_itens;10820882000195-1-000008/2025;completude_nao_comprovada;"1 itens armazenados via chamada unica sem paginacao (bug v1); pode estar completo (lista curta) ou truncado. Nao ha evidencia suficiente para afirmar completude sem repetir a consulta com paginacao real."
paginacao_itens;10820882000195-1-000008/2026;completude_nao_comprovada;"1 itens armazenados via chamada unica sem paginacao (bug v1); pode estar completo (lista curta) ou truncado. Nao ha evidencia suficiente para afirmar completude sem repetir a consulta com paginacao real."
paginacao_itens;10820882000195-1-000009/2025;completude_nao_comprovada;"1 itens armazenados via chamada unica sem paginacao (bug v1); pode estar completo (lista curta) ou truncado. Nao ha evidencia suficiente para afirmar completude sem repetir a consulta com paginacao real."
paginacao_itens;10820882000195-1-000009/2026;completude_nao_comprovada;"3 itens armazenados via chamada unica sem paginacao (bug v1); pode estar completo (lista curta) ou truncado. Nao ha evidencia suficiente para afirmar completude sem repetir a consulta com paginacao real."
paginacao_itens;10820882000195-1-000010/2025;completude_nao_comprovada;"1 itens armazenados via chamada unica sem paginacao (bug v1); pode estar completo (lista curta) ou truncado. Nao ha evidencia suficiente para afirmar completude sem repetir a consulta com paginacao real."
paginacao_itens;10820882000195-1-000010/2026;completude_nao_comprovada;"3 itens armazenados via chamada unica sem paginacao (bug v1); pode estar completo (lista curta) ou truncado. Nao ha evidencia suficiente para afirmar completude sem repetir a consulta com paginacao real."
paginacao_itens;10820882000195-1-000011/2025;completude_nao_comprovada;"1 itens armazenados via chamada unica sem paginacao (bug v1); pode estar completo (lista curta) ou truncado. Nao ha evidencia suficiente para afirmar completude sem repetir a consulta com paginacao real."
paginacao_itens;10820882000195-1-000011/2026;completude_nao_comprovada;"1 itens armazenados via chamada unica sem paginacao (bug v1); pode estar completo (lista curta) ou truncado. Nao ha evidencia suficiente para afirmar completude sem repetir a consulta com paginacao real."
paginacao_itens;10820882000195-1-000012/2025;completude_nao_comprovada;"5 itens armazenados via chamada unica sem paginacao (bug v1); pode estar completo (lista curta) ou truncado. Nao ha evidencia suficiente para afirmar completude sem repetir a consulta com paginacao real."
paginacao_itens;10820882000195-1-000012/2026;completude_nao_comprovada_alta_prioridade;"exatamente 10 itens armazenados; tamanho tipico de 1a pagina do endpoint. Bug v1: coletor fez 1 chamada sem parametros pagina/tamanhoPagina e assumiu completude. Requer nova consulta paginada real (pagina=1,2,3,... ate esgotar) para confirmar total."
paginacao_itens;10820882000195-1-000013/2026;completude_nao_comprovada_alta_prioridade;"exatamente 10 itens armazenados; tamanho tipico de 1a pagina do endpoint. Bug v1: coletor fez 1 chamada sem parametros pagina/tamanhoPagina e assumiu completude. Requer nova consulta paginada real (pagina=1,2,3,... ate esgotar) para confirmar total."
paginacao_itens;10820882000195-1-000014/2025;completude_nao_comprovada;"1 itens armazenados via chamada unica sem paginacao (bug v1); pode estar completo (lista curta) ou truncado. Nao ha evidencia suficiente para afirmar completude sem repetir a consulta com paginacao real."
paginacao_itens;10820882000195-1-000014/2026;completude_nao_comprovada_alta_prioridade;"exatamente 10 itens armazenados; tamanho tipico de 1a pagina do endpoint. Bug v1: coletor fez 1 chamada sem parametros pagina/tamanhoPagina e assumiu completude. Requer nova consulta paginada real (pagina=1,2,3,... ate esgotar) para confirmar total."
paginacao_itens;10820882000195-1-000015/2025;completude_nao_comprovada;"1 itens armazenados via chamada unica sem paginacao (bug v1); pode estar completo (lista curta) ou truncado. Nao ha evidencia suficiente para afirmar completude sem repetir a consulta com paginacao real."
paginacao_itens;10820882000195-1-000015/2026;completude_nao_comprovada;"1 itens armazenados via chamada unica sem paginacao (bug v1); pode estar completo (lista curta) ou truncado. Nao ha evidencia suficiente para afirmar completude sem repetir a consulta com paginacao real."
paginacao_itens;10820882000195-1-000016/2025;completude_nao_comprovada;"1 itens armazenados via chamada unica sem paginacao (bug v1); pode estar completo (lista curta) ou truncado. Nao ha evidencia suficiente para afirmar completude sem repetir a consulta com paginacao real."
paginacao_itens;10820882000195-1-000017/2025;completude_nao_comprovada;"8 itens armazenados via chamada unica sem paginacao (bug v1); pode estar completo (lista curta) ou truncado. Nao ha evidencia suficiente para afirmar completude sem repetir a consulta com paginacao real."
paginacao_itens;10820882000195-1-000017/2026;completude_nao_comprovada;"2 itens armazenados via chamada unica sem paginacao (bug v1); pode estar completo (lista curta) ou truncado. Nao ha evidencia suficiente para afirmar completude sem repetir a consulta com paginacao real."
paginacao_itens;10820882000195-1-000018/2026;completude_nao_comprovada;"1 itens armazenados via chamada unica sem paginacao (bug v1); pode estar completo (lista curta) ou truncado. Nao ha evidencia suficiente para afirmar completude sem repetir a consulta com paginacao real."
paginacao_itens;10820882000195-1-000019/2025;completude_nao_comprovada;"1 itens armazenados via chamada unica sem paginacao (bug v1); pode estar completo (lista curta) ou truncado. Nao ha evidencia suficiente para afirmar completude sem repetir a consulta com paginacao real."
paginacao_itens;10820882000195-1-000019/2026;completude_nao_comprovada;"1 itens armazenados via chamada unica sem paginacao (bug v1); pode estar completo (lista curta) ou truncado. Nao ha evidencia suficiente para afirmar completude sem repetir a consulta com paginacao real."
paginacao_itens;10820882000195-1-000020/2025;completude_nao_comprovada;"1 itens armazenados via chamada unica sem paginacao (bug v1); pode estar completo (lista curta) ou truncado. Nao ha evidencia suficiente para afirmar completude sem repetir a consulta com paginacao real."
paginacao_itens;10820882000195-1-000020/2026;completude_nao_comprovada;"2 itens armazenados via chamada unica sem paginacao (bug v1); pode estar completo (lista curta) ou truncado. Nao ha evidencia suficiente para afirmar completude sem repetir a consulta com paginacao real."
paginacao_itens;10820882000195-1-000021/2025;completude_nao_comprovada_alta_prioridade;"exatamente 10 itens armazenados; tamanho tipico de 1a pagina do endpoint. Bug v1: coletor fez 1 chamada sem parametros pagina/tamanhoPagina e assumiu completude. Requer nova consulta paginada real (pagina=1,2,3,... ate esgotar) para confirmar total."
paginacao_itens;10820882000195-1-000021/2026;completude_nao_comprovada;"1 itens armazenados via chamada unica sem paginacao (bug v1); pode estar completo (lista curta) ou truncado. Nao ha evidencia suficiente para afirmar completude sem repetir a consulta com paginacao real."
paginacao_itens;10820882000195-1-000022/2025;completude_nao_comprovada;"3 itens armazenados via chamada unica sem paginacao (bug v1); pode estar completo (lista curta) ou truncado. Nao ha evidencia suficiente para afirmar completude sem repetir a consulta com paginacao real."
paginacao_itens;10820882000195-1-000022/2026;completude_nao_comprovada;"1 itens armazenados via chamada unica sem paginacao (bug v1); pode estar completo (lista curta) ou truncado. Nao ha evidencia suficiente para afirmar completude sem repetir a consulta com paginacao real."
paginacao_itens;10820882000195-1-000024/2025;completude_nao_comprovada_alta_prioridade;"exatamente 10 itens armazenados; tamanho tipico de 1a pagina do endpoint. Bug v1: coletor fez 1 chamada sem parametros pagina/tamanhoPagina e assumiu completude. Requer nova consulta paginada real (pagina=1,2,3,... ate esgotar) para confirmar total."
paginacao_itens;10820882000195-1-000024/2026;completude_nao_comprovada;"2 itens armazenados via chamada unica sem paginacao (bug v1); pode estar completo (lista curta) ou truncado. Nao ha evidencia suficiente para afirmar completude sem repetir a consulta com paginacao real."
paginacao_itens;10820882000195-1-000026/2026;completude_nao_comprovada_alta_prioridade;"exatamente 10 itens armazenados; tamanho tipico de 1a pagina do endpoint. Bug v1: coletor fez 1 chamada sem parametros pagina/tamanhoPagina e assumiu completude. Requer nova consulta paginada real (pagina=1,2,3,... ate esgotar) para confirmar total."
paginacao_itens;10820882000195-1-000028/2025;completude_nao_comprovada;"5 itens armazenados via chamada unica sem paginacao (bug v1); pode estar completo (lista curta) ou truncado. Nao ha evidencia suficiente para afirmar completude sem repetir a consulta com paginacao real."
paginacao_itens;10820882000195-1-000028/2026;completude_nao_comprovada;"1 itens armazenados via chamada unica sem paginacao (bug v1); pode estar completo (lista curta) ou truncado. Nao ha evidencia suficiente para afirmar completude sem repetir a consulta com paginacao real."
paginacao_itens;10820882000195-1-000029/2025;completude_nao_comprovada;"1 itens armazenados via chamada unica sem paginacao (bug v1); pode estar completo (lista curta) ou truncado. Nao ha evidencia suficiente para afirmar completude sem repetir a consulta com paginacao real."
paginacao_itens;10820882000195-1-000030/2026;completude_nao_comprovada;"1 itens armazenados via chamada unica sem paginacao (bug v1); pode estar completo (lista curta) ou truncado. Nao ha evidencia suficiente para afirmar completude sem repetir a consulta com paginacao real."
paginacao_itens;10820882000195-1-000031/2026;completude_nao_comprovada;"1 itens armazenados via chamada unica sem paginacao (bug v1); pode estar completo (lista curta) ou truncado. Nao ha evidencia suficiente para afirmar completude sem repetir a consulta com paginacao real."
paginacao_itens;10820882000195-1-000032/2025;completude_nao_comprovada;"1 itens armazenados via chamada unica sem paginacao (bug v1); pode estar completo (lista curta) ou truncado. Nao ha evidencia suficiente para afirmar completude sem repetir a consulta com paginacao real."
paginacao_itens;10820882000195-1-000033/2025;completude_nao_comprovada_alta_prioridade;"exatamente 10 itens armazenados; tamanho tipico de 1a pagina do endpoint. Bug v1: coletor fez 1 chamada sem parametros pagina/tamanhoPagina e assumiu completude. Requer nova consulta paginada real (pagina=1,2,3,... ate esgotar) para confirmar total."
paginacao_itens;10820882000195-1-000033/2026;completude_nao_comprovada;"3 itens armazenados via chamada unica sem paginacao (bug v1); pode estar completo (lista curta) ou truncado. Nao ha evidencia suficiente para afirmar completude sem repetir a consulta com paginacao real."
paginacao_itens;10820882000195-1-000034/2025;completude_nao_comprovada;"1 itens armazenados via chamada unica sem paginacao (bug v1); pode estar completo (lista curta) ou truncado. Nao ha evidencia suficiente para afirmar completude sem repetir a consulta com paginacao real."
paginacao_itens;10820882000195-1-000035/2026;completude_nao_comprovada;"1 itens armazenados via chamada unica sem paginacao (bug v1); pode estar completo (lista curta) ou truncado. Nao ha evidencia suficiente para afirmar completude sem repetir a consulta com paginacao real."
paginacao_itens;10820882000195-1-000036/2025;completude_nao_comprovada;"5 itens armazenados via chamada unica sem paginacao (bug v1); pode estar completo (lista curta) ou truncado. Nao ha evidencia suficiente para afirmar completude sem repetir a consulta com paginacao real."
paginacao_itens;10820882000195-1-000036/2026;completude_nao_comprovada;"1 itens armazenados via chamada unica sem paginacao (bug v1); pode estar completo (lista curta) ou truncado. Nao ha evidencia suficiente para afirmar completude sem repetir a consulta com paginacao real."
paginacao_itens;10820882000195-1-000037/2025;completude_nao_comprovada;"1 itens armazenados via chamada unica sem paginacao (bug v1); pode estar completo (lista curta) ou truncado. Nao ha evidencia suficiente para afirmar completude sem repetir a consulta com paginacao real."
paginacao_itens;10820882000195-1-000038/2025;completude_nao_comprovada;"6 itens armazenados via chamada unica sem paginacao (bug v1); pode estar completo (lista curta) ou truncado. Nao ha evidencia suficiente para afirmar completude sem repetir a consulta com paginacao real."
paginacao_itens;10820882000195-1-000039/2025;completude_nao_comprovada_alta_prioridade;"exatamente 10 itens armazenados; tamanho tipico de 1a pagina do endpoint. Bug v1: coletor fez 1 chamada sem parametros pagina/tamanhoPagina e assumiu completude. Requer nova consulta paginada real (pagina=1,2,3,... ate esgotar) para confirmar total."
paginacao_itens;10820882000195-1-000041/2025;completude_nao_comprovada;"3 itens armazenados via chamada unica sem paginacao (bug v1); pode estar completo (lista curta) ou truncado. Nao ha evidencia suficiente para afirmar completude sem repetir a consulta com paginacao real."
paginacao_itens;10820882000195-1-000042/2025;completude_nao_comprovada;"1 itens armazenados via chamada unica sem paginacao (bug v1); pode estar completo (lista curta) ou truncado. Nao ha evidencia suficiente para afirmar completude sem repetir a consulta com paginacao real."
paginacao_itens;10820882000195-1-000043/2025;completude_nao_comprovada_alta_prioridade;"exatamente 10 itens armazenados; tamanho tipico de 1a pagina do endpoint. Bug v1: coletor fez 1 chamada sem parametros pagina/tamanhoPagina e assumiu completude. Requer nova consulta paginada real (pagina=1,2,3,... ate esgotar) para confirmar total."
paginacao_itens;10820882000195-1-000046/2025;completude_nao_comprovada;"9 itens armazenados via chamada unica sem paginacao (bug v1); pode estar completo (lista curta) ou truncado. Nao ha evidencia suficiente para afirmar completude sem repetir a consulta com paginacao real."
paginacao_itens;10820882000195-1-000047/2025;completude_nao_comprovada_alta_prioridade;"exatamente 10 itens armazenados; tamanho tipico de 1a pagina do endpoint. Bug v1: coletor fez 1 chamada sem parametros pagina/tamanhoPagina e assumiu completude. Requer nova consulta paginada real (pagina=1,2,3,... ate esgotar) para confirmar total."
paginacao_itens;10820882000195-1-000048/2025;completude_nao_comprovada;"1 itens armazenados via chamada unica sem paginacao (bug v1); pode estar completo (lista curta) ou truncado. Nao ha evidencia suficiente para afirmar completude sem repetir a consulta com paginacao real."
paginacao_itens;10820882000195-1-000049/2025;completude_nao_comprovada;"1 itens armazenados via chamada unica sem paginacao (bug v1); pode estar completo (lista curta) ou truncado. Nao ha evidencia suficiente para afirmar completude sem repetir a consulta com paginacao real."
paginacao_itens;10820882000195-1-000050/2025;completude_nao_comprovada;"1 itens armazenados via chamada unica sem paginacao (bug v1); pode estar completo (lista curta) ou truncado. Nao ha evidencia suficiente para afirmar completude sem repetir a consulta com paginacao real."
paginacao_itens;10820882000195-1-000053/2025;completude_nao_comprovada;"2 itens armazenados via chamada unica sem paginacao (bug v1); pode estar completo (lista curta) ou truncado. Nao ha evidencia suficiente para afirmar completude sem repetir a consulta com paginacao real."
paginacao_itens;10820882000195-1-000054/2025;completude_nao_comprovada;"7 itens armazenados via chamada unica sem paginacao (bug v1); pode estar completo (lista curta) ou truncado. Nao ha evidencia suficiente para afirmar completude sem repetir a consulta com paginacao real."
paginacao_itens;10820882000195-1-000056/2025;completude_nao_comprovada_alta_prioridade;"exatamente 10 itens armazenados; tamanho tipico de 1a pagina do endpoint. Bug v1: coletor fez 1 chamada sem parametros pagina/tamanhoPagina e assumiu completude. Requer nova consulta paginada real (pagina=1,2,3,... ate esgotar) para confirmar total."
paginacao_itens;10820882000195-1-000058/2025;completude_nao_comprovada;"3 itens armazenados via chamada unica sem paginacao (bug v1); pode estar completo (lista curta) ou truncado. Nao ha evidencia suficiente para afirmar completude sem repetir a consulta com paginacao real."
paginacao_itens;10820882000195-1-000061/2025;completude_nao_comprovada;"1 itens armazenados via chamada unica sem paginacao (bug v1); pode estar completo (lista curta) ou truncado. Nao ha evidencia suficiente para afirmar completude sem repetir a consulta com paginacao real."
paginacao_itens;10820882000195-1-000063/2025;completude_nao_comprovada;"1 itens armazenados via chamada unica sem paginacao (bug v1); pode estar completo (lista curta) ou truncado. Nao ha evidencia suficiente para afirmar completude sem repetir a consulta com paginacao real."
paginacao_itens;10820882000195-1-000065/2025;completude_nao_comprovada;"2 itens armazenados via chamada unica sem paginacao (bug v1); pode estar completo (lista curta) ou truncado. Nao ha evidencia suficiente para afirmar completude sem repetir a consulta com paginacao real."
paginacao_itens;10820882000195-1-000066/2025;completude_nao_comprovada_alta_prioridade;"exatamente 10 itens armazenados; tamanho tipico de 1a pagina do endpoint. Bug v1: coletor fez 1 chamada sem parametros pagina/tamanhoPagina e assumiu completude. Requer nova consulta paginada real (pagina=1,2,3,... ate esgotar) para confirmar total."
paginacao_itens;10820882000195-1-000067/2025;completude_nao_comprovada_alta_prioridade;"exatamente 10 itens armazenados; tamanho tipico de 1a pagina do endpoint. Bug v1: coletor fez 1 chamada sem parametros pagina/tamanhoPagina e assumiu completude. Requer nova consulta paginada real (pagina=1,2,3,... ate esgotar) para confirmar total."
paginacao_itens;10820882000195-1-000070/2025;completude_nao_comprovada;"4 itens armazenados via chamada unica sem paginacao (bug v1); pode estar completo (lista curta) ou truncado. Nao ha evidencia suficiente para afirmar completude sem repetir a consulta com paginacao real."
paginacao_itens;10820882000195-1-000072/2025;completude_nao_comprovada;"1 itens armazenados via chamada unica sem paginacao (bug v1); pode estar completo (lista curta) ou truncado. Nao ha evidencia suficiente para afirmar completude sem repetir a consulta com paginacao real."
paginacao_itens;10820882000195-1-000073/2025;completude_nao_comprovada;"2 itens armazenados via chamada unica sem paginacao (bug v1); pode estar completo (lista curta) ou truncado. Nao ha evidencia suficiente para afirmar completude sem repetir a consulta com paginacao real."
paginacao_itens;10820882000195-1-000074/2025;completude_nao_comprovada;"6 itens armazenados via chamada unica sem paginacao (bug v1); pode estar completo (lista curta) ou truncado. Nao ha evidencia suficiente para afirmar completude sem repetir a consulta com paginacao real."
paginacao_itens;10820882000195-1-000075/2025;completude_nao_comprovada;"1 itens armazenados via chamada unica sem paginacao (bug v1); pode estar completo (lista curta) ou truncado. Nao ha evidencia suficiente para afirmar completude sem repetir a consulta com paginacao real."
paginacao_itens;10820882000195-1-000076/2025;completude_nao_comprovada;"1 itens armazenados via chamada unica sem paginacao (bug v1); pode estar completo (lista curta) ou truncado. Nao ha evidencia suficiente para afirmar completude sem repetir a consulta com paginacao real."
paginacao_itens;10820882000195-1-000077/2025;completude_nao_comprovada;"1 itens armazenados via chamada unica sem paginacao (bug v1); pode estar completo (lista curta) ou truncado. Nao ha evidencia suficiente para afirmar completude sem repetir a consulta com paginacao real."
paginacao_itens;10820882000195-1-000078/2025;completude_nao_comprovada_alta_prioridade;"exatamente 10 itens armazenados; tamanho tipico de 1a pagina do endpoint. Bug v1: coletor fez 1 chamada sem parametros pagina/tamanhoPagina e assumiu completude. Requer nova consulta paginada real (pagina=1,2,3,... ate esgotar) para confirmar total."
paginacao_itens;10820882000195-1-000079/2025;completude_nao_comprovada;"1 itens armazenados via chamada unica sem paginacao (bug v1); pode estar completo (lista curta) ou truncado. Nao ha evidencia suficiente para afirmar completude sem repetir a consulta com paginacao real."
paginacao_itens;10820882000195-1-000080/2025;completude_nao_comprovada;"1 itens armazenados via chamada unica sem paginacao (bug v1); pode estar completo (lista curta) ou truncado. Nao ha evidencia suficiente para afirmar completude sem repetir a consulta com paginacao real."
paginacao_itens;10820882000195-1-000081/2025;completude_nao_comprovada;"1 itens armazenados via chamada unica sem paginacao (bug v1); pode estar completo (lista curta) ou truncado. Nao ha evidencia suficiente para afirmar completude sem repetir a consulta com paginacao real."
paginacao_itens;10820882000195-1-000082/2025;completude_nao_comprovada;"1 itens armazenados via chamada unica sem paginacao (bug v1); pode estar completo (lista curta) ou truncado. Nao ha evidencia suficiente para afirmar completude sem repetir a consulta com paginacao real."
paginacao_itens;11347306000135-1-000003/2025;completude_nao_comprovada_alta_prioridade;"exatamente 10 itens armazenados; tamanho tipico de 1a pagina do endpoint. Bug v1: coletor fez 1 chamada sem parametros pagina/tamanhoPagina e assumiu completude. Requer nova consulta paginada real (pagina=1,2,3,... ate esgotar) para confirmar total."
paginacao_itens;11347306000135-1-000004/2025;completude_nao_comprovada_alta_prioridade;"exatamente 10 itens armazenados; tamanho tipico de 1a pagina do endpoint. Bug v1: coletor fez 1 chamada sem parametros pagina/tamanhoPagina e assumiu completude. Requer nova consulta paginada real (pagina=1,2,3,... ate esgotar) para confirmar total."
paginacao_itens;11633713000109-1-000001/2026;completude_nao_comprovada;"2 itens armazenados via chamada unica sem paginacao (bug v1); pode estar completo (lista curta) ou truncado. Nao ha evidencia suficiente para afirmar completude sem repetir a consulta com paginacao real."
paginacao_itens;11633713000109-1-000002/2026;completude_nao_comprovada;"2 itens armazenados via chamada unica sem paginacao (bug v1); pode estar completo (lista curta) ou truncado. Nao ha evidencia suficiente para afirmar completude sem repetir a consulta com paginacao real."
paginacao_itens;11633713000109-1-000003/2025;completude_nao_comprovada;"1 itens armazenados via chamada unica sem paginacao (bug v1); pode estar completo (lista curta) ou truncado. Nao ha evidencia suficiente para afirmar completude sem repetir a consulta com paginacao real."
paginacao_itens;11633713000109-1-000003/2026;completude_nao_comprovada;"1 itens armazenados via chamada unica sem paginacao (bug v1); pode estar completo (lista curta) ou truncado. Nao ha evidencia suficiente para afirmar completude sem repetir a consulta com paginacao real."
paginacao_itens;11633713000109-1-000004/2025;completude_nao_comprovada;"4 itens armazenados via chamada unica sem paginacao (bug v1); pode estar completo (lista curta) ou truncado. Nao ha evidencia suficiente para afirmar completude sem repetir a consulta com paginacao real."
paginacao_itens;11633713000109-1-000005/2025;completude_nao_comprovada;"2 itens armazenados via chamada unica sem paginacao (bug v1); pode estar completo (lista curta) ou truncado. Nao ha evidencia suficiente para afirmar completude sem repetir a consulta com paginacao real."
paginacao_itens;11633713000109-1-000006/2025;completude_nao_comprovada;"3 itens armazenados via chamada unica sem paginacao (bug v1); pode estar completo (lista curta) ou truncado. Nao ha evidencia suficiente para afirmar completude sem repetir a consulta com paginacao real."
paginacao_itens;11633713000109-1-000006/2026;completude_nao_comprovada;"1 itens armazenados via chamada unica sem paginacao (bug v1); pode estar completo (lista curta) ou truncado. Nao ha evidencia suficiente para afirmar completude sem repetir a consulta com paginacao real."
paginacao_itens;11633713000109-1-000007/2025;completude_nao_comprovada_alta_prioridade;"exatamente 10 itens armazenados; tamanho tipico de 1a pagina do endpoint. Bug v1: coletor fez 1 chamada sem parametros pagina/tamanhoPagina e assumiu completude. Requer nova consulta paginada real (pagina=1,2,3,... ate esgotar) para confirmar total."
paginacao_itens;11633713000109-1-000009/2025;completude_nao_comprovada;"1 itens armazenados via chamada unica sem paginacao (bug v1); pode estar completo (lista curta) ou truncado. Nao ha evidencia suficiente para afirmar completude sem repetir a consulta com paginacao real."
paginacao_itens;11633713000109-1-000009/2026;completude_nao_comprovada;"1 itens armazenados via chamada unica sem paginacao (bug v1); pode estar completo (lista curta) ou truncado. Nao ha evidencia suficiente para afirmar completude sem repetir a consulta com paginacao real."
paginacao_itens;11633713000109-1-000010/2025;completude_nao_comprovada;"4 itens armazenados via chamada unica sem paginacao (bug v1); pode estar completo (lista curta) ou truncado. Nao ha evidencia suficiente para afirmar completude sem repetir a consulta com paginacao real."
paginacao_itens;11633713000109-1-000011/2025;completude_nao_comprovada;"3 itens armazenados via chamada unica sem paginacao (bug v1); pode estar completo (lista curta) ou truncado. Nao ha evidencia suficiente para afirmar completude sem repetir a consulta com paginacao real."
paginacao_itens;11633713000109-1-000011/2026;completude_nao_comprovada_alta_prioridade;"exatamente 10 itens armazenados; tamanho tipico de 1a pagina do endpoint. Bug v1: coletor fez 1 chamada sem parametros pagina/tamanhoPagina e assumiu completude. Requer nova consulta paginada real (pagina=1,2,3,... ate esgotar) para confirmar total."
paginacao_itens;11633713000109-1-000013/2025;completude_nao_comprovada;"1 itens armazenados via chamada unica sem paginacao (bug v1); pode estar completo (lista curta) ou truncado. Nao ha evidencia suficiente para afirmar completude sem repetir a consulta com paginacao real."
paginacao_itens;11633713000109-1-000014/2025;completude_nao_comprovada;"3 itens armazenados via chamada unica sem paginacao (bug v1); pode estar completo (lista curta) ou truncado. Nao ha evidencia suficiente para afirmar completude sem repetir a consulta com paginacao real."
paginacao_itens;11633713000109-1-000015/2025;completude_nao_comprovada_alta_prioridade;"exatamente 10 itens armazenados; tamanho tipico de 1a pagina do endpoint. Bug v1: coletor fez 1 chamada sem parametros pagina/tamanhoPagina e assumiu completude. Requer nova consulta paginada real (pagina=1,2,3,... ate esgotar) para confirmar total."
paginacao_itens;11633713000109-1-000016/2025;completude_nao_comprovada;"1 itens armazenados via chamada unica sem paginacao (bug v1); pode estar completo (lista curta) ou truncado. Nao ha evidencia suficiente para afirmar completude sem repetir a consulta com paginacao real."
paginacao_itens;11633713000109-1-000017/2025;completude_nao_comprovada;"1 itens armazenados via chamada unica sem paginacao (bug v1); pode estar completo (lista curta) ou truncado. Nao ha evidencia suficiente para afirmar completude sem repetir a consulta com paginacao real."
paginacao_itens;11633713000109-1-000018/2025;completude_nao_comprovada;"5 itens armazenados via chamada unica sem paginacao (bug v1); pode estar completo (lista curta) ou truncado. Nao ha evidencia suficiente para afirmar completude sem repetir a consulta com paginacao real."
paginacao_itens;11633713000109-1-000019/2025;completude_nao_comprovada;"1 itens armazenados via chamada unica sem paginacao (bug v1); pode estar completo (lista curta) ou truncado. Nao ha evidencia suficiente para afirmar completude sem repetir a consulta com paginacao real."
paginacao_itens;11633713000109-1-000020/2025;completude_nao_comprovada;"1 itens armazenados via chamada unica sem paginacao (bug v1); pode estar completo (lista curta) ou truncado. Nao ha evidencia suficiente para afirmar completude sem repetir a consulta com paginacao real."
paginacao_itens;11633713000109-1-000023/2025;completude_nao_comprovada;"3 itens armazenados via chamada unica sem paginacao (bug v1); pode estar completo (lista curta) ou truncado. Nao ha evidencia suficiente para afirmar completude sem repetir a consulta com paginacao real."
paginacao_itens;11633713000109-1-000024/2025;completude_nao_comprovada;"2 itens armazenados via chamada unica sem paginacao (bug v1); pode estar completo (lista curta) ou truncado. Nao ha evidencia suficiente para afirmar completude sem repetir a consulta com paginacao real."
paginacao_itens;11633713000109-1-000025/2025;completude_nao_comprovada;"2 itens armazenados via chamada unica sem paginacao (bug v1); pode estar completo (lista curta) ou truncado. Nao ha evidencia suficiente para afirmar completude sem repetir a consulta com paginacao real."
paginacao_itens;11633713000109-1-000026/2025;completude_nao_comprovada_alta_prioridade;"exatamente 10 itens armazenados; tamanho tipico de 1a pagina do endpoint. Bug v1: coletor fez 1 chamada sem parametros pagina/tamanhoPagina e assumiu completude. Requer nova consulta paginada real (pagina=1,2,3,... ate esgotar) para confirmar total."
paginacao_itens;11633713000109-1-000028/2025;completude_nao_comprovada;"2 itens armazenados via chamada unica sem paginacao (bug v1); pode estar completo (lista curta) ou truncado. Nao ha evidencia suficiente para afirmar completude sem repetir a consulta com paginacao real."
paginacao_itens;11633713000109-1-000031/2025;completude_nao_comprovada;"3 itens armazenados via chamada unica sem paginacao (bug v1); pode estar completo (lista curta) ou truncado. Nao ha evidencia suficiente para afirmar completude sem repetir a consulta com paginacao real."
paginacao_itens;11633713000109-1-000032/2025;completude_nao_comprovada;"3 itens armazenados via chamada unica sem paginacao (bug v1); pode estar completo (lista curta) ou truncado. Nao ha evidencia suficiente para afirmar completude sem repetir a consulta com paginacao real."
paginacao_itens;11633713000109-1-000033/2025;completude_nao_comprovada;"1 itens armazenados via chamada unica sem paginacao (bug v1); pode estar completo (lista curta) ou truncado. Nao ha evidencia suficiente para afirmar completude sem repetir a consulta com paginacao real."
paginacao_itens;11633713000109-1-000034/2025;completude_nao_comprovada;"1 itens armazenados via chamada unica sem paginacao (bug v1); pode estar completo (lista curta) ou truncado. Nao ha evidencia suficiente para afirmar completude sem repetir a consulta com paginacao real."
paginacao_itens;11707402000147-1-000001/2025;completude_nao_comprovada_alta_prioridade;"exatamente 10 itens armazenados; tamanho tipico de 1a pagina do endpoint. Bug v1: coletor fez 1 chamada sem parametros pagina/tamanhoPagina e assumiu completude. Requer nova consulta paginada real (pagina=1,2,3,... ate esgotar) para confirmar total."
paginacao_itens;11707402000147-1-000001/2026;completude_nao_comprovada;"1 itens armazenados via chamada unica sem paginacao (bug v1); pode estar completo (lista curta) ou truncado. Nao ha evidencia suficiente para afirmar completude sem repetir a consulta com paginacao real."
paginacao_itens;11707402000147-1-000002/2025;completude_nao_comprovada_alta_prioridade;"exatamente 10 itens armazenados; tamanho tipico de 1a pagina do endpoint. Bug v1: coletor fez 1 chamada sem parametros pagina/tamanhoPagina e assumiu completude. Requer nova consulta paginada real (pagina=1,2,3,... ate esgotar) para confirmar total."
paginacao_itens;11707402000147-1-000002/2026;completude_nao_comprovada_alta_prioridade;"exatamente 10 itens armazenados; tamanho tipico de 1a pagina do endpoint. Bug v1: coletor fez 1 chamada sem parametros pagina/tamanhoPagina e assumiu completude. Requer nova consulta paginada real (pagina=1,2,3,... ate esgotar) para confirmar total."
paginacao_itens;11707402000147-1-000003/2025;completude_nao_comprovada_alta_prioridade;"exatamente 10 itens armazenados; tamanho tipico de 1a pagina do endpoint. Bug v1: coletor fez 1 chamada sem parametros pagina/tamanhoPagina e assumiu completude. Requer nova consulta paginada real (pagina=1,2,3,... ate esgotar) para confirmar total."
paginacao_itens;11707402000147-1-000003/2026;completude_nao_comprovada_alta_prioridade;"exatamente 10 itens armazenados; tamanho tipico de 1a pagina do endpoint. Bug v1: coletor fez 1 chamada sem parametros pagina/tamanhoPagina e assumiu completude. Requer nova consulta paginada real (pagina=1,2,3,... ate esgotar) para confirmar total."
paginacao_itens;11707402000147-1-000004/2026;completude_nao_comprovada;"1 itens armazenados via chamada unica sem paginacao (bug v1); pode estar completo (lista curta) ou truncado. Nao ha evidencia suficiente para afirmar completude sem repetir a consulta com paginacao real."
paginacao_itens;11707402000147-1-000005/2026;completude_nao_comprovada_alta_prioridade;"exatamente 10 itens armazenados; tamanho tipico de 1a pagina do endpoint. Bug v1: coletor fez 1 chamada sem parametros pagina/tamanhoPagina e assumiu completude. Requer nova consulta paginada real (pagina=1,2,3,... ate esgotar) para confirmar total."
paginacao_itens;11707402000147-1-000006/2025;completude_nao_comprovada;"1 itens armazenados via chamada unica sem paginacao (bug v1); pode estar completo (lista curta) ou truncado. Nao ha evidencia suficiente para afirmar completude sem repetir a consulta com paginacao real."
paginacao_itens;11707402000147-1-000006/2026;completude_nao_comprovada_alta_prioridade;"exatamente 10 itens armazenados; tamanho tipico de 1a pagina do endpoint. Bug v1: coletor fez 1 chamada sem parametros pagina/tamanhoPagina e assumiu completude. Requer nova consulta paginada real (pagina=1,2,3,... ate esgotar) para confirmar total."
paginacao_itens;11707402000147-1-000007/2025;completude_nao_comprovada_alta_prioridade;"exatamente 10 itens armazenados; tamanho tipico de 1a pagina do endpoint. Bug v1: coletor fez 1 chamada sem parametros pagina/tamanhoPagina e assumiu completude. Requer nova consulta paginada real (pagina=1,2,3,... ate esgotar) para confirmar total."
paginacao_itens;11707402000147-1-000007/2026;completude_nao_comprovada;"2 itens armazenados via chamada unica sem paginacao (bug v1); pode estar completo (lista curta) ou truncado. Nao ha evidencia suficiente para afirmar completude sem repetir a consulta com paginacao real."
paginacao_itens;11707402000147-1-000008/2025;completude_nao_comprovada_alta_prioridade;"exatamente 10 itens armazenados; tamanho tipico de 1a pagina do endpoint. Bug v1: coletor fez 1 chamada sem parametros pagina/tamanhoPagina e assumiu completude. Requer nova consulta paginada real (pagina=1,2,3,... ate esgotar) para confirmar total."
paginacao_itens;11707402000147-1-000008/2026;completude_nao_comprovada_alta_prioridade;"exatamente 10 itens armazenados; tamanho tipico de 1a pagina do endpoint. Bug v1: coletor fez 1 chamada sem parametros pagina/tamanhoPagina e assumiu completude. Requer nova consulta paginada real (pagina=1,2,3,... ate esgotar) para confirmar total."
paginacao_itens;11707402000147-1-000009/2025;completude_nao_comprovada;"6 itens armazenados via chamada unica sem paginacao (bug v1); pode estar completo (lista curta) ou truncado. Nao ha evidencia suficiente para afirmar completude sem repetir a consulta com paginacao real."
paginacao_itens;11707402000147-1-000009/2026;completude_nao_comprovada;"3 itens armazenados via chamada unica sem paginacao (bug v1); pode estar completo (lista curta) ou truncado. Nao ha evidencia suficiente para afirmar completude sem repetir a consulta com paginacao real."
paginacao_itens;11707402000147-1-000010/2025;completude_nao_comprovada;"1 itens armazenados via chamada unica sem paginacao (bug v1); pode estar completo (lista curta) ou truncado. Nao ha evidencia suficiente para afirmar completude sem repetir a consulta com paginacao real."
paginacao_itens;11707402000147-1-000011/2025;completude_nao_comprovada_alta_prioridade;"exatamente 10 itens armazenados; tamanho tipico de 1a pagina do endpoint. Bug v1: coletor fez 1 chamada sem parametros pagina/tamanhoPagina e assumiu completude. Requer nova consulta paginada real (pagina=1,2,3,... ate esgotar) para confirmar total."
paginacao_itens;11707402000147-1-000012/2025;completude_nao_comprovada;"1 itens armazenados via chamada unica sem paginacao (bug v1); pode estar completo (lista curta) ou truncado. Nao ha evidencia suficiente para afirmar completude sem repetir a consulta com paginacao real."
paginacao_itens;11707402000147-1-000012/2026;completude_nao_comprovada;"1 itens armazenados via chamada unica sem paginacao (bug v1); pode estar completo (lista curta) ou truncado. Nao ha evidencia suficiente para afirmar completude sem repetir a consulta com paginacao real."
paginacao_itens;11707402000147-1-000013/2025;completude_nao_comprovada;"1 itens armazenados via chamada unica sem paginacao (bug v1); pode estar completo (lista curta) ou truncado. Nao ha evidencia suficiente para afirmar completude sem repetir a consulta com paginacao real."
paginacao_itens;11707402000147-1-000013/2026;completude_nao_comprovada;"1 itens armazenados via chamada unica sem paginacao (bug v1); pode estar completo (lista curta) ou truncado. Nao ha evidencia suficiente para afirmar completude sem repetir a consulta com paginacao real."
paginacao_itens;11707402000147-1-000014/2025;completude_nao_comprovada;"1 itens armazenados via chamada unica sem paginacao (bug v1); pode estar completo (lista curta) ou truncado. Nao ha evidencia suficiente para afirmar completude sem repetir a consulta com paginacao real."
paginacao_itens;11707402000147-1-000014/2026;completude_nao_comprovada;"1 itens armazenados via chamada unica sem paginacao (bug v1); pode estar completo (lista curta) ou truncado. Nao ha evidencia suficiente para afirmar completude sem repetir a consulta com paginacao real."
paginacao_itens;11707402000147-1-000015/2024;completude_nao_comprovada;"1 itens armazenados via chamada unica sem paginacao (bug v1); pode estar completo (lista curta) ou truncado. Nao ha evidencia suficiente para afirmar completude sem repetir a consulta com paginacao real."
paginacao_itens;11707402000147-1-000015/2025;completude_nao_comprovada;"1 itens armazenados via chamada unica sem paginacao (bug v1); pode estar completo (lista curta) ou truncado. Nao ha evidencia suficiente para afirmar completude sem repetir a consulta com paginacao real."
paginacao_itens;11707402000147-1-000015/2026;completude_nao_comprovada;"2 itens armazenados via chamada unica sem paginacao (bug v1); pode estar completo (lista curta) ou truncado. Nao ha evidencia suficiente para afirmar completude sem repetir a consulta com paginacao real."
paginacao_itens;11707402000147-1-000016/2024;completude_nao_comprovada;"1 itens armazenados via chamada unica sem paginacao (bug v1); pode estar completo (lista curta) ou truncado. Nao ha evidencia suficiente para afirmar completude sem repetir a consulta com paginacao real."
paginacao_itens;11707402000147-1-000016/2025;completude_nao_comprovada;"8 itens armazenados via chamada unica sem paginacao (bug v1); pode estar completo (lista curta) ou truncado. Nao ha evidencia suficiente para afirmar completude sem repetir a consulta com paginacao real."
paginacao_itens;11707402000147-1-000016/2026;completude_nao_comprovada;"1 itens armazenados via chamada unica sem paginacao (bug v1); pode estar completo (lista curta) ou truncado. Nao ha evidencia suficiente para afirmar completude sem repetir a consulta com paginacao real."
paginacao_itens;11707402000147-1-000017/2024;completude_nao_comprovada;"1 itens armazenados via chamada unica sem paginacao (bug v1); pode estar completo (lista curta) ou truncado. Nao ha evidencia suficiente para afirmar completude sem repetir a consulta com paginacao real."
paginacao_itens;11707402000147-1-000017/2025;completude_nao_comprovada_alta_prioridade;"exatamente 10 itens armazenados; tamanho tipico de 1a pagina do endpoint. Bug v1: coletor fez 1 chamada sem parametros pagina/tamanhoPagina e assumiu completude. Requer nova consulta paginada real (pagina=1,2,3,... ate esgotar) para confirmar total."
paginacao_itens;11707402000147-1-000017/2026;completude_nao_comprovada_alta_prioridade;"exatamente 10 itens armazenados; tamanho tipico de 1a pagina do endpoint. Bug v1: coletor fez 1 chamada sem parametros pagina/tamanhoPagina e assumiu completude. Requer nova consulta paginada real (pagina=1,2,3,... ate esgotar) para confirmar total."
paginacao_itens;11707402000147-1-000018/2024;completude_nao_comprovada;"1 itens armazenados via chamada unica sem paginacao (bug v1); pode estar completo (lista curta) ou truncado. Nao ha evidencia suficiente para afirmar completude sem repetir a consulta com paginacao real."
paginacao_itens;11707402000147-1-000018/2025;completude_nao_comprovada;"6 itens armazenados via chamada unica sem paginacao (bug v1); pode estar completo (lista curta) ou truncado. Nao ha evidencia suficiente para afirmar completude sem repetir a consulta com paginacao real."
paginacao_itens;11707402000147-1-000019/2024;completude_nao_comprovada;"1 itens armazenados via chamada unica sem paginacao (bug v1); pode estar completo (lista curta) ou truncado. Nao ha evidencia suficiente para afirmar completude sem repetir a consulta com paginacao real."
paginacao_itens;11707402000147-1-000019/2025;completude_nao_comprovada_alta_prioridade;"exatamente 10 itens armazenados; tamanho tipico de 1a pagina do endpoint. Bug v1: coletor fez 1 chamada sem parametros pagina/tamanhoPagina e assumiu completude. Requer nova consulta paginada real (pagina=1,2,3,... ate esgotar) para confirmar total."
paginacao_itens;11707402000147-1-000020/2025;completude_nao_comprovada;"1 itens armazenados via chamada unica sem paginacao (bug v1); pode estar completo (lista curta) ou truncado. Nao ha evidencia suficiente para afirmar completude sem repetir a consulta com paginacao real."
paginacao_itens;11707402000147-1-000021/2025;completude_nao_comprovada;"2 itens armazenados via chamada unica sem paginacao (bug v1); pode estar completo (lista curta) ou truncado. Nao ha evidencia suficiente para afirmar completude sem repetir a consulta com paginacao real."
paginacao_itens;11707402000147-1-000022/2025;completude_nao_comprovada_alta_prioridade;"exatamente 10 itens armazenados; tamanho tipico de 1a pagina do endpoint. Bug v1: coletor fez 1 chamada sem parametros pagina/tamanhoPagina e assumiu completude. Requer nova consulta paginada real (pagina=1,2,3,... ate esgotar) para confirmar total."
paginacao_itens;11707402000147-1-000023/2025;completude_nao_comprovada_alta_prioridade;"exatamente 10 itens armazenados; tamanho tipico de 1a pagina do endpoint. Bug v1: coletor fez 1 chamada sem parametros pagina/tamanhoPagina e assumiu completude. Requer nova consulta paginada real (pagina=1,2,3,... ate esgotar) para confirmar total."
paginacao_itens;11707402000147-1-000024/2025;completude_nao_comprovada_alta_prioridade;"exatamente 10 itens armazenados; tamanho tipico de 1a pagina do endpoint. Bug v1: coletor fez 1 chamada sem parametros pagina/tamanhoPagina e assumiu completude. Requer nova consulta paginada real (pagina=1,2,3,... ate esgotar) para confirmar total."
paginacao_itens;11707402000147-1-000025/2025;completude_nao_comprovada_alta_prioridade;"exatamente 10 itens armazenados; tamanho tipico de 1a pagina do endpoint. Bug v1: coletor fez 1 chamada sem parametros pagina/tamanhoPagina e assumiu completude. Requer nova consulta paginada real (pagina=1,2,3,... ate esgotar) para confirmar total."
paginacao_itens;11707402000147-1-000026/2025;completude_nao_comprovada;"4 itens armazenados via chamada unica sem paginacao (bug v1); pode estar completo (lista curta) ou truncado. Nao ha evidencia suficiente para afirmar completude sem repetir a consulta com paginacao real."
paginacao_itens;11707402000147-1-000027/2025;completude_nao_comprovada;"2 itens armazenados via chamada unica sem paginacao (bug v1); pode estar completo (lista curta) ou truncado. Nao ha evidencia suficiente para afirmar completude sem repetir a consulta com paginacao real."
paginacao_itens;11707402000147-1-000028/2025;completude_nao_comprovada;"1 itens armazenados via chamada unica sem paginacao (bug v1); pode estar completo (lista curta) ou truncado. Nao ha evidencia suficiente para afirmar completude sem repetir a consulta com paginacao real."
paginacao_itens;11707402000147-1-000029/2025;completude_nao_comprovada_alta_prioridade;"exatamente 10 itens armazenados; tamanho tipico de 1a pagina do endpoint. Bug v1: coletor fez 1 chamada sem parametros pagina/tamanhoPagina e assumiu completude. Requer nova consulta paginada real (pagina=1,2,3,... ate esgotar) para confirmar total."
paginacao_itens;11707402000147-1-000030/2025;completude_nao_comprovada;"1 itens armazenados via chamada unica sem paginacao (bug v1); pode estar completo (lista curta) ou truncado. Nao ha evidencia suficiente para afirmar completude sem repetir a consulta com paginacao real."
paginacao_itens;11707402000147-1-000031/2025;completude_nao_comprovada_alta_prioridade;"exatamente 10 itens armazenados; tamanho tipico de 1a pagina do endpoint. Bug v1: coletor fez 1 chamada sem parametros pagina/tamanhoPagina e assumiu completude. Requer nova consulta paginada real (pagina=1,2,3,... ate esgotar) para confirmar total."
paginacao_itens;11707402000147-1-000032/2025;completude_nao_comprovada_alta_prioridade;"exatamente 10 itens armazenados; tamanho tipico de 1a pagina do endpoint. Bug v1: coletor fez 1 chamada sem parametros pagina/tamanhoPagina e assumiu completude. Requer nova consulta paginada real (pagina=1,2,3,... ate esgotar) para confirmar total."
paginacao_itens;11707402000147-1-000033/2025;completude_nao_comprovada_alta_prioridade;"exatamente 10 itens armazenados; tamanho tipico de 1a pagina do endpoint. Bug v1: coletor fez 1 chamada sem parametros pagina/tamanhoPagina e assumiu completude. Requer nova consulta paginada real (pagina=1,2,3,... ate esgotar) para confirmar total."
paginacao_itens;11707402000147-1-000034/2025;completude_nao_comprovada_alta_prioridade;"exatamente 10 itens armazenados; tamanho tipico de 1a pagina do endpoint. Bug v1: coletor fez 1 chamada sem parametros pagina/tamanhoPagina e assumiu completude. Requer nova consulta paginada real (pagina=1,2,3,... ate esgotar) para confirmar total."
paginacao_itens;11707402000147-1-000036/2025;completude_nao_comprovada;"1 itens armazenados via chamada unica sem paginacao (bug v1); pode estar completo (lista curta) ou truncado. Nao ha evidencia suficiente para afirmar completude sem repetir a consulta com paginacao real."
paginacao_itens;11707402000147-1-000037/2025;completude_nao_comprovada;"2 itens armazenados via chamada unica sem paginacao (bug v1); pode estar completo (lista curta) ou truncado. Nao ha evidencia suficiente para afirmar completude sem repetir a consulta com paginacao real."
paginacao_itens;11707402000147-1-000038/2025;completude_nao_comprovada;"2 itens armazenados via chamada unica sem paginacao (bug v1); pode estar completo (lista curta) ou truncado. Nao ha evidencia suficiente para afirmar completude sem repetir a consulta com paginacao real."
paginacao_itens;11707402000147-1-000039/2025;completude_nao_comprovada_alta_prioridade;"exatamente 10 itens armazenados; tamanho tipico de 1a pagina do endpoint. Bug v1: coletor fez 1 chamada sem parametros pagina/tamanhoPagina e assumiu completude. Requer nova consulta paginada real (pagina=1,2,3,... ate esgotar) para confirmar total."
paginacao_itens;11707402000147-1-000041/2025;completude_nao_comprovada_alta_prioridade;"exatamente 10 itens armazenados; tamanho tipico de 1a pagina do endpoint. Bug v1: coletor fez 1 chamada sem parametros pagina/tamanhoPagina e assumiu completude. Requer nova consulta paginada real (pagina=1,2,3,... ate esgotar) para confirmar total."
paginacao_itens;11762072000192-1-000001/2025;completude_nao_comprovada;"1 itens armazenados via chamada unica sem paginacao (bug v1); pode estar completo (lista curta) ou truncado. Nao ha evidencia suficiente para afirmar completude sem repetir a consulta com paginacao real."
paginacao_itens;11762072000192-1-000001/2026;completude_nao_comprovada;"1 itens armazenados via chamada unica sem paginacao (bug v1); pode estar completo (lista curta) ou truncado. Nao ha evidencia suficiente para afirmar completude sem repetir a consulta com paginacao real."
paginacao_itens;11762072000192-1-000002/2025;completude_nao_comprovada;"2 itens armazenados via chamada unica sem paginacao (bug v1); pode estar completo (lista curta) ou truncado. Nao ha evidencia suficiente para afirmar completude sem repetir a consulta com paginacao real."
paginacao_itens;11762072000192-1-000002/2026;completude_nao_comprovada;"1 itens armazenados via chamada unica sem paginacao (bug v1); pode estar completo (lista curta) ou truncado. Nao ha evidencia suficiente para afirmar completude sem repetir a consulta com paginacao real."
paginacao_itens;11762072000192-1-000004/2025;completude_nao_comprovada;"3 itens armazenados via chamada unica sem paginacao (bug v1); pode estar completo (lista curta) ou truncado. Nao ha evidencia suficiente para afirmar completude sem repetir a consulta com paginacao real."
paginacao_itens;11762072000192-1-000008/2025;completude_nao_comprovada;"2 itens armazenados via chamada unica sem paginacao (bug v1); pode estar completo (lista curta) ou truncado. Nao ha evidencia suficiente para afirmar completude sem repetir a consulta com paginacao real."
paginacao_itens;11762128000109-1-000001/2025;completude_nao_comprovada;"2 itens armazenados via chamada unica sem paginacao (bug v1); pode estar completo (lista curta) ou truncado. Nao ha evidencia suficiente para afirmar completude sem repetir a consulta com paginacao real."
paginacao_itens;11762128000109-1-000001/2026;completude_nao_comprovada;"3 itens armazenados via chamada unica sem paginacao (bug v1); pode estar completo (lista curta) ou truncado. Nao ha evidencia suficiente para afirmar completude sem repetir a consulta com paginacao real."
paginacao_itens;11762128000109-1-000002/2025;completude_nao_comprovada;"2 itens armazenados via chamada unica sem paginacao (bug v1); pode estar completo (lista curta) ou truncado. Nao ha evidencia suficiente para afirmar completude sem repetir a consulta com paginacao real."
paginacao_itens;11762128000109-1-000003/2025;completude_nao_comprovada;"1 itens armazenados via chamada unica sem paginacao (bug v1); pode estar completo (lista curta) ou truncado. Nao ha evidencia suficiente para afirmar completude sem repetir a consulta com paginacao real."
paginacao_itens;11762128000109-1-000004/2025;completude_nao_comprovada;"1 itens armazenados via chamada unica sem paginacao (bug v1); pode estar completo (lista curta) ou truncado. Nao ha evidencia suficiente para afirmar completude sem repetir a consulta com paginacao real."
paginacao_itens;11762128000109-1-000005/2025;completude_nao_comprovada;"1 itens armazenados via chamada unica sem paginacao (bug v1); pode estar completo (lista curta) ou truncado. Nao ha evidencia suficiente para afirmar completude sem repetir a consulta com paginacao real."
paginacao_itens;11762128000109-1-000006/2025;completude_nao_comprovada;"1 itens armazenados via chamada unica sem paginacao (bug v1); pode estar completo (lista curta) ou truncado. Nao ha evidencia suficiente para afirmar completude sem repetir a consulta com paginacao real."
paginacao_itens;11762128000109-1-000006/2026;completude_nao_comprovada;"4 itens armazenados via chamada unica sem paginacao (bug v1); pode estar completo (lista curta) ou truncado. Nao ha evidencia suficiente para afirmar completude sem repetir a consulta com paginacao real."
paginacao_itens;11762128000109-1-000007/2025;completude_nao_comprovada;"1 itens armazenados via chamada unica sem paginacao (bug v1); pode estar completo (lista curta) ou truncado. Nao ha evidencia suficiente para afirmar completude sem repetir a consulta com paginacao real."
paginacao_itens;11762128000109-1-000008/2025;completude_nao_comprovada;"2 itens armazenados via chamada unica sem paginacao (bug v1); pode estar completo (lista curta) ou truncado. Nao ha evidencia suficiente para afirmar completude sem repetir a consulta com paginacao real."
paginacao_itens;11762128000109-1-000008/2026;completude_nao_comprovada;"1 itens armazenados via chamada unica sem paginacao (bug v1); pode estar completo (lista curta) ou truncado. Nao ha evidencia suficiente para afirmar completude sem repetir a consulta com paginacao real."
paginacao_itens;11762128000109-1-000009/2026;completude_nao_comprovada;"1 itens armazenados via chamada unica sem paginacao (bug v1); pode estar completo (lista curta) ou truncado. Nao ha evidencia suficiente para afirmar completude sem repetir a consulta com paginacao real."
paginacao_itens;11762128000109-1-000010/2025;completude_nao_comprovada;"1 itens armazenados via chamada unica sem paginacao (bug v1); pode estar completo (lista curta) ou truncado. Nao ha evidencia suficiente para afirmar completude sem repetir a consulta com paginacao real."
paginacao_itens;11762128000109-1-000011/2025;completude_nao_comprovada;"1 itens armazenados via chamada unica sem paginacao (bug v1); pode estar completo (lista curta) ou truncado. Nao ha evidencia suficiente para afirmar completude sem repetir a consulta com paginacao real."
paginacao_itens;11762128000109-1-000012/2025;completude_nao_comprovada;"2 itens armazenados via chamada unica sem paginacao (bug v1); pode estar completo (lista curta) ou truncado. Nao ha evidencia suficiente para afirmar completude sem repetir a consulta com paginacao real."
paginacao_itens;11762128000109-1-000014/2025;completude_nao_comprovada;"1 itens armazenados via chamada unica sem paginacao (bug v1); pode estar completo (lista curta) ou truncado. Nao ha evidencia suficiente para afirmar completude sem repetir a consulta com paginacao real."
paginacao_itens;11762128000109-1-000015/2025;completude_nao_comprovada;"2 itens armazenados via chamada unica sem paginacao (bug v1); pode estar completo (lista curta) ou truncado. Nao ha evidencia suficiente para afirmar completude sem repetir a consulta com paginacao real."
paginacao_itens;11762144000100-1-000001/2025;completude_nao_comprovada;"1 itens armazenados via chamada unica sem paginacao (bug v1); pode estar completo (lista curta) ou truncado. Nao ha evidencia suficiente para afirmar completude sem repetir a consulta com paginacao real."
paginacao_itens;11762144000100-1-000002/2025;completude_nao_comprovada;"2 itens armazenados via chamada unica sem paginacao (bug v1); pode estar completo (lista curta) ou truncado. Nao ha evidencia suficiente para afirmar completude sem repetir a consulta com paginacao real."
paginacao_itens;11762144000100-1-000002/2026;completude_nao_comprovada;"2 itens armazenados via chamada unica sem paginacao (bug v1); pode estar completo (lista curta) ou truncado. Nao ha evidencia suficiente para afirmar completude sem repetir a consulta com paginacao real."
paginacao_itens;11762144000100-1-000004/2025;completude_nao_comprovada_alta_prioridade;"exatamente 10 itens armazenados; tamanho tipico de 1a pagina do endpoint. Bug v1: coletor fez 1 chamada sem parametros pagina/tamanhoPagina e assumiu completude. Requer nova consulta paginada real (pagina=1,2,3,... ate esgotar) para confirmar total."
paginacao_itens;11762144000100-1-000005/2025;completude_nao_comprovada;"1 itens armazenados via chamada unica sem paginacao (bug v1); pode estar completo (lista curta) ou truncado. Nao ha evidencia suficiente para afirmar completude sem repetir a consulta com paginacao real."
paginacao_itens;11762144000100-1-000005/2026;completude_nao_comprovada;"4 itens armazenados via chamada unica sem paginacao (bug v1); pode estar completo (lista curta) ou truncado. Nao ha evidencia suficiente para afirmar completude sem repetir a consulta com paginacao real."
paginacao_itens;11762144000100-1-000006/2025;completude_nao_comprovada;"1 itens armazenados via chamada unica sem paginacao (bug v1); pode estar completo (lista curta) ou truncado. Nao ha evidencia suficiente para afirmar completude sem repetir a consulta com paginacao real."
paginacao_itens;11762144000100-1-000007/2025;completude_nao_comprovada;"1 itens armazenados via chamada unica sem paginacao (bug v1); pode estar completo (lista curta) ou truncado. Nao ha evidencia suficiente para afirmar completude sem repetir a consulta com paginacao real."
paginacao_itens;11762144000100-1-000008/2025;completude_nao_comprovada;"1 itens armazenados via chamada unica sem paginacao (bug v1); pode estar completo (lista curta) ou truncado. Nao ha evidencia suficiente para afirmar completude sem repetir a consulta com paginacao real."
paginacao_itens;11762144000100-1-000010/2026;completude_nao_comprovada_alta_prioridade;"exatamente 10 itens armazenados; tamanho tipico de 1a pagina do endpoint. Bug v1: coletor fez 1 chamada sem parametros pagina/tamanhoPagina e assumiu completude. Requer nova consulta paginada real (pagina=1,2,3,... ate esgotar) para confirmar total."
paginacao_itens;11762144000100-1-000011/2026;completude_nao_comprovada;"2 itens armazenados via chamada unica sem paginacao (bug v1); pode estar completo (lista curta) ou truncado. Nao ha evidencia suficiente para afirmar completude sem repetir a consulta com paginacao real."
paginacao_itens;11762144000100-1-000013/2026;completude_nao_comprovada_alta_prioridade;"exatamente 10 itens armazenados; tamanho tipico de 1a pagina do endpoint. Bug v1: coletor fez 1 chamada sem parametros pagina/tamanhoPagina e assumiu completude. Requer nova consulta paginada real (pagina=1,2,3,... ate esgotar) para confirmar total."
paginacao_itens;11762144000100-1-000015/2026;completude_nao_comprovada_alta_prioridade;"exatamente 10 itens armazenados; tamanho tipico de 1a pagina do endpoint. Bug v1: coletor fez 1 chamada sem parametros pagina/tamanhoPagina e assumiu completude. Requer nova consulta paginada real (pagina=1,2,3,... ate esgotar) para confirmar total."
paginacao_itens;11762144000100-1-000018/2025;completude_nao_comprovada_alta_prioridade;"exatamente 10 itens armazenados; tamanho tipico de 1a pagina do endpoint. Bug v1: coletor fez 1 chamada sem parametros pagina/tamanhoPagina e assumiu completude. Requer nova consulta paginada real (pagina=1,2,3,... ate esgotar) para confirmar total."
paginacao_itens;11762144000100-1-000019/2025;completude_nao_comprovada;"9 itens armazenados via chamada unica sem paginacao (bug v1); pode estar completo (lista curta) ou truncado. Nao ha evidencia suficiente para afirmar completude sem repetir a consulta com paginacao real."
paginacao_itens;11762144000100-1-000022/2025;completude_nao_comprovada;"1 itens armazenados via chamada unica sem paginacao (bug v1); pode estar completo (lista curta) ou truncado. Nao ha evidencia suficiente para afirmar completude sem repetir a consulta com paginacao real."
paginacao_itens;11762144000100-1-000023/2025;completude_nao_comprovada;"1 itens armazenados via chamada unica sem paginacao (bug v1); pode estar completo (lista curta) ou truncado. Nao ha evidencia suficiente para afirmar completude sem repetir a consulta com paginacao real."
paginacao_itens;11762144000100-1-000024/2025;completude_nao_comprovada_alta_prioridade;"exatamente 10 itens armazenados; tamanho tipico de 1a pagina do endpoint. Bug v1: coletor fez 1 chamada sem parametros pagina/tamanhoPagina e assumiu completude. Requer nova consulta paginada real (pagina=1,2,3,... ate esgotar) para confirmar total."
paginacao_itens;11762144000100-1-000025/2025;completude_nao_comprovada;"1 itens armazenados via chamada unica sem paginacao (bug v1); pode estar completo (lista curta) ou truncado. Nao ha evidencia suficiente para afirmar completude sem repetir a consulta com paginacao real."
paginacao_itens;11762144000100-1-000027/2025;completude_nao_comprovada_alta_prioridade;"exatamente 10 itens armazenados; tamanho tipico de 1a pagina do endpoint. Bug v1: coletor fez 1 chamada sem parametros pagina/tamanhoPagina e assumiu completude. Requer nova consulta paginada real (pagina=1,2,3,... ate esgotar) para confirmar total."
paginacao_itens;11762144000100-1-000029/2025;completude_nao_comprovada_alta_prioridade;"exatamente 10 itens armazenados; tamanho tipico de 1a pagina do endpoint. Bug v1: coletor fez 1 chamada sem parametros pagina/tamanhoPagina e assumiu completude. Requer nova consulta paginada real (pagina=1,2,3,... ate esgotar) para confirmar total."
paginacao_itens;11762144000100-1-000030/2025;completude_nao_comprovada;"3 itens armazenados via chamada unica sem paginacao (bug v1); pode estar completo (lista curta) ou truncado. Nao ha evidencia suficiente para afirmar completude sem repetir a consulta com paginacao real."
paginacao_itens;11762144000100-1-000031/2025;completude_nao_comprovada;"1 itens armazenados via chamada unica sem paginacao (bug v1); pode estar completo (lista curta) ou truncado. Nao ha evidencia suficiente para afirmar completude sem repetir a consulta com paginacao real."
paginacao_itens;11762144000100-1-000035/2025;completude_nao_comprovada;"2 itens armazenados via chamada unica sem paginacao (bug v1); pode estar completo (lista curta) ou truncado. Nao ha evidencia suficiente para afirmar completude sem repetir a consulta com paginacao real."
paginacao_itens;11762144000100-1-000037/2025;completude_nao_comprovada;"5 itens armazenados via chamada unica sem paginacao (bug v1); pode estar completo (lista curta) ou truncado. Nao ha evidencia suficiente para afirmar completude sem repetir a consulta com paginacao real."
paginacao_itens;11762144000100-1-000038/2025;completude_nao_comprovada;"8 itens armazenados via chamada unica sem paginacao (bug v1); pode estar completo (lista curta) ou truncado. Nao ha evidencia suficiente para afirmar completude sem repetir a consulta com paginacao real."
paginacao_itens;11762144000100-1-000039/2025;completude_nao_comprovada_alta_prioridade;"exatamente 10 itens armazenados; tamanho tipico de 1a pagina do endpoint. Bug v1: coletor fez 1 chamada sem parametros pagina/tamanhoPagina e assumiu completude. Requer nova consulta paginada real (pagina=1,2,3,... ate esgotar) para confirmar total."
paginacao_itens;11762155000181-1-000001/2025;completude_nao_comprovada;"1 itens armazenados via chamada unica sem paginacao (bug v1); pode estar completo (lista curta) ou truncado. Nao ha evidencia suficiente para afirmar completude sem repetir a consulta com paginacao real."
paginacao_itens;11762179000130-1-000016/2026;completude_nao_comprovada_alta_prioridade;"exatamente 10 itens armazenados; tamanho tipico de 1a pagina do endpoint. Bug v1: coletor fez 1 chamada sem parametros pagina/tamanhoPagina e assumiu completude. Requer nova consulta paginada real (pagina=1,2,3,... ate esgotar) para confirmar total."
paginacao_itens;11762179000130-1-000018/2026;completude_nao_comprovada;"1 itens armazenados via chamada unica sem paginacao (bug v1); pode estar completo (lista curta) ou truncado. Nao ha evidencia suficiente para afirmar completude sem repetir a consulta com paginacao real."
paginacao_itens;11762179000130-1-000021/2026;completude_nao_comprovada;"1 itens armazenados via chamada unica sem paginacao (bug v1); pode estar completo (lista curta) ou truncado. Nao ha evidencia suficiente para afirmar completude sem repetir a consulta com paginacao real."
paginacao_itens;11762179000130-1-000023/2026;completude_nao_comprovada;"1 itens armazenados via chamada unica sem paginacao (bug v1); pode estar completo (lista curta) ou truncado. Nao ha evidencia suficiente para afirmar completude sem repetir a consulta com paginacao real."
paginacao_itens;11762179000130-1-000025/2026;completude_nao_comprovada;"1 itens armazenados via chamada unica sem paginacao (bug v1); pode estar completo (lista curta) ou truncado. Nao ha evidencia suficiente para afirmar completude sem repetir a consulta com paginacao real."
paginacao_itens;11762179000130-1-000027/2026;completude_nao_comprovada;"1 itens armazenados via chamada unica sem paginacao (bug v1); pode estar completo (lista curta) ou truncado. Nao ha evidencia suficiente para afirmar completude sem repetir a consulta com paginacao real."
paginacao_itens;11762179000130-1-000030/2026;completude_nao_comprovada;"8 itens armazenados via chamada unica sem paginacao (bug v1); pode estar completo (lista curta) ou truncado. Nao ha evidencia suficiente para afirmar completude sem repetir a consulta com paginacao real."
paginacao_itens;11762179000130-1-000031/2026;completude_nao_comprovada;"8 itens armazenados via chamada unica sem paginacao (bug v1); pode estar completo (lista curta) ou truncado. Nao ha evidencia suficiente para afirmar completude sem repetir a consulta com paginacao real."
paginacao_itens;11762179000130-1-000042/2025;completude_nao_comprovada;"1 itens armazenados via chamada unica sem paginacao (bug v1); pode estar completo (lista curta) ou truncado. Nao ha evidencia suficiente para afirmar completude sem repetir a consulta com paginacao real."
paginacao_itens;11762196000178-1-000001/2025;completude_nao_comprovada;"4 itens armazenados via chamada unica sem paginacao (bug v1); pode estar completo (lista curta) ou truncado. Nao ha evidencia suficiente para afirmar completude sem repetir a consulta com paginacao real."
paginacao_itens;11762196000178-1-000001/2026;completude_nao_comprovada;"5 itens armazenados via chamada unica sem paginacao (bug v1); pode estar completo (lista curta) ou truncado. Nao ha evidencia suficiente para afirmar completude sem repetir a consulta com paginacao real."
paginacao_itens;11762196000178-1-000002/2026;completude_nao_comprovada;"5 itens armazenados via chamada unica sem paginacao (bug v1); pode estar completo (lista curta) ou truncado. Nao ha evidencia suficiente para afirmar completude sem repetir a consulta com paginacao real."
paginacao_itens;11762196000178-1-000004/2026;completude_nao_comprovada;"2 itens armazenados via chamada unica sem paginacao (bug v1); pode estar completo (lista curta) ou truncado. Nao ha evidencia suficiente para afirmar completude sem repetir a consulta com paginacao real."
paginacao_itens;11762196000178-1-000005/2026;completude_nao_comprovada;"5 itens armazenados via chamada unica sem paginacao (bug v1); pode estar completo (lista curta) ou truncado. Nao ha evidencia suficiente para afirmar completude sem repetir a consulta com paginacao real."
paginacao_itens;11762196000178-1-000006/2026;completude_nao_comprovada;"5 itens armazenados via chamada unica sem paginacao (bug v1); pode estar completo (lista curta) ou truncado. Nao ha evidencia suficiente para afirmar completude sem repetir a consulta com paginacao real."
paginacao_itens;11762196000178-1-000007/2026;completude_nao_comprovada;"3 itens armazenados via chamada unica sem paginacao (bug v1); pode estar completo (lista curta) ou truncado. Nao ha evidencia suficiente para afirmar completude sem repetir a consulta com paginacao real."
paginacao_itens;11762196000178-1-000008/2026;completude_nao_comprovada_alta_prioridade;"exatamente 10 itens armazenados; tamanho tipico de 1a pagina do endpoint. Bug v1: coletor fez 1 chamada sem parametros pagina/tamanhoPagina e assumiu completude. Requer nova consulta paginada real (pagina=1,2,3,... ate esgotar) para confirmar total."
paginacao_itens;11762219000144-1-000001/2025;completude_nao_comprovada;"1 itens armazenados via chamada unica sem paginacao (bug v1); pode estar completo (lista curta) ou truncado. Nao ha evidencia suficiente para afirmar completude sem repetir a consulta com paginacao real."
paginacao_itens;11762219000144-1-000002/2026;completude_nao_comprovada;"1 itens armazenados via chamada unica sem paginacao (bug v1); pode estar completo (lista curta) ou truncado. Nao ha evidencia suficiente para afirmar completude sem repetir a consulta com paginacao real."
paginacao_itens;11762219000144-1-000003/2026;completude_nao_comprovada;"1 itens armazenados via chamada unica sem paginacao (bug v1); pode estar completo (lista curta) ou truncado. Nao ha evidencia suficiente para afirmar completude sem repetir a consulta com paginacao real."
paginacao_itens;11762219000144-1-000012/2025;completude_nao_comprovada;"1 itens armazenados via chamada unica sem paginacao (bug v1); pode estar completo (lista curta) ou truncado. Nao ha evidencia suficiente para afirmar completude sem repetir a consulta com paginacao real."
paginacao_itens;11762237000126-1-000001/2025;completude_nao_comprovada;"1 itens armazenados via chamada unica sem paginacao (bug v1); pode estar completo (lista curta) ou truncado. Nao ha evidencia suficiente para afirmar completude sem repetir a consulta com paginacao real."
paginacao_itens;11762237000126-1-000001/2026;completude_nao_comprovada;"1 itens armazenados via chamada unica sem paginacao (bug v1); pode estar completo (lista curta) ou truncado. Nao ha evidencia suficiente para afirmar completude sem repetir a consulta com paginacao real."
paginacao_itens;11762237000126-1-000002/2025;completude_nao_comprovada;"3 itens armazenados via chamada unica sem paginacao (bug v1); pode estar completo (lista curta) ou truncado. Nao ha evidencia suficiente para afirmar completude sem repetir a consulta com paginacao real."
paginacao_itens;11762237000126-1-000002/2026;completude_nao_comprovada;"2 itens armazenados via chamada unica sem paginacao (bug v1); pode estar completo (lista curta) ou truncado. Nao ha evidencia suficiente para afirmar completude sem repetir a consulta com paginacao real."
paginacao_itens;11762237000126-1-000005/2025;completude_nao_comprovada;"3 itens armazenados via chamada unica sem paginacao (bug v1); pode estar completo (lista curta) ou truncado. Nao ha evidencia suficiente para afirmar completude sem repetir a consulta com paginacao real."
paginacao_itens;11762237000126-1-000006/2025;completude_nao_comprovada;"4 itens armazenados via chamada unica sem paginacao (bug v1); pode estar completo (lista curta) ou truncado. Nao ha evidencia suficiente para afirmar completude sem repetir a consulta com paginacao real."
paginacao_itens;11762237000126-1-000006/2026;completude_nao_comprovada;"1 itens armazenados via chamada unica sem paginacao (bug v1); pode estar completo (lista curta) ou truncado. Nao ha evidencia suficiente para afirmar completude sem repetir a consulta com paginacao real."
paginacao_itens;11762237000126-1-000007/2024;completude_nao_comprovada;"1 itens armazenados via chamada unica sem paginacao (bug v1); pode estar completo (lista curta) ou truncado. Nao ha evidencia suficiente para afirmar completude sem repetir a consulta com paginacao real."
paginacao_itens;11762237000126-1-000007/2025;completude_nao_comprovada;"1 itens armazenados via chamada unica sem paginacao (bug v1); pode estar completo (lista curta) ou truncado. Nao ha evidencia suficiente para afirmar completude sem repetir a consulta com paginacao real."
paginacao_itens;11762237000126-1-000008/2024;completude_nao_comprovada;"5 itens armazenados via chamada unica sem paginacao (bug v1); pode estar completo (lista curta) ou truncado. Nao ha evidencia suficiente para afirmar completude sem repetir a consulta com paginacao real."
paginacao_itens;11762237000126-1-000008/2026;completude_nao_comprovada;"3 itens armazenados via chamada unica sem paginacao (bug v1); pode estar completo (lista curta) ou truncado. Nao ha evidencia suficiente para afirmar completude sem repetir a consulta com paginacao real."
paginacao_itens;11762237000126-1-000009/2024;completude_nao_comprovada;"1 itens armazenados via chamada unica sem paginacao (bug v1); pode estar completo (lista curta) ou truncado. Nao ha evidencia suficiente para afirmar completude sem repetir a consulta com paginacao real."
paginacao_itens;11762237000126-1-000010/2025;completude_nao_comprovada;"3 itens armazenados via chamada unica sem paginacao (bug v1); pode estar completo (lista curta) ou truncado. Nao ha evidencia suficiente para afirmar completude sem repetir a consulta com paginacao real."
paginacao_itens;11762237000126-1-000010/2026;completude_nao_comprovada;"1 itens armazenados via chamada unica sem paginacao (bug v1); pode estar completo (lista curta) ou truncado. Nao ha evidencia suficiente para afirmar completude sem repetir a consulta com paginacao real."
paginacao_itens;11762237000126-1-000011/2026;completude_nao_comprovada;"3 itens armazenados via chamada unica sem paginacao (bug v1); pode estar completo (lista curta) ou truncado. Nao ha evidencia suficiente para afirmar completude sem repetir a consulta com paginacao real."
paginacao_itens;11762237000126-1-000013/2025;completude_nao_comprovada;"6 itens armazenados via chamada unica sem paginacao (bug v1); pode estar completo (lista curta) ou truncado. Nao ha evidencia suficiente para afirmar completude sem repetir a consulta com paginacao real."
paginacao_itens;11762237000126-1-000016/2025;completude_nao_comprovada;"1 itens armazenados via chamada unica sem paginacao (bug v1); pode estar completo (lista curta) ou truncado. Nao ha evidencia suficiente para afirmar completude sem repetir a consulta com paginacao real."
paginacao_itens;11762237000126-1-000017/2025;completude_nao_comprovada;"1 itens armazenados via chamada unica sem paginacao (bug v1); pode estar completo (lista curta) ou truncado. Nao ha evidencia suficiente para afirmar completude sem repetir a consulta com paginacao real."
paginacao_itens;11762237000126-1-000018/2025;completude_nao_comprovada;"1 itens armazenados via chamada unica sem paginacao (bug v1); pode estar completo (lista curta) ou truncado. Nao ha evidencia suficiente para afirmar completude sem repetir a consulta com paginacao real."
paginacao_itens;11762237000126-1-000020/2025;completude_nao_comprovada;"1 itens armazenados via chamada unica sem paginacao (bug v1); pode estar completo (lista curta) ou truncado. Nao ha evidencia suficiente para afirmar completude sem repetir a consulta com paginacao real."
paginacao_itens;11762237000126-1-000021/2025;completude_nao_comprovada;"1 itens armazenados via chamada unica sem paginacao (bug v1); pode estar completo (lista curta) ou truncado. Nao ha evidencia suficiente para afirmar completude sem repetir a consulta com paginacao real."
paginacao_itens;11762237000126-1-000024/2025;completude_nao_comprovada;"1 itens armazenados via chamada unica sem paginacao (bug v1); pode estar completo (lista curta) ou truncado. Nao ha evidencia suficiente para afirmar completude sem repetir a consulta com paginacao real."
paginacao_itens;11762249000150-1-000001/2025;completude_nao_comprovada_alta_prioridade;"exatamente 10 itens armazenados; tamanho tipico de 1a pagina do endpoint. Bug v1: coletor fez 1 chamada sem parametros pagina/tamanhoPagina e assumiu completude. Requer nova consulta paginada real (pagina=1,2,3,... ate esgotar) para confirmar total."
paginacao_itens;11762249000150-1-000001/2026;completude_nao_comprovada;"1 itens armazenados via chamada unica sem paginacao (bug v1); pode estar completo (lista curta) ou truncado. Nao ha evidencia suficiente para afirmar completude sem repetir a consulta com paginacao real."
paginacao_itens;11762249000150-1-000002/2025;completude_nao_comprovada;"1 itens armazenados via chamada unica sem paginacao (bug v1); pode estar completo (lista curta) ou truncado. Nao ha evidencia suficiente para afirmar completude sem repetir a consulta com paginacao real."
paginacao_itens;11762249000150-1-000002/2026;completude_nao_comprovada;"1 itens armazenados via chamada unica sem paginacao (bug v1); pode estar completo (lista curta) ou truncado. Nao ha evidencia suficiente para afirmar completude sem repetir a consulta com paginacao real."
paginacao_itens;11762249000150-1-000003/2025;completude_nao_comprovada;"1 itens armazenados via chamada unica sem paginacao (bug v1); pode estar completo (lista curta) ou truncado. Nao ha evidencia suficiente para afirmar completude sem repetir a consulta com paginacao real."
paginacao_itens;11762249000150-1-000003/2026;completude_nao_comprovada;"1 itens armazenados via chamada unica sem paginacao (bug v1); pode estar completo (lista curta) ou truncado. Nao ha evidencia suficiente para afirmar completude sem repetir a consulta com paginacao real."
paginacao_itens;11762249000150-1-000004/2025;completude_nao_comprovada_alta_prioridade;"exatamente 10 itens armazenados; tamanho tipico de 1a pagina do endpoint. Bug v1: coletor fez 1 chamada sem parametros pagina/tamanhoPagina e assumiu completude. Requer nova consulta paginada real (pagina=1,2,3,... ate esgotar) para confirmar total."
paginacao_itens;11772847000100-1-000001/2025;completude_nao_comprovada;"9 itens armazenados via chamada unica sem paginacao (bug v1); pode estar completo (lista curta) ou truncado. Nao ha evidencia suficiente para afirmar completude sem repetir a consulta com paginacao real."
paginacao_itens;11772847000100-1-000003/2026;completude_nao_comprovada_alta_prioridade;"exatamente 10 itens armazenados; tamanho tipico de 1a pagina do endpoint. Bug v1: coletor fez 1 chamada sem parametros pagina/tamanhoPagina e assumiu completude. Requer nova consulta paginada real (pagina=1,2,3,... ate esgotar) para confirmar total."
paginacao_itens;11772847000100-1-000004/2026;completude_nao_comprovada_alta_prioridade;"exatamente 10 itens armazenados; tamanho tipico de 1a pagina do endpoint. Bug v1: coletor fez 1 chamada sem parametros pagina/tamanhoPagina e assumiu completude. Requer nova consulta paginada real (pagina=1,2,3,... ate esgotar) para confirmar total."
paginacao_itens;11772847000100-1-000006/2026;completude_nao_comprovada;"7 itens armazenados via chamada unica sem paginacao (bug v1); pode estar completo (lista curta) ou truncado. Nao ha evidencia suficiente para afirmar completude sem repetir a consulta com paginacao real."
paginacao_itens;11772847000100-1-000007/2026;completude_nao_comprovada;"1 itens armazenados via chamada unica sem paginacao (bug v1); pode estar completo (lista curta) ou truncado. Nao ha evidencia suficiente para afirmar completude sem repetir a consulta com paginacao real."
paginacao_itens;11772847000100-1-000008/2026;completude_nao_comprovada;"4 itens armazenados via chamada unica sem paginacao (bug v1); pode estar completo (lista curta) ou truncado. Nao ha evidencia suficiente para afirmar completude sem repetir a consulta com paginacao real."
paginacao_itens;11772855000157-1-000001/2025;completude_nao_comprovada;"6 itens armazenados via chamada unica sem paginacao (bug v1); pode estar completo (lista curta) ou truncado. Nao ha evidencia suficiente para afirmar completude sem repetir a consulta com paginacao real."
paginacao_itens;11772855000157-1-000002/2025;completude_nao_comprovada_alta_prioridade;"exatamente 10 itens armazenados; tamanho tipico de 1a pagina do endpoint. Bug v1: coletor fez 1 chamada sem parametros pagina/tamanhoPagina e assumiu completude. Requer nova consulta paginada real (pagina=1,2,3,... ate esgotar) para confirmar total."
paginacao_itens;11772855000157-1-000003/2025;completude_nao_comprovada;"4 itens armazenados via chamada unica sem paginacao (bug v1); pode estar completo (lista curta) ou truncado. Nao ha evidencia suficiente para afirmar completude sem repetir a consulta com paginacao real."
paginacao_itens;11772855000157-1-000009/2025;completude_nao_comprovada;"1 itens armazenados via chamada unica sem paginacao (bug v1); pode estar completo (lista curta) ou truncado. Nao ha evidencia suficiente para afirmar completude sem repetir a consulta com paginacao real."
paginacao_itens;11772855000157-1-000010/2025;completude_nao_comprovada;"2 itens armazenados via chamada unica sem paginacao (bug v1); pode estar completo (lista curta) ou truncado. Nao ha evidencia suficiente para afirmar completude sem repetir a consulta com paginacao real."
paginacao_itens;11772855000157-1-000011/2025;completude_nao_comprovada;"4 itens armazenados via chamada unica sem paginacao (bug v1); pode estar completo (lista curta) ou truncado. Nao ha evidencia suficiente para afirmar completude sem repetir a consulta com paginacao real."
paginacao_itens;11772855000157-1-000013/2025;completude_nao_comprovada;"1 itens armazenados via chamada unica sem paginacao (bug v1); pode estar completo (lista curta) ou truncado. Nao ha evidencia suficiente para afirmar completude sem repetir a consulta com paginacao real."
paginacao_itens;11778650000189-1-000001/2026;completude_nao_comprovada;"3 itens armazenados via chamada unica sem paginacao (bug v1); pode estar completo (lista curta) ou truncado. Nao ha evidencia suficiente para afirmar completude sem repetir a consulta com paginacao real."
paginacao_itens;11778652000178-1-000001/2026;completude_nao_comprovada;"1 itens armazenados via chamada unica sem paginacao (bug v1); pode estar completo (lista curta) ou truncado. Nao ha evidencia suficiente para afirmar completude sem repetir a consulta com paginacao real."
paginacao_itens;11778652000178-1-000002/2025;completude_nao_comprovada_alta_prioridade;"exatamente 10 itens armazenados; tamanho tipico de 1a pagina do endpoint. Bug v1: coletor fez 1 chamada sem parametros pagina/tamanhoPagina e assumiu completude. Requer nova consulta paginada real (pagina=1,2,3,... ate esgotar) para confirmar total."
paginacao_itens;11778652000178-1-000002/2026;completude_nao_comprovada_alta_prioridade;"exatamente 10 itens armazenados; tamanho tipico de 1a pagina do endpoint. Bug v1: coletor fez 1 chamada sem parametros pagina/tamanhoPagina e assumiu completude. Requer nova consulta paginada real (pagina=1,2,3,... ate esgotar) para confirmar total."
paginacao_itens;11778652000178-1-000004/2025;completude_nao_comprovada;"1 itens armazenados via chamada unica sem paginacao (bug v1); pode estar completo (lista curta) ou truncado. Nao ha evidencia suficiente para afirmar completude sem repetir a consulta com paginacao real."
paginacao_itens;11778652000178-1-000006/2025;completude_nao_comprovada_alta_prioridade;"exatamente 10 itens armazenados; tamanho tipico de 1a pagina do endpoint. Bug v1: coletor fez 1 chamada sem parametros pagina/tamanhoPagina e assumiu completude. Requer nova consulta paginada real (pagina=1,2,3,... ate esgotar) para confirmar total."
paginacao_itens;11778653000112-1-000001/2025;completude_nao_comprovada;"3 itens armazenados via chamada unica sem paginacao (bug v1); pode estar completo (lista curta) ou truncado. Nao ha evidencia suficiente para afirmar completude sem repetir a consulta com paginacao real."
paginacao_itens;11778653000112-1-000001/2026;completude_nao_comprovada;"1 itens armazenados via chamada unica sem paginacao (bug v1); pode estar completo (lista curta) ou truncado. Nao ha evidencia suficiente para afirmar completude sem repetir a consulta com paginacao real."
paginacao_itens;11778653000112-1-000002/2025;completude_nao_comprovada;"3 itens armazenados via chamada unica sem paginacao (bug v1); pode estar completo (lista curta) ou truncado. Nao ha evidencia suficiente para afirmar completude sem repetir a consulta com paginacao real."
paginacao_itens;11778653000112-1-000002/2026;completude_nao_comprovada;"1 itens armazenados via chamada unica sem paginacao (bug v1); pode estar completo (lista curta) ou truncado. Nao ha evidencia suficiente para afirmar completude sem repetir a consulta com paginacao real."
paginacao_itens;11778653000112-1-000003/2025;completude_nao_comprovada;"1 itens armazenados via chamada unica sem paginacao (bug v1); pode estar completo (lista curta) ou truncado. Nao ha evidencia suficiente para afirmar completude sem repetir a consulta com paginacao real."
paginacao_itens;11778653000112-1-000003/2026;completude_nao_comprovada;"1 itens armazenados via chamada unica sem paginacao (bug v1); pode estar completo (lista curta) ou truncado. Nao ha evidencia suficiente para afirmar completude sem repetir a consulta com paginacao real."
paginacao_itens;11778653000112-1-000004/2025;completude_nao_comprovada;"1 itens armazenados via chamada unica sem paginacao (bug v1); pode estar completo (lista curta) ou truncado. Nao ha evidencia suficiente para afirmar completude sem repetir a consulta com paginacao real."
paginacao_itens;11778653000112-1-000004/2026;completude_nao_comprovada;"4 itens armazenados via chamada unica sem paginacao (bug v1); pode estar completo (lista curta) ou truncado. Nao ha evidencia suficiente para afirmar completude sem repetir a consulta com paginacao real."
paginacao_itens;11778653000112-1-000005/2026;completude_nao_comprovada;"1 itens armazenados via chamada unica sem paginacao (bug v1); pode estar completo (lista curta) ou truncado. Nao ha evidencia suficiente para afirmar completude sem repetir a consulta com paginacao real."
paginacao_itens;11778653000112-1-000006/2025;completude_nao_comprovada;"9 itens armazenados via chamada unica sem paginacao (bug v1); pode estar completo (lista curta) ou truncado. Nao ha evidencia suficiente para afirmar completude sem repetir a consulta com paginacao real."
paginacao_itens;11778653000112-1-000006/2026;completude_nao_comprovada;"3 itens armazenados via chamada unica sem paginacao (bug v1); pode estar completo (lista curta) ou truncado. Nao ha evidencia suficiente para afirmar completude sem repetir a consulta com paginacao real."
paginacao_itens;11778653000112-1-000007/2025;completude_nao_comprovada;"6 itens armazenados via chamada unica sem paginacao (bug v1); pode estar completo (lista curta) ou truncado. Nao ha evidencia suficiente para afirmar completude sem repetir a consulta com paginacao real."
paginacao_itens;11778653000112-1-000007/2026;completude_nao_comprovada;"4 itens armazenados via chamada unica sem paginacao (bug v1); pode estar completo (lista curta) ou truncado. Nao ha evidencia suficiente para afirmar completude sem repetir a consulta com paginacao real."
paginacao_itens;11778653000112-1-000008/2024;completude_nao_comprovada;"1 itens armazenados via chamada unica sem paginacao (bug v1); pode estar completo (lista curta) ou truncado. Nao ha evidencia suficiente para afirmar completude sem repetir a consulta com paginacao real."
paginacao_itens;11778653000112-1-000008/2025;completude_nao_comprovada;"9 itens armazenados via chamada unica sem paginacao (bug v1); pode estar completo (lista curta) ou truncado. Nao ha evidencia suficiente para afirmar completude sem repetir a consulta com paginacao real."
paginacao_itens;11778653000112-1-000009/2024;completude_nao_comprovada;"1 itens armazenados via chamada unica sem paginacao (bug v1); pode estar completo (lista curta) ou truncado. Nao ha evidencia suficiente para afirmar completude sem repetir a consulta com paginacao real."
paginacao_itens;11778653000112-1-000009/2025;completude_nao_comprovada;"3 itens armazenados via chamada unica sem paginacao (bug v1); pode estar completo (lista curta) ou truncado. Nao ha evidencia suficiente para afirmar completude sem repetir a consulta com paginacao real."
paginacao_itens;11778653000112-1-000009/2026;completude_nao_comprovada;"2 itens armazenados via chamada unica sem paginacao (bug v1); pode estar completo (lista curta) ou truncado. Nao ha evidencia suficiente para afirmar completude sem repetir a consulta com paginacao real."
paginacao_itens;11778653000112-1-000010/2025;completude_nao_comprovada;"1 itens armazenados via chamada unica sem paginacao (bug v1); pode estar completo (lista curta) ou truncado. Nao ha evidencia suficiente para afirmar completude sem repetir a consulta com paginacao real."
paginacao_itens;11778653000112-1-000011/2026;completude_nao_comprovada;"1 itens armazenados via chamada unica sem paginacao (bug v1); pode estar completo (lista curta) ou truncado. Nao ha evidencia suficiente para afirmar completude sem repetir a consulta com paginacao real."
paginacao_itens;11778653000112-1-000012/2026;completude_nao_comprovada;"1 itens armazenados via chamada unica sem paginacao (bug v1); pode estar completo (lista curta) ou truncado. Nao ha evidencia suficiente para afirmar completude sem repetir a consulta com paginacao real."
paginacao_itens;11778653000112-1-000017/2025;completude_nao_comprovada;"1 itens armazenados via chamada unica sem paginacao (bug v1); pode estar completo (lista curta) ou truncado. Nao ha evidencia suficiente para afirmar completude sem repetir a consulta com paginacao real."
paginacao_itens;11844616000165-1-000008/2025;completude_nao_comprovada;"6 itens armazenados via chamada unica sem paginacao (bug v1); pode estar completo (lista curta) ou truncado. Nao ha evidencia suficiente para afirmar completude sem repetir a consulta com paginacao real."
paginacao_itens;11844616000165-1-000009/2025;completude_nao_comprovada;"1 itens armazenados via chamada unica sem paginacao (bug v1); pode estar completo (lista curta) ou truncado. Nao ha evidencia suficiente para afirmar completude sem repetir a consulta com paginacao real."
paginacao_itens;11844616000165-1-000010/2025;completude_nao_comprovada_alta_prioridade;"exatamente 10 itens armazenados; tamanho tipico de 1a pagina do endpoint. Bug v1: coletor fez 1 chamada sem parametros pagina/tamanhoPagina e assumiu completude. Requer nova consulta paginada real (pagina=1,2,3,... ate esgotar) para confirmar total."
paginacao_itens;12250723000128-1-000001/2026;completude_nao_comprovada;"4 itens armazenados via chamada unica sem paginacao (bug v1); pode estar completo (lista curta) ou truncado. Nao ha evidencia suficiente para afirmar completude sem repetir a consulta com paginacao real."
paginacao_itens;12250723000128-1-000002/2026;completude_nao_comprovada;"7 itens armazenados via chamada unica sem paginacao (bug v1); pode estar completo (lista curta) ou truncado. Nao ha evidencia suficiente para afirmar completude sem repetir a consulta com paginacao real."
paginacao_itens;12250723000128-1-000003/2026;completude_nao_comprovada;"2 itens armazenados via chamada unica sem paginacao (bug v1); pode estar completo (lista curta) ou truncado. Nao ha evidencia suficiente para afirmar completude sem repetir a consulta com paginacao real."
paginacao_itens;12250723000128-1-000004/2026;completude_nao_comprovada;"1 itens armazenados via chamada unica sem paginacao (bug v1); pode estar completo (lista curta) ou truncado. Nao ha evidencia suficiente para afirmar completude sem repetir a consulta com paginacao real."
paginacao_itens;12250723000128-1-000005/2025;completude_nao_comprovada;"1 itens armazenados via chamada unica sem paginacao (bug v1); pode estar completo (lista curta) ou truncado. Nao ha evidencia suficiente para afirmar completude sem repetir a consulta com paginacao real."
paginacao_itens;12250723000128-1-000006/2025;completude_nao_comprovada;"6 itens armazenados via chamada unica sem paginacao (bug v1); pode estar completo (lista curta) ou truncado. Nao ha evidencia suficiente para afirmar completude sem repetir a consulta com paginacao real."
paginacao_itens;12456167000140-1-000001/2025;completude_nao_comprovada_alta_prioridade;"exatamente 10 itens armazenados; tamanho tipico de 1a pagina do endpoint. Bug v1: coletor fez 1 chamada sem parametros pagina/tamanhoPagina e assumiu completude. Requer nova consulta paginada real (pagina=1,2,3,... ate esgotar) para confirmar total."
paginacao_itens;12456167000140-1-000001/2026;completude_nao_comprovada_alta_prioridade;"exatamente 10 itens armazenados; tamanho tipico de 1a pagina do endpoint. Bug v1: coletor fez 1 chamada sem parametros pagina/tamanhoPagina e assumiu completude. Requer nova consulta paginada real (pagina=1,2,3,... ate esgotar) para confirmar total."
paginacao_itens;12456167000140-1-000002/2025;completude_nao_comprovada;"3 itens armazenados via chamada unica sem paginacao (bug v1); pode estar completo (lista curta) ou truncado. Nao ha evidencia suficiente para afirmar completude sem repetir a consulta com paginacao real."
paginacao_itens;12456167000140-1-000002/2026;completude_nao_comprovada;"3 itens armazenados via chamada unica sem paginacao (bug v1); pode estar completo (lista curta) ou truncado. Nao ha evidencia suficiente para afirmar completude sem repetir a consulta com paginacao real."
paginacao_itens;12456167000140-1-000003/2025;completude_nao_comprovada_alta_prioridade;"exatamente 10 itens armazenados; tamanho tipico de 1a pagina do endpoint. Bug v1: coletor fez 1 chamada sem parametros pagina/tamanhoPagina e assumiu completude. Requer nova consulta paginada real (pagina=1,2,3,... ate esgotar) para confirmar total."
paginacao_itens;12456167000140-1-000003/2026;completude_nao_comprovada_alta_prioridade;"exatamente 10 itens armazenados; tamanho tipico de 1a pagina do endpoint. Bug v1: coletor fez 1 chamada sem parametros pagina/tamanhoPagina e assumiu completude. Requer nova consulta paginada real (pagina=1,2,3,... ate esgotar) para confirmar total."
paginacao_itens;12456167000140-1-000004/2025;completude_nao_comprovada;"1 itens armazenados via chamada unica sem paginacao (bug v1); pode estar completo (lista curta) ou truncado. Nao ha evidencia suficiente para afirmar completude sem repetir a consulta com paginacao real."
paginacao_itens;12456167000140-1-000005/2025;completude_nao_comprovada_alta_prioridade;"exatamente 10 itens armazenados; tamanho tipico de 1a pagina do endpoint. Bug v1: coletor fez 1 chamada sem parametros pagina/tamanhoPagina e assumiu completude. Requer nova consulta paginada real (pagina=1,2,3,... ate esgotar) para confirmar total."
paginacao_itens;12456167000140-1-000005/2026;completude_nao_comprovada_alta_prioridade;"exatamente 10 itens armazenados; tamanho tipico de 1a pagina do endpoint. Bug v1: coletor fez 1 chamada sem parametros pagina/tamanhoPagina e assumiu completude. Requer nova consulta paginada real (pagina=1,2,3,... ate esgotar) para confirmar total."
paginacao_itens;12456167000140-1-000006/2025;completude_nao_comprovada_alta_prioridade;"exatamente 10 itens armazenados; tamanho tipico de 1a pagina do endpoint. Bug v1: coletor fez 1 chamada sem parametros pagina/tamanhoPagina e assumiu completude. Requer nova consulta paginada real (pagina=1,2,3,... ate esgotar) para confirmar total."
paginacao_itens;12456167000140-1-000006/2026;completude_nao_comprovada_alta_prioridade;"exatamente 10 itens armazenados; tamanho tipico de 1a pagina do endpoint. Bug v1: coletor fez 1 chamada sem parametros pagina/tamanhoPagina e assumiu completude. Requer nova consulta paginada real (pagina=1,2,3,... ate esgotar) para confirmar total."
paginacao_itens;12456167000140-1-000007/2025;completude_nao_comprovada_alta_prioridade;"exatamente 10 itens armazenados; tamanho tipico de 1a pagina do endpoint. Bug v1: coletor fez 1 chamada sem parametros pagina/tamanhoPagina e assumiu completude. Requer nova consulta paginada real (pagina=1,2,3,... ate esgotar) para confirmar total."
paginacao_itens;12456167000140-1-000008/2025;completude_nao_comprovada_alta_prioridade;"exatamente 10 itens armazenados; tamanho tipico de 1a pagina do endpoint. Bug v1: coletor fez 1 chamada sem parametros pagina/tamanhoPagina e assumiu completude. Requer nova consulta paginada real (pagina=1,2,3,... ate esgotar) para confirmar total."
paginacao_itens;12456167000140-1-000008/2026;completude_nao_comprovada;"1 itens armazenados via chamada unica sem paginacao (bug v1); pode estar completo (lista curta) ou truncado. Nao ha evidencia suficiente para afirmar completude sem repetir a consulta com paginacao real."
paginacao_itens;12456167000140-1-000009/2025;completude_nao_comprovada;"7 itens armazenados via chamada unica sem paginacao (bug v1); pode estar completo (lista curta) ou truncado. Nao ha evidencia suficiente para afirmar completude sem repetir a consulta com paginacao real."
paginacao_itens;12456167000140-1-000010/2025;completude_nao_comprovada;"3 itens armazenados via chamada unica sem paginacao (bug v1); pode estar completo (lista curta) ou truncado. Nao ha evidencia suficiente para afirmar completude sem repetir a consulta com paginacao real."
paginacao_itens;12456167000140-1-000010/2026;completude_nao_comprovada;"2 itens armazenados via chamada unica sem paginacao (bug v1); pode estar completo (lista curta) ou truncado. Nao ha evidencia suficiente para afirmar completude sem repetir a consulta com paginacao real."
paginacao_itens;12456167000140-1-000011/2025;completude_nao_comprovada_alta_prioridade;"exatamente 10 itens armazenados; tamanho tipico de 1a pagina do endpoint. Bug v1: coletor fez 1 chamada sem parametros pagina/tamanhoPagina e assumiu completude. Requer nova consulta paginada real (pagina=1,2,3,... ate esgotar) para confirmar total."
paginacao_itens;12456167000140-1-000011/2026;completude_nao_comprovada_alta_prioridade;"exatamente 10 itens armazenados; tamanho tipico de 1a pagina do endpoint. Bug v1: coletor fez 1 chamada sem parametros pagina/tamanhoPagina e assumiu completude. Requer nova consulta paginada real (pagina=1,2,3,... ate esgotar) para confirmar total."
paginacao_itens;12456167000140-1-000012/2025;completude_nao_comprovada;"1 itens armazenados via chamada unica sem paginacao (bug v1); pode estar completo (lista curta) ou truncado. Nao ha evidencia suficiente para afirmar completude sem repetir a consulta com paginacao real."
paginacao_itens;12456167000140-1-000012/2026;completude_nao_comprovada_alta_prioridade;"exatamente 10 itens armazenados; tamanho tipico de 1a pagina do endpoint. Bug v1: coletor fez 1 chamada sem parametros pagina/tamanhoPagina e assumiu completude. Requer nova consulta paginada real (pagina=1,2,3,... ate esgotar) para confirmar total."
paginacao_itens;12456167000140-1-000013/2025;completude_nao_comprovada_alta_prioridade;"exatamente 10 itens armazenados; tamanho tipico de 1a pagina do endpoint. Bug v1: coletor fez 1 chamada sem parametros pagina/tamanhoPagina e assumiu completude. Requer nova consulta paginada real (pagina=1,2,3,... ate esgotar) para confirmar total."
paginacao_itens;12456167000140-1-000013/2026;completude_nao_comprovada;"8 itens armazenados via chamada unica sem paginacao (bug v1); pode estar completo (lista curta) ou truncado. Nao ha evidencia suficiente para afirmar completude sem repetir a consulta com paginacao real."
paginacao_itens;12456167000140-1-000014/2025;completude_nao_comprovada_alta_prioridade;"exatamente 10 itens armazenados; tamanho tipico de 1a pagina do endpoint. Bug v1: coletor fez 1 chamada sem parametros pagina/tamanhoPagina e assumiu completude. Requer nova consulta paginada real (pagina=1,2,3,... ate esgotar) para confirmar total."
paginacao_itens;12456167000140-1-000014/2026;completude_nao_comprovada;"1 itens armazenados via chamada unica sem paginacao (bug v1); pode estar completo (lista curta) ou truncado. Nao ha evidencia suficiente para afirmar completude sem repetir a consulta com paginacao real."
paginacao_itens;12456167000140-1-000015/2026;completude_nao_comprovada;"1 itens armazenados via chamada unica sem paginacao (bug v1); pode estar completo (lista curta) ou truncado. Nao ha evidencia suficiente para afirmar completude sem repetir a consulta com paginacao real."
paginacao_itens;12456167000140-1-000016/2026;completude_nao_comprovada;"2 itens armazenados via chamada unica sem paginacao (bug v1); pode estar completo (lista curta) ou truncado. Nao ha evidencia suficiente para afirmar completude sem repetir a consulta com paginacao real."
paginacao_itens;12598171000143-1-000006/2025;completude_nao_comprovada;"1 itens armazenados via chamada unica sem paginacao (bug v1); pode estar completo (lista curta) ou truncado. Nao ha evidencia suficiente para afirmar completude sem repetir a consulta com paginacao real."
paginacao_itens;12598171000143-1-000007/2025;completude_nao_comprovada;"1 itens armazenados via chamada unica sem paginacao (bug v1); pode estar completo (lista curta) ou truncado. Nao ha evidencia suficiente para afirmar completude sem repetir a consulta com paginacao real."
paginacao_itens;12598171000143-1-000008/2025;completude_nao_comprovada;"1 itens armazenados via chamada unica sem paginacao (bug v1); pode estar completo (lista curta) ou truncado. Nao ha evidencia suficiente para afirmar completude sem repetir a consulta com paginacao real."
paginacao_itens;12598171000143-1-000009/2025;completude_nao_comprovada;"1 itens armazenados via chamada unica sem paginacao (bug v1); pode estar completo (lista curta) ou truncado. Nao ha evidencia suficiente para afirmar completude sem repetir a consulta com paginacao real."
paginacao_itens;13840734000120-1-000001/2025;completude_nao_comprovada;"1 itens armazenados via chamada unica sem paginacao (bug v1); pode estar completo (lista curta) ou truncado. Nao ha evidencia suficiente para afirmar completude sem repetir a consulta com paginacao real."
paginacao_itens;13991993000152-1-000001/2025;completude_nao_comprovada_alta_prioridade;"exatamente 10 itens armazenados; tamanho tipico de 1a pagina do endpoint. Bug v1: coletor fez 1 chamada sem parametros pagina/tamanhoPagina e assumiu completude. Requer nova consulta paginada real (pagina=1,2,3,... ate esgotar) para confirmar total."
paginacao_itens;13991993000152-1-000001/2026;completude_nao_comprovada;"5 itens armazenados via chamada unica sem paginacao (bug v1); pode estar completo (lista curta) ou truncado. Nao ha evidencia suficiente para afirmar completude sem repetir a consulta com paginacao real."
paginacao_itens;13991993000152-1-000002/2026;completude_nao_comprovada;"7 itens armazenados via chamada unica sem paginacao (bug v1); pode estar completo (lista curta) ou truncado. Nao ha evidencia suficiente para afirmar completude sem repetir a consulta com paginacao real."
paginacao_itens;13991993000152-1-000003/2025;completude_nao_comprovada_alta_prioridade;"exatamente 10 itens armazenados; tamanho tipico de 1a pagina do endpoint. Bug v1: coletor fez 1 chamada sem parametros pagina/tamanhoPagina e assumiu completude. Requer nova consulta paginada real (pagina=1,2,3,... ate esgotar) para confirmar total."
paginacao_itens;13991993000152-1-000003/2026;completude_nao_comprovada_alta_prioridade;"exatamente 10 itens armazenados; tamanho tipico de 1a pagina do endpoint. Bug v1: coletor fez 1 chamada sem parametros pagina/tamanhoPagina e assumiu completude. Requer nova consulta paginada real (pagina=1,2,3,... ate esgotar) para confirmar total."
paginacao_itens;14846532000159-1-000001/2025;completude_nao_comprovada;"1 itens armazenados via chamada unica sem paginacao (bug v1); pode estar completo (lista curta) ou truncado. Nao ha evidencia suficiente para afirmar completude sem repetir a consulta com paginacao real."
paginacao_itens;14846532000159-1-000001/2026;completude_nao_comprovada;"1 itens armazenados via chamada unica sem paginacao (bug v1); pode estar completo (lista curta) ou truncado. Nao ha evidencia suficiente para afirmar completude sem repetir a consulta com paginacao real."
paginacao_itens;14846532000159-1-000002/2025;completude_nao_comprovada;"1 itens armazenados via chamada unica sem paginacao (bug v1); pode estar completo (lista curta) ou truncado. Nao ha evidencia suficiente para afirmar completude sem repetir a consulta com paginacao real."
paginacao_itens;14846532000159-1-000002/2026;completude_nao_comprovada;"1 itens armazenados via chamada unica sem paginacao (bug v1); pode estar completo (lista curta) ou truncado. Nao ha evidencia suficiente para afirmar completude sem repetir a consulta com paginacao real."
paginacao_itens;14846532000159-1-000003/2025;completude_nao_comprovada;"1 itens armazenados via chamada unica sem paginacao (bug v1); pode estar completo (lista curta) ou truncado. Nao ha evidencia suficiente para afirmar completude sem repetir a consulta com paginacao real."
paginacao_itens;14846532000159-1-000003/2026;completude_nao_comprovada;"1 itens armazenados via chamada unica sem paginacao (bug v1); pode estar completo (lista curta) ou truncado. Nao ha evidencia suficiente para afirmar completude sem repetir a consulta com paginacao real."
paginacao_itens;14846532000159-1-000004/2024;completude_nao_comprovada;"1 itens armazenados via chamada unica sem paginacao (bug v1); pode estar completo (lista curta) ou truncado. Nao ha evidencia suficiente para afirmar completude sem repetir a consulta com paginacao real."
paginacao_itens;14846532000159-1-000004/2025;completude_nao_comprovada;"1 itens armazenados via chamada unica sem paginacao (bug v1); pode estar completo (lista curta) ou truncado. Nao ha evidencia suficiente para afirmar completude sem repetir a consulta com paginacao real."
paginacao_itens;14846532000159-1-000004/2026;completude_nao_comprovada;"3 itens armazenados via chamada unica sem paginacao (bug v1); pode estar completo (lista curta) ou truncado. Nao ha evidencia suficiente para afirmar completude sem repetir a consulta com paginacao real."
paginacao_itens;14846532000159-1-000005/2024;completude_nao_comprovada;"1 itens armazenados via chamada unica sem paginacao (bug v1); pode estar completo (lista curta) ou truncado. Nao ha evidencia suficiente para afirmar completude sem repetir a consulta com paginacao real."
paginacao_itens;14846532000159-1-000005/2025;completude_nao_comprovada;"1 itens armazenados via chamada unica sem paginacao (bug v1); pode estar completo (lista curta) ou truncado. Nao ha evidencia suficiente para afirmar completude sem repetir a consulta com paginacao real."
paginacao_itens;14846532000159-1-000005/2026;completude_nao_comprovada;"1 itens armazenados via chamada unica sem paginacao (bug v1); pode estar completo (lista curta) ou truncado. Nao ha evidencia suficiente para afirmar completude sem repetir a consulta com paginacao real."
paginacao_itens;14846532000159-1-000006/2025;completude_nao_comprovada;"1 itens armazenados via chamada unica sem paginacao (bug v1); pode estar completo (lista curta) ou truncado. Nao ha evidencia suficiente para afirmar completude sem repetir a consulta com paginacao real."
paginacao_itens;14846532000159-1-000006/2026;completude_nao_comprovada;"1 itens armazenados via chamada unica sem paginacao (bug v1); pode estar completo (lista curta) ou truncado. Nao ha evidencia suficiente para afirmar completude sem repetir a consulta com paginacao real."
paginacao_itens;14846532000159-1-000007/2025;completude_nao_comprovada;"1 itens armazenados via chamada unica sem paginacao (bug v1); pode estar completo (lista curta) ou truncado. Nao ha evidencia suficiente para afirmar completude sem repetir a consulta com paginacao real."
paginacao_itens;14846532000159-1-000007/2026;completude_nao_comprovada;"1 itens armazenados via chamada unica sem paginacao (bug v1); pode estar completo (lista curta) ou truncado. Nao ha evidencia suficiente para afirmar completude sem repetir a consulta com paginacao real."
paginacao_itens;14846532000159-1-000008/2025;completude_nao_comprovada;"1 itens armazenados via chamada unica sem paginacao (bug v1); pode estar completo (lista curta) ou truncado. Nao ha evidencia suficiente para afirmar completude sem repetir a consulta com paginacao real."
paginacao_itens;14846532000159-1-000008/2026;completude_nao_comprovada;"1 itens armazenados via chamada unica sem paginacao (bug v1); pode estar completo (lista curta) ou truncado. Nao ha evidencia suficiente para afirmar completude sem repetir a consulta com paginacao real."
paginacao_itens;14846532000159-1-000009/2025;completude_nao_comprovada;"1 itens armazenados via chamada unica sem paginacao (bug v1); pode estar completo (lista curta) ou truncado. Nao ha evidencia suficiente para afirmar completude sem repetir a consulta com paginacao real."
paginacao_itens;14846532000159-1-000010/2025;completude_nao_comprovada;"1 itens armazenados via chamada unica sem paginacao (bug v1); pode estar completo (lista curta) ou truncado. Nao ha evidencia suficiente para afirmar completude sem repetir a consulta com paginacao real."
paginacao_itens;14846532000159-1-000011/2025;completude_nao_comprovada;"1 itens armazenados via chamada unica sem paginacao (bug v1); pode estar completo (lista curta) ou truncado. Nao ha evidencia suficiente para afirmar completude sem repetir a consulta com paginacao real."
paginacao_itens;14846532000159-1-000013/2025;completude_nao_comprovada;"1 itens armazenados via chamada unica sem paginacao (bug v1); pode estar completo (lista curta) ou truncado. Nao ha evidencia suficiente para afirmar completude sem repetir a consulta com paginacao real."
paginacao_itens;14846532000159-1-000014/2025;completude_nao_comprovada;"1 itens armazenados via chamada unica sem paginacao (bug v1); pode estar completo (lista curta) ou truncado. Nao ha evidencia suficiente para afirmar completude sem repetir a consulta com paginacao real."
paginacao_itens;14846532000159-1-000015/2025;completude_nao_comprovada;"1 itens armazenados via chamada unica sem paginacao (bug v1); pode estar completo (lista curta) ou truncado. Nao ha evidencia suficiente para afirmar completude sem repetir a consulta com paginacao real."
paginacao_itens;14846532000159-1-000016/2025;completude_nao_comprovada;"1 itens armazenados via chamada unica sem paginacao (bug v1); pode estar completo (lista curta) ou truncado. Nao ha evidencia suficiente para afirmar completude sem repetir a consulta com paginacao real."
paginacao_itens;14846532000159-1-000017/2025;completude_nao_comprovada;"1 itens armazenados via chamada unica sem paginacao (bug v1); pode estar completo (lista curta) ou truncado. Nao ha evidencia suficiente para afirmar completude sem repetir a consulta com paginacao real."
paginacao_itens;14846532000159-1-000018/2025;completude_nao_comprovada;"1 itens armazenados via chamada unica sem paginacao (bug v1); pode estar completo (lista curta) ou truncado. Nao ha evidencia suficiente para afirmar completude sem repetir a consulta com paginacao real."
paginacao_itens;14846532000159-1-000019/2025;completude_nao_comprovada;"1 itens armazenados via chamada unica sem paginacao (bug v1); pode estar completo (lista curta) ou truncado. Nao ha evidencia suficiente para afirmar completude sem repetir a consulta com paginacao real."
paginacao_itens;14846532000159-1-000020/2025;completude_nao_comprovada;"1 itens armazenados via chamada unica sem paginacao (bug v1); pode estar completo (lista curta) ou truncado. Nao ha evidencia suficiente para afirmar completude sem repetir a consulta com paginacao real."
paginacao_itens;14846532000159-1-000021/2025;completude_nao_comprovada;"1 itens armazenados via chamada unica sem paginacao (bug v1); pode estar completo (lista curta) ou truncado. Nao ha evidencia suficiente para afirmar completude sem repetir a consulta com paginacao real."
paginacao_itens;14846532000159-1-000022/2025;completude_nao_comprovada;"1 itens armazenados via chamada unica sem paginacao (bug v1); pode estar completo (lista curta) ou truncado. Nao ha evidencia suficiente para afirmar completude sem repetir a consulta com paginacao real."
paginacao_itens;14846532000159-1-000023/2025;completude_nao_comprovada;"2 itens armazenados via chamada unica sem paginacao (bug v1); pode estar completo (lista curta) ou truncado. Nao ha evidencia suficiente para afirmar completude sem repetir a consulta com paginacao real."
paginacao_itens;14846532000159-1-000024/2025;completude_nao_comprovada;"1 itens armazenados via chamada unica sem paginacao (bug v1); pode estar completo (lista curta) ou truncado. Nao ha evidencia suficiente para afirmar completude sem repetir a consulta com paginacao real."
paginacao_itens;14846532000159-1-000025/2025;completude_nao_comprovada;"5 itens armazenados via chamada unica sem paginacao (bug v1); pode estar completo (lista curta) ou truncado. Nao ha evidencia suficiente para afirmar completude sem repetir a consulta com paginacao real."
paginacao_itens;14846532000159-1-000026/2025;completude_nao_comprovada;"1 itens armazenados via chamada unica sem paginacao (bug v1); pode estar completo (lista curta) ou truncado. Nao ha evidencia suficiente para afirmar completude sem repetir a consulta com paginacao real."
paginacao_itens;14846532000159-1-000027/2025;completude_nao_comprovada;"1 itens armazenados via chamada unica sem paginacao (bug v1); pode estar completo (lista curta) ou truncado. Nao ha evidencia suficiente para afirmar completude sem repetir a consulta com paginacao real."
paginacao_itens;14846532000159-1-000028/2025;completude_nao_comprovada;"1 itens armazenados via chamada unica sem paginacao (bug v1); pode estar completo (lista curta) ou truncado. Nao ha evidencia suficiente para afirmar completude sem repetir a consulta com paginacao real."
paginacao_itens;15025396000107-1-000001/2025;completude_nao_comprovada;"1 itens armazenados via chamada unica sem paginacao (bug v1); pode estar completo (lista curta) ou truncado. Nao ha evidencia suficiente para afirmar completude sem repetir a consulta com paginacao real."
paginacao_itens;15025396000107-1-000002/2025;completude_nao_comprovada_alta_prioridade;"exatamente 10 itens armazenados; tamanho tipico de 1a pagina do endpoint. Bug v1: coletor fez 1 chamada sem parametros pagina/tamanhoPagina e assumiu completude. Requer nova consulta paginada real (pagina=1,2,3,... ate esgotar) para confirmar total."
paginacao_itens;15126437000143-1-000120/2025;completude_nao_comprovada_alta_prioridade;"exatamente 10 itens armazenados; tamanho tipico de 1a pagina do endpoint. Bug v1: coletor fez 1 chamada sem parametros pagina/tamanhoPagina e assumiu completude. Requer nova consulta paginada real (pagina=1,2,3,... ate esgotar) para confirmar total."
paginacao_itens;15126437000143-1-000134/2025;completude_nao_comprovada_alta_prioridade;"exatamente 10 itens armazenados; tamanho tipico de 1a pagina do endpoint. Bug v1: coletor fez 1 chamada sem parametros pagina/tamanhoPagina e assumiu completude. Requer nova consulta paginada real (pagina=1,2,3,... ate esgotar) para confirmar total."
paginacao_itens;15126437000143-1-000183/2025;completude_nao_comprovada;"2 itens armazenados via chamada unica sem paginacao (bug v1); pode estar completo (lista curta) ou truncado. Nao ha evidencia suficiente para afirmar completude sem repetir a consulta com paginacao real."
paginacao_itens;15126437000143-1-000198/2025;completude_nao_comprovada_alta_prioridade;"exatamente 10 itens armazenados; tamanho tipico de 1a pagina do endpoint. Bug v1: coletor fez 1 chamada sem parametros pagina/tamanhoPagina e assumiu completude. Requer nova consulta paginada real (pagina=1,2,3,... ate esgotar) para confirmar total."
paginacao_itens;15126437000143-1-000231/2025;completude_nao_comprovada_alta_prioridade;"exatamente 10 itens armazenados; tamanho tipico de 1a pagina do endpoint. Bug v1: coletor fez 1 chamada sem parametros pagina/tamanhoPagina e assumiu completude. Requer nova consulta paginada real (pagina=1,2,3,... ate esgotar) para confirmar total."
paginacao_itens;15126437000143-1-000277/2025;completude_nao_comprovada;"1 itens armazenados via chamada unica sem paginacao (bug v1); pode estar completo (lista curta) ou truncado. Nao ha evidencia suficiente para afirmar completude sem repetir a consulta com paginacao real."
paginacao_itens;15126437000143-1-000282/2025;completude_nao_comprovada;"1 itens armazenados via chamada unica sem paginacao (bug v1); pode estar completo (lista curta) ou truncado. Nao ha evidencia suficiente para afirmar completude sem repetir a consulta com paginacao real."
paginacao_itens;15126437000143-1-000314/2025;completude_nao_comprovada;"7 itens armazenados via chamada unica sem paginacao (bug v1); pode estar completo (lista curta) ou truncado. Nao ha evidencia suficiente para afirmar completude sem repetir a consulta com paginacao real."
paginacao_itens;15126437000143-1-000357/2025;completude_nao_comprovada_alta_prioridade;"exatamente 10 itens armazenados; tamanho tipico de 1a pagina do endpoint. Bug v1: coletor fez 1 chamada sem parametros pagina/tamanhoPagina e assumiu completude. Requer nova consulta paginada real (pagina=1,2,3,... ate esgotar) para confirmar total."
paginacao_itens;15126437000143-1-000371/2025;completude_nao_comprovada_alta_prioridade;"exatamente 10 itens armazenados; tamanho tipico de 1a pagina do endpoint. Bug v1: coletor fez 1 chamada sem parametros pagina/tamanhoPagina e assumiu completude. Requer nova consulta paginada real (pagina=1,2,3,... ate esgotar) para confirmar total."
paginacao_itens;15126437000143-1-000439/2025;completude_nao_comprovada;"4 itens armazenados via chamada unica sem paginacao (bug v1); pode estar completo (lista curta) ou truncado. Nao ha evidencia suficiente para afirmar completude sem repetir a consulta com paginacao real."
paginacao_itens;15126437000143-1-000497/2025;completude_nao_comprovada_alta_prioridade;"exatamente 10 itens armazenados; tamanho tipico de 1a pagina do endpoint. Bug v1: coletor fez 1 chamada sem parametros pagina/tamanhoPagina e assumiu completude. Requer nova consulta paginada real (pagina=1,2,3,... ate esgotar) para confirmar total."
paginacao_itens;15126437000143-1-000654/2025;completude_nao_comprovada_alta_prioridade;"exatamente 10 itens armazenados; tamanho tipico de 1a pagina do endpoint. Bug v1: coletor fez 1 chamada sem parametros pagina/tamanhoPagina e assumiu completude. Requer nova consulta paginada real (pagina=1,2,3,... ate esgotar) para confirmar total."
paginacao_itens;15126437000143-1-000655/2025;completude_nao_comprovada_alta_prioridade;"exatamente 10 itens armazenados; tamanho tipico de 1a pagina do endpoint. Bug v1: coletor fez 1 chamada sem parametros pagina/tamanhoPagina e assumiu completude. Requer nova consulta paginada real (pagina=1,2,3,... ate esgotar) para confirmar total."
paginacao_itens;15126437000143-1-000747/2025;completude_nao_comprovada_alta_prioridade;"exatamente 10 itens armazenados; tamanho tipico de 1a pagina do endpoint. Bug v1: coletor fez 1 chamada sem parametros pagina/tamanhoPagina e assumiu completude. Requer nova consulta paginada real (pagina=1,2,3,... ate esgotar) para confirmar total."
paginacao_itens;15126437000143-1-000758/2025;completude_nao_comprovada_alta_prioridade;"exatamente 10 itens armazenados; tamanho tipico de 1a pagina do endpoint. Bug v1: coletor fez 1 chamada sem parametros pagina/tamanhoPagina e assumiu completude. Requer nova consulta paginada real (pagina=1,2,3,... ate esgotar) para confirmar total."
paginacao_itens;15126437000305-1-000093/2025;completude_nao_comprovada;"1 itens armazenados via chamada unica sem paginacao (bug v1); pode estar completo (lista curta) ou truncado. Nao ha evidencia suficiente para afirmar completude sem repetir a consulta com paginacao real."
paginacao_itens;15126437000305-1-000094/2025;completude_nao_comprovada_alta_prioridade;"exatamente 10 itens armazenados; tamanho tipico de 1a pagina do endpoint. Bug v1: coletor fez 1 chamada sem parametros pagina/tamanhoPagina e assumiu completude. Requer nova consulta paginada real (pagina=1,2,3,... ate esgotar) para confirmar total."
paginacao_itens;15126437000305-1-000133/2025;completude_nao_comprovada_alta_prioridade;"exatamente 10 itens armazenados; tamanho tipico de 1a pagina do endpoint. Bug v1: coletor fez 1 chamada sem parametros pagina/tamanhoPagina e assumiu completude. Requer nova consulta paginada real (pagina=1,2,3,... ate esgotar) para confirmar total."
paginacao_itens;15126437000305-1-000174/2026;completude_nao_comprovada_alta_prioridade;"exatamente 10 itens armazenados; tamanho tipico de 1a pagina do endpoint. Bug v1: coletor fez 1 chamada sem parametros pagina/tamanhoPagina e assumiu completude. Requer nova consulta paginada real (pagina=1,2,3,... ate esgotar) para confirmar total."
paginacao_itens;15126437000305-1-000176/2025;completude_nao_comprovada_alta_prioridade;"exatamente 10 itens armazenados; tamanho tipico de 1a pagina do endpoint. Bug v1: coletor fez 1 chamada sem parametros pagina/tamanhoPagina e assumiu completude. Requer nova consulta paginada real (pagina=1,2,3,... ate esgotar) para confirmar total."
paginacao_itens;15126437000305-1-000255/2025;completude_nao_comprovada_alta_prioridade;"exatamente 10 itens armazenados; tamanho tipico de 1a pagina do endpoint. Bug v1: coletor fez 1 chamada sem parametros pagina/tamanhoPagina e assumiu completude. Requer nova consulta paginada real (pagina=1,2,3,... ate esgotar) para confirmar total."
paginacao_itens;15126437000305-1-000427/2025;completude_nao_comprovada;"1 itens armazenados via chamada unica sem paginacao (bug v1); pode estar completo (lista curta) ou truncado. Nao ha evidencia suficiente para afirmar completude sem repetir a consulta com paginacao real."
paginacao_itens;15126437000305-1-000550/2025;completude_nao_comprovada_alta_prioridade;"exatamente 10 itens armazenados; tamanho tipico de 1a pagina do endpoint. Bug v1: coletor fez 1 chamada sem parametros pagina/tamanhoPagina e assumiu completude. Requer nova consulta paginada real (pagina=1,2,3,... ate esgotar) para confirmar total."
paginacao_itens;15126437000305-1-000583/2025;completude_nao_comprovada_alta_prioridade;"exatamente 10 itens armazenados; tamanho tipico de 1a pagina do endpoint. Bug v1: coletor fez 1 chamada sem parametros pagina/tamanhoPagina e assumiu completude. Requer nova consulta paginada real (pagina=1,2,3,... ate esgotar) para confirmar total."
paginacao_itens;15126437000305-1-000601/2025;completude_nao_comprovada;"1 itens armazenados via chamada unica sem paginacao (bug v1); pode estar completo (lista curta) ou truncado. Nao ha evidencia suficiente para afirmar completude sem repetir a consulta com paginacao real."
paginacao_itens;15126437000305-1-000614/2025;completude_nao_comprovada_alta_prioridade;"exatamente 10 itens armazenados; tamanho tipico de 1a pagina do endpoint. Bug v1: coletor fez 1 chamada sem parametros pagina/tamanhoPagina e assumiu completude. Requer nova consulta paginada real (pagina=1,2,3,... ate esgotar) para confirmar total."
paginacao_itens;15126437000305-1-000622/2025;completude_nao_comprovada_alta_prioridade;"exatamente 10 itens armazenados; tamanho tipico de 1a pagina do endpoint. Bug v1: coletor fez 1 chamada sem parametros pagina/tamanhoPagina e assumiu completude. Requer nova consulta paginada real (pagina=1,2,3,... ate esgotar) para confirmar total."
paginacao_itens;15126437000305-1-000682/2025;completude_nao_comprovada_alta_prioridade;"exatamente 10 itens armazenados; tamanho tipico de 1a pagina do endpoint. Bug v1: coletor fez 1 chamada sem parametros pagina/tamanhoPagina e assumiu completude. Requer nova consulta paginada real (pagina=1,2,3,... ate esgotar) para confirmar total."
paginacao_itens;15126437000305-1-000720/2025;completude_nao_comprovada;"1 itens armazenados via chamada unica sem paginacao (bug v1); pode estar completo (lista curta) ou truncado. Nao ha evidencia suficiente para afirmar completude sem repetir a consulta com paginacao real."
paginacao_itens;15126437000305-1-000784/2025;completude_nao_comprovada_alta_prioridade;"exatamente 10 itens armazenados; tamanho tipico de 1a pagina do endpoint. Bug v1: coletor fez 1 chamada sem parametros pagina/tamanhoPagina e assumiu completude. Requer nova consulta paginada real (pagina=1,2,3,... ate esgotar) para confirmar total."
paginacao_itens;15126437000305-1-000844/2025;completude_nao_comprovada;"2 itens armazenados via chamada unica sem paginacao (bug v1); pode estar completo (lista curta) ou truncado. Nao ha evidencia suficiente para afirmar completude sem repetir a consulta com paginacao real."
paginacao_itens;15126437000305-1-000946/2025;completude_nao_comprovada;"2 itens armazenados via chamada unica sem paginacao (bug v1); pode estar completo (lista curta) ou truncado. Nao ha evidencia suficiente para afirmar completude sem repetir a consulta com paginacao real."
paginacao_itens;15126437000305-1-001013/2025;completude_nao_comprovada;"6 itens armazenados via chamada unica sem paginacao (bug v1); pode estar completo (lista curta) ou truncado. Nao ha evidencia suficiente para afirmar completude sem repetir a consulta com paginacao real."
paginacao_itens;15126437000305-1-001073/2025;completude_nao_comprovada;"2 itens armazenados via chamada unica sem paginacao (bug v1); pode estar completo (lista curta) ou truncado. Nao ha evidencia suficiente para afirmar completude sem repetir a consulta com paginacao real."
paginacao_itens;15126437000305-1-001101/2025;completude_nao_comprovada;"1 itens armazenados via chamada unica sem paginacao (bug v1); pode estar completo (lista curta) ou truncado. Nao ha evidencia suficiente para afirmar completude sem repetir a consulta com paginacao real."
paginacao_itens;15126437000305-1-001209/2025;completude_nao_comprovada_alta_prioridade;"exatamente 10 itens armazenados; tamanho tipico de 1a pagina do endpoint. Bug v1: coletor fez 1 chamada sem parametros pagina/tamanhoPagina e assumiu completude. Requer nova consulta paginada real (pagina=1,2,3,... ate esgotar) para confirmar total."
paginacao_itens;15126437000305-1-001280/2025;completude_nao_comprovada;"1 itens armazenados via chamada unica sem paginacao (bug v1); pode estar completo (lista curta) ou truncado. Nao ha evidencia suficiente para afirmar completude sem repetir a consulta com paginacao real."
paginacao_itens;15126437000305-1-001375/2025;completude_nao_comprovada_alta_prioridade;"exatamente 10 itens armazenados; tamanho tipico de 1a pagina do endpoint. Bug v1: coletor fez 1 chamada sem parametros pagina/tamanhoPagina e assumiu completude. Requer nova consulta paginada real (pagina=1,2,3,... ate esgotar) para confirmar total."
paginacao_itens;15126437000305-1-001496/2026;completude_nao_comprovada;"2 itens armazenados via chamada unica sem paginacao (bug v1); pode estar completo (lista curta) ou truncado. Nao ha evidencia suficiente para afirmar completude sem repetir a consulta com paginacao real."
paginacao_itens;15126437000305-1-001512/2025;completude_nao_comprovada_alta_prioridade;"exatamente 10 itens armazenados; tamanho tipico de 1a pagina do endpoint. Bug v1: coletor fez 1 chamada sem parametros pagina/tamanhoPagina e assumiu completude. Requer nova consulta paginada real (pagina=1,2,3,... ate esgotar) para confirmar total."
paginacao_itens;15126437000305-1-001547/2025;completude_nao_comprovada_alta_prioridade;"exatamente 10 itens armazenados; tamanho tipico de 1a pagina do endpoint. Bug v1: coletor fez 1 chamada sem parametros pagina/tamanhoPagina e assumiu completude. Requer nova consulta paginada real (pagina=1,2,3,... ate esgotar) para confirmar total."
paginacao_itens;15126437000305-1-001577/2026;completude_nao_comprovada_alta_prioridade;"exatamente 10 itens armazenados; tamanho tipico de 1a pagina do endpoint. Bug v1: coletor fez 1 chamada sem parametros pagina/tamanhoPagina e assumiu completude. Requer nova consulta paginada real (pagina=1,2,3,... ate esgotar) para confirmar total."
paginacao_itens;15126437000305-1-001633/2025;completude_nao_comprovada;"1 itens armazenados via chamada unica sem paginacao (bug v1); pode estar completo (lista curta) ou truncado. Nao ha evidencia suficiente para afirmar completude sem repetir a consulta com paginacao real."
paginacao_itens;15126437000305-1-001680/2025;completude_nao_comprovada;"7 itens armazenados via chamada unica sem paginacao (bug v1); pode estar completo (lista curta) ou truncado. Nao ha evidencia suficiente para afirmar completude sem repetir a consulta com paginacao real."
paginacao_itens;15126437000305-1-001722/2025;completude_nao_comprovada;"1 itens armazenados via chamada unica sem paginacao (bug v1); pode estar completo (lista curta) ou truncado. Nao ha evidencia suficiente para afirmar completude sem repetir a consulta com paginacao real."
paginacao_itens;15126437000305-1-001788/2025;completude_nao_comprovada_alta_prioridade;"exatamente 10 itens armazenados; tamanho tipico de 1a pagina do endpoint. Bug v1: coletor fez 1 chamada sem parametros pagina/tamanhoPagina e assumiu completude. Requer nova consulta paginada real (pagina=1,2,3,... ate esgotar) para confirmar total."
paginacao_itens;15126437000305-1-001938/2026;completude_nao_comprovada;"1 itens armazenados via chamada unica sem paginacao (bug v1); pode estar completo (lista curta) ou truncado. Nao ha evidencia suficiente para afirmar completude sem repetir a consulta com paginacao real."
paginacao_itens;15126437000305-1-002040/2026;completude_nao_comprovada_alta_prioridade;"exatamente 10 itens armazenados; tamanho tipico de 1a pagina do endpoint. Bug v1: coletor fez 1 chamada sem parametros pagina/tamanhoPagina e assumiu completude. Requer nova consulta paginada real (pagina=1,2,3,... ate esgotar) para confirmar total."
paginacao_itens;15126437000305-1-002069/2025;completude_nao_comprovada;"1 itens armazenados via chamada unica sem paginacao (bug v1); pode estar completo (lista curta) ou truncado. Nao ha evidencia suficiente para afirmar completude sem repetir a consulta com paginacao real."
paginacao_itens;15126437000305-1-002124/2025;completude_nao_comprovada_alta_prioridade;"exatamente 10 itens armazenados; tamanho tipico de 1a pagina do endpoint. Bug v1: coletor fez 1 chamada sem parametros pagina/tamanhoPagina e assumiu completude. Requer nova consulta paginada real (pagina=1,2,3,... ate esgotar) para confirmar total."
paginacao_itens;15126437000305-1-002154/2025;completude_nao_comprovada_alta_prioridade;"exatamente 10 itens armazenados; tamanho tipico de 1a pagina do endpoint. Bug v1: coletor fez 1 chamada sem parametros pagina/tamanhoPagina e assumiu completude. Requer nova consulta paginada real (pagina=1,2,3,... ate esgotar) para confirmar total."
paginacao_itens;15126437000305-1-002220/2025;completude_nao_comprovada_alta_prioridade;"exatamente 10 itens armazenados; tamanho tipico de 1a pagina do endpoint. Bug v1: coletor fez 1 chamada sem parametros pagina/tamanhoPagina e assumiu completude. Requer nova consulta paginada real (pagina=1,2,3,... ate esgotar) para confirmar total."
paginacao_itens;15126437000305-1-002250/2025;completude_nao_comprovada_alta_prioridade;"exatamente 10 itens armazenados; tamanho tipico de 1a pagina do endpoint. Bug v1: coletor fez 1 chamada sem parametros pagina/tamanhoPagina e assumiu completude. Requer nova consulta paginada real (pagina=1,2,3,... ate esgotar) para confirmar total."
paginacao_itens;15126437000305-1-002276/2025;completude_nao_comprovada_alta_prioridade;"exatamente 10 itens armazenados; tamanho tipico de 1a pagina do endpoint. Bug v1: coletor fez 1 chamada sem parametros pagina/tamanhoPagina e assumiu completude. Requer nova consulta paginada real (pagina=1,2,3,... ate esgotar) para confirmar total."
paginacao_itens;15126437000305-1-002350/2026;completude_nao_comprovada_alta_prioridade;"exatamente 10 itens armazenados; tamanho tipico de 1a pagina do endpoint. Bug v1: coletor fez 1 chamada sem parametros pagina/tamanhoPagina e assumiu completude. Requer nova consulta paginada real (pagina=1,2,3,... ate esgotar) para confirmar total."
paginacao_itens;15126437000305-1-002374/2025;completude_nao_comprovada_alta_prioridade;"exatamente 10 itens armazenados; tamanho tipico de 1a pagina do endpoint. Bug v1: coletor fez 1 chamada sem parametros pagina/tamanhoPagina e assumiu completude. Requer nova consulta paginada real (pagina=1,2,3,... ate esgotar) para confirmar total."
paginacao_itens;15126437000305-1-002405/2025;completude_nao_comprovada_alta_prioridade;"exatamente 10 itens armazenados; tamanho tipico de 1a pagina do endpoint. Bug v1: coletor fez 1 chamada sem parametros pagina/tamanhoPagina e assumiu completude. Requer nova consulta paginada real (pagina=1,2,3,... ate esgotar) para confirmar total."
paginacao_itens;15126437000305-1-002486/2025;completude_nao_comprovada_alta_prioridade;"exatamente 10 itens armazenados; tamanho tipico de 1a pagina do endpoint. Bug v1: coletor fez 1 chamada sem parametros pagina/tamanhoPagina e assumiu completude. Requer nova consulta paginada real (pagina=1,2,3,... ate esgotar) para confirmar total."
paginacao_itens;15126437000305-1-002524/2026;completude_nao_comprovada;"7 itens armazenados via chamada unica sem paginacao (bug v1); pode estar completo (lista curta) ou truncado. Nao ha evidencia suficiente para afirmar completude sem repetir a consulta com paginacao real."
paginacao_itens;15126437000305-1-002609/2026;completude_nao_comprovada_alta_prioridade;"exatamente 10 itens armazenados; tamanho tipico de 1a pagina do endpoint. Bug v1: coletor fez 1 chamada sem parametros pagina/tamanhoPagina e assumiu completude. Requer nova consulta paginada real (pagina=1,2,3,... ate esgotar) para confirmar total."
paginacao_itens;15126437000305-1-002639/2026;completude_nao_comprovada_alta_prioridade;"exatamente 10 itens armazenados; tamanho tipico de 1a pagina do endpoint. Bug v1: coletor fez 1 chamada sem parametros pagina/tamanhoPagina e assumiu completude. Requer nova consulta paginada real (pagina=1,2,3,... ate esgotar) para confirmar total."
paginacao_itens;15126437000305-1-002647/2025;completude_nao_comprovada;"5 itens armazenados via chamada unica sem paginacao (bug v1); pode estar completo (lista curta) ou truncado. Nao ha evidencia suficiente para afirmar completude sem repetir a consulta com paginacao real."
paginacao_itens;15126437000305-1-002658/2026;completude_nao_comprovada_alta_prioridade;"exatamente 10 itens armazenados; tamanho tipico de 1a pagina do endpoint. Bug v1: coletor fez 1 chamada sem parametros pagina/tamanhoPagina e assumiu completude. Requer nova consulta paginada real (pagina=1,2,3,... ate esgotar) para confirmar total."
paginacao_itens;15126437000305-1-002692/2025;completude_nao_comprovada_alta_prioridade;"exatamente 10 itens armazenados; tamanho tipico de 1a pagina do endpoint. Bug v1: coletor fez 1 chamada sem parametros pagina/tamanhoPagina e assumiu completude. Requer nova consulta paginada real (pagina=1,2,3,... ate esgotar) para confirmar total."
paginacao_itens;15126437000305-1-002710/2025;completude_nao_comprovada_alta_prioridade;"exatamente 10 itens armazenados; tamanho tipico de 1a pagina do endpoint. Bug v1: coletor fez 1 chamada sem parametros pagina/tamanhoPagina e assumiu completude. Requer nova consulta paginada real (pagina=1,2,3,... ate esgotar) para confirmar total."
paginacao_itens;15126437000305-1-002757/2025;completude_nao_comprovada;"1 itens armazenados via chamada unica sem paginacao (bug v1); pode estar completo (lista curta) ou truncado. Nao ha evidencia suficiente para afirmar completude sem repetir a consulta com paginacao real."
paginacao_itens;15126437000305-1-002856/2025;completude_nao_comprovada_alta_prioridade;"exatamente 10 itens armazenados; tamanho tipico de 1a pagina do endpoint. Bug v1: coletor fez 1 chamada sem parametros pagina/tamanhoPagina e assumiu completude. Requer nova consulta paginada real (pagina=1,2,3,... ate esgotar) para confirmar total."
paginacao_itens;15126437000305-1-002856/2026;completude_nao_comprovada_alta_prioridade;"exatamente 10 itens armazenados; tamanho tipico de 1a pagina do endpoint. Bug v1: coletor fez 1 chamada sem parametros pagina/tamanhoPagina e assumiu completude. Requer nova consulta paginada real (pagina=1,2,3,... ate esgotar) para confirmar total."
paginacao_itens;15126437000305-1-002877/2025;completude_nao_comprovada_alta_prioridade;"exatamente 10 itens armazenados; tamanho tipico de 1a pagina do endpoint. Bug v1: coletor fez 1 chamada sem parametros pagina/tamanhoPagina e assumiu completude. Requer nova consulta paginada real (pagina=1,2,3,... ate esgotar) para confirmar total."
paginacao_itens;15126437000305-1-002906/2026;completude_nao_comprovada;"1 itens armazenados via chamada unica sem paginacao (bug v1); pode estar completo (lista curta) ou truncado. Nao ha evidencia suficiente para afirmar completude sem repetir a consulta com paginacao real."
paginacao_itens;15126437000305-1-002911/2026;completude_nao_comprovada;"3 itens armazenados via chamada unica sem paginacao (bug v1); pode estar completo (lista curta) ou truncado. Nao ha evidencia suficiente para afirmar completude sem repetir a consulta com paginacao real."
paginacao_itens;15126437000305-1-002916/2025;completude_nao_comprovada;"1 itens armazenados via chamada unica sem paginacao (bug v1); pode estar completo (lista curta) ou truncado. Nao ha evidencia suficiente para afirmar completude sem repetir a consulta com paginacao real."
paginacao_itens;15126437000305-1-002971/2025;completude_nao_comprovada_alta_prioridade;"exatamente 10 itens armazenados; tamanho tipico de 1a pagina do endpoint. Bug v1: coletor fez 1 chamada sem parametros pagina/tamanhoPagina e assumiu completude. Requer nova consulta paginada real (pagina=1,2,3,... ate esgotar) para confirmar total."
paginacao_itens;15126437000305-1-002988/2026;completude_nao_comprovada_alta_prioridade;"exatamente 10 itens armazenados; tamanho tipico de 1a pagina do endpoint. Bug v1: coletor fez 1 chamada sem parametros pagina/tamanhoPagina e assumiu completude. Requer nova consulta paginada real (pagina=1,2,3,... ate esgotar) para confirmar total."
paginacao_itens;15126437000305-1-003016/2026;completude_nao_comprovada_alta_prioridade;"exatamente 10 itens armazenados; tamanho tipico de 1a pagina do endpoint. Bug v1: coletor fez 1 chamada sem parametros pagina/tamanhoPagina e assumiu completude. Requer nova consulta paginada real (pagina=1,2,3,... ate esgotar) para confirmar total."
paginacao_itens;15126437000305-1-003024/2025;completude_nao_comprovada_alta_prioridade;"exatamente 10 itens armazenados; tamanho tipico de 1a pagina do endpoint. Bug v1: coletor fez 1 chamada sem parametros pagina/tamanhoPagina e assumiu completude. Requer nova consulta paginada real (pagina=1,2,3,... ate esgotar) para confirmar total."
paginacao_itens;15126437000305-1-003057/2026;completude_nao_comprovada_alta_prioridade;"exatamente 10 itens armazenados; tamanho tipico de 1a pagina do endpoint. Bug v1: coletor fez 1 chamada sem parametros pagina/tamanhoPagina e assumiu completude. Requer nova consulta paginada real (pagina=1,2,3,... ate esgotar) para confirmar total."
paginacao_itens;15126437000305-1-003281/2026;completude_nao_comprovada_alta_prioridade;"exatamente 10 itens armazenados; tamanho tipico de 1a pagina do endpoint. Bug v1: coletor fez 1 chamada sem parametros pagina/tamanhoPagina e assumiu completude. Requer nova consulta paginada real (pagina=1,2,3,... ate esgotar) para confirmar total."
paginacao_itens;15126437000305-1-003356/2026;completude_nao_comprovada;"2 itens armazenados via chamada unica sem paginacao (bug v1); pode estar completo (lista curta) ou truncado. Nao ha evidencia suficiente para afirmar completude sem repetir a consulta com paginacao real."
paginacao_itens;15126437000305-1-003385/2026;completude_nao_comprovada;"7 itens armazenados via chamada unica sem paginacao (bug v1); pode estar completo (lista curta) ou truncado. Nao ha evidencia suficiente para afirmar completude sem repetir a consulta com paginacao real."
paginacao_itens;15126437000305-1-003409/2026;completude_nao_comprovada;"1 itens armazenados via chamada unica sem paginacao (bug v1); pode estar completo (lista curta) ou truncado. Nao ha evidencia suficiente para afirmar completude sem repetir a consulta com paginacao real."
paginacao_itens;15126437000305-1-003428/2025;completude_nao_comprovada_alta_prioridade;"exatamente 10 itens armazenados; tamanho tipico de 1a pagina do endpoint. Bug v1: coletor fez 1 chamada sem parametros pagina/tamanhoPagina e assumiu completude. Requer nova consulta paginada real (pagina=1,2,3,... ate esgotar) para confirmar total."
paginacao_itens;15126437000305-1-003500/2025;completude_nao_comprovada_alta_prioridade;"exatamente 10 itens armazenados; tamanho tipico de 1a pagina do endpoint. Bug v1: coletor fez 1 chamada sem parametros pagina/tamanhoPagina e assumiu completude. Requer nova consulta paginada real (pagina=1,2,3,... ate esgotar) para confirmar total."
paginacao_itens;15126437000305-1-003537/2025;completude_nao_comprovada;"1 itens armazenados via chamada unica sem paginacao (bug v1); pode estar completo (lista curta) ou truncado. Nao ha evidencia suficiente para afirmar completude sem repetir a consulta com paginacao real."
paginacao_itens;15126437000305-1-003545/2025;completude_nao_comprovada_alta_prioridade;"exatamente 10 itens armazenados; tamanho tipico de 1a pagina do endpoint. Bug v1: coletor fez 1 chamada sem parametros pagina/tamanhoPagina e assumiu completude. Requer nova consulta paginada real (pagina=1,2,3,... ate esgotar) para confirmar total."
paginacao_itens;15126437000305-1-003560/2025;completude_nao_comprovada_alta_prioridade;"exatamente 10 itens armazenados; tamanho tipico de 1a pagina do endpoint. Bug v1: coletor fez 1 chamada sem parametros pagina/tamanhoPagina e assumiu completude. Requer nova consulta paginada real (pagina=1,2,3,... ate esgotar) para confirmar total."
paginacao_itens;15126437000305-1-003601/2025;completude_nao_comprovada_alta_prioridade;"exatamente 10 itens armazenados; tamanho tipico de 1a pagina do endpoint. Bug v1: coletor fez 1 chamada sem parametros pagina/tamanhoPagina e assumiu completude. Requer nova consulta paginada real (pagina=1,2,3,... ate esgotar) para confirmar total."
paginacao_itens;15126437000305-1-003626/2026;completude_nao_comprovada_alta_prioridade;"exatamente 10 itens armazenados; tamanho tipico de 1a pagina do endpoint. Bug v1: coletor fez 1 chamada sem parametros pagina/tamanhoPagina e assumiu completude. Requer nova consulta paginada real (pagina=1,2,3,... ate esgotar) para confirmar total."
paginacao_itens;15126437000305-1-003628/2026;completude_nao_comprovada_alta_prioridade;"exatamente 10 itens armazenados; tamanho tipico de 1a pagina do endpoint. Bug v1: coletor fez 1 chamada sem parametros pagina/tamanhoPagina e assumiu completude. Requer nova consulta paginada real (pagina=1,2,3,... ate esgotar) para confirmar total."
paginacao_itens;15126437000305-1-003629/2026;completude_nao_comprovada;"1 itens armazenados via chamada unica sem paginacao (bug v1); pode estar completo (lista curta) ou truncado. Nao ha evidencia suficiente para afirmar completude sem repetir a consulta com paginacao real."
paginacao_itens;15126437000305-1-003631/2026;completude_nao_comprovada_alta_prioridade;"exatamente 10 itens armazenados; tamanho tipico de 1a pagina do endpoint. Bug v1: coletor fez 1 chamada sem parametros pagina/tamanhoPagina e assumiu completude. Requer nova consulta paginada real (pagina=1,2,3,... ate esgotar) para confirmar total."
paginacao_itens;15126437000305-1-003678/2026;completude_nao_comprovada_alta_prioridade;"exatamente 10 itens armazenados; tamanho tipico de 1a pagina do endpoint. Bug v1: coletor fez 1 chamada sem parametros pagina/tamanhoPagina e assumiu completude. Requer nova consulta paginada real (pagina=1,2,3,... ate esgotar) para confirmar total."
paginacao_itens;15126437000305-1-003878/2025;completude_nao_comprovada_alta_prioridade;"exatamente 10 itens armazenados; tamanho tipico de 1a pagina do endpoint. Bug v1: coletor fez 1 chamada sem parametros pagina/tamanhoPagina e assumiu completude. Requer nova consulta paginada real (pagina=1,2,3,... ate esgotar) para confirmar total."
paginacao_itens;15126437000305-1-003908/2025;completude_nao_comprovada;"1 itens armazenados via chamada unica sem paginacao (bug v1); pode estar completo (lista curta) ou truncado. Nao ha evidencia suficiente para afirmar completude sem repetir a consulta com paginacao real."
paginacao_itens;15126437000305-1-003930/2025;completude_nao_comprovada_alta_prioridade;"exatamente 10 itens armazenados; tamanho tipico de 1a pagina do endpoint. Bug v1: coletor fez 1 chamada sem parametros pagina/tamanhoPagina e assumiu completude. Requer nova consulta paginada real (pagina=1,2,3,... ate esgotar) para confirmar total."
paginacao_itens;15126437000305-1-004004/2025;completude_nao_comprovada_alta_prioridade;"exatamente 10 itens armazenados; tamanho tipico de 1a pagina do endpoint. Bug v1: coletor fez 1 chamada sem parametros pagina/tamanhoPagina e assumiu completude. Requer nova consulta paginada real (pagina=1,2,3,... ate esgotar) para confirmar total."
paginacao_itens;15126437000305-1-004106/2025;completude_nao_comprovada_alta_prioridade;"exatamente 10 itens armazenados; tamanho tipico de 1a pagina do endpoint. Bug v1: coletor fez 1 chamada sem parametros pagina/tamanhoPagina e assumiu completude. Requer nova consulta paginada real (pagina=1,2,3,... ate esgotar) para confirmar total."
paginacao_itens;15126437000305-1-004107/2025;completude_nao_comprovada_alta_prioridade;"exatamente 10 itens armazenados; tamanho tipico de 1a pagina do endpoint. Bug v1: coletor fez 1 chamada sem parametros pagina/tamanhoPagina e assumiu completude. Requer nova consulta paginada real (pagina=1,2,3,... ate esgotar) para confirmar total."
paginacao_itens;15126437000305-1-004125/2025;completude_nao_comprovada;"1 itens armazenados via chamada unica sem paginacao (bug v1); pode estar completo (lista curta) ou truncado. Nao ha evidencia suficiente para afirmar completude sem repetir a consulta com paginacao real."
paginacao_itens;15126437000305-1-004227/2025;completude_nao_comprovada;"1 itens armazenados via chamada unica sem paginacao (bug v1); pode estar completo (lista curta) ou truncado. Nao ha evidencia suficiente para afirmar completude sem repetir a consulta com paginacao real."
paginacao_itens;15126437000305-1-004244/2025;completude_nao_comprovada;"1 itens armazenados via chamada unica sem paginacao (bug v1); pode estar completo (lista curta) ou truncado. Nao ha evidencia suficiente para afirmar completude sem repetir a consulta com paginacao real."
paginacao_itens;15126437000305-1-004347/2025;completude_nao_comprovada_alta_prioridade;"exatamente 10 itens armazenados; tamanho tipico de 1a pagina do endpoint. Bug v1: coletor fez 1 chamada sem parametros pagina/tamanhoPagina e assumiu completude. Requer nova consulta paginada real (pagina=1,2,3,... ate esgotar) para confirmar total."
paginacao_itens;15126437000305-1-004428/2025;completude_nao_comprovada;"3 itens armazenados via chamada unica sem paginacao (bug v1); pode estar completo (lista curta) ou truncado. Nao ha evidencia suficiente para afirmar completude sem repetir a consulta com paginacao real."
paginacao_itens;15126437000305-1-004447/2025;completude_nao_comprovada;"3 itens armazenados via chamada unica sem paginacao (bug v1); pode estar completo (lista curta) ou truncado. Nao ha evidencia suficiente para afirmar completude sem repetir a consulta com paginacao real."
paginacao_itens;15126437000305-1-004463/2025;completude_nao_comprovada;"1 itens armazenados via chamada unica sem paginacao (bug v1); pode estar completo (lista curta) ou truncado. Nao ha evidencia suficiente para afirmar completude sem repetir a consulta com paginacao real."
paginacao_itens;15126437000305-1-004511/2025;completude_nao_comprovada_alta_prioridade;"exatamente 10 itens armazenados; tamanho tipico de 1a pagina do endpoint. Bug v1: coletor fez 1 chamada sem parametros pagina/tamanhoPagina e assumiu completude. Requer nova consulta paginada real (pagina=1,2,3,... ate esgotar) para confirmar total."
paginacao_itens;15126437000305-1-004522/2025;completude_nao_comprovada_alta_prioridade;"exatamente 10 itens armazenados; tamanho tipico de 1a pagina do endpoint. Bug v1: coletor fez 1 chamada sem parametros pagina/tamanhoPagina e assumiu completude. Requer nova consulta paginada real (pagina=1,2,3,... ate esgotar) para confirmar total."
paginacao_itens;15126437000305-1-004528/2025;completude_nao_comprovada_alta_prioridade;"exatamente 10 itens armazenados; tamanho tipico de 1a pagina do endpoint. Bug v1: coletor fez 1 chamada sem parametros pagina/tamanhoPagina e assumiu completude. Requer nova consulta paginada real (pagina=1,2,3,... ate esgotar) para confirmar total."
paginacao_itens;15126437000305-1-004544/2025;completude_nao_comprovada_alta_prioridade;"exatamente 10 itens armazenados; tamanho tipico de 1a pagina do endpoint. Bug v1: coletor fez 1 chamada sem parametros pagina/tamanhoPagina e assumiu completude. Requer nova consulta paginada real (pagina=1,2,3,... ate esgotar) para confirmar total."
paginacao_itens;15126437000305-1-004558/2025;completude_nao_comprovada;"6 itens armazenados via chamada unica sem paginacao (bug v1); pode estar completo (lista curta) ou truncado. Nao ha evidencia suficiente para afirmar completude sem repetir a consulta com paginacao real."
paginacao_itens;15126437000305-1-004559/2025;completude_nao_comprovada_alta_prioridade;"exatamente 10 itens armazenados; tamanho tipico de 1a pagina do endpoint. Bug v1: coletor fez 1 chamada sem parametros pagina/tamanhoPagina e assumiu completude. Requer nova consulta paginada real (pagina=1,2,3,... ate esgotar) para confirmar total."
paginacao_itens;15126437000305-1-004563/2025;completude_nao_comprovada_alta_prioridade;"exatamente 10 itens armazenados; tamanho tipico de 1a pagina do endpoint. Bug v1: coletor fez 1 chamada sem parametros pagina/tamanhoPagina e assumiu completude. Requer nova consulta paginada real (pagina=1,2,3,... ate esgotar) para confirmar total."
paginacao_itens;15126437000305-1-004576/2025;completude_nao_comprovada;"1 itens armazenados via chamada unica sem paginacao (bug v1); pode estar completo (lista curta) ou truncado. Nao ha evidencia suficiente para afirmar completude sem repetir a consulta com paginacao real."
paginacao_itens;15126437000305-1-004578/2025;completude_nao_comprovada;"3 itens armazenados via chamada unica sem paginacao (bug v1); pode estar completo (lista curta) ou truncado. Nao ha evidencia suficiente para afirmar completude sem repetir a consulta com paginacao real."
paginacao_itens;15144495000108-1-000001/2025;completude_nao_comprovada_alta_prioridade;"exatamente 10 itens armazenados; tamanho tipico de 1a pagina do endpoint. Bug v1: coletor fez 1 chamada sem parametros pagina/tamanhoPagina e assumiu completude. Requer nova consulta paginada real (pagina=1,2,3,... ate esgotar) para confirmar total."
paginacao_itens;15144495000108-1-000002/2025;completude_nao_comprovada;"3 itens armazenados via chamada unica sem paginacao (bug v1); pode estar completo (lista curta) ou truncado. Nao ha evidencia suficiente para afirmar completude sem repetir a consulta com paginacao real."
paginacao_itens;15144495000108-1-000003/2025;completude_nao_comprovada_alta_prioridade;"exatamente 10 itens armazenados; tamanho tipico de 1a pagina do endpoint. Bug v1: coletor fez 1 chamada sem parametros pagina/tamanhoPagina e assumiu completude. Requer nova consulta paginada real (pagina=1,2,3,... ate esgotar) para confirmar total."
paginacao_itens;15144495000108-1-000004/2025;completude_nao_comprovada;"4 itens armazenados via chamada unica sem paginacao (bug v1); pode estar completo (lista curta) ou truncado. Nao ha evidencia suficiente para afirmar completude sem repetir a consulta com paginacao real."
paginacao_itens;15144495000108-1-000005/2025;completude_nao_comprovada;"4 itens armazenados via chamada unica sem paginacao (bug v1); pode estar completo (lista curta) ou truncado. Nao ha evidencia suficiente para afirmar completude sem repetir a consulta com paginacao real."
paginacao_itens;15144495000108-1-000006/2025;completude_nao_comprovada;"1 itens armazenados via chamada unica sem paginacao (bug v1); pode estar completo (lista curta) ou truncado. Nao ha evidencia suficiente para afirmar completude sem repetir a consulta com paginacao real."
paginacao_itens;15144495000108-1-000007/2025;completude_nao_comprovada;"5 itens armazenados via chamada unica sem paginacao (bug v1); pode estar completo (lista curta) ou truncado. Nao ha evidencia suficiente para afirmar completude sem repetir a consulta com paginacao real."
paginacao_itens;15144495000108-1-000008/2025;completude_nao_comprovada;"1 itens armazenados via chamada unica sem paginacao (bug v1); pode estar completo (lista curta) ou truncado. Nao ha evidencia suficiente para afirmar completude sem repetir a consulta com paginacao real."
paginacao_itens;15144495000108-1-000009/2025;completude_nao_comprovada;"3 itens armazenados via chamada unica sem paginacao (bug v1); pode estar completo (lista curta) ou truncado. Nao ha evidencia suficiente para afirmar completude sem repetir a consulta com paginacao real."
paginacao_itens;15144495000108-1-000010/2025;completude_nao_comprovada_alta_prioridade;"exatamente 10 itens armazenados; tamanho tipico de 1a pagina do endpoint. Bug v1: coletor fez 1 chamada sem parametros pagina/tamanhoPagina e assumiu completude. Requer nova consulta paginada real (pagina=1,2,3,... ate esgotar) para confirmar total."
paginacao_itens;15144495000108-1-000011/2025;completude_nao_comprovada_alta_prioridade;"exatamente 10 itens armazenados; tamanho tipico de 1a pagina do endpoint. Bug v1: coletor fez 1 chamada sem parametros pagina/tamanhoPagina e assumiu completude. Requer nova consulta paginada real (pagina=1,2,3,... ate esgotar) para confirmar total."
paginacao_itens;15144495000108-1-000012/2025;completude_nao_comprovada;"1 itens armazenados via chamada unica sem paginacao (bug v1); pode estar completo (lista curta) ou truncado. Nao ha evidencia suficiente para afirmar completude sem repetir a consulta com paginacao real."
paginacao_itens;15714722000185-1-000001/2025;completude_nao_comprovada;"1 itens armazenados via chamada unica sem paginacao (bug v1); pode estar completo (lista curta) ou truncado. Nao ha evidencia suficiente para afirmar completude sem repetir a consulta com paginacao real."
paginacao_itens;15714722000185-1-000002/2025;completude_nao_comprovada;"2 itens armazenados via chamada unica sem paginacao (bug v1); pode estar completo (lista curta) ou truncado. Nao ha evidencia suficiente para afirmar completude sem repetir a consulta com paginacao real."
paginacao_itens;15714722000185-1-000003/2025;completude_nao_comprovada;"1 itens armazenados via chamada unica sem paginacao (bug v1); pode estar completo (lista curta) ou truncado. Nao ha evidencia suficiente para afirmar completude sem repetir a consulta com paginacao real."
paginacao_itens;15714722000185-1-000004/2025;completude_nao_comprovada;"6 itens armazenados via chamada unica sem paginacao (bug v1); pode estar completo (lista curta) ou truncado. Nao ha evidencia suficiente para afirmar completude sem repetir a consulta com paginacao real."
paginacao_itens;15714722000185-1-000005/2025;completude_nao_comprovada;"1 itens armazenados via chamada unica sem paginacao (bug v1); pode estar completo (lista curta) ou truncado. Nao ha evidencia suficiente para afirmar completude sem repetir a consulta com paginacao real."
paginacao_itens;16930299000113-1-000095/2026;completude_nao_comprovada;"1 itens armazenados via chamada unica sem paginacao (bug v1); pode estar completo (lista curta) ou truncado. Nao ha evidencia suficiente para afirmar completude sem repetir a consulta com paginacao real."
paginacao_itens;16930299000113-1-000106/2026;completude_nao_comprovada;"1 itens armazenados via chamada unica sem paginacao (bug v1); pode estar completo (lista curta) ou truncado. Nao ha evidencia suficiente para afirmar completude sem repetir a consulta com paginacao real."
paginacao_itens;17376801000159-1-000001/2025;completude_nao_comprovada;"1 itens armazenados via chamada unica sem paginacao (bug v1); pode estar completo (lista curta) ou truncado. Nao ha evidencia suficiente para afirmar completude sem repetir a consulta com paginacao real."
paginacao_itens;17376801000159-1-000001/2026;completude_nao_comprovada;"2 itens armazenados via chamada unica sem paginacao (bug v1); pode estar completo (lista curta) ou truncado. Nao ha evidencia suficiente para afirmar completude sem repetir a consulta com paginacao real."
paginacao_itens;17376801000159-1-000002/2025;completude_nao_comprovada;"1 itens armazenados via chamada unica sem paginacao (bug v1); pode estar completo (lista curta) ou truncado. Nao ha evidencia suficiente para afirmar completude sem repetir a consulta com paginacao real."
paginacao_itens;17376801000159-1-000002/2026;completude_nao_comprovada;"1 itens armazenados via chamada unica sem paginacao (bug v1); pode estar completo (lista curta) ou truncado. Nao ha evidencia suficiente para afirmar completude sem repetir a consulta com paginacao real."
paginacao_itens;17376801000159-1-000003/2025;completude_nao_comprovada;"1 itens armazenados via chamada unica sem paginacao (bug v1); pode estar completo (lista curta) ou truncado. Nao ha evidencia suficiente para afirmar completude sem repetir a consulta com paginacao real."
paginacao_itens;17376801000159-1-000003/2026;completude_nao_comprovada;"1 itens armazenados via chamada unica sem paginacao (bug v1); pode estar completo (lista curta) ou truncado. Nao ha evidencia suficiente para afirmar completude sem repetir a consulta com paginacao real."
paginacao_itens;17376801000159-1-000004/2025;completude_nao_comprovada;"1 itens armazenados via chamada unica sem paginacao (bug v1); pode estar completo (lista curta) ou truncado. Nao ha evidencia suficiente para afirmar completude sem repetir a consulta com paginacao real."
paginacao_itens;17376801000159-1-000004/2026;completude_nao_comprovada;"1 itens armazenados via chamada unica sem paginacao (bug v1); pode estar completo (lista curta) ou truncado. Nao ha evidencia suficiente para afirmar completude sem repetir a consulta com paginacao real."
paginacao_itens;17376801000159-1-000005/2024;completude_nao_comprovada;"1 itens armazenados via chamada unica sem paginacao (bug v1); pode estar completo (lista curta) ou truncado. Nao ha evidencia suficiente para afirmar completude sem repetir a consulta com paginacao real."
paginacao_itens;17376801000159-1-000005/2025;completude_nao_comprovada;"1 itens armazenados via chamada unica sem paginacao (bug v1); pode estar completo (lista curta) ou truncado. Nao ha evidencia suficiente para afirmar completude sem repetir a consulta com paginacao real."
paginacao_itens;17376801000159-1-000005/2026;completude_nao_comprovada;"1 itens armazenados via chamada unica sem paginacao (bug v1); pode estar completo (lista curta) ou truncado. Nao ha evidencia suficiente para afirmar completude sem repetir a consulta com paginacao real."
paginacao_itens;17376801000159-1-000006/2025;completude_nao_comprovada;"1 itens armazenados via chamada unica sem paginacao (bug v1); pode estar completo (lista curta) ou truncado. Nao ha evidencia suficiente para afirmar completude sem repetir a consulta com paginacao real."
paginacao_itens;17376801000159-1-000006/2026;completude_nao_comprovada;"1 itens armazenados via chamada unica sem paginacao (bug v1); pode estar completo (lista curta) ou truncado. Nao ha evidencia suficiente para afirmar completude sem repetir a consulta com paginacao real."
paginacao_itens;17376801000159-1-000007/2025;completude_nao_comprovada;"1 itens armazenados via chamada unica sem paginacao (bug v1); pode estar completo (lista curta) ou truncado. Nao ha evidencia suficiente para afirmar completude sem repetir a consulta com paginacao real."
paginacao_itens;17376801000159-1-000007/2026;completude_nao_comprovada;"2 itens armazenados via chamada unica sem paginacao (bug v1); pode estar completo (lista curta) ou truncado. Nao ha evidencia suficiente para afirmar completude sem repetir a consulta com paginacao real."
paginacao_itens;17376801000159-1-000008/2025;completude_nao_comprovada;"1 itens armazenados via chamada unica sem paginacao (bug v1); pode estar completo (lista curta) ou truncado. Nao ha evidencia suficiente para afirmar completude sem repetir a consulta com paginacao real."
paginacao_itens;17376801000159-1-000008/2026;completude_nao_comprovada;"1 itens armazenados via chamada unica sem paginacao (bug v1); pode estar completo (lista curta) ou truncado. Nao ha evidencia suficiente para afirmar completude sem repetir a consulta com paginacao real."
paginacao_itens;17376801000159-1-000009/2025;completude_nao_comprovada;"1 itens armazenados via chamada unica sem paginacao (bug v1); pode estar completo (lista curta) ou truncado. Nao ha evidencia suficiente para afirmar completude sem repetir a consulta com paginacao real."
paginacao_itens;17376801000159-1-000009/2026;completude_nao_comprovada;"2 itens armazenados via chamada unica sem paginacao (bug v1); pode estar completo (lista curta) ou truncado. Nao ha evidencia suficiente para afirmar completude sem repetir a consulta com paginacao real."
paginacao_itens;17376801000159-1-000010/2026;completude_nao_comprovada;"1 itens armazenados via chamada unica sem paginacao (bug v1); pode estar completo (lista curta) ou truncado. Nao ha evidencia suficiente para afirmar completude sem repetir a consulta com paginacao real."
paginacao_itens;21744847000150-1-000370/2025;completude_nao_comprovada_alta_prioridade;"exatamente 10 itens armazenados; tamanho tipico de 1a pagina do endpoint. Bug v1: coletor fez 1 chamada sem parametros pagina/tamanhoPagina e assumiu completude. Requer nova consulta paginada real (pagina=1,2,3,... ate esgotar) para confirmar total."
paginacao_itens;21744847000150-1-001204/2025;completude_nao_comprovada_alta_prioridade;"exatamente 10 itens armazenados; tamanho tipico de 1a pagina do endpoint. Bug v1: coletor fez 1 chamada sem parametros pagina/tamanhoPagina e assumiu completude. Requer nova consulta paginada real (pagina=1,2,3,... ate esgotar) para confirmar total."
paginacao_itens;21744847000150-1-001597/2025;completude_nao_comprovada_alta_prioridade;"exatamente 10 itens armazenados; tamanho tipico de 1a pagina do endpoint. Bug v1: coletor fez 1 chamada sem parametros pagina/tamanhoPagina e assumiu completude. Requer nova consulta paginada real (pagina=1,2,3,... ate esgotar) para confirmar total."
paginacao_itens;21744847000150-1-001600/2025;completude_nao_comprovada;"1 itens armazenados via chamada unica sem paginacao (bug v1); pode estar completo (lista curta) ou truncado. Nao ha evidencia suficiente para afirmar completude sem repetir a consulta com paginacao real."
paginacao_itens;21744847000150-1-001945/2025;completude_nao_comprovada;"6 itens armazenados via chamada unica sem paginacao (bug v1); pode estar completo (lista curta) ou truncado. Nao ha evidencia suficiente para afirmar completude sem repetir a consulta com paginacao real."
paginacao_itens;22918796000107-1-000001/2025;completude_nao_comprovada;"3 itens armazenados via chamada unica sem paginacao (bug v1); pode estar completo (lista curta) ou truncado. Nao ha evidencia suficiente para afirmar completude sem repetir a consulta com paginacao real."
paginacao_itens;22918796000107-1-000002/2026;completude_nao_comprovada_alta_prioridade;"exatamente 10 itens armazenados; tamanho tipico de 1a pagina do endpoint. Bug v1: coletor fez 1 chamada sem parametros pagina/tamanhoPagina e assumiu completude. Requer nova consulta paginada real (pagina=1,2,3,... ate esgotar) para confirmar total."
paginacao_itens;22918796000107-1-000003/2025;completude_nao_comprovada_alta_prioridade;"exatamente 10 itens armazenados; tamanho tipico de 1a pagina do endpoint. Bug v1: coletor fez 1 chamada sem parametros pagina/tamanhoPagina e assumiu completude. Requer nova consulta paginada real (pagina=1,2,3,... ate esgotar) para confirmar total."
paginacao_itens;22918796000107-1-000004/2025;completude_nao_comprovada;"1 itens armazenados via chamada unica sem paginacao (bug v1); pode estar completo (lista curta) ou truncado. Nao ha evidencia suficiente para afirmar completude sem repetir a consulta com paginacao real."
paginacao_itens;22918796000107-1-000005/2025;completude_nao_comprovada;"1 itens armazenados via chamada unica sem paginacao (bug v1); pode estar completo (lista curta) ou truncado. Nao ha evidencia suficiente para afirmar completude sem repetir a consulta com paginacao real."
paginacao_itens;22918796000107-1-000005/2026;completude_nao_comprovada_alta_prioridade;"exatamente 10 itens armazenados; tamanho tipico de 1a pagina do endpoint. Bug v1: coletor fez 1 chamada sem parametros pagina/tamanhoPagina e assumiu completude. Requer nova consulta paginada real (pagina=1,2,3,... ate esgotar) para confirmar total."
paginacao_itens;22918796000107-1-000006/2025;completude_nao_comprovada;"3 itens armazenados via chamada unica sem paginacao (bug v1); pode estar completo (lista curta) ou truncado. Nao ha evidencia suficiente para afirmar completude sem repetir a consulta com paginacao real."
paginacao_itens;22918796000107-1-000006/2026;completude_nao_comprovada_alta_prioridade;"exatamente 10 itens armazenados; tamanho tipico de 1a pagina do endpoint. Bug v1: coletor fez 1 chamada sem parametros pagina/tamanhoPagina e assumiu completude. Requer nova consulta paginada real (pagina=1,2,3,... ate esgotar) para confirmar total."
paginacao_itens;22918796000107-1-000007/2025;completude_nao_comprovada_alta_prioridade;"exatamente 10 itens armazenados; tamanho tipico de 1a pagina do endpoint. Bug v1: coletor fez 1 chamada sem parametros pagina/tamanhoPagina e assumiu completude. Requer nova consulta paginada real (pagina=1,2,3,... ate esgotar) para confirmar total."
paginacao_itens;22918796000107-1-000008/2025;completude_nao_comprovada;"1 itens armazenados via chamada unica sem paginacao (bug v1); pode estar completo (lista curta) ou truncado. Nao ha evidencia suficiente para afirmar completude sem repetir a consulta com paginacao real."
paginacao_itens;22918796000107-1-000009/2025;completude_nao_comprovada_alta_prioridade;"exatamente 10 itens armazenados; tamanho tipico de 1a pagina do endpoint. Bug v1: coletor fez 1 chamada sem parametros pagina/tamanhoPagina e assumiu completude. Requer nova consulta paginada real (pagina=1,2,3,... ate esgotar) para confirmar total."
paginacao_itens;22918796000107-1-000009/2026;completude_nao_comprovada;"2 itens armazenados via chamada unica sem paginacao (bug v1); pode estar completo (lista curta) ou truncado. Nao ha evidencia suficiente para afirmar completude sem repetir a consulta com paginacao real."
paginacao_itens;22918796000107-1-000010/2025;completude_nao_comprovada;"1 itens armazenados via chamada unica sem paginacao (bug v1); pode estar completo (lista curta) ou truncado. Nao ha evidencia suficiente para afirmar completude sem repetir a consulta com paginacao real."
paginacao_itens;22918796000107-1-000011/2025;completude_nao_comprovada_alta_prioridade;"exatamente 10 itens armazenados; tamanho tipico de 1a pagina do endpoint. Bug v1: coletor fez 1 chamada sem parametros pagina/tamanhoPagina e assumiu completude. Requer nova consulta paginada real (pagina=1,2,3,... ate esgotar) para confirmar total."
paginacao_itens;22918796000107-1-000012/2025;completude_nao_comprovada;"1 itens armazenados via chamada unica sem paginacao (bug v1); pode estar completo (lista curta) ou truncado. Nao ha evidencia suficiente para afirmar completude sem repetir a consulta com paginacao real."
paginacao_itens;23066632000153-1-000001/2025;completude_nao_comprovada;"1 itens armazenados via chamada unica sem paginacao (bug v1); pode estar completo (lista curta) ou truncado. Nao ha evidencia suficiente para afirmar completude sem repetir a consulta com paginacao real."
paginacao_itens;23066632000153-1-000001/2026;completude_nao_comprovada;"1 itens armazenados via chamada unica sem paginacao (bug v1); pode estar completo (lista curta) ou truncado. Nao ha evidencia suficiente para afirmar completude sem repetir a consulta com paginacao real."
paginacao_itens;23066632000153-1-000002/2025;completude_nao_comprovada_alta_prioridade;"exatamente 10 itens armazenados; tamanho tipico de 1a pagina do endpoint. Bug v1: coletor fez 1 chamada sem parametros pagina/tamanhoPagina e assumiu completude. Requer nova consulta paginada real (pagina=1,2,3,... ate esgotar) para confirmar total."
paginacao_itens;23066632000153-1-000002/2026;completude_nao_comprovada_alta_prioridade;"exatamente 10 itens armazenados; tamanho tipico de 1a pagina do endpoint. Bug v1: coletor fez 1 chamada sem parametros pagina/tamanhoPagina e assumiu completude. Requer nova consulta paginada real (pagina=1,2,3,... ate esgotar) para confirmar total."
paginacao_itens;23066632000153-1-000003/2025;completude_nao_comprovada;"4 itens armazenados via chamada unica sem paginacao (bug v1); pode estar completo (lista curta) ou truncado. Nao ha evidencia suficiente para afirmar completude sem repetir a consulta com paginacao real."
paginacao_itens;23066632000153-1-000003/2026;completude_nao_comprovada;"3 itens armazenados via chamada unica sem paginacao (bug v1); pode estar completo (lista curta) ou truncado. Nao ha evidencia suficiente para afirmar completude sem repetir a consulta com paginacao real."
paginacao_itens;23066632000153-1-000004/2025;completude_nao_comprovada;"3 itens armazenados via chamada unica sem paginacao (bug v1); pode estar completo (lista curta) ou truncado. Nao ha evidencia suficiente para afirmar completude sem repetir a consulta com paginacao real."
paginacao_itens;23066632000153-1-000004/2026;completude_nao_comprovada;"1 itens armazenados via chamada unica sem paginacao (bug v1); pode estar completo (lista curta) ou truncado. Nao ha evidencia suficiente para afirmar completude sem repetir a consulta com paginacao real."
paginacao_itens;23066632000153-1-000005/2025;completude_nao_comprovada_alta_prioridade;"exatamente 10 itens armazenados; tamanho tipico de 1a pagina do endpoint. Bug v1: coletor fez 1 chamada sem parametros pagina/tamanhoPagina e assumiu completude. Requer nova consulta paginada real (pagina=1,2,3,... ate esgotar) para confirmar total."
paginacao_itens;23066632000153-1-000006/2025;completude_nao_comprovada_alta_prioridade;"exatamente 10 itens armazenados; tamanho tipico de 1a pagina do endpoint. Bug v1: coletor fez 1 chamada sem parametros pagina/tamanhoPagina e assumiu completude. Requer nova consulta paginada real (pagina=1,2,3,... ate esgotar) para confirmar total."
paginacao_itens;23066632000153-1-000007/2025;completude_nao_comprovada;"1 itens armazenados via chamada unica sem paginacao (bug v1); pode estar completo (lista curta) ou truncado. Nao ha evidencia suficiente para afirmar completude sem repetir a consulta com paginacao real."
paginacao_itens;23066632000153-1-000008/2025;completude_nao_comprovada;"1 itens armazenados via chamada unica sem paginacao (bug v1); pode estar completo (lista curta) ou truncado. Nao ha evidencia suficiente para afirmar completude sem repetir a consulta com paginacao real."
paginacao_itens;23066632000153-1-000009/2025;completude_nao_comprovada;"1 itens armazenados via chamada unica sem paginacao (bug v1); pode estar completo (lista curta) ou truncado. Nao ha evidencia suficiente para afirmar completude sem repetir a consulta com paginacao real."
paginacao_itens;23066632000153-1-000010/2025;completude_nao_comprovada;"3 itens armazenados via chamada unica sem paginacao (bug v1); pode estar completo (lista curta) ou truncado. Nao ha evidencia suficiente para afirmar completude sem repetir a consulta com paginacao real."
paginacao_itens;23066632000153-1-000012/2025;completude_nao_comprovada;"1 itens armazenados via chamada unica sem paginacao (bug v1); pode estar completo (lista curta) ou truncado. Nao ha evidencia suficiente para afirmar completude sem repetir a consulta com paginacao real."
paginacao_itens;23066640000108-1-000001/2025;completude_nao_comprovada;"1 itens armazenados via chamada unica sem paginacao (bug v1); pode estar completo (lista curta) ou truncado. Nao ha evidencia suficiente para afirmar completude sem repetir a consulta com paginacao real."
paginacao_itens;23066640000108-1-000001/2026;completude_nao_comprovada;"1 itens armazenados via chamada unica sem paginacao (bug v1); pode estar completo (lista curta) ou truncado. Nao ha evidencia suficiente para afirmar completude sem repetir a consulta com paginacao real."
paginacao_itens;23066640000108-1-000002/2025;completude_nao_comprovada_alta_prioridade;"exatamente 10 itens armazenados; tamanho tipico de 1a pagina do endpoint. Bug v1: coletor fez 1 chamada sem parametros pagina/tamanhoPagina e assumiu completude. Requer nova consulta paginada real (pagina=1,2,3,... ate esgotar) para confirmar total."
paginacao_itens;23066640000108-1-000002/2026;completude_nao_comprovada_alta_prioridade;"exatamente 10 itens armazenados; tamanho tipico de 1a pagina do endpoint. Bug v1: coletor fez 1 chamada sem parametros pagina/tamanhoPagina e assumiu completude. Requer nova consulta paginada real (pagina=1,2,3,... ate esgotar) para confirmar total."
paginacao_itens;23066640000108-1-000003/2025;completude_nao_comprovada;"4 itens armazenados via chamada unica sem paginacao (bug v1); pode estar completo (lista curta) ou truncado. Nao ha evidencia suficiente para afirmar completude sem repetir a consulta com paginacao real."
paginacao_itens;23066640000108-1-000003/2026;completude_nao_comprovada_alta_prioridade;"exatamente 10 itens armazenados; tamanho tipico de 1a pagina do endpoint. Bug v1: coletor fez 1 chamada sem parametros pagina/tamanhoPagina e assumiu completude. Requer nova consulta paginada real (pagina=1,2,3,... ate esgotar) para confirmar total."
paginacao_itens;23066640000108-1-000004/2025;completude_nao_comprovada;"8 itens armazenados via chamada unica sem paginacao (bug v1); pode estar completo (lista curta) ou truncado. Nao ha evidencia suficiente para afirmar completude sem repetir a consulta com paginacao real."
paginacao_itens;23066640000108-1-000004/2026;completude_nao_comprovada_alta_prioridade;"exatamente 10 itens armazenados; tamanho tipico de 1a pagina do endpoint. Bug v1: coletor fez 1 chamada sem parametros pagina/tamanhoPagina e assumiu completude. Requer nova consulta paginada real (pagina=1,2,3,... ate esgotar) para confirmar total."
paginacao_itens;23066640000108-1-000005/2025;completude_nao_comprovada;"3 itens armazenados via chamada unica sem paginacao (bug v1); pode estar completo (lista curta) ou truncado. Nao ha evidencia suficiente para afirmar completude sem repetir a consulta com paginacao real."
paginacao_itens;23066640000108-1-000005/2026;completude_nao_comprovada;"2 itens armazenados via chamada unica sem paginacao (bug v1); pode estar completo (lista curta) ou truncado. Nao ha evidencia suficiente para afirmar completude sem repetir a consulta com paginacao real."
paginacao_itens;23066640000108-1-000006/2025;completude_nao_comprovada;"2 itens armazenados via chamada unica sem paginacao (bug v1); pode estar completo (lista curta) ou truncado. Nao ha evidencia suficiente para afirmar completude sem repetir a consulta com paginacao real."
paginacao_itens;23066640000108-1-000006/2026;completude_nao_comprovada;"1 itens armazenados via chamada unica sem paginacao (bug v1); pode estar completo (lista curta) ou truncado. Nao ha evidencia suficiente para afirmar completude sem repetir a consulta com paginacao real."
paginacao_itens;23066640000108-1-000007/2025;completude_nao_comprovada;"1 itens armazenados via chamada unica sem paginacao (bug v1); pode estar completo (lista curta) ou truncado. Nao ha evidencia suficiente para afirmar completude sem repetir a consulta com paginacao real."
paginacao_itens;23066640000108-1-000007/2026;completude_nao_comprovada_alta_prioridade;"exatamente 10 itens armazenados; tamanho tipico de 1a pagina do endpoint. Bug v1: coletor fez 1 chamada sem parametros pagina/tamanhoPagina e assumiu completude. Requer nova consulta paginada real (pagina=1,2,3,... ate esgotar) para confirmar total."
paginacao_itens;23066640000108-1-000008/2025;completude_nao_comprovada;"1 itens armazenados via chamada unica sem paginacao (bug v1); pode estar completo (lista curta) ou truncado. Nao ha evidencia suficiente para afirmar completude sem repetir a consulta com paginacao real."
paginacao_itens;23066640000108-1-000008/2026;completude_nao_comprovada_alta_prioridade;"exatamente 10 itens armazenados; tamanho tipico de 1a pagina do endpoint. Bug v1: coletor fez 1 chamada sem parametros pagina/tamanhoPagina e assumiu completude. Requer nova consulta paginada real (pagina=1,2,3,... ate esgotar) para confirmar total."
paginacao_itens;23066640000108-1-000009/2025;completude_nao_comprovada_alta_prioridade;"exatamente 10 itens armazenados; tamanho tipico de 1a pagina do endpoint. Bug v1: coletor fez 1 chamada sem parametros pagina/tamanhoPagina e assumiu completude. Requer nova consulta paginada real (pagina=1,2,3,... ate esgotar) para confirmar total."
paginacao_itens;23066640000108-1-000009/2026;completude_nao_comprovada;"6 itens armazenados via chamada unica sem paginacao (bug v1); pode estar completo (lista curta) ou truncado. Nao ha evidencia suficiente para afirmar completude sem repetir a consulta com paginacao real."
paginacao_itens;23066640000108-1-000010/2024;completude_nao_comprovada;"5 itens armazenados via chamada unica sem paginacao (bug v1); pode estar completo (lista curta) ou truncado. Nao ha evidencia suficiente para afirmar completude sem repetir a consulta com paginacao real."
paginacao_itens;23066640000108-1-000010/2025;completude_nao_comprovada;"2 itens armazenados via chamada unica sem paginacao (bug v1); pode estar completo (lista curta) ou truncado. Nao ha evidencia suficiente para afirmar completude sem repetir a consulta com paginacao real."
paginacao_itens;23066640000108-1-000010/2026;completude_nao_comprovada;"1 itens armazenados via chamada unica sem paginacao (bug v1); pode estar completo (lista curta) ou truncado. Nao ha evidencia suficiente para afirmar completude sem repetir a consulta com paginacao real."
paginacao_itens;23066640000108-1-000011/2025;completude_nao_comprovada;"1 itens armazenados via chamada unica sem paginacao (bug v1); pode estar completo (lista curta) ou truncado. Nao ha evidencia suficiente para afirmar completude sem repetir a consulta com paginacao real."
paginacao_itens;23066640000108-1-000012/2025;completude_nao_comprovada;"1 itens armazenados via chamada unica sem paginacao (bug v1); pode estar completo (lista curta) ou truncado. Nao ha evidencia suficiente para afirmar completude sem repetir a consulta com paginacao real."
paginacao_itens;23066640000108-1-000013/2026;completude_nao_comprovada;"1 itens armazenados via chamada unica sem paginacao (bug v1); pode estar completo (lista curta) ou truncado. Nao ha evidencia suficiente para afirmar completude sem repetir a consulta com paginacao real."
paginacao_itens;23066640000108-1-000014/2025;completude_nao_comprovada;"1 itens armazenados via chamada unica sem paginacao (bug v1); pode estar completo (lista curta) ou truncado. Nao ha evidencia suficiente para afirmar completude sem repetir a consulta com paginacao real."
paginacao_itens;23066640000108-1-000015/2025;completude_nao_comprovada;"1 itens armazenados via chamada unica sem paginacao (bug v1); pode estar completo (lista curta) ou truncado. Nao ha evidencia suficiente para afirmar completude sem repetir a consulta com paginacao real."
paginacao_itens;23066640000108-1-000016/2025;completude_nao_comprovada;"2 itens armazenados via chamada unica sem paginacao (bug v1); pode estar completo (lista curta) ou truncado. Nao ha evidencia suficiente para afirmar completude sem repetir a consulta com paginacao real."
paginacao_itens;23066640000108-1-000017/2025;completude_nao_comprovada;"5 itens armazenados via chamada unica sem paginacao (bug v1); pode estar completo (lista curta) ou truncado. Nao ha evidencia suficiente para afirmar completude sem repetir a consulta com paginacao real."
paginacao_itens;23066640000108-1-000017/2026;completude_nao_comprovada_alta_prioridade;"exatamente 10 itens armazenados; tamanho tipico de 1a pagina do endpoint. Bug v1: coletor fez 1 chamada sem parametros pagina/tamanhoPagina e assumiu completude. Requer nova consulta paginada real (pagina=1,2,3,... ate esgotar) para confirmar total."
paginacao_itens;23066640000108-1-000018/2025;completude_nao_comprovada;"4 itens armazenados via chamada unica sem paginacao (bug v1); pode estar completo (lista curta) ou truncado. Nao ha evidencia suficiente para afirmar completude sem repetir a consulta com paginacao real."
paginacao_itens;23066640000108-1-000019/2025;completude_nao_comprovada;"5 itens armazenados via chamada unica sem paginacao (bug v1); pode estar completo (lista curta) ou truncado. Nao ha evidencia suficiente para afirmar completude sem repetir a consulta com paginacao real."
paginacao_itens;23066640000108-1-000020/2025;completude_nao_comprovada_alta_prioridade;"exatamente 10 itens armazenados; tamanho tipico de 1a pagina do endpoint. Bug v1: coletor fez 1 chamada sem parametros pagina/tamanhoPagina e assumiu completude. Requer nova consulta paginada real (pagina=1,2,3,... ate esgotar) para confirmar total."
paginacao_itens;23066640000108-1-000020/2026;completude_nao_comprovada;"4 itens armazenados via chamada unica sem paginacao (bug v1); pode estar completo (lista curta) ou truncado. Nao ha evidencia suficiente para afirmar completude sem repetir a consulta com paginacao real."
paginacao_itens;23066640000108-1-000022/2025;completude_nao_comprovada;"2 itens armazenados via chamada unica sem paginacao (bug v1); pode estar completo (lista curta) ou truncado. Nao ha evidencia suficiente para afirmar completude sem repetir a consulta com paginacao real."
paginacao_itens;23066640000108-1-000024/2026;completude_nao_comprovada;"1 itens armazenados via chamada unica sem paginacao (bug v1); pode estar completo (lista curta) ou truncado. Nao ha evidencia suficiente para afirmar completude sem repetir a consulta com paginacao real."
paginacao_itens;23066640000108-1-000027/2026;completude_nao_comprovada_alta_prioridade;"exatamente 10 itens armazenados; tamanho tipico de 1a pagina do endpoint. Bug v1: coletor fez 1 chamada sem parametros pagina/tamanhoPagina e assumiu completude. Requer nova consulta paginada real (pagina=1,2,3,... ate esgotar) para confirmar total."
paginacao_itens;23066640000108-1-000029/2025;completude_nao_comprovada;"8 itens armazenados via chamada unica sem paginacao (bug v1); pode estar completo (lista curta) ou truncado. Nao ha evidencia suficiente para afirmar completude sem repetir a consulta com paginacao real."
paginacao_itens;23066640000108-1-000031/2025;completude_nao_comprovada;"6 itens armazenados via chamada unica sem paginacao (bug v1); pode estar completo (lista curta) ou truncado. Nao ha evidencia suficiente para afirmar completude sem repetir a consulta com paginacao real."
paginacao_itens;23066640000108-1-000031/2026;completude_nao_comprovada;"1 itens armazenados via chamada unica sem paginacao (bug v1); pode estar completo (lista curta) ou truncado. Nao ha evidencia suficiente para afirmar completude sem repetir a consulta com paginacao real."
paginacao_itens;23066640000108-1-000032/2025;completude_nao_comprovada_alta_prioridade;"exatamente 10 itens armazenados; tamanho tipico de 1a pagina do endpoint. Bug v1: coletor fez 1 chamada sem parametros pagina/tamanhoPagina e assumiu completude. Requer nova consulta paginada real (pagina=1,2,3,... ate esgotar) para confirmar total."
paginacao_itens;23066640000108-1-000033/2025;completude_nao_comprovada;"1 itens armazenados via chamada unica sem paginacao (bug v1); pode estar completo (lista curta) ou truncado. Nao ha evidencia suficiente para afirmar completude sem repetir a consulta com paginacao real."
paginacao_itens;23066640000108-1-000034/2025;completude_nao_comprovada_alta_prioridade;"exatamente 10 itens armazenados; tamanho tipico de 1a pagina do endpoint. Bug v1: coletor fez 1 chamada sem parametros pagina/tamanhoPagina e assumiu completude. Requer nova consulta paginada real (pagina=1,2,3,... ate esgotar) para confirmar total."
paginacao_itens;23066640000108-1-000034/2026;completude_nao_comprovada_alta_prioridade;"exatamente 10 itens armazenados; tamanho tipico de 1a pagina do endpoint. Bug v1: coletor fez 1 chamada sem parametros pagina/tamanhoPagina e assumiu completude. Requer nova consulta paginada real (pagina=1,2,3,... ate esgotar) para confirmar total."
paginacao_itens;23066640000108-1-000035/2025;completude_nao_comprovada_alta_prioridade;"exatamente 10 itens armazenados; tamanho tipico de 1a pagina do endpoint. Bug v1: coletor fez 1 chamada sem parametros pagina/tamanhoPagina e assumiu completude. Requer nova consulta paginada real (pagina=1,2,3,... ate esgotar) para confirmar total."
paginacao_itens;23066640000108-1-000036/2025;completude_nao_comprovada_alta_prioridade;"exatamente 10 itens armazenados; tamanho tipico de 1a pagina do endpoint. Bug v1: coletor fez 1 chamada sem parametros pagina/tamanhoPagina e assumiu completude. Requer nova consulta paginada real (pagina=1,2,3,... ate esgotar) para confirmar total."
paginacao_itens;23066640000108-1-000036/2026;completude_nao_comprovada_alta_prioridade;"exatamente 10 itens armazenados; tamanho tipico de 1a pagina do endpoint. Bug v1: coletor fez 1 chamada sem parametros pagina/tamanhoPagina e assumiu completude. Requer nova consulta paginada real (pagina=1,2,3,... ate esgotar) para confirmar total."
paginacao_itens;23066640000108-1-000037/2025;completude_nao_comprovada;"1 itens armazenados via chamada unica sem paginacao (bug v1); pode estar completo (lista curta) ou truncado. Nao ha evidencia suficiente para afirmar completude sem repetir a consulta com paginacao real."
paginacao_itens;23066640000108-1-000039/2025;completude_nao_comprovada_alta_prioridade;"exatamente 10 itens armazenados; tamanho tipico de 1a pagina do endpoint. Bug v1: coletor fez 1 chamada sem parametros pagina/tamanhoPagina e assumiu completude. Requer nova consulta paginada real (pagina=1,2,3,... ate esgotar) para confirmar total."
paginacao_itens;23066640000108-1-000043/2025;completude_nao_comprovada_alta_prioridade;"exatamente 10 itens armazenados; tamanho tipico de 1a pagina do endpoint. Bug v1: coletor fez 1 chamada sem parametros pagina/tamanhoPagina e assumiu completude. Requer nova consulta paginada real (pagina=1,2,3,... ate esgotar) para confirmar total."
paginacao_itens;23066640000108-1-000046/2025;completude_nao_comprovada;"1 itens armazenados via chamada unica sem paginacao (bug v1); pode estar completo (lista curta) ou truncado. Nao ha evidencia suficiente para afirmar completude sem repetir a consulta com paginacao real."
paginacao_itens;23066640000108-1-000048/2025;completude_nao_comprovada;"2 itens armazenados via chamada unica sem paginacao (bug v1); pode estar completo (lista curta) ou truncado. Nao ha evidencia suficiente para afirmar completude sem repetir a consulta com paginacao real."
paginacao_itens;23066640000108-1-000049/2025;completude_nao_comprovada_alta_prioridade;"exatamente 10 itens armazenados; tamanho tipico de 1a pagina do endpoint. Bug v1: coletor fez 1 chamada sem parametros pagina/tamanhoPagina e assumiu completude. Requer nova consulta paginada real (pagina=1,2,3,... ate esgotar) para confirmar total."
paginacao_itens;23066640000108-1-000052/2025;completude_nao_comprovada_alta_prioridade;"exatamente 10 itens armazenados; tamanho tipico de 1a pagina do endpoint. Bug v1: coletor fez 1 chamada sem parametros pagina/tamanhoPagina e assumiu completude. Requer nova consulta paginada real (pagina=1,2,3,... ate esgotar) para confirmar total."
paginacao_itens;23066640000108-1-000054/2025;completude_nao_comprovada;"5 itens armazenados via chamada unica sem paginacao (bug v1); pode estar completo (lista curta) ou truncado. Nao ha evidencia suficiente para afirmar completude sem repetir a consulta com paginacao real."
paginacao_itens;23066640000108-1-000055/2025;completude_nao_comprovada_alta_prioridade;"exatamente 10 itens armazenados; tamanho tipico de 1a pagina do endpoint. Bug v1: coletor fez 1 chamada sem parametros pagina/tamanhoPagina e assumiu completude. Requer nova consulta paginada real (pagina=1,2,3,... ate esgotar) para confirmar total."
paginacao_itens;23066640000108-1-000056/2025;completude_nao_comprovada_alta_prioridade;"exatamente 10 itens armazenados; tamanho tipico de 1a pagina do endpoint. Bug v1: coletor fez 1 chamada sem parametros pagina/tamanhoPagina e assumiu completude. Requer nova consulta paginada real (pagina=1,2,3,... ate esgotar) para confirmar total."
paginacao_itens;23066640000108-1-000060/2025;completude_nao_comprovada_alta_prioridade;"exatamente 10 itens armazenados; tamanho tipico de 1a pagina do endpoint. Bug v1: coletor fez 1 chamada sem parametros pagina/tamanhoPagina e assumiu completude. Requer nova consulta paginada real (pagina=1,2,3,... ate esgotar) para confirmar total."
paginacao_itens;23066640000108-1-000062/2025;completude_nao_comprovada;"2 itens armazenados via chamada unica sem paginacao (bug v1); pode estar completo (lista curta) ou truncado. Nao ha evidencia suficiente para afirmar completude sem repetir a consulta com paginacao real."
paginacao_itens;23066640000108-1-000063/2025;completude_nao_comprovada_alta_prioridade;"exatamente 10 itens armazenados; tamanho tipico de 1a pagina do endpoint. Bug v1: coletor fez 1 chamada sem parametros pagina/tamanhoPagina e assumiu completude. Requer nova consulta paginada real (pagina=1,2,3,... ate esgotar) para confirmar total."
paginacao_itens;23066640000108-1-000067/2025;completude_nao_comprovada;"3 itens armazenados via chamada unica sem paginacao (bug v1); pode estar completo (lista curta) ou truncado. Nao ha evidencia suficiente para afirmar completude sem repetir a consulta com paginacao real."
paginacao_itens;23066640000108-1-000069/2025;completude_nao_comprovada;"1 itens armazenados via chamada unica sem paginacao (bug v1); pode estar completo (lista curta) ou truncado. Nao ha evidencia suficiente para afirmar completude sem repetir a consulta com paginacao real."
paginacao_itens;23066640000108-1-000072/2025;completude_nao_comprovada;"1 itens armazenados via chamada unica sem paginacao (bug v1); pode estar completo (lista curta) ou truncado. Nao ha evidencia suficiente para afirmar completude sem repetir a consulta com paginacao real."
paginacao_itens;23066640000108-1-000073/2025;completude_nao_comprovada;"2 itens armazenados via chamada unica sem paginacao (bug v1); pode estar completo (lista curta) ou truncado. Nao ha evidencia suficiente para afirmar completude sem repetir a consulta com paginacao real."
paginacao_itens;23066814000124-1-000001/2025;completude_nao_comprovada;"6 itens armazenados via chamada unica sem paginacao (bug v1); pode estar completo (lista curta) ou truncado. Nao ha evidencia suficiente para afirmar completude sem repetir a consulta com paginacao real."
paginacao_itens;23066814000124-1-000001/2026;completude_nao_comprovada_alta_prioridade;"exatamente 10 itens armazenados; tamanho tipico de 1a pagina do endpoint. Bug v1: coletor fez 1 chamada sem parametros pagina/tamanhoPagina e assumiu completude. Requer nova consulta paginada real (pagina=1,2,3,... ate esgotar) para confirmar total."
paginacao_itens;23066814000124-1-000002/2025;completude_nao_comprovada_alta_prioridade;"exatamente 10 itens armazenados; tamanho tipico de 1a pagina do endpoint. Bug v1: coletor fez 1 chamada sem parametros pagina/tamanhoPagina e assumiu completude. Requer nova consulta paginada real (pagina=1,2,3,... ate esgotar) para confirmar total."
paginacao_itens;23066814000124-1-000003/2025;completude_nao_comprovada_alta_prioridade;"exatamente 10 itens armazenados; tamanho tipico de 1a pagina do endpoint. Bug v1: coletor fez 1 chamada sem parametros pagina/tamanhoPagina e assumiu completude. Requer nova consulta paginada real (pagina=1,2,3,... ate esgotar) para confirmar total."
paginacao_itens;23066814000124-1-000004/2025;completude_nao_comprovada;"5 itens armazenados via chamada unica sem paginacao (bug v1); pode estar completo (lista curta) ou truncado. Nao ha evidencia suficiente para afirmar completude sem repetir a consulta com paginacao real."
paginacao_itens;23066814000124-1-000006/2025;completude_nao_comprovada_alta_prioridade;"exatamente 10 itens armazenados; tamanho tipico de 1a pagina do endpoint. Bug v1: coletor fez 1 chamada sem parametros pagina/tamanhoPagina e assumiu completude. Requer nova consulta paginada real (pagina=1,2,3,... ate esgotar) para confirmar total."
paginacao_itens;23066814000124-1-000006/2026;completude_nao_comprovada;"2 itens armazenados via chamada unica sem paginacao (bug v1); pode estar completo (lista curta) ou truncado. Nao ha evidencia suficiente para afirmar completude sem repetir a consulta com paginacao real."
paginacao_itens;23066814000124-1-000007/2025;completude_nao_comprovada;"7 itens armazenados via chamada unica sem paginacao (bug v1); pode estar completo (lista curta) ou truncado. Nao ha evidencia suficiente para afirmar completude sem repetir a consulta com paginacao real."
paginacao_itens;23066814000124-1-000008/2025;completude_nao_comprovada_alta_prioridade;"exatamente 10 itens armazenados; tamanho tipico de 1a pagina do endpoint. Bug v1: coletor fez 1 chamada sem parametros pagina/tamanhoPagina e assumiu completude. Requer nova consulta paginada real (pagina=1,2,3,... ate esgotar) para confirmar total."
paginacao_itens;23066814000124-1-000009/2025;completude_nao_comprovada;"1 itens armazenados via chamada unica sem paginacao (bug v1); pode estar completo (lista curta) ou truncado. Nao ha evidencia suficiente para afirmar completude sem repetir a consulta com paginacao real."
paginacao_itens;23066814000124-1-000010/2025;completude_nao_comprovada_alta_prioridade;"exatamente 10 itens armazenados; tamanho tipico de 1a pagina do endpoint. Bug v1: coletor fez 1 chamada sem parametros pagina/tamanhoPagina e assumiu completude. Requer nova consulta paginada real (pagina=1,2,3,... ate esgotar) para confirmar total."
paginacao_itens;23066814000124-1-000010/2026;completude_nao_comprovada_alta_prioridade;"exatamente 10 itens armazenados; tamanho tipico de 1a pagina do endpoint. Bug v1: coletor fez 1 chamada sem parametros pagina/tamanhoPagina e assumiu completude. Requer nova consulta paginada real (pagina=1,2,3,... ate esgotar) para confirmar total."
paginacao_itens;23066814000124-1-000012/2026;completude_nao_comprovada;"1 itens armazenados via chamada unica sem paginacao (bug v1); pode estar completo (lista curta) ou truncado. Nao ha evidencia suficiente para afirmar completude sem repetir a consulta com paginacao real."
paginacao_itens;23066814000124-1-000013/2024;completude_nao_comprovada_alta_prioridade;"exatamente 10 itens armazenados; tamanho tipico de 1a pagina do endpoint. Bug v1: coletor fez 1 chamada sem parametros pagina/tamanhoPagina e assumiu completude. Requer nova consulta paginada real (pagina=1,2,3,... ate esgotar) para confirmar total."
paginacao_itens;23066814000124-1-000013/2025;completude_nao_comprovada;"1 itens armazenados via chamada unica sem paginacao (bug v1); pode estar completo (lista curta) ou truncado. Nao ha evidencia suficiente para afirmar completude sem repetir a consulta com paginacao real."
paginacao_itens;23066814000124-1-000014/2025;completude_nao_comprovada_alta_prioridade;"exatamente 10 itens armazenados; tamanho tipico de 1a pagina do endpoint. Bug v1: coletor fez 1 chamada sem parametros pagina/tamanhoPagina e assumiu completude. Requer nova consulta paginada real (pagina=1,2,3,... ate esgotar) para confirmar total."
paginacao_itens;23066814000124-1-000014/2026;completude_nao_comprovada_alta_prioridade;"exatamente 10 itens armazenados; tamanho tipico de 1a pagina do endpoint. Bug v1: coletor fez 1 chamada sem parametros pagina/tamanhoPagina e assumiu completude. Requer nova consulta paginada real (pagina=1,2,3,... ate esgotar) para confirmar total."
paginacao_itens;23066814000124-1-000015/2025;completude_nao_comprovada_alta_prioridade;"exatamente 10 itens armazenados; tamanho tipico de 1a pagina do endpoint. Bug v1: coletor fez 1 chamada sem parametros pagina/tamanhoPagina e assumiu completude. Requer nova consulta paginada real (pagina=1,2,3,... ate esgotar) para confirmar total."
paginacao_itens;23066814000124-1-000015/2026;completude_nao_comprovada_alta_prioridade;"exatamente 10 itens armazenados; tamanho tipico de 1a pagina do endpoint. Bug v1: coletor fez 1 chamada sem parametros pagina/tamanhoPagina e assumiu completude. Requer nova consulta paginada real (pagina=1,2,3,... ate esgotar) para confirmar total."
paginacao_itens;23066814000124-1-000016/2026;completude_nao_comprovada_alta_prioridade;"exatamente 10 itens armazenados; tamanho tipico de 1a pagina do endpoint. Bug v1: coletor fez 1 chamada sem parametros pagina/tamanhoPagina e assumiu completude. Requer nova consulta paginada real (pagina=1,2,3,... ate esgotar) para confirmar total."
paginacao_itens;23066814000124-1-000018/2025;completude_nao_comprovada;"4 itens armazenados via chamada unica sem paginacao (bug v1); pode estar completo (lista curta) ou truncado. Nao ha evidencia suficiente para afirmar completude sem repetir a consulta com paginacao real."
paginacao_itens;23066814000124-1-000019/2025;completude_nao_comprovada;"1 itens armazenados via chamada unica sem paginacao (bug v1); pode estar completo (lista curta) ou truncado. Nao ha evidencia suficiente para afirmar completude sem repetir a consulta com paginacao real."
paginacao_itens;23066814000124-1-000020/2025;completude_nao_comprovada_alta_prioridade;"exatamente 10 itens armazenados; tamanho tipico de 1a pagina do endpoint. Bug v1: coletor fez 1 chamada sem parametros pagina/tamanhoPagina e assumiu completude. Requer nova consulta paginada real (pagina=1,2,3,... ate esgotar) para confirmar total."
paginacao_itens;23066814000124-1-000021/2025;completude_nao_comprovada;"5 itens armazenados via chamada unica sem paginacao (bug v1); pode estar completo (lista curta) ou truncado. Nao ha evidencia suficiente para afirmar completude sem repetir a consulta com paginacao real."
paginacao_itens;23066814000124-1-000022/2025;completude_nao_comprovada_alta_prioridade;"exatamente 10 itens armazenados; tamanho tipico de 1a pagina do endpoint. Bug v1: coletor fez 1 chamada sem parametros pagina/tamanhoPagina e assumiu completude. Requer nova consulta paginada real (pagina=1,2,3,... ate esgotar) para confirmar total."
paginacao_itens;23066814000124-1-000023/2025;completude_nao_comprovada_alta_prioridade;"exatamente 10 itens armazenados; tamanho tipico de 1a pagina do endpoint. Bug v1: coletor fez 1 chamada sem parametros pagina/tamanhoPagina e assumiu completude. Requer nova consulta paginada real (pagina=1,2,3,... ate esgotar) para confirmar total."
paginacao_itens;23066814000124-1-000024/2025;completude_nao_comprovada;"1 itens armazenados via chamada unica sem paginacao (bug v1); pode estar completo (lista curta) ou truncado. Nao ha evidencia suficiente para afirmar completude sem repetir a consulta com paginacao real."
paginacao_itens;23066814000124-1-000025/2025;completude_nao_comprovada;"5 itens armazenados via chamada unica sem paginacao (bug v1); pode estar completo (lista curta) ou truncado. Nao ha evidencia suficiente para afirmar completude sem repetir a consulta com paginacao real."
paginacao_itens;23066814000124-1-000026/2025;completude_nao_comprovada_alta_prioridade;"exatamente 10 itens armazenados; tamanho tipico de 1a pagina do endpoint. Bug v1: coletor fez 1 chamada sem parametros pagina/tamanhoPagina e assumiu completude. Requer nova consulta paginada real (pagina=1,2,3,... ate esgotar) para confirmar total."
paginacao_itens;23066814000124-1-000028/2025;completude_nao_comprovada;"1 itens armazenados via chamada unica sem paginacao (bug v1); pode estar completo (lista curta) ou truncado. Nao ha evidencia suficiente para afirmar completude sem repetir a consulta com paginacao real."
paginacao_itens;23066814000124-1-000029/2025;completude_nao_comprovada_alta_prioridade;"exatamente 10 itens armazenados; tamanho tipico de 1a pagina do endpoint. Bug v1: coletor fez 1 chamada sem parametros pagina/tamanhoPagina e assumiu completude. Requer nova consulta paginada real (pagina=1,2,3,... ate esgotar) para confirmar total."
paginacao_itens;23066814000124-1-000032/2025;completude_nao_comprovada;"1 itens armazenados via chamada unica sem paginacao (bug v1); pode estar completo (lista curta) ou truncado. Nao ha evidencia suficiente para afirmar completude sem repetir a consulta com paginacao real."
paginacao_itens;23066814000124-1-000033/2025;completude_nao_comprovada_alta_prioridade;"exatamente 10 itens armazenados; tamanho tipico de 1a pagina do endpoint. Bug v1: coletor fez 1 chamada sem parametros pagina/tamanhoPagina e assumiu completude. Requer nova consulta paginada real (pagina=1,2,3,... ate esgotar) para confirmar total."
paginacao_itens;23066905000160-1-000001/2026;completude_nao_comprovada;"1 itens armazenados via chamada unica sem paginacao (bug v1); pode estar completo (lista curta) ou truncado. Nao ha evidencia suficiente para afirmar completude sem repetir a consulta com paginacao real."
paginacao_itens;23066905000160-1-000002/2025;completude_nao_comprovada_alta_prioridade;"exatamente 10 itens armazenados; tamanho tipico de 1a pagina do endpoint. Bug v1: coletor fez 1 chamada sem parametros pagina/tamanhoPagina e assumiu completude. Requer nova consulta paginada real (pagina=1,2,3,... ate esgotar) para confirmar total."
paginacao_itens;23066905000160-1-000003/2025;completude_nao_comprovada_alta_prioridade;"exatamente 10 itens armazenados; tamanho tipico de 1a pagina do endpoint. Bug v1: coletor fez 1 chamada sem parametros pagina/tamanhoPagina e assumiu completude. Requer nova consulta paginada real (pagina=1,2,3,... ate esgotar) para confirmar total."
paginacao_itens;23066905000160-1-000004/2026;completude_nao_comprovada_alta_prioridade;"exatamente 10 itens armazenados; tamanho tipico de 1a pagina do endpoint. Bug v1: coletor fez 1 chamada sem parametros pagina/tamanhoPagina e assumiu completude. Requer nova consulta paginada real (pagina=1,2,3,... ate esgotar) para confirmar total."
paginacao_itens;23066905000160-1-000005/2025;completude_nao_comprovada_alta_prioridade;"exatamente 10 itens armazenados; tamanho tipico de 1a pagina do endpoint. Bug v1: coletor fez 1 chamada sem parametros pagina/tamanhoPagina e assumiu completude. Requer nova consulta paginada real (pagina=1,2,3,... ate esgotar) para confirmar total."
paginacao_itens;23066905000160-1-000005/2026;completude_nao_comprovada;"4 itens armazenados via chamada unica sem paginacao (bug v1); pode estar completo (lista curta) ou truncado. Nao ha evidencia suficiente para afirmar completude sem repetir a consulta com paginacao real."
paginacao_itens;23066905000160-1-000006/2025;completude_nao_comprovada_alta_prioridade;"exatamente 10 itens armazenados; tamanho tipico de 1a pagina do endpoint. Bug v1: coletor fez 1 chamada sem parametros pagina/tamanhoPagina e assumiu completude. Requer nova consulta paginada real (pagina=1,2,3,... ate esgotar) para confirmar total."
paginacao_itens;23066905000160-1-000006/2026;completude_nao_comprovada;"4 itens armazenados via chamada unica sem paginacao (bug v1); pode estar completo (lista curta) ou truncado. Nao ha evidencia suficiente para afirmar completude sem repetir a consulta com paginacao real."
paginacao_itens;23066905000160-1-000007/2026;completude_nao_comprovada;"1 itens armazenados via chamada unica sem paginacao (bug v1); pode estar completo (lista curta) ou truncado. Nao ha evidencia suficiente para afirmar completude sem repetir a consulta com paginacao real."
paginacao_itens;23066905000160-1-000009/2025;completude_nao_comprovada;"6 itens armazenados via chamada unica sem paginacao (bug v1); pode estar completo (lista curta) ou truncado. Nao ha evidencia suficiente para afirmar completude sem repetir a consulta com paginacao real."
paginacao_itens;23066905000160-1-000010/2025;completude_nao_comprovada_alta_prioridade;"exatamente 10 itens armazenados; tamanho tipico de 1a pagina do endpoint. Bug v1: coletor fez 1 chamada sem parametros pagina/tamanhoPagina e assumiu completude. Requer nova consulta paginada real (pagina=1,2,3,... ate esgotar) para confirmar total."
paginacao_itens;23066905000160-1-000010/2026;completude_nao_comprovada;"1 itens armazenados via chamada unica sem paginacao (bug v1); pode estar completo (lista curta) ou truncado. Nao ha evidencia suficiente para afirmar completude sem repetir a consulta com paginacao real."
paginacao_itens;23066905000160-1-000012/2025;completude_nao_comprovada_alta_prioridade;"exatamente 10 itens armazenados; tamanho tipico de 1a pagina do endpoint. Bug v1: coletor fez 1 chamada sem parametros pagina/tamanhoPagina e assumiu completude. Requer nova consulta paginada real (pagina=1,2,3,... ate esgotar) para confirmar total."
paginacao_itens;23066905000160-1-000012/2026;completude_nao_comprovada;"1 itens armazenados via chamada unica sem paginacao (bug v1); pode estar completo (lista curta) ou truncado. Nao ha evidencia suficiente para afirmar completude sem repetir a consulta com paginacao real."
paginacao_itens;23066905000160-1-000013/2026;completude_nao_comprovada;"5 itens armazenados via chamada unica sem paginacao (bug v1); pode estar completo (lista curta) ou truncado. Nao ha evidencia suficiente para afirmar completude sem repetir a consulta com paginacao real."
paginacao_itens;23066905000160-1-000014/2025;completude_nao_comprovada_alta_prioridade;"exatamente 10 itens armazenados; tamanho tipico de 1a pagina do endpoint. Bug v1: coletor fez 1 chamada sem parametros pagina/tamanhoPagina e assumiu completude. Requer nova consulta paginada real (pagina=1,2,3,... ate esgotar) para confirmar total."
paginacao_itens;23066905000160-1-000014/2026;completude_nao_comprovada_alta_prioridade;"exatamente 10 itens armazenados; tamanho tipico de 1a pagina do endpoint. Bug v1: coletor fez 1 chamada sem parametros pagina/tamanhoPagina e assumiu completude. Requer nova consulta paginada real (pagina=1,2,3,... ate esgotar) para confirmar total."
paginacao_itens;23066905000160-1-000015/2026;completude_nao_comprovada;"8 itens armazenados via chamada unica sem paginacao (bug v1); pode estar completo (lista curta) ou truncado. Nao ha evidencia suficiente para afirmar completude sem repetir a consulta com paginacao real."
paginacao_itens;23066905000160-1-000016/2025;completude_nao_comprovada;"1 itens armazenados via chamada unica sem paginacao (bug v1); pode estar completo (lista curta) ou truncado. Nao ha evidencia suficiente para afirmar completude sem repetir a consulta com paginacao real."
paginacao_itens;23066905000160-1-000017/2025;completude_nao_comprovada_alta_prioridade;"exatamente 10 itens armazenados; tamanho tipico de 1a pagina do endpoint. Bug v1: coletor fez 1 chamada sem parametros pagina/tamanhoPagina e assumiu completude. Requer nova consulta paginada real (pagina=1,2,3,... ate esgotar) para confirmar total."
paginacao_itens;23066905000160-1-000018/2025;completude_nao_comprovada_alta_prioridade;"exatamente 10 itens armazenados; tamanho tipico de 1a pagina do endpoint. Bug v1: coletor fez 1 chamada sem parametros pagina/tamanhoPagina e assumiu completude. Requer nova consulta paginada real (pagina=1,2,3,... ate esgotar) para confirmar total."
paginacao_itens;23066905000160-1-000019/2025;completude_nao_comprovada_alta_prioridade;"exatamente 10 itens armazenados; tamanho tipico de 1a pagina do endpoint. Bug v1: coletor fez 1 chamada sem parametros pagina/tamanhoPagina e assumiu completude. Requer nova consulta paginada real (pagina=1,2,3,... ate esgotar) para confirmar total."
paginacao_itens;23066905000160-1-000020/2025;completude_nao_comprovada;"3 itens armazenados via chamada unica sem paginacao (bug v1); pode estar completo (lista curta) ou truncado. Nao ha evidencia suficiente para afirmar completude sem repetir a consulta com paginacao real."
paginacao_itens;23066905000160-1-000022/2025;completude_nao_comprovada;"5 itens armazenados via chamada unica sem paginacao (bug v1); pode estar completo (lista curta) ou truncado. Nao ha evidencia suficiente para afirmar completude sem repetir a consulta com paginacao real."
paginacao_itens;23066905000160-1-000023/2025;completude_nao_comprovada_alta_prioridade;"exatamente 10 itens armazenados; tamanho tipico de 1a pagina do endpoint. Bug v1: coletor fez 1 chamada sem parametros pagina/tamanhoPagina e assumiu completude. Requer nova consulta paginada real (pagina=1,2,3,... ate esgotar) para confirmar total."
paginacao_itens;23066905000160-1-000024/2025;completude_nao_comprovada_alta_prioridade;"exatamente 10 itens armazenados; tamanho tipico de 1a pagina do endpoint. Bug v1: coletor fez 1 chamada sem parametros pagina/tamanhoPagina e assumiu completude. Requer nova consulta paginada real (pagina=1,2,3,... ate esgotar) para confirmar total."
paginacao_itens;23066905000160-1-000026/2025;completude_nao_comprovada_alta_prioridade;"exatamente 10 itens armazenados; tamanho tipico de 1a pagina do endpoint. Bug v1: coletor fez 1 chamada sem parametros pagina/tamanhoPagina e assumiu completude. Requer nova consulta paginada real (pagina=1,2,3,... ate esgotar) para confirmar total."
paginacao_itens;23066905000160-1-000028/2025;completude_nao_comprovada;"4 itens armazenados via chamada unica sem paginacao (bug v1); pode estar completo (lista curta) ou truncado. Nao ha evidencia suficiente para afirmar completude sem repetir a consulta com paginacao real."
paginacao_itens;23066905000160-1-000029/2025;completude_nao_comprovada;"3 itens armazenados via chamada unica sem paginacao (bug v1); pode estar completo (lista curta) ou truncado. Nao ha evidencia suficiente para afirmar completude sem repetir a consulta com paginacao real."
paginacao_itens;23066905000160-1-000031/2025;completude_nao_comprovada_alta_prioridade;"exatamente 10 itens armazenados; tamanho tipico de 1a pagina do endpoint. Bug v1: coletor fez 1 chamada sem parametros pagina/tamanhoPagina e assumiu completude. Requer nova consulta paginada real (pagina=1,2,3,... ate esgotar) para confirmar total."
paginacao_itens;23066905000160-1-000034/2025;completude_nao_comprovada;"1 itens armazenados via chamada unica sem paginacao (bug v1); pode estar completo (lista curta) ou truncado. Nao ha evidencia suficiente para afirmar completude sem repetir a consulta com paginacao real."
paginacao_itens;23066905000160-1-000035/2025;completude_nao_comprovada;"2 itens armazenados via chamada unica sem paginacao (bug v1); pode estar completo (lista curta) ou truncado. Nao ha evidencia suficiente para afirmar completude sem repetir a consulta com paginacao real."
paginacao_itens;23066905000160-1-000036/2025;completude_nao_comprovada;"1 itens armazenados via chamada unica sem paginacao (bug v1); pode estar completo (lista curta) ou truncado. Nao ha evidencia suficiente para afirmar completude sem repetir a consulta com paginacao real."
paginacao_itens;23066905000160-1-000039/2025;completude_nao_comprovada;"1 itens armazenados via chamada unica sem paginacao (bug v1); pode estar completo (lista curta) ou truncado. Nao ha evidencia suficiente para afirmar completude sem repetir a consulta com paginacao real."
paginacao_itens;23066905000160-1-000040/2025;completude_nao_comprovada_alta_prioridade;"exatamente 10 itens armazenados; tamanho tipico de 1a pagina do endpoint. Bug v1: coletor fez 1 chamada sem parametros pagina/tamanhoPagina e assumiu completude. Requer nova consulta paginada real (pagina=1,2,3,... ate esgotar) para confirmar total."
paginacao_itens;23066905000160-1-000042/2025;completude_nao_comprovada;"1 itens armazenados via chamada unica sem paginacao (bug v1); pode estar completo (lista curta) ou truncado. Nao ha evidencia suficiente para afirmar completude sem repetir a consulta com paginacao real."
paginacao_itens;23086176000103-1-000001/2025;completude_nao_comprovada_alta_prioridade;"exatamente 10 itens armazenados; tamanho tipico de 1a pagina do endpoint. Bug v1: coletor fez 1 chamada sem parametros pagina/tamanhoPagina e assumiu completude. Requer nova consulta paginada real (pagina=1,2,3,... ate esgotar) para confirmar total."
paginacao_itens;23086176000103-1-000001/2026;completude_nao_comprovada_alta_prioridade;"exatamente 10 itens armazenados; tamanho tipico de 1a pagina do endpoint. Bug v1: coletor fez 1 chamada sem parametros pagina/tamanhoPagina e assumiu completude. Requer nova consulta paginada real (pagina=1,2,3,... ate esgotar) para confirmar total."
paginacao_itens;23086176000103-1-000003/2025;completude_nao_comprovada_alta_prioridade;"exatamente 10 itens armazenados; tamanho tipico de 1a pagina do endpoint. Bug v1: coletor fez 1 chamada sem parametros pagina/tamanhoPagina e assumiu completude. Requer nova consulta paginada real (pagina=1,2,3,... ate esgotar) para confirmar total."
paginacao_itens;23086176000103-1-000003/2026;completude_nao_comprovada_alta_prioridade;"exatamente 10 itens armazenados; tamanho tipico de 1a pagina do endpoint. Bug v1: coletor fez 1 chamada sem parametros pagina/tamanhoPagina e assumiu completude. Requer nova consulta paginada real (pagina=1,2,3,... ate esgotar) para confirmar total."
paginacao_itens;23086176000103-1-000004/2026;completude_nao_comprovada_alta_prioridade;"exatamente 10 itens armazenados; tamanho tipico de 1a pagina do endpoint. Bug v1: coletor fez 1 chamada sem parametros pagina/tamanhoPagina e assumiu completude. Requer nova consulta paginada real (pagina=1,2,3,... ate esgotar) para confirmar total."
paginacao_itens;23086176000103-1-000005/2026;completude_nao_comprovada;"1 itens armazenados via chamada unica sem paginacao (bug v1); pode estar completo (lista curta) ou truncado. Nao ha evidencia suficiente para afirmar completude sem repetir a consulta com paginacao real."
paginacao_itens;23086176000103-1-000006/2026;completude_nao_comprovada;"1 itens armazenados via chamada unica sem paginacao (bug v1); pode estar completo (lista curta) ou truncado. Nao ha evidencia suficiente para afirmar completude sem repetir a consulta com paginacao real."
paginacao_itens;23086176000103-1-000007/2026;completude_nao_comprovada;"2 itens armazenados via chamada unica sem paginacao (bug v1); pode estar completo (lista curta) ou truncado. Nao ha evidencia suficiente para afirmar completude sem repetir a consulta com paginacao real."
paginacao_itens;23086176000103-1-000009/2026;completude_nao_comprovada_alta_prioridade;"exatamente 10 itens armazenados; tamanho tipico de 1a pagina do endpoint. Bug v1: coletor fez 1 chamada sem parametros pagina/tamanhoPagina e assumiu completude. Requer nova consulta paginada real (pagina=1,2,3,... ate esgotar) para confirmar total."
paginacao_itens;23086176000103-1-000010/2026;completude_nao_comprovada;"3 itens armazenados via chamada unica sem paginacao (bug v1); pode estar completo (lista curta) ou truncado. Nao ha evidencia suficiente para afirmar completude sem repetir a consulta com paginacao real."
paginacao_itens;23086176000103-1-000012/2026;completude_nao_comprovada_alta_prioridade;"exatamente 10 itens armazenados; tamanho tipico de 1a pagina do endpoint. Bug v1: coletor fez 1 chamada sem parametros pagina/tamanhoPagina e assumiu completude. Requer nova consulta paginada real (pagina=1,2,3,... ate esgotar) para confirmar total."
paginacao_itens;23086176000103-1-000013/2025;completude_nao_comprovada;"2 itens armazenados via chamada unica sem paginacao (bug v1); pode estar completo (lista curta) ou truncado. Nao ha evidencia suficiente para afirmar completude sem repetir a consulta com paginacao real."
paginacao_itens;23086176000103-1-000014/2026;completude_nao_comprovada;"1 itens armazenados via chamada unica sem paginacao (bug v1); pode estar completo (lista curta) ou truncado. Nao ha evidencia suficiente para afirmar completude sem repetir a consulta com paginacao real."
paginacao_itens;23086176000103-1-000016/2025;completude_nao_comprovada;"4 itens armazenados via chamada unica sem paginacao (bug v1); pode estar completo (lista curta) ou truncado. Nao ha evidencia suficiente para afirmar completude sem repetir a consulta com paginacao real."
paginacao_itens;23086176000103-1-000016/2026;completude_nao_comprovada;"1 itens armazenados via chamada unica sem paginacao (bug v1); pode estar completo (lista curta) ou truncado. Nao ha evidencia suficiente para afirmar completude sem repetir a consulta com paginacao real."
paginacao_itens;23086176000103-1-000017/2026;completude_nao_comprovada_alta_prioridade;"exatamente 10 itens armazenados; tamanho tipico de 1a pagina do endpoint. Bug v1: coletor fez 1 chamada sem parametros pagina/tamanhoPagina e assumiu completude. Requer nova consulta paginada real (pagina=1,2,3,... ate esgotar) para confirmar total."
paginacao_itens;23086176000103-1-000018/2026;completude_nao_comprovada;"9 itens armazenados via chamada unica sem paginacao (bug v1); pode estar completo (lista curta) ou truncado. Nao ha evidencia suficiente para afirmar completude sem repetir a consulta com paginacao real."
paginacao_itens;23086176000103-1-000019/2026;completude_nao_comprovada;"4 itens armazenados via chamada unica sem paginacao (bug v1); pode estar completo (lista curta) ou truncado. Nao ha evidencia suficiente para afirmar completude sem repetir a consulta com paginacao real."
paginacao_itens;23086176000103-1-000020/2026;completude_nao_comprovada;"1 itens armazenados via chamada unica sem paginacao (bug v1); pode estar completo (lista curta) ou truncado. Nao ha evidencia suficiente para afirmar completude sem repetir a consulta com paginacao real."
paginacao_itens;23086176000103-1-000021/2025;completude_nao_comprovada;"4 itens armazenados via chamada unica sem paginacao (bug v1); pode estar completo (lista curta) ou truncado. Nao ha evidencia suficiente para afirmar completude sem repetir a consulta com paginacao real."
paginacao_itens;23086176000103-1-000022/2025;completude_nao_comprovada;"2 itens armazenados via chamada unica sem paginacao (bug v1); pode estar completo (lista curta) ou truncado. Nao ha evidencia suficiente para afirmar completude sem repetir a consulta com paginacao real."
paginacao_itens;23086176000103-1-000023/2025;completude_nao_comprovada;"1 itens armazenados via chamada unica sem paginacao (bug v1); pode estar completo (lista curta) ou truncado. Nao ha evidencia suficiente para afirmar completude sem repetir a consulta com paginacao real."
paginacao_itens;23086176000103-1-000025/2025;completude_nao_comprovada;"1 itens armazenados via chamada unica sem paginacao (bug v1); pode estar completo (lista curta) ou truncado. Nao ha evidencia suficiente para afirmar completude sem repetir a consulta com paginacao real."
paginacao_itens;23086176000103-1-000026/2025;completude_nao_comprovada;"4 itens armazenados via chamada unica sem paginacao (bug v1); pode estar completo (lista curta) ou truncado. Nao ha evidencia suficiente para afirmar completude sem repetir a consulta com paginacao real."
paginacao_itens;23086176000103-1-000027/2025;completude_nao_comprovada_alta_prioridade;"exatamente 10 itens armazenados; tamanho tipico de 1a pagina do endpoint. Bug v1: coletor fez 1 chamada sem parametros pagina/tamanhoPagina e assumiu completude. Requer nova consulta paginada real (pagina=1,2,3,... ate esgotar) para confirmar total."
paginacao_itens;23086176000103-1-000030/2025;completude_nao_comprovada_alta_prioridade;"exatamente 10 itens armazenados; tamanho tipico de 1a pagina do endpoint. Bug v1: coletor fez 1 chamada sem parametros pagina/tamanhoPagina e assumiu completude. Requer nova consulta paginada real (pagina=1,2,3,... ate esgotar) para confirmar total."
paginacao_itens;23086176000103-1-000031/2025;completude_nao_comprovada;"1 itens armazenados via chamada unica sem paginacao (bug v1); pode estar completo (lista curta) ou truncado. Nao ha evidencia suficiente para afirmar completude sem repetir a consulta com paginacao real."
paginacao_itens;23086176000103-1-000032/2025;completude_nao_comprovada;"1 itens armazenados via chamada unica sem paginacao (bug v1); pode estar completo (lista curta) ou truncado. Nao ha evidencia suficiente para afirmar completude sem repetir a consulta com paginacao real."
paginacao_itens;23086176000103-1-000033/2025;completude_nao_comprovada;"3 itens armazenados via chamada unica sem paginacao (bug v1); pode estar completo (lista curta) ou truncado. Nao ha evidencia suficiente para afirmar completude sem repetir a consulta com paginacao real."
paginacao_itens;23086176000103-1-000034/2025;completude_nao_comprovada_alta_prioridade;"exatamente 10 itens armazenados; tamanho tipico de 1a pagina do endpoint. Bug v1: coletor fez 1 chamada sem parametros pagina/tamanhoPagina e assumiu completude. Requer nova consulta paginada real (pagina=1,2,3,... ate esgotar) para confirmar total."
paginacao_itens;23086176000103-1-000035/2025;completude_nao_comprovada_alta_prioridade;"exatamente 10 itens armazenados; tamanho tipico de 1a pagina do endpoint. Bug v1: coletor fez 1 chamada sem parametros pagina/tamanhoPagina e assumiu completude. Requer nova consulta paginada real (pagina=1,2,3,... ate esgotar) para confirmar total."
paginacao_itens;23086176000103-1-000037/2025;completude_nao_comprovada;"2 itens armazenados via chamada unica sem paginacao (bug v1); pode estar completo (lista curta) ou truncado. Nao ha evidencia suficiente para afirmar completude sem repetir a consulta com paginacao real."
paginacao_itens;23086176000103-1-000038/2025;completude_nao_comprovada_alta_prioridade;"exatamente 10 itens armazenados; tamanho tipico de 1a pagina do endpoint. Bug v1: coletor fez 1 chamada sem parametros pagina/tamanhoPagina e assumiu completude. Requer nova consulta paginada real (pagina=1,2,3,... ate esgotar) para confirmar total."
paginacao_itens;23086176000103-1-000039/2025;completude_nao_comprovada_alta_prioridade;"exatamente 10 itens armazenados; tamanho tipico de 1a pagina do endpoint. Bug v1: coletor fez 1 chamada sem parametros pagina/tamanhoPagina e assumiu completude. Requer nova consulta paginada real (pagina=1,2,3,... ate esgotar) para confirmar total."
paginacao_itens;23086176000103-1-000041/2025;completude_nao_comprovada_alta_prioridade;"exatamente 10 itens armazenados; tamanho tipico de 1a pagina do endpoint. Bug v1: coletor fez 1 chamada sem parametros pagina/tamanhoPagina e assumiu completude. Requer nova consulta paginada real (pagina=1,2,3,... ate esgotar) para confirmar total."
paginacao_itens;23086176000103-1-000042/2025;completude_nao_comprovada_alta_prioridade;"exatamente 10 itens armazenados; tamanho tipico de 1a pagina do endpoint. Bug v1: coletor fez 1 chamada sem parametros pagina/tamanhoPagina e assumiu completude. Requer nova consulta paginada real (pagina=1,2,3,... ate esgotar) para confirmar total."
paginacao_itens;23086176000103-1-000043/2025;completude_nao_comprovada_alta_prioridade;"exatamente 10 itens armazenados; tamanho tipico de 1a pagina do endpoint. Bug v1: coletor fez 1 chamada sem parametros pagina/tamanhoPagina e assumiu completude. Requer nova consulta paginada real (pagina=1,2,3,... ate esgotar) para confirmar total."
paginacao_itens;23086176000103-1-000045/2025;completude_nao_comprovada_alta_prioridade;"exatamente 10 itens armazenados; tamanho tipico de 1a pagina do endpoint. Bug v1: coletor fez 1 chamada sem parametros pagina/tamanhoPagina e assumiu completude. Requer nova consulta paginada real (pagina=1,2,3,... ate esgotar) para confirmar total."
paginacao_itens;23086176000103-1-000055/2024;completude_nao_comprovada;"4 itens armazenados via chamada unica sem paginacao (bug v1); pode estar completo (lista curta) ou truncado. Nao ha evidencia suficiente para afirmar completude sem repetir a consulta com paginacao real."
paginacao_itens;23086176000103-1-000057/2024;completude_nao_comprovada;"7 itens armazenados via chamada unica sem paginacao (bug v1); pode estar completo (lista curta) ou truncado. Nao ha evidencia suficiente para afirmar completude sem repetir a consulta com paginacao real."
paginacao_itens;23086176000103-1-000058/2024;completude_nao_comprovada;"1 itens armazenados via chamada unica sem paginacao (bug v1); pode estar completo (lista curta) ou truncado. Nao ha evidencia suficiente para afirmar completude sem repetir a consulta com paginacao real."
paginacao_itens;23086176000103-1-000059/2024;completude_nao_comprovada;"8 itens armazenados via chamada unica sem paginacao (bug v1); pode estar completo (lista curta) ou truncado. Nao ha evidencia suficiente para afirmar completude sem repetir a consulta com paginacao real."
paginacao_itens;23086176000103-1-000060/2024;completude_nao_comprovada_alta_prioridade;"exatamente 10 itens armazenados; tamanho tipico de 1a pagina do endpoint. Bug v1: coletor fez 1 chamada sem parametros pagina/tamanhoPagina e assumiu completude. Requer nova consulta paginada real (pagina=1,2,3,... ate esgotar) para confirmar total."
paginacao_itens;23086176000103-1-000061/2024;completude_nao_comprovada;"1 itens armazenados via chamada unica sem paginacao (bug v1); pode estar completo (lista curta) ou truncado. Nao ha evidencia suficiente para afirmar completude sem repetir a consulta com paginacao real."
paginacao_itens;23086176000103-1-000062/2024;completude_nao_comprovada;"8 itens armazenados via chamada unica sem paginacao (bug v1); pode estar completo (lista curta) ou truncado. Nao ha evidencia suficiente para afirmar completude sem repetir a consulta com paginacao real."
paginacao_itens;23086176000103-1-000066/2024;completude_nao_comprovada_alta_prioridade;"exatamente 10 itens armazenados; tamanho tipico de 1a pagina do endpoint. Bug v1: coletor fez 1 chamada sem parametros pagina/tamanhoPagina e assumiu completude. Requer nova consulta paginada real (pagina=1,2,3,... ate esgotar) para confirmar total."
paginacao_itens;23086176000103-1-000067/2024;completude_nao_comprovada_alta_prioridade;"exatamente 10 itens armazenados; tamanho tipico de 1a pagina do endpoint. Bug v1: coletor fez 1 chamada sem parametros pagina/tamanhoPagina e assumiu completude. Requer nova consulta paginada real (pagina=1,2,3,... ate esgotar) para confirmar total."
paginacao_itens;23086176000103-1-000068/2024;completude_nao_comprovada;"2 itens armazenados via chamada unica sem paginacao (bug v1); pode estar completo (lista curta) ou truncado. Nao ha evidencia suficiente para afirmar completude sem repetir a consulta com paginacao real."
paginacao_itens;23086176000103-1-000070/2024;completude_nao_comprovada_alta_prioridade;"exatamente 10 itens armazenados; tamanho tipico de 1a pagina do endpoint. Bug v1: coletor fez 1 chamada sem parametros pagina/tamanhoPagina e assumiu completude. Requer nova consulta paginada real (pagina=1,2,3,... ate esgotar) para confirmar total."
paginacao_itens;23086176000103-1-000071/2024;completude_nao_comprovada;"8 itens armazenados via chamada unica sem paginacao (bug v1); pode estar completo (lista curta) ou truncado. Nao ha evidencia suficiente para afirmar completude sem repetir a consulta com paginacao real."
paginacao_itens;23612685000122-1-000008/2026;completude_nao_comprovada;"5 itens armazenados via chamada unica sem paginacao (bug v1); pode estar completo (lista curta) ou truncado. Nao ha evidencia suficiente para afirmar completude sem repetir a consulta com paginacao real."
paginacao_itens;23612685000122-1-000011/2025;completude_nao_comprovada;"1 itens armazenados via chamada unica sem paginacao (bug v1); pode estar completo (lista curta) ou truncado. Nao ha evidencia suficiente para afirmar completude sem repetir a consulta com paginacao real."
paginacao_itens;23612685000122-1-000012/2026;completude_nao_comprovada;"1 itens armazenados via chamada unica sem paginacao (bug v1); pode estar completo (lista curta) ou truncado. Nao ha evidencia suficiente para afirmar completude sem repetir a consulta com paginacao real."
paginacao_itens;23612685000122-1-000016/2025;completude_nao_comprovada;"1 itens armazenados via chamada unica sem paginacao (bug v1); pode estar completo (lista curta) ou truncado. Nao ha evidencia suficiente para afirmar completude sem repetir a consulta com paginacao real."
paginacao_itens;23612685000122-1-000023/2026;completude_nao_comprovada;"1 itens armazenados via chamada unica sem paginacao (bug v1); pode estar completo (lista curta) ou truncado. Nao ha evidencia suficiente para afirmar completude sem repetir a consulta com paginacao real."
paginacao_itens;23612685000122-1-000025/2025;completude_nao_comprovada_alta_prioridade;"exatamente 10 itens armazenados; tamanho tipico de 1a pagina do endpoint. Bug v1: coletor fez 1 chamada sem parametros pagina/tamanhoPagina e assumiu completude. Requer nova consulta paginada real (pagina=1,2,3,... ate esgotar) para confirmar total."
paginacao_itens;23612685000122-1-000025/2026;completude_nao_comprovada;"1 itens armazenados via chamada unica sem paginacao (bug v1); pode estar completo (lista curta) ou truncado. Nao ha evidencia suficiente para afirmar completude sem repetir a consulta com paginacao real."
paginacao_itens;23612685000122-1-000027/2026;completude_nao_comprovada;"3 itens armazenados via chamada unica sem paginacao (bug v1); pode estar completo (lista curta) ou truncado. Nao ha evidencia suficiente para afirmar completude sem repetir a consulta com paginacao real."
paginacao_itens;23612685000122-1-000030/2025;completude_nao_comprovada;"2 itens armazenados via chamada unica sem paginacao (bug v1); pode estar completo (lista curta) ou truncado. Nao ha evidencia suficiente para afirmar completude sem repetir a consulta com paginacao real."
paginacao_itens;23612685000122-1-000036/2025;completude_nao_comprovada;"4 itens armazenados via chamada unica sem paginacao (bug v1); pode estar completo (lista curta) ou truncado. Nao ha evidencia suficiente para afirmar completude sem repetir a consulta com paginacao real."
paginacao_itens;23612685000122-1-000038/2025;completude_nao_comprovada;"1 itens armazenados via chamada unica sem paginacao (bug v1); pode estar completo (lista curta) ou truncado. Nao ha evidencia suficiente para afirmar completude sem repetir a consulta com paginacao real."
paginacao_itens;23612685000122-1-000046/2025;completude_nao_comprovada;"4 itens armazenados via chamada unica sem paginacao (bug v1); pode estar completo (lista curta) ou truncado. Nao ha evidencia suficiente para afirmar completude sem repetir a consulta com paginacao real."
paginacao_itens;23612685000122-1-000048/2025;completude_nao_comprovada;"1 itens armazenados via chamada unica sem paginacao (bug v1); pode estar completo (lista curta) ou truncado. Nao ha evidencia suficiente para afirmar completude sem repetir a consulta com paginacao real."
paginacao_itens;23612685000122-1-000053/2025;completude_nao_comprovada;"1 itens armazenados via chamada unica sem paginacao (bug v1); pode estar completo (lista curta) ou truncado. Nao ha evidencia suficiente para afirmar completude sem repetir a consulta com paginacao real."
paginacao_itens;23612685000122-1-000054/2025;completude_nao_comprovada;"5 itens armazenados via chamada unica sem paginacao (bug v1); pode estar completo (lista curta) ou truncado. Nao ha evidencia suficiente para afirmar completude sem repetir a consulta com paginacao real."
paginacao_itens;25002757000145-1-000001/2026;completude_nao_comprovada_alta_prioridade;"exatamente 10 itens armazenados; tamanho tipico de 1a pagina do endpoint. Bug v1: coletor fez 1 chamada sem parametros pagina/tamanhoPagina e assumiu completude. Requer nova consulta paginada real (pagina=1,2,3,... ate esgotar) para confirmar total."
paginacao_itens;25002757000145-1-000002/2025;completude_nao_comprovada;"1 itens armazenados via chamada unica sem paginacao (bug v1); pode estar completo (lista curta) ou truncado. Nao ha evidencia suficiente para afirmar completude sem repetir a consulta com paginacao real."
paginacao_itens;25002757000145-1-000002/2026;completude_nao_comprovada_alta_prioridade;"exatamente 10 itens armazenados; tamanho tipico de 1a pagina do endpoint. Bug v1: coletor fez 1 chamada sem parametros pagina/tamanhoPagina e assumiu completude. Requer nova consulta paginada real (pagina=1,2,3,... ate esgotar) para confirmar total."
paginacao_itens;25002757000145-1-000003/2025;completude_nao_comprovada;"1 itens armazenados via chamada unica sem paginacao (bug v1); pode estar completo (lista curta) ou truncado. Nao ha evidencia suficiente para afirmar completude sem repetir a consulta com paginacao real."
paginacao_itens;25002757000145-1-000003/2026;completude_nao_comprovada_alta_prioridade;"exatamente 10 itens armazenados; tamanho tipico de 1a pagina do endpoint. Bug v1: coletor fez 1 chamada sem parametros pagina/tamanhoPagina e assumiu completude. Requer nova consulta paginada real (pagina=1,2,3,... ate esgotar) para confirmar total."
paginacao_itens;25002757000145-1-000004/2025;completude_nao_comprovada;"5 itens armazenados via chamada unica sem paginacao (bug v1); pode estar completo (lista curta) ou truncado. Nao ha evidencia suficiente para afirmar completude sem repetir a consulta com paginacao real."
paginacao_itens;25002757000145-1-000005/2025;completude_nao_comprovada;"1 itens armazenados via chamada unica sem paginacao (bug v1); pode estar completo (lista curta) ou truncado. Nao ha evidencia suficiente para afirmar completude sem repetir a consulta com paginacao real."
paginacao_itens;25002757000145-1-000006/2026;completude_nao_comprovada;"1 itens armazenados via chamada unica sem paginacao (bug v1); pode estar completo (lista curta) ou truncado. Nao ha evidencia suficiente para afirmar completude sem repetir a consulta com paginacao real."
paginacao_itens;25002757000145-1-000009/2024;completude_nao_comprovada;"3 itens armazenados via chamada unica sem paginacao (bug v1); pode estar completo (lista curta) ou truncado. Nao ha evidencia suficiente para afirmar completude sem repetir a consulta com paginacao real."
paginacao_itens;25098982000127-1-000002/2025;completude_nao_comprovada;"1 itens armazenados via chamada unica sem paginacao (bug v1); pode estar completo (lista curta) ou truncado. Nao ha evidencia suficiente para afirmar completude sem repetir a consulta com paginacao real."
paginacao_itens;25098982000127-1-000002/2026;completude_nao_comprovada;"1 itens armazenados via chamada unica sem paginacao (bug v1); pode estar completo (lista curta) ou truncado. Nao ha evidencia suficiente para afirmar completude sem repetir a consulta com paginacao real."
paginacao_itens;25098982000127-1-000003/2026;completude_nao_comprovada;"1 itens armazenados via chamada unica sem paginacao (bug v1); pode estar completo (lista curta) ou truncado. Nao ha evidencia suficiente para afirmar completude sem repetir a consulta com paginacao real."
paginacao_itens;26461699000180-1-000017/2026;completude_nao_comprovada;"1 itens armazenados via chamada unica sem paginacao (bug v1); pode estar completo (lista curta) ou truncado. Nao ha evidencia suficiente para afirmar completude sem repetir a consulta com paginacao real."
paginacao_itens;26461699000180-1-000022/2026;completude_nao_comprovada;"1 itens armazenados via chamada unica sem paginacao (bug v1); pode estar completo (lista curta) ou truncado. Nao ha evidencia suficiente para afirmar completude sem repetir a consulta com paginacao real."
paginacao_itens;26461699000180-1-000032/2026;completude_nao_comprovada;"1 itens armazenados via chamada unica sem paginacao (bug v1); pode estar completo (lista curta) ou truncado. Nao ha evidencia suficiente para afirmar completude sem repetir a consulta com paginacao real."
paginacao_itens;26461699000180-1-000076/2026;completude_nao_comprovada_alta_prioridade;"exatamente 10 itens armazenados; tamanho tipico de 1a pagina do endpoint. Bug v1: coletor fez 1 chamada sem parametros pagina/tamanhoPagina e assumiu completude. Requer nova consulta paginada real (pagina=1,2,3,... ate esgotar) para confirmar total."
paginacao_itens;26461699000180-1-000088/2025;completude_nao_comprovada;"1 itens armazenados via chamada unica sem paginacao (bug v1); pode estar completo (lista curta) ou truncado. Nao ha evidencia suficiente para afirmar completude sem repetir a consulta com paginacao real."
paginacao_itens;26461699000180-1-000091/2025;completude_nao_comprovada;"1 itens armazenados via chamada unica sem paginacao (bug v1); pode estar completo (lista curta) ou truncado. Nao ha evidencia suficiente para afirmar completude sem repetir a consulta com paginacao real."
paginacao_itens;26461699000180-1-000101/2025;completude_nao_comprovada;"1 itens armazenados via chamada unica sem paginacao (bug v1); pode estar completo (lista curta) ou truncado. Nao ha evidencia suficiente para afirmar completude sem repetir a consulta com paginacao real."
paginacao_itens;26461699000180-1-000117/2026;completude_nao_comprovada_alta_prioridade;"exatamente 10 itens armazenados; tamanho tipico de 1a pagina do endpoint. Bug v1: coletor fez 1 chamada sem parametros pagina/tamanhoPagina e assumiu completude. Requer nova consulta paginada real (pagina=1,2,3,... ate esgotar) para confirmar total."
paginacao_itens;26461699000180-1-000118/2026;completude_nao_comprovada;"2 itens armazenados via chamada unica sem paginacao (bug v1); pode estar completo (lista curta) ou truncado. Nao ha evidencia suficiente para afirmar completude sem repetir a consulta com paginacao real."
paginacao_itens;26461699000180-1-000119/2026;completude_nao_comprovada;"1 itens armazenados via chamada unica sem paginacao (bug v1); pode estar completo (lista curta) ou truncado. Nao ha evidencia suficiente para afirmar completude sem repetir a consulta com paginacao real."
paginacao_itens;26461699000180-1-000120/2026;completude_nao_comprovada;"1 itens armazenados via chamada unica sem paginacao (bug v1); pode estar completo (lista curta) ou truncado. Nao ha evidencia suficiente para afirmar completude sem repetir a consulta com paginacao real."
paginacao_itens;26461699000180-1-000142/2025;completude_nao_comprovada;"1 itens armazenados via chamada unica sem paginacao (bug v1); pode estar completo (lista curta) ou truncado. Nao ha evidencia suficiente para afirmar completude sem repetir a consulta com paginacao real."
paginacao_itens;26461699000180-1-000153/2025;completude_nao_comprovada;"1 itens armazenados via chamada unica sem paginacao (bug v1); pode estar completo (lista curta) ou truncado. Nao ha evidencia suficiente para afirmar completude sem repetir a consulta com paginacao real."
paginacao_itens;26461699000180-1-000162/2025;completude_nao_comprovada;"2 itens armazenados via chamada unica sem paginacao (bug v1); pode estar completo (lista curta) ou truncado. Nao ha evidencia suficiente para afirmar completude sem repetir a consulta com paginacao real."
paginacao_itens;26461699000180-1-000163/2025;completude_nao_comprovada;"1 itens armazenados via chamada unica sem paginacao (bug v1); pode estar completo (lista curta) ou truncado. Nao ha evidencia suficiente para afirmar completude sem repetir a consulta com paginacao real."
paginacao_itens;26461699000180-1-000234/2025;completude_nao_comprovada;"1 itens armazenados via chamada unica sem paginacao (bug v1); pode estar completo (lista curta) ou truncado. Nao ha evidencia suficiente para afirmar completude sem repetir a consulta com paginacao real."
paginacao_itens;26461699000180-1-000236/2025;completude_nao_comprovada;"1 itens armazenados via chamada unica sem paginacao (bug v1); pode estar completo (lista curta) ou truncado. Nao ha evidencia suficiente para afirmar completude sem repetir a consulta com paginacao real."
paginacao_itens;26461699000180-1-000243/2025;completude_nao_comprovada;"1 itens armazenados via chamada unica sem paginacao (bug v1); pode estar completo (lista curta) ou truncado. Nao ha evidencia suficiente para afirmar completude sem repetir a consulta com paginacao real."
paginacao_itens;26461699000180-1-000244/2025;completude_nao_comprovada;"1 itens armazenados via chamada unica sem paginacao (bug v1); pode estar completo (lista curta) ou truncado. Nao ha evidencia suficiente para afirmar completude sem repetir a consulta com paginacao real."
paginacao_itens;26461699000180-1-000245/2025;completude_nao_comprovada;"1 itens armazenados via chamada unica sem paginacao (bug v1); pode estar completo (lista curta) ou truncado. Nao ha evidencia suficiente para afirmar completude sem repetir a consulta com paginacao real."
paginacao_itens;26461699000180-1-000246/2025;completude_nao_comprovada;"1 itens armazenados via chamada unica sem paginacao (bug v1); pode estar completo (lista curta) ou truncado. Nao ha evidencia suficiente para afirmar completude sem repetir a consulta com paginacao real."
paginacao_itens;26461699000180-1-000284/2026;completude_nao_comprovada_alta_prioridade;"exatamente 10 itens armazenados; tamanho tipico de 1a pagina do endpoint. Bug v1: coletor fez 1 chamada sem parametros pagina/tamanhoPagina e assumiu completude. Requer nova consulta paginada real (pagina=1,2,3,... ate esgotar) para confirmar total."
paginacao_itens;26461699000180-1-000290/2026;completude_nao_comprovada;"1 itens armazenados via chamada unica sem paginacao (bug v1); pode estar completo (lista curta) ou truncado. Nao ha evidencia suficiente para afirmar completude sem repetir a consulta com paginacao real."
paginacao_itens;26461699000180-1-000311/2025;completude_nao_comprovada;"4 itens armazenados via chamada unica sem paginacao (bug v1); pode estar completo (lista curta) ou truncado. Nao ha evidencia suficiente para afirmar completude sem repetir a consulta com paginacao real."
paginacao_itens;26461699000180-1-000313/2025;completude_nao_comprovada;"1 itens armazenados via chamada unica sem paginacao (bug v1); pode estar completo (lista curta) ou truncado. Nao ha evidencia suficiente para afirmar completude sem repetir a consulta com paginacao real."
paginacao_itens;26461699000180-1-000372/2025;completude_nao_comprovada;"1 itens armazenados via chamada unica sem paginacao (bug v1); pode estar completo (lista curta) ou truncado. Nao ha evidencia suficiente para afirmar completude sem repetir a consulta com paginacao real."
paginacao_itens;26461699000180-1-000375/2025;completude_nao_comprovada;"7 itens armazenados via chamada unica sem paginacao (bug v1); pode estar completo (lista curta) ou truncado. Nao ha evidencia suficiente para afirmar completude sem repetir a consulta com paginacao real."
paginacao_itens;26461699000180-1-000380/2025;completude_nao_comprovada;"2 itens armazenados via chamada unica sem paginacao (bug v1); pode estar completo (lista curta) ou truncado. Nao ha evidencia suficiente para afirmar completude sem repetir a consulta com paginacao real."
paginacao_itens;26474056000171-1-000049/2026;completude_nao_comprovada;"1 itens armazenados via chamada unica sem paginacao (bug v1); pode estar completo (lista curta) ou truncado. Nao ha evidencia suficiente para afirmar completude sem repetir a consulta com paginacao real."
paginacao_itens;26474056000171-1-000333/2025;completude_nao_comprovada;"2 itens armazenados via chamada unica sem paginacao (bug v1); pode estar completo (lista curta) ou truncado. Nao ha evidencia suficiente para afirmar completude sem repetir a consulta com paginacao real."
paginacao_itens;26474056000171-1-000365/2025;completude_nao_comprovada;"5 itens armazenados via chamada unica sem paginacao (bug v1); pode estar completo (lista curta) ou truncado. Nao ha evidencia suficiente para afirmar completude sem repetir a consulta com paginacao real."
paginacao_itens;26474056000171-1-000436/2025;completude_nao_comprovada;"8 itens armazenados via chamada unica sem paginacao (bug v1); pode estar completo (lista curta) ou truncado. Nao ha evidencia suficiente para afirmar completude sem repetir a consulta com paginacao real."
paginacao_itens;26474056000171-1-000451/2025;completude_nao_comprovada;"1 itens armazenados via chamada unica sem paginacao (bug v1); pode estar completo (lista curta) ou truncado. Nao ha evidencia suficiente para afirmar completude sem repetir a consulta com paginacao real."
paginacao_itens;26989350051888-1-000005/2026;completude_nao_comprovada;"9 itens armazenados via chamada unica sem paginacao (bug v1); pode estar completo (lista curta) ou truncado. Nao ha evidencia suficiente para afirmar completude sem repetir a consulta com paginacao real."
paginacao_itens;26989715000102-1-000004/2026;completude_nao_comprovada;"1 itens armazenados via chamada unica sem paginacao (bug v1); pode estar completo (lista curta) ou truncado. Nao ha evidencia suficiente para afirmar completude sem repetir a consulta com paginacao real."
paginacao_itens;26989715000102-1-000012/2026;completude_nao_comprovada;"1 itens armazenados via chamada unica sem paginacao (bug v1); pode estar completo (lista curta) ou truncado. Nao ha evidencia suficiente para afirmar completude sem repetir a consulta com paginacao real."
paginacao_itens;26989715000102-1-000289/2026;completude_nao_comprovada;"1 itens armazenados via chamada unica sem paginacao (bug v1); pode estar completo (lista curta) ou truncado. Nao ha evidencia suficiente para afirmar completude sem repetir a consulta com paginacao real."
paginacao_itens;26989715000102-1-000402/2026;completude_nao_comprovada;"1 itens armazenados via chamada unica sem paginacao (bug v1); pode estar completo (lista curta) ou truncado. Nao ha evidencia suficiente para afirmar completude sem repetir a consulta com paginacao real."
paginacao_itens;26989715000102-1-000441/2025;completude_nao_comprovada;"1 itens armazenados via chamada unica sem paginacao (bug v1); pode estar completo (lista curta) ou truncado. Nao ha evidencia suficiente para afirmar completude sem repetir a consulta com paginacao real."
paginacao_itens;26989715000102-1-000982/2025;completude_nao_comprovada;"1 itens armazenados via chamada unica sem paginacao (bug v1); pode estar completo (lista curta) ou truncado. Nao ha evidencia suficiente para afirmar completude sem repetir a consulta com paginacao real."
paginacao_itens;26989715000102-1-001125/2025;completude_nao_comprovada;"1 itens armazenados via chamada unica sem paginacao (bug v1); pode estar completo (lista curta) ou truncado. Nao ha evidencia suficiente para afirmar completude sem repetir a consulta com paginacao real."
paginacao_itens;26989715000102-1-001194/2026;completude_nao_comprovada;"7 itens armazenados via chamada unica sem paginacao (bug v1); pode estar completo (lista curta) ou truncado. Nao ha evidencia suficiente para afirmar completude sem repetir a consulta com paginacao real."
paginacao_itens;26989715000102-1-001499/2025;completude_nao_comprovada;"1 itens armazenados via chamada unica sem paginacao (bug v1); pode estar completo (lista curta) ou truncado. Nao ha evidencia suficiente para afirmar completude sem repetir a consulta com paginacao real."
paginacao_itens;26989715000102-1-002121/2025;completude_nao_comprovada;"1 itens armazenados via chamada unica sem paginacao (bug v1); pode estar completo (lista curta) ou truncado. Nao ha evidencia suficiente para afirmar completude sem repetir a consulta com paginacao real."
paginacao_itens;26989715000102-1-002457/2025;completude_nao_comprovada;"1 itens armazenados via chamada unica sem paginacao (bug v1); pode estar completo (lista curta) ou truncado. Nao ha evidencia suficiente para afirmar completude sem repetir a consulta com paginacao real."
paginacao_itens;28332262000172-1-000002/2025;completude_nao_comprovada;"3 itens armazenados via chamada unica sem paginacao (bug v1); pode estar completo (lista curta) ou truncado. Nao ha evidencia suficiente para afirmar completude sem repetir a consulta com paginacao real."
paginacao_itens;28332262000172-1-000002/2026;completude_nao_comprovada_alta_prioridade;"exatamente 10 itens armazenados; tamanho tipico de 1a pagina do endpoint. Bug v1: coletor fez 1 chamada sem parametros pagina/tamanhoPagina e assumiu completude. Requer nova consulta paginada real (pagina=1,2,3,... ate esgotar) para confirmar total."
paginacao_itens;28332262000172-1-000010/2025;completude_nao_comprovada;"9 itens armazenados via chamada unica sem paginacao (bug v1); pode estar completo (lista curta) ou truncado. Nao ha evidencia suficiente para afirmar completude sem repetir a consulta com paginacao real."
paginacao_itens;28332262000172-1-000016/2025;completude_nao_comprovada;"2 itens armazenados via chamada unica sem paginacao (bug v1); pode estar completo (lista curta) ou truncado. Nao ha evidencia suficiente para afirmar completude sem repetir a consulta com paginacao real."
paginacao_itens;28332262000172-1-000017/2025;completude_nao_comprovada;"5 itens armazenados via chamada unica sem paginacao (bug v1); pode estar completo (lista curta) ou truncado. Nao ha evidencia suficiente para afirmar completude sem repetir a consulta com paginacao real."
paginacao_itens;28332262000172-1-000018/2025;completude_nao_comprovada;"3 itens armazenados via chamada unica sem paginacao (bug v1); pode estar completo (lista curta) ou truncado. Nao ha evidencia suficiente para afirmar completude sem repetir a consulta com paginacao real."
paginacao_itens;28681756000162-1-000001/2025;completude_nao_comprovada;"7 itens armazenados via chamada unica sem paginacao (bug v1); pode estar completo (lista curta) ou truncado. Nao ha evidencia suficiente para afirmar completude sem repetir a consulta com paginacao real."
paginacao_itens;28681756000162-1-000001/2026;completude_nao_comprovada_alta_prioridade;"exatamente 10 itens armazenados; tamanho tipico de 1a pagina do endpoint. Bug v1: coletor fez 1 chamada sem parametros pagina/tamanhoPagina e assumiu completude. Requer nova consulta paginada real (pagina=1,2,3,... ate esgotar) para confirmar total."
paginacao_itens;28681756000162-1-000002/2025;completude_nao_comprovada_alta_prioridade;"exatamente 10 itens armazenados; tamanho tipico de 1a pagina do endpoint. Bug v1: coletor fez 1 chamada sem parametros pagina/tamanhoPagina e assumiu completude. Requer nova consulta paginada real (pagina=1,2,3,... ate esgotar) para confirmar total."
paginacao_itens;28681756000162-1-000004/2025;completude_nao_comprovada_alta_prioridade;"exatamente 10 itens armazenados; tamanho tipico de 1a pagina do endpoint. Bug v1: coletor fez 1 chamada sem parametros pagina/tamanhoPagina e assumiu completude. Requer nova consulta paginada real (pagina=1,2,3,... ate esgotar) para confirmar total."
paginacao_itens;28681756000162-1-000005/2025;completude_nao_comprovada;"1 itens armazenados via chamada unica sem paginacao (bug v1); pode estar completo (lista curta) ou truncado. Nao ha evidencia suficiente para afirmar completude sem repetir a consulta com paginacao real."
paginacao_itens;28681756000162-1-000007/2024;completude_nao_comprovada;"2 itens armazenados via chamada unica sem paginacao (bug v1); pode estar completo (lista curta) ou truncado. Nao ha evidencia suficiente para afirmar completude sem repetir a consulta com paginacao real."
paginacao_itens;30144641000180-1-000001/2025;completude_nao_comprovada_alta_prioridade;"exatamente 10 itens armazenados; tamanho tipico de 1a pagina do endpoint. Bug v1: coletor fez 1 chamada sem parametros pagina/tamanhoPagina e assumiu completude. Requer nova consulta paginada real (pagina=1,2,3,... ate esgotar) para confirmar total."
paginacao_itens;30144641000180-1-000001/2026;completude_nao_comprovada_alta_prioridade;"exatamente 10 itens armazenados; tamanho tipico de 1a pagina do endpoint. Bug v1: coletor fez 1 chamada sem parametros pagina/tamanhoPagina e assumiu completude. Requer nova consulta paginada real (pagina=1,2,3,... ate esgotar) para confirmar total."
paginacao_itens;30144641000180-1-000002/2025;completude_nao_comprovada;"5 itens armazenados via chamada unica sem paginacao (bug v1); pode estar completo (lista curta) ou truncado. Nao ha evidencia suficiente para afirmar completude sem repetir a consulta com paginacao real."
paginacao_itens;30144641000180-1-000002/2026;completude_nao_comprovada_alta_prioridade;"exatamente 10 itens armazenados; tamanho tipico de 1a pagina do endpoint. Bug v1: coletor fez 1 chamada sem parametros pagina/tamanhoPagina e assumiu completude. Requer nova consulta paginada real (pagina=1,2,3,... ate esgotar) para confirmar total."
paginacao_itens;30144641000180-1-000003/2025;completude_nao_comprovada;"5 itens armazenados via chamada unica sem paginacao (bug v1); pode estar completo (lista curta) ou truncado. Nao ha evidencia suficiente para afirmar completude sem repetir a consulta com paginacao real."
paginacao_itens;30144641000180-1-000003/2026;completude_nao_comprovada_alta_prioridade;"exatamente 10 itens armazenados; tamanho tipico de 1a pagina do endpoint. Bug v1: coletor fez 1 chamada sem parametros pagina/tamanhoPagina e assumiu completude. Requer nova consulta paginada real (pagina=1,2,3,... ate esgotar) para confirmar total."
paginacao_itens;30144641000180-1-000004/2026;completude_nao_comprovada_alta_prioridade;"exatamente 10 itens armazenados; tamanho tipico de 1a pagina do endpoint. Bug v1: coletor fez 1 chamada sem parametros pagina/tamanhoPagina e assumiu completude. Requer nova consulta paginada real (pagina=1,2,3,... ate esgotar) para confirmar total."
paginacao_itens;31443333000119-1-000003/2026;completude_nao_comprovada;"9 itens armazenados via chamada unica sem paginacao (bug v1); pode estar completo (lista curta) ou truncado. Nao ha evidencia suficiente para afirmar completude sem repetir a consulta com paginacao real."
paginacao_itens;31443333000119-1-000011/2026;completude_nao_comprovada;"1 itens armazenados via chamada unica sem paginacao (bug v1); pode estar completo (lista curta) ou truncado. Nao ha evidencia suficiente para afirmar completude sem repetir a consulta com paginacao real."
paginacao_itens;31443333000119-1-000022/2024;completude_nao_comprovada;"1 itens armazenados via chamada unica sem paginacao (bug v1); pode estar completo (lista curta) ou truncado. Nao ha evidencia suficiente para afirmar completude sem repetir a consulta com paginacao real."
paginacao_itens;31443333000119-1-000022/2025;completude_nao_comprovada;"3 itens armazenados via chamada unica sem paginacao (bug v1); pode estar completo (lista curta) ou truncado. Nao ha evidencia suficiente para afirmar completude sem repetir a consulta com paginacao real."
paginacao_itens;31443333000119-1-000022/2026;completude_nao_comprovada;"1 itens armazenados via chamada unica sem paginacao (bug v1); pode estar completo (lista curta) ou truncado. Nao ha evidencia suficiente para afirmar completude sem repetir a consulta com paginacao real."
paginacao_itens;31443333000119-1-000024/2025;completude_nao_comprovada;"1 itens armazenados via chamada unica sem paginacao (bug v1); pode estar completo (lista curta) ou truncado. Nao ha evidencia suficiente para afirmar completude sem repetir a consulta com paginacao real."
paginacao_itens;31443333000119-1-000024/2026;completude_nao_comprovada;"1 itens armazenados via chamada unica sem paginacao (bug v1); pode estar completo (lista curta) ou truncado. Nao ha evidencia suficiente para afirmar completude sem repetir a consulta com paginacao real."
paginacao_itens;31443333000119-1-000025/2025;completude_nao_comprovada;"1 itens armazenados via chamada unica sem paginacao (bug v1); pode estar completo (lista curta) ou truncado. Nao ha evidencia suficiente para afirmar completude sem repetir a consulta com paginacao real."
paginacao_itens;31443333000119-1-000030/2025;completude_nao_comprovada;"2 itens armazenados via chamada unica sem paginacao (bug v1); pode estar completo (lista curta) ou truncado. Nao ha evidencia suficiente para afirmar completude sem repetir a consulta com paginacao real."
paginacao_itens;32665025000109-1-000001/2025;completude_nao_comprovada;"1 itens armazenados via chamada unica sem paginacao (bug v1); pode estar completo (lista curta) ou truncado. Nao ha evidencia suficiente para afirmar completude sem repetir a consulta com paginacao real."
paginacao_itens;32665025000109-1-000002/2025;completude_nao_comprovada;"1 itens armazenados via chamada unica sem paginacao (bug v1); pode estar completo (lista curta) ou truncado. Nao ha evidencia suficiente para afirmar completude sem repetir a consulta com paginacao real."
paginacao_itens;32665025000109-1-000002/2026;completude_nao_comprovada;"2 itens armazenados via chamada unica sem paginacao (bug v1); pode estar completo (lista curta) ou truncado. Nao ha evidencia suficiente para afirmar completude sem repetir a consulta com paginacao real."
paginacao_itens;32665025000109-1-000003/2025;completude_nao_comprovada;"8 itens armazenados via chamada unica sem paginacao (bug v1); pode estar completo (lista curta) ou truncado. Nao ha evidencia suficiente para afirmar completude sem repetir a consulta com paginacao real."
paginacao_itens;32665025000109-1-000004/2026;completude_nao_comprovada;"2 itens armazenados via chamada unica sem paginacao (bug v1); pode estar completo (lista curta) ou truncado. Nao ha evidencia suficiente para afirmar completude sem repetir a consulta com paginacao real."
paginacao_itens;33787094000140-1-000032/2026;completude_nao_comprovada;"2 itens armazenados via chamada unica sem paginacao (bug v1); pode estar completo (lista curta) ou truncado. Nao ha evidencia suficiente para afirmar completude sem repetir a consulta com paginacao real."
paginacao_itens;33787094000140-1-000082/2026;completude_nao_comprovada;"2 itens armazenados via chamada unica sem paginacao (bug v1); pode estar completo (lista curta) ou truncado. Nao ha evidencia suficiente para afirmar completude sem repetir a consulta com paginacao real."
paginacao_itens;33787094000140-1-000131/2026;completude_nao_comprovada;"2 itens armazenados via chamada unica sem paginacao (bug v1); pode estar completo (lista curta) ou truncado. Nao ha evidencia suficiente para afirmar completude sem repetir a consulta com paginacao real."
paginacao_itens;33787094000140-1-000163/2026;completude_nao_comprovada;"2 itens armazenados via chamada unica sem paginacao (bug v1); pode estar completo (lista curta) ou truncado. Nao ha evidencia suficiente para afirmar completude sem repetir a consulta com paginacao real."
paginacao_itens;33787094000140-1-000209/2026;completude_nao_comprovada;"1 itens armazenados via chamada unica sem paginacao (bug v1); pode estar completo (lista curta) ou truncado. Nao ha evidencia suficiente para afirmar completude sem repetir a consulta com paginacao real."
paginacao_itens;33787094000140-1-000359/2025;completude_nao_comprovada;"1 itens armazenados via chamada unica sem paginacao (bug v1); pode estar completo (lista curta) ou truncado. Nao ha evidencia suficiente para afirmar completude sem repetir a consulta com paginacao real."
paginacao_itens;33787094000140-1-000387/2025;completude_nao_comprovada;"3 itens armazenados via chamada unica sem paginacao (bug v1); pode estar completo (lista curta) ou truncado. Nao ha evidencia suficiente para afirmar completude sem repetir a consulta com paginacao real."
paginacao_itens;34865584000180-1-000001/2026;completude_nao_comprovada;"3 itens armazenados via chamada unica sem paginacao (bug v1); pode estar completo (lista curta) ou truncado. Nao ha evidencia suficiente para afirmar completude sem repetir a consulta com paginacao real."
paginacao_itens;34865584000180-1-000002/2025;completude_nao_comprovada;"1 itens armazenados via chamada unica sem paginacao (bug v1); pode estar completo (lista curta) ou truncado. Nao ha evidencia suficiente para afirmar completude sem repetir a consulta com paginacao real."
paginacao_itens;34865584000180-1-000002/2026;completude_nao_comprovada;"1 itens armazenados via chamada unica sem paginacao (bug v1); pode estar completo (lista curta) ou truncado. Nao ha evidencia suficiente para afirmar completude sem repetir a consulta com paginacao real."
paginacao_itens;34865584000180-1-000003/2025;completude_nao_comprovada_alta_prioridade;"exatamente 10 itens armazenados; tamanho tipico de 1a pagina do endpoint. Bug v1: coletor fez 1 chamada sem parametros pagina/tamanhoPagina e assumiu completude. Requer nova consulta paginada real (pagina=1,2,3,... ate esgotar) para confirmar total."
paginacao_itens;34865584000180-1-000003/2026;completude_nao_comprovada_alta_prioridade;"exatamente 10 itens armazenados; tamanho tipico de 1a pagina do endpoint. Bug v1: coletor fez 1 chamada sem parametros pagina/tamanhoPagina e assumiu completude. Requer nova consulta paginada real (pagina=1,2,3,... ate esgotar) para confirmar total."
paginacao_itens;34865584000180-1-000004/2025;completude_nao_comprovada;"3 itens armazenados via chamada unica sem paginacao (bug v1); pode estar completo (lista curta) ou truncado. Nao ha evidencia suficiente para afirmar completude sem repetir a consulta com paginacao real."
paginacao_itens;34865584000180-1-000004/2026;completude_nao_comprovada;"1 itens armazenados via chamada unica sem paginacao (bug v1); pode estar completo (lista curta) ou truncado. Nao ha evidencia suficiente para afirmar completude sem repetir a consulta com paginacao real."
paginacao_itens;34865584000180-1-000005/2025;completude_nao_comprovada;"1 itens armazenados via chamada unica sem paginacao (bug v1); pode estar completo (lista curta) ou truncado. Nao ha evidencia suficiente para afirmar completude sem repetir a consulta com paginacao real."
paginacao_itens;34865584000180-1-000005/2026;completude_nao_comprovada_alta_prioridade;"exatamente 10 itens armazenados; tamanho tipico de 1a pagina do endpoint. Bug v1: coletor fez 1 chamada sem parametros pagina/tamanhoPagina e assumiu completude. Requer nova consulta paginada real (pagina=1,2,3,... ate esgotar) para confirmar total."
paginacao_itens;34865584000180-1-000006/2025;completude_nao_comprovada;"1 itens armazenados via chamada unica sem paginacao (bug v1); pode estar completo (lista curta) ou truncado. Nao ha evidencia suficiente para afirmar completude sem repetir a consulta com paginacao real."
paginacao_itens;34865584000180-1-000006/2026;completude_nao_comprovada;"1 itens armazenados via chamada unica sem paginacao (bug v1); pode estar completo (lista curta) ou truncado. Nao ha evidencia suficiente para afirmar completude sem repetir a consulta com paginacao real."
paginacao_itens;34865584000180-1-000007/2025;completude_nao_comprovada_alta_prioridade;"exatamente 10 itens armazenados; tamanho tipico de 1a pagina do endpoint. Bug v1: coletor fez 1 chamada sem parametros pagina/tamanhoPagina e assumiu completude. Requer nova consulta paginada real (pagina=1,2,3,... ate esgotar) para confirmar total."
paginacao_itens;34865584000180-1-000007/2026;completude_nao_comprovada;"1 itens armazenados via chamada unica sem paginacao (bug v1); pode estar completo (lista curta) ou truncado. Nao ha evidencia suficiente para afirmar completude sem repetir a consulta com paginacao real."
paginacao_itens;34865584000180-1-000008/2025;completude_nao_comprovada;"4 itens armazenados via chamada unica sem paginacao (bug v1); pode estar completo (lista curta) ou truncado. Nao ha evidencia suficiente para afirmar completude sem repetir a consulta com paginacao real."
paginacao_itens;34865584000180-1-000008/2026;completude_nao_comprovada;"1 itens armazenados via chamada unica sem paginacao (bug v1); pode estar completo (lista curta) ou truncado. Nao ha evidencia suficiente para afirmar completude sem repetir a consulta com paginacao real."
paginacao_itens;34865584000180-1-000009/2025;completude_nao_comprovada;"1 itens armazenados via chamada unica sem paginacao (bug v1); pode estar completo (lista curta) ou truncado. Nao ha evidencia suficiente para afirmar completude sem repetir a consulta com paginacao real."
paginacao_itens;34865584000180-1-000009/2026;completude_nao_comprovada;"1 itens armazenados via chamada unica sem paginacao (bug v1); pode estar completo (lista curta) ou truncado. Nao ha evidencia suficiente para afirmar completude sem repetir a consulta com paginacao real."
paginacao_itens;34865584000180-1-000010/2025;completude_nao_comprovada;"4 itens armazenados via chamada unica sem paginacao (bug v1); pode estar completo (lista curta) ou truncado. Nao ha evidencia suficiente para afirmar completude sem repetir a consulta com paginacao real."
paginacao_itens;34865584000180-1-000010/2026;completude_nao_comprovada;"1 itens armazenados via chamada unica sem paginacao (bug v1); pode estar completo (lista curta) ou truncado. Nao ha evidencia suficiente para afirmar completude sem repetir a consulta com paginacao real."
paginacao_itens;34865584000180-1-000011/2025;completude_nao_comprovada;"2 itens armazenados via chamada unica sem paginacao (bug v1); pode estar completo (lista curta) ou truncado. Nao ha evidencia suficiente para afirmar completude sem repetir a consulta com paginacao real."
paginacao_itens;34865584000180-1-000011/2026;completude_nao_comprovada;"1 itens armazenados via chamada unica sem paginacao (bug v1); pode estar completo (lista curta) ou truncado. Nao ha evidencia suficiente para afirmar completude sem repetir a consulta com paginacao real."
paginacao_itens;34865584000180-1-000012/2025;completude_nao_comprovada;"1 itens armazenados via chamada unica sem paginacao (bug v1); pode estar completo (lista curta) ou truncado. Nao ha evidencia suficiente para afirmar completude sem repetir a consulta com paginacao real."
paginacao_itens;34865584000180-1-000012/2026;completude_nao_comprovada;"1 itens armazenados via chamada unica sem paginacao (bug v1); pode estar completo (lista curta) ou truncado. Nao ha evidencia suficiente para afirmar completude sem repetir a consulta com paginacao real."
paginacao_itens;34865584000180-1-000013/2025;completude_nao_comprovada;"1 itens armazenados via chamada unica sem paginacao (bug v1); pode estar completo (lista curta) ou truncado. Nao ha evidencia suficiente para afirmar completude sem repetir a consulta com paginacao real."
paginacao_itens;34865584000180-1-000013/2026;completude_nao_comprovada;"1 itens armazenados via chamada unica sem paginacao (bug v1); pode estar completo (lista curta) ou truncado. Nao ha evidencia suficiente para afirmar completude sem repetir a consulta com paginacao real."
paginacao_itens;34865584000180-1-000014/2025;completude_nao_comprovada;"1 itens armazenados via chamada unica sem paginacao (bug v1); pode estar completo (lista curta) ou truncado. Nao ha evidencia suficiente para afirmar completude sem repetir a consulta com paginacao real."
paginacao_itens;34865584000180-1-000014/2026;completude_nao_comprovada;"2 itens armazenados via chamada unica sem paginacao (bug v1); pode estar completo (lista curta) ou truncado. Nao ha evidencia suficiente para afirmar completude sem repetir a consulta com paginacao real."
paginacao_itens;34865584000180-1-000015/2025;completude_nao_comprovada;"1 itens armazenados via chamada unica sem paginacao (bug v1); pode estar completo (lista curta) ou truncado. Nao ha evidencia suficiente para afirmar completude sem repetir a consulta com paginacao real."
paginacao_itens;34865584000180-1-000016/2025;completude_nao_comprovada;"1 itens armazenados via chamada unica sem paginacao (bug v1); pode estar completo (lista curta) ou truncado. Nao ha evidencia suficiente para afirmar completude sem repetir a consulta com paginacao real."
paginacao_itens;34865584000180-1-000017/2025;completude_nao_comprovada;"1 itens armazenados via chamada unica sem paginacao (bug v1); pode estar completo (lista curta) ou truncado. Nao ha evidencia suficiente para afirmar completude sem repetir a consulta com paginacao real."
paginacao_itens;34865584000180-1-000019/2025;completude_nao_comprovada;"1 itens armazenados via chamada unica sem paginacao (bug v1); pode estar completo (lista curta) ou truncado. Nao ha evidencia suficiente para afirmar completude sem repetir a consulta com paginacao real."
paginacao_itens;34865584000180-1-000020/2025;completude_nao_comprovada;"1 itens armazenados via chamada unica sem paginacao (bug v1); pode estar completo (lista curta) ou truncado. Nao ha evidencia suficiente para afirmar completude sem repetir a consulta com paginacao real."
paginacao_itens;34865584000180-1-000021/2025;completude_nao_comprovada;"1 itens armazenados via chamada unica sem paginacao (bug v1); pode estar completo (lista curta) ou truncado. Nao ha evidencia suficiente para afirmar completude sem repetir a consulta com paginacao real."
paginacao_itens;34865584000180-1-000022/2025;completude_nao_comprovada;"1 itens armazenados via chamada unica sem paginacao (bug v1); pode estar completo (lista curta) ou truncado. Nao ha evidencia suficiente para afirmar completude sem repetir a consulta com paginacao real."
paginacao_itens;34865584000180-1-000023/2025;completude_nao_comprovada;"1 itens armazenados via chamada unica sem paginacao (bug v1); pode estar completo (lista curta) ou truncado. Nao ha evidencia suficiente para afirmar completude sem repetir a consulta com paginacao real."
paginacao_itens;34865584000180-1-000024/2025;completude_nao_comprovada;"1 itens armazenados via chamada unica sem paginacao (bug v1); pode estar completo (lista curta) ou truncado. Nao ha evidencia suficiente para afirmar completude sem repetir a consulta com paginacao real."
paginacao_itens;34865584000180-1-000026/2025;completude_nao_comprovada;"1 itens armazenados via chamada unica sem paginacao (bug v1); pode estar completo (lista curta) ou truncado. Nao ha evidencia suficiente para afirmar completude sem repetir a consulta com paginacao real."
paginacao_itens;34865584000180-1-000027/2025;completude_nao_comprovada;"1 itens armazenados via chamada unica sem paginacao (bug v1); pode estar completo (lista curta) ou truncado. Nao ha evidencia suficiente para afirmar completude sem repetir a consulta com paginacao real."
paginacao_itens;34868257000181-1-000001/2026;completude_nao_comprovada;"6 itens armazenados via chamada unica sem paginacao (bug v1); pode estar completo (lista curta) ou truncado. Nao ha evidencia suficiente para afirmar completude sem repetir a consulta com paginacao real."
paginacao_itens;34868257000181-1-000002/2025;completude_nao_comprovada;"5 itens armazenados via chamada unica sem paginacao (bug v1); pode estar completo (lista curta) ou truncado. Nao ha evidencia suficiente para afirmar completude sem repetir a consulta com paginacao real."
paginacao_itens;34868257000181-1-000003/2026;completude_nao_comprovada;"6 itens armazenados via chamada unica sem paginacao (bug v1); pode estar completo (lista curta) ou truncado. Nao ha evidencia suficiente para afirmar completude sem repetir a consulta com paginacao real."
paginacao_itens;34868257000181-1-000004/2026;completude_nao_comprovada;"1 itens armazenados via chamada unica sem paginacao (bug v1); pode estar completo (lista curta) ou truncado. Nao ha evidencia suficiente para afirmar completude sem repetir a consulta com paginacao real."
paginacao_itens;34868257000181-1-000005/2025;completude_nao_comprovada;"2 itens armazenados via chamada unica sem paginacao (bug v1); pode estar completo (lista curta) ou truncado. Nao ha evidencia suficiente para afirmar completude sem repetir a consulta com paginacao real."
paginacao_itens;34868257000181-1-000006/2025;completude_nao_comprovada;"2 itens armazenados via chamada unica sem paginacao (bug v1); pode estar completo (lista curta) ou truncado. Nao ha evidencia suficiente para afirmar completude sem repetir a consulta com paginacao real."
paginacao_itens;34868257000181-1-000006/2026;completude_nao_comprovada;"1 itens armazenados via chamada unica sem paginacao (bug v1); pode estar completo (lista curta) ou truncado. Nao ha evidencia suficiente para afirmar completude sem repetir a consulta com paginacao real."
paginacao_itens;34868257000181-1-000007/2025;completude_nao_comprovada;"1 itens armazenados via chamada unica sem paginacao (bug v1); pode estar completo (lista curta) ou truncado. Nao ha evidencia suficiente para afirmar completude sem repetir a consulta com paginacao real."
paginacao_itens;34868257000181-1-000007/2026;completude_nao_comprovada;"1 itens armazenados via chamada unica sem paginacao (bug v1); pode estar completo (lista curta) ou truncado. Nao ha evidencia suficiente para afirmar completude sem repetir a consulta com paginacao real."
paginacao_itens;34868257000181-1-000009/2026;completude_nao_comprovada;"1 itens armazenados via chamada unica sem paginacao (bug v1); pode estar completo (lista curta) ou truncado. Nao ha evidencia suficiente para afirmar completude sem repetir a consulta com paginacao real."
paginacao_itens;34868257000181-1-000011/2025;completude_nao_comprovada;"2 itens armazenados via chamada unica sem paginacao (bug v1); pode estar completo (lista curta) ou truncado. Nao ha evidencia suficiente para afirmar completude sem repetir a consulta com paginacao real."
paginacao_itens;34868257000181-1-000011/2026;completude_nao_comprovada;"1 itens armazenados via chamada unica sem paginacao (bug v1); pode estar completo (lista curta) ou truncado. Nao ha evidencia suficiente para afirmar completude sem repetir a consulta com paginacao real."
paginacao_itens;34868257000181-1-000013/2025;completude_nao_comprovada;"1 itens armazenados via chamada unica sem paginacao (bug v1); pode estar completo (lista curta) ou truncado. Nao ha evidencia suficiente para afirmar completude sem repetir a consulta com paginacao real."
paginacao_itens;34868257000181-1-000014/2025;completude_nao_comprovada;"1 itens armazenados via chamada unica sem paginacao (bug v1); pode estar completo (lista curta) ou truncado. Nao ha evidencia suficiente para afirmar completude sem repetir a consulta com paginacao real."
paginacao_itens;34868257000181-1-000016/2026;completude_nao_comprovada;"1 itens armazenados via chamada unica sem paginacao (bug v1); pode estar completo (lista curta) ou truncado. Nao ha evidencia suficiente para afirmar completude sem repetir a consulta com paginacao real."
paginacao_itens;34868257000181-1-000017/2025;completude_nao_comprovada;"5 itens armazenados via chamada unica sem paginacao (bug v1); pode estar completo (lista curta) ou truncado. Nao ha evidencia suficiente para afirmar completude sem repetir a consulta com paginacao real."
paginacao_itens;34868257000181-1-000017/2026;completude_nao_comprovada;"1 itens armazenados via chamada unica sem paginacao (bug v1); pode estar completo (lista curta) ou truncado. Nao ha evidencia suficiente para afirmar completude sem repetir a consulta com paginacao real."
paginacao_itens;34868257000181-1-000018/2025;completude_nao_comprovada;"1 itens armazenados via chamada unica sem paginacao (bug v1); pode estar completo (lista curta) ou truncado. Nao ha evidencia suficiente para afirmar completude sem repetir a consulta com paginacao real."
paginacao_itens;34868257000181-1-000018/2026;completude_nao_comprovada;"1 itens armazenados via chamada unica sem paginacao (bug v1); pode estar completo (lista curta) ou truncado. Nao ha evidencia suficiente para afirmar completude sem repetir a consulta com paginacao real."
paginacao_itens;34868257000181-1-000019/2025;completude_nao_comprovada;"3 itens armazenados via chamada unica sem paginacao (bug v1); pode estar completo (lista curta) ou truncado. Nao ha evidencia suficiente para afirmar completude sem repetir a consulta com paginacao real."
paginacao_itens;34868257000181-1-000019/2026;completude_nao_comprovada;"1 itens armazenados via chamada unica sem paginacao (bug v1); pode estar completo (lista curta) ou truncado. Nao ha evidencia suficiente para afirmar completude sem repetir a consulta com paginacao real."
paginacao_itens;34868257000181-1-000020/2025;completude_nao_comprovada;"1 itens armazenados via chamada unica sem paginacao (bug v1); pode estar completo (lista curta) ou truncado. Nao ha evidencia suficiente para afirmar completude sem repetir a consulta com paginacao real."
paginacao_itens;34868257000181-1-000020/2026;completude_nao_comprovada;"1 itens armazenados via chamada unica sem paginacao (bug v1); pode estar completo (lista curta) ou truncado. Nao ha evidencia suficiente para afirmar completude sem repetir a consulta com paginacao real."
paginacao_itens;34868257000181-1-000021/2026;completude_nao_comprovada;"1 itens armazenados via chamada unica sem paginacao (bug v1); pode estar completo (lista curta) ou truncado. Nao ha evidencia suficiente para afirmar completude sem repetir a consulta com paginacao real."
paginacao_itens;34868257000181-1-000022/2026;completude_nao_comprovada;"1 itens armazenados via chamada unica sem paginacao (bug v1); pode estar completo (lista curta) ou truncado. Nao ha evidencia suficiente para afirmar completude sem repetir a consulta com paginacao real."
paginacao_itens;34868257000181-1-000024/2025;completude_nao_comprovada;"1 itens armazenados via chamada unica sem paginacao (bug v1); pode estar completo (lista curta) ou truncado. Nao ha evidencia suficiente para afirmar completude sem repetir a consulta com paginacao real."
paginacao_itens;34868257000181-1-000024/2026;completude_nao_comprovada;"1 itens armazenados via chamada unica sem paginacao (bug v1); pode estar completo (lista curta) ou truncado. Nao ha evidencia suficiente para afirmar completude sem repetir a consulta com paginacao real."
paginacao_itens;34868257000181-1-000025/2026;completude_nao_comprovada;"1 itens armazenados via chamada unica sem paginacao (bug v1); pode estar completo (lista curta) ou truncado. Nao ha evidencia suficiente para afirmar completude sem repetir a consulta com paginacao real."
paginacao_itens;34868257000181-1-000026/2026;completude_nao_comprovada;"1 itens armazenados via chamada unica sem paginacao (bug v1); pode estar completo (lista curta) ou truncado. Nao ha evidencia suficiente para afirmar completude sem repetir a consulta com paginacao real."
paginacao_itens;34868257000181-1-000027/2025;completude_nao_comprovada;"2 itens armazenados via chamada unica sem paginacao (bug v1); pode estar completo (lista curta) ou truncado. Nao ha evidencia suficiente para afirmar completude sem repetir a consulta com paginacao real."
paginacao_itens;34868257000181-1-000027/2026;completude_nao_comprovada;"1 itens armazenados via chamada unica sem paginacao (bug v1); pode estar completo (lista curta) ou truncado. Nao ha evidencia suficiente para afirmar completude sem repetir a consulta com paginacao real."
paginacao_itens;34868257000181-1-000028/2025;completude_nao_comprovada;"2 itens armazenados via chamada unica sem paginacao (bug v1); pode estar completo (lista curta) ou truncado. Nao ha evidencia suficiente para afirmar completude sem repetir a consulta com paginacao real."
paginacao_itens;34868257000181-1-000028/2026;completude_nao_comprovada;"1 itens armazenados via chamada unica sem paginacao (bug v1); pode estar completo (lista curta) ou truncado. Nao ha evidencia suficiente para afirmar completude sem repetir a consulta com paginacao real."
paginacao_itens;34868257000181-1-000029/2026;completude_nao_comprovada;"1 itens armazenados via chamada unica sem paginacao (bug v1); pode estar completo (lista curta) ou truncado. Nao ha evidencia suficiente para afirmar completude sem repetir a consulta com paginacao real."
paginacao_itens;34868257000181-1-000030/2026;completude_nao_comprovada;"1 itens armazenados via chamada unica sem paginacao (bug v1); pode estar completo (lista curta) ou truncado. Nao ha evidencia suficiente para afirmar completude sem repetir a consulta com paginacao real."
paginacao_itens;34868257000181-1-000031/2026;completude_nao_comprovada;"1 itens armazenados via chamada unica sem paginacao (bug v1); pode estar completo (lista curta) ou truncado. Nao ha evidencia suficiente para afirmar completude sem repetir a consulta com paginacao real."
paginacao_itens;34868257000181-1-000032/2026;completude_nao_comprovada;"1 itens armazenados via chamada unica sem paginacao (bug v1); pode estar completo (lista curta) ou truncado. Nao ha evidencia suficiente para afirmar completude sem repetir a consulta com paginacao real."
paginacao_itens;34868257000181-1-000033/2026;completude_nao_comprovada;"1 itens armazenados via chamada unica sem paginacao (bug v1); pode estar completo (lista curta) ou truncado. Nao ha evidencia suficiente para afirmar completude sem repetir a consulta com paginacao real."
paginacao_itens;34868257000181-1-000034/2025;completude_nao_comprovada;"1 itens armazenados via chamada unica sem paginacao (bug v1); pode estar completo (lista curta) ou truncado. Nao ha evidencia suficiente para afirmar completude sem repetir a consulta com paginacao real."
paginacao_itens;34868257000181-1-000034/2026;completude_nao_comprovada;"1 itens armazenados via chamada unica sem paginacao (bug v1); pode estar completo (lista curta) ou truncado. Nao ha evidencia suficiente para afirmar completude sem repetir a consulta com paginacao real."
paginacao_itens;34868257000181-1-000035/2025;completude_nao_comprovada;"1 itens armazenados via chamada unica sem paginacao (bug v1); pode estar completo (lista curta) ou truncado. Nao ha evidencia suficiente para afirmar completude sem repetir a consulta com paginacao real."
paginacao_itens;34868257000181-1-000035/2026;completude_nao_comprovada;"1 itens armazenados via chamada unica sem paginacao (bug v1); pode estar completo (lista curta) ou truncado. Nao ha evidencia suficiente para afirmar completude sem repetir a consulta com paginacao real."
paginacao_itens;34868257000181-1-000036/2026;completude_nao_comprovada;"1 itens armazenados via chamada unica sem paginacao (bug v1); pode estar completo (lista curta) ou truncado. Nao ha evidencia suficiente para afirmar completude sem repetir a consulta com paginacao real."
paginacao_itens;34868257000181-1-000037/2025;completude_nao_comprovada;"1 itens armazenados via chamada unica sem paginacao (bug v1); pode estar completo (lista curta) ou truncado. Nao ha evidencia suficiente para afirmar completude sem repetir a consulta com paginacao real."
paginacao_itens;34868257000181-1-000040/2025;completude_nao_comprovada;"1 itens armazenados via chamada unica sem paginacao (bug v1); pode estar completo (lista curta) ou truncado. Nao ha evidencia suficiente para afirmar completude sem repetir a consulta com paginacao real."
paginacao_itens;34868257000181-1-000041/2025;completude_nao_comprovada;"8 itens armazenados via chamada unica sem paginacao (bug v1); pode estar completo (lista curta) ou truncado. Nao ha evidencia suficiente para afirmar completude sem repetir a consulta com paginacao real."
paginacao_itens;34868257000181-1-000041/2026;completude_nao_comprovada_alta_prioridade;"exatamente 10 itens armazenados; tamanho tipico de 1a pagina do endpoint. Bug v1: coletor fez 1 chamada sem parametros pagina/tamanhoPagina e assumiu completude. Requer nova consulta paginada real (pagina=1,2,3,... ate esgotar) para confirmar total."
paginacao_itens;34868257000181-1-000042/2025;completude_nao_comprovada_alta_prioridade;"exatamente 10 itens armazenados; tamanho tipico de 1a pagina do endpoint. Bug v1: coletor fez 1 chamada sem parametros pagina/tamanhoPagina e assumiu completude. Requer nova consulta paginada real (pagina=1,2,3,... ate esgotar) para confirmar total."
paginacao_itens;34868257000181-1-000042/2026;completude_nao_comprovada;"1 itens armazenados via chamada unica sem paginacao (bug v1); pode estar completo (lista curta) ou truncado. Nao ha evidencia suficiente para afirmar completude sem repetir a consulta com paginacao real."
paginacao_itens;34868257000181-1-000043/2025;completude_nao_comprovada;"1 itens armazenados via chamada unica sem paginacao (bug v1); pode estar completo (lista curta) ou truncado. Nao ha evidencia suficiente para afirmar completude sem repetir a consulta com paginacao real."
paginacao_itens;34868257000181-1-000043/2026;completude_nao_comprovada;"3 itens armazenados via chamada unica sem paginacao (bug v1); pode estar completo (lista curta) ou truncado. Nao ha evidencia suficiente para afirmar completude sem repetir a consulta com paginacao real."
paginacao_itens;34868257000181-1-000044/2025;completude_nao_comprovada;"3 itens armazenados via chamada unica sem paginacao (bug v1); pode estar completo (lista curta) ou truncado. Nao ha evidencia suficiente para afirmar completude sem repetir a consulta com paginacao real."
paginacao_itens;34868257000181-1-000044/2026;completude_nao_comprovada;"1 itens armazenados via chamada unica sem paginacao (bug v1); pode estar completo (lista curta) ou truncado. Nao ha evidencia suficiente para afirmar completude sem repetir a consulta com paginacao real."
paginacao_itens;34868257000181-1-000045/2025;completude_nao_comprovada_alta_prioridade;"exatamente 10 itens armazenados; tamanho tipico de 1a pagina do endpoint. Bug v1: coletor fez 1 chamada sem parametros pagina/tamanhoPagina e assumiu completude. Requer nova consulta paginada real (pagina=1,2,3,... ate esgotar) para confirmar total."
paginacao_itens;34868257000181-1-000045/2026;completude_nao_comprovada;"1 itens armazenados via chamada unica sem paginacao (bug v1); pode estar completo (lista curta) ou truncado. Nao ha evidencia suficiente para afirmar completude sem repetir a consulta com paginacao real."
paginacao_itens;34868257000181-1-000047/2026;completude_nao_comprovada;"1 itens armazenados via chamada unica sem paginacao (bug v1); pode estar completo (lista curta) ou truncado. Nao ha evidencia suficiente para afirmar completude sem repetir a consulta com paginacao real."
paginacao_itens;34868257000181-1-000048/2025;completude_nao_comprovada;"1 itens armazenados via chamada unica sem paginacao (bug v1); pode estar completo (lista curta) ou truncado. Nao ha evidencia suficiente para afirmar completude sem repetir a consulta com paginacao real."
paginacao_itens;34868257000181-1-000048/2026;completude_nao_comprovada;"1 itens armazenados via chamada unica sem paginacao (bug v1); pode estar completo (lista curta) ou truncado. Nao ha evidencia suficiente para afirmar completude sem repetir a consulta com paginacao real."
paginacao_itens;34868257000181-1-000049/2026;completude_nao_comprovada;"1 itens armazenados via chamada unica sem paginacao (bug v1); pode estar completo (lista curta) ou truncado. Nao ha evidencia suficiente para afirmar completude sem repetir a consulta com paginacao real."
paginacao_itens;34868257000181-1-000050/2026;completude_nao_comprovada;"1 itens armazenados via chamada unica sem paginacao (bug v1); pode estar completo (lista curta) ou truncado. Nao ha evidencia suficiente para afirmar completude sem repetir a consulta com paginacao real."
paginacao_itens;34868257000181-1-000051/2026;completude_nao_comprovada;"2 itens armazenados via chamada unica sem paginacao (bug v1); pode estar completo (lista curta) ou truncado. Nao ha evidencia suficiente para afirmar completude sem repetir a consulta com paginacao real."
paginacao_itens;34868257000181-1-000053/2025;completude_nao_comprovada;"2 itens armazenados via chamada unica sem paginacao (bug v1); pode estar completo (lista curta) ou truncado. Nao ha evidencia suficiente para afirmar completude sem repetir a consulta com paginacao real."
paginacao_itens;34868257000181-1-000053/2026;completude_nao_comprovada;"1 itens armazenados via chamada unica sem paginacao (bug v1); pode estar completo (lista curta) ou truncado. Nao ha evidencia suficiente para afirmar completude sem repetir a consulta com paginacao real."
paginacao_itens;34868257000181-1-000054/2026;completude_nao_comprovada;"1 itens armazenados via chamada unica sem paginacao (bug v1); pode estar completo (lista curta) ou truncado. Nao ha evidencia suficiente para afirmar completude sem repetir a consulta com paginacao real."
paginacao_itens;34868257000181-1-000055/2026;completude_nao_comprovada;"1 itens armazenados via chamada unica sem paginacao (bug v1); pode estar completo (lista curta) ou truncado. Nao ha evidencia suficiente para afirmar completude sem repetir a consulta com paginacao real."
paginacao_itens;34868257000181-1-000056/2025;completude_nao_comprovada;"1 itens armazenados via chamada unica sem paginacao (bug v1); pode estar completo (lista curta) ou truncado. Nao ha evidencia suficiente para afirmar completude sem repetir a consulta com paginacao real."
paginacao_itens;34868257000181-1-000056/2026;completude_nao_comprovada;"1 itens armazenados via chamada unica sem paginacao (bug v1); pode estar completo (lista curta) ou truncado. Nao ha evidencia suficiente para afirmar completude sem repetir a consulta com paginacao real."
paginacao_itens;34868257000181-1-000057/2025;completude_nao_comprovada;"1 itens armazenados via chamada unica sem paginacao (bug v1); pode estar completo (lista curta) ou truncado. Nao ha evidencia suficiente para afirmar completude sem repetir a consulta com paginacao real."
paginacao_itens;34868257000181-1-000057/2026;completude_nao_comprovada;"1 itens armazenados via chamada unica sem paginacao (bug v1); pode estar completo (lista curta) ou truncado. Nao ha evidencia suficiente para afirmar completude sem repetir a consulta com paginacao real."
paginacao_itens;34868257000181-1-000058/2025;completude_nao_comprovada;"1 itens armazenados via chamada unica sem paginacao (bug v1); pode estar completo (lista curta) ou truncado. Nao ha evidencia suficiente para afirmar completude sem repetir a consulta com paginacao real."
paginacao_itens;34868257000181-1-000058/2026;completude_nao_comprovada;"1 itens armazenados via chamada unica sem paginacao (bug v1); pode estar completo (lista curta) ou truncado. Nao ha evidencia suficiente para afirmar completude sem repetir a consulta com paginacao real."
paginacao_itens;34868257000181-1-000059/2026;completude_nao_comprovada;"1 itens armazenados via chamada unica sem paginacao (bug v1); pode estar completo (lista curta) ou truncado. Nao ha evidencia suficiente para afirmar completude sem repetir a consulta com paginacao real."
paginacao_itens;34868257000181-1-000060/2025;completude_nao_comprovada;"1 itens armazenados via chamada unica sem paginacao (bug v1); pode estar completo (lista curta) ou truncado. Nao ha evidencia suficiente para afirmar completude sem repetir a consulta com paginacao real."
paginacao_itens;34868257000181-1-000060/2026;completude_nao_comprovada;"1 itens armazenados via chamada unica sem paginacao (bug v1); pode estar completo (lista curta) ou truncado. Nao ha evidencia suficiente para afirmar completude sem repetir a consulta com paginacao real."
paginacao_itens;34868257000181-1-000061/2025;completude_nao_comprovada;"1 itens armazenados via chamada unica sem paginacao (bug v1); pode estar completo (lista curta) ou truncado. Nao ha evidencia suficiente para afirmar completude sem repetir a consulta com paginacao real."
paginacao_itens;34868257000181-1-000062/2025;completude_nao_comprovada;"1 itens armazenados via chamada unica sem paginacao (bug v1); pode estar completo (lista curta) ou truncado. Nao ha evidencia suficiente para afirmar completude sem repetir a consulta com paginacao real."
paginacao_itens;34868257000181-1-000063/2025;completude_nao_comprovada;"1 itens armazenados via chamada unica sem paginacao (bug v1); pode estar completo (lista curta) ou truncado. Nao ha evidencia suficiente para afirmar completude sem repetir a consulta com paginacao real."
paginacao_itens;34868257000181-1-000064/2025;completude_nao_comprovada;"1 itens armazenados via chamada unica sem paginacao (bug v1); pode estar completo (lista curta) ou truncado. Nao ha evidencia suficiente para afirmar completude sem repetir a consulta com paginacao real."
paginacao_itens;34868257000181-1-000065/2025;completude_nao_comprovada;"1 itens armazenados via chamada unica sem paginacao (bug v1); pode estar completo (lista curta) ou truncado. Nao ha evidencia suficiente para afirmar completude sem repetir a consulta com paginacao real."
paginacao_itens;34868257000181-1-000065/2026;completude_nao_comprovada;"1 itens armazenados via chamada unica sem paginacao (bug v1); pode estar completo (lista curta) ou truncado. Nao ha evidencia suficiente para afirmar completude sem repetir a consulta com paginacao real."
paginacao_itens;34868257000181-1-000066/2025;completude_nao_comprovada;"1 itens armazenados via chamada unica sem paginacao (bug v1); pode estar completo (lista curta) ou truncado. Nao ha evidencia suficiente para afirmar completude sem repetir a consulta com paginacao real."
paginacao_itens;34868257000181-1-000066/2026;completude_nao_comprovada;"1 itens armazenados via chamada unica sem paginacao (bug v1); pode estar completo (lista curta) ou truncado. Nao ha evidencia suficiente para afirmar completude sem repetir a consulta com paginacao real."
paginacao_itens;34868257000181-1-000067/2025;completude_nao_comprovada;"1 itens armazenados via chamada unica sem paginacao (bug v1); pode estar completo (lista curta) ou truncado. Nao ha evidencia suficiente para afirmar completude sem repetir a consulta com paginacao real."
paginacao_itens;34868257000181-1-000067/2026;completude_nao_comprovada;"1 itens armazenados via chamada unica sem paginacao (bug v1); pode estar completo (lista curta) ou truncado. Nao ha evidencia suficiente para afirmar completude sem repetir a consulta com paginacao real."
paginacao_itens;34868257000181-1-000068/2025;completude_nao_comprovada;"3 itens armazenados via chamada unica sem paginacao (bug v1); pode estar completo (lista curta) ou truncado. Nao ha evidencia suficiente para afirmar completude sem repetir a consulta com paginacao real."
paginacao_itens;34868257000181-1-000069/2026;completude_nao_comprovada;"1 itens armazenados via chamada unica sem paginacao (bug v1); pode estar completo (lista curta) ou truncado. Nao ha evidencia suficiente para afirmar completude sem repetir a consulta com paginacao real."
paginacao_itens;34868257000181-1-000070/2026;completude_nao_comprovada;"1 itens armazenados via chamada unica sem paginacao (bug v1); pode estar completo (lista curta) ou truncado. Nao ha evidencia suficiente para afirmar completude sem repetir a consulta com paginacao real."
paginacao_itens;34868257000181-1-000071/2025;completude_nao_comprovada;"6 itens armazenados via chamada unica sem paginacao (bug v1); pode estar completo (lista curta) ou truncado. Nao ha evidencia suficiente para afirmar completude sem repetir a consulta com paginacao real."
paginacao_itens;34868257000181-1-000071/2026;completude_nao_comprovada;"1 itens armazenados via chamada unica sem paginacao (bug v1); pode estar completo (lista curta) ou truncado. Nao ha evidencia suficiente para afirmar completude sem repetir a consulta com paginacao real."
paginacao_itens;34868257000181-1-000072/2025;completude_nao_comprovada_alta_prioridade;"exatamente 10 itens armazenados; tamanho tipico de 1a pagina do endpoint. Bug v1: coletor fez 1 chamada sem parametros pagina/tamanhoPagina e assumiu completude. Requer nova consulta paginada real (pagina=1,2,3,... ate esgotar) para confirmar total."
paginacao_itens;34868257000181-1-000072/2026;completude_nao_comprovada;"1 itens armazenados via chamada unica sem paginacao (bug v1); pode estar completo (lista curta) ou truncado. Nao ha evidencia suficiente para afirmar completude sem repetir a consulta com paginacao real."
paginacao_itens;34868257000181-1-000073/2025;completude_nao_comprovada;"1 itens armazenados via chamada unica sem paginacao (bug v1); pode estar completo (lista curta) ou truncado. Nao ha evidencia suficiente para afirmar completude sem repetir a consulta com paginacao real."
paginacao_itens;34868257000181-1-000074/2025;completude_nao_comprovada;"1 itens armazenados via chamada unica sem paginacao (bug v1); pode estar completo (lista curta) ou truncado. Nao ha evidencia suficiente para afirmar completude sem repetir a consulta com paginacao real."
paginacao_itens;34868927000160-1-000001/2025;completude_nao_comprovada;"5 itens armazenados via chamada unica sem paginacao (bug v1); pode estar completo (lista curta) ou truncado. Nao ha evidencia suficiente para afirmar completude sem repetir a consulta com paginacao real."
paginacao_itens;34868927000160-1-000001/2026;completude_nao_comprovada;"1 itens armazenados via chamada unica sem paginacao (bug v1); pode estar completo (lista curta) ou truncado. Nao ha evidencia suficiente para afirmar completude sem repetir a consulta com paginacao real."
paginacao_itens;34868927000160-1-000002/2025;completude_nao_comprovada;"3 itens armazenados via chamada unica sem paginacao (bug v1); pode estar completo (lista curta) ou truncado. Nao ha evidencia suficiente para afirmar completude sem repetir a consulta com paginacao real."
paginacao_itens;34868927000160-1-000002/2026;completude_nao_comprovada;"1 itens armazenados via chamada unica sem paginacao (bug v1); pode estar completo (lista curta) ou truncado. Nao ha evidencia suficiente para afirmar completude sem repetir a consulta com paginacao real."
paginacao_itens;34868927000160-1-000003/2025;completude_nao_comprovada;"4 itens armazenados via chamada unica sem paginacao (bug v1); pode estar completo (lista curta) ou truncado. Nao ha evidencia suficiente para afirmar completude sem repetir a consulta com paginacao real."
paginacao_itens;34868927000160-1-000003/2026;completude_nao_comprovada;"1 itens armazenados via chamada unica sem paginacao (bug v1); pode estar completo (lista curta) ou truncado. Nao ha evidencia suficiente para afirmar completude sem repetir a consulta com paginacao real."
paginacao_itens;34868927000160-1-000004/2025;completude_nao_comprovada_alta_prioridade;"exatamente 10 itens armazenados; tamanho tipico de 1a pagina do endpoint. Bug v1: coletor fez 1 chamada sem parametros pagina/tamanhoPagina e assumiu completude. Requer nova consulta paginada real (pagina=1,2,3,... ate esgotar) para confirmar total."
paginacao_itens;34868927000160-1-000004/2026;completude_nao_comprovada;"4 itens armazenados via chamada unica sem paginacao (bug v1); pode estar completo (lista curta) ou truncado. Nao ha evidencia suficiente para afirmar completude sem repetir a consulta com paginacao real."
paginacao_itens;34868927000160-1-000005/2025;completude_nao_comprovada_alta_prioridade;"exatamente 10 itens armazenados; tamanho tipico de 1a pagina do endpoint. Bug v1: coletor fez 1 chamada sem parametros pagina/tamanhoPagina e assumiu completude. Requer nova consulta paginada real (pagina=1,2,3,... ate esgotar) para confirmar total."
paginacao_itens;34868927000160-1-000005/2026;completude_nao_comprovada;"2 itens armazenados via chamada unica sem paginacao (bug v1); pode estar completo (lista curta) ou truncado. Nao ha evidencia suficiente para afirmar completude sem repetir a consulta com paginacao real."
paginacao_itens;34868927000160-1-000006/2025;completude_nao_comprovada;"1 itens armazenados via chamada unica sem paginacao (bug v1); pode estar completo (lista curta) ou truncado. Nao ha evidencia suficiente para afirmar completude sem repetir a consulta com paginacao real."
paginacao_itens;34868927000160-1-000006/2026;completude_nao_comprovada;"2 itens armazenados via chamada unica sem paginacao (bug v1); pode estar completo (lista curta) ou truncado. Nao ha evidencia suficiente para afirmar completude sem repetir a consulta com paginacao real."
paginacao_itens;34868927000160-1-000007/2025;completude_nao_comprovada;"1 itens armazenados via chamada unica sem paginacao (bug v1); pode estar completo (lista curta) ou truncado. Nao ha evidencia suficiente para afirmar completude sem repetir a consulta com paginacao real."
paginacao_itens;34868927000160-1-000007/2026;completude_nao_comprovada;"1 itens armazenados via chamada unica sem paginacao (bug v1); pode estar completo (lista curta) ou truncado. Nao ha evidencia suficiente para afirmar completude sem repetir a consulta com paginacao real."
paginacao_itens;34868927000160-1-000008/2026;completude_nao_comprovada_alta_prioridade;"exatamente 10 itens armazenados; tamanho tipico de 1a pagina do endpoint. Bug v1: coletor fez 1 chamada sem parametros pagina/tamanhoPagina e assumiu completude. Requer nova consulta paginada real (pagina=1,2,3,... ate esgotar) para confirmar total."
paginacao_itens;34869354000199-1-000002/2026;completude_nao_comprovada;"1 itens armazenados via chamada unica sem paginacao (bug v1); pode estar completo (lista curta) ou truncado. Nao ha evidencia suficiente para afirmar completude sem repetir a consulta com paginacao real."
paginacao_itens;34869354000199-1-000003/2026;completude_nao_comprovada;"1 itens armazenados via chamada unica sem paginacao (bug v1); pode estar completo (lista curta) ou truncado. Nao ha evidencia suficiente para afirmar completude sem repetir a consulta com paginacao real."
paginacao_itens;34869354000199-1-000004/2025;completude_nao_comprovada;"1 itens armazenados via chamada unica sem paginacao (bug v1); pode estar completo (lista curta) ou truncado. Nao ha evidencia suficiente para afirmar completude sem repetir a consulta com paginacao real."
paginacao_itens;34869354000199-1-000004/2026;completude_nao_comprovada;"1 itens armazenados via chamada unica sem paginacao (bug v1); pode estar completo (lista curta) ou truncado. Nao ha evidencia suficiente para afirmar completude sem repetir a consulta com paginacao real."
paginacao_itens;34869354000199-1-000005/2025;completude_nao_comprovada;"1 itens armazenados via chamada unica sem paginacao (bug v1); pode estar completo (lista curta) ou truncado. Nao ha evidencia suficiente para afirmar completude sem repetir a consulta com paginacao real."
paginacao_itens;34869354000199-1-000006/2026;completude_nao_comprovada;"1 itens armazenados via chamada unica sem paginacao (bug v1); pode estar completo (lista curta) ou truncado. Nao ha evidencia suficiente para afirmar completude sem repetir a consulta com paginacao real."
paginacao_itens;34869354000199-1-000007/2026;completude_nao_comprovada;"3 itens armazenados via chamada unica sem paginacao (bug v1); pode estar completo (lista curta) ou truncado. Nao ha evidencia suficiente para afirmar completude sem repetir a consulta com paginacao real."
paginacao_itens;34869354000199-1-000008/2025;completude_nao_comprovada;"1 itens armazenados via chamada unica sem paginacao (bug v1); pode estar completo (lista curta) ou truncado. Nao ha evidencia suficiente para afirmar completude sem repetir a consulta com paginacao real."
paginacao_itens;34869354000199-1-000009/2025;completude_nao_comprovada;"3 itens armazenados via chamada unica sem paginacao (bug v1); pode estar completo (lista curta) ou truncado. Nao ha evidencia suficiente para afirmar completude sem repetir a consulta com paginacao real."
paginacao_itens;34869354000199-1-000010/2026;completude_nao_comprovada;"1 itens armazenados via chamada unica sem paginacao (bug v1); pode estar completo (lista curta) ou truncado. Nao ha evidencia suficiente para afirmar completude sem repetir a consulta com paginacao real."
paginacao_itens;34869354000199-1-000011/2026;completude_nao_comprovada;"1 itens armazenados via chamada unica sem paginacao (bug v1); pode estar completo (lista curta) ou truncado. Nao ha evidencia suficiente para afirmar completude sem repetir a consulta com paginacao real."
paginacao_itens;34869354000199-1-000014/2026;completude_nao_comprovada;"1 itens armazenados via chamada unica sem paginacao (bug v1); pode estar completo (lista curta) ou truncado. Nao ha evidencia suficiente para afirmar completude sem repetir a consulta com paginacao real."
paginacao_itens;34869354000199-1-000018/2026;completude_nao_comprovada;"1 itens armazenados via chamada unica sem paginacao (bug v1); pode estar completo (lista curta) ou truncado. Nao ha evidencia suficiente para afirmar completude sem repetir a consulta com paginacao real."
paginacao_itens;34869354000199-1-000019/2025;completude_nao_comprovada;"1 itens armazenados via chamada unica sem paginacao (bug v1); pode estar completo (lista curta) ou truncado. Nao ha evidencia suficiente para afirmar completude sem repetir a consulta com paginacao real."
paginacao_itens;34869354000199-1-000020/2025;completude_nao_comprovada;"1 itens armazenados via chamada unica sem paginacao (bug v1); pode estar completo (lista curta) ou truncado. Nao ha evidencia suficiente para afirmar completude sem repetir a consulta com paginacao real."
paginacao_itens;34869354000199-1-000021/2026;completude_nao_comprovada;"1 itens armazenados via chamada unica sem paginacao (bug v1); pode estar completo (lista curta) ou truncado. Nao ha evidencia suficiente para afirmar completude sem repetir a consulta com paginacao real."
paginacao_itens;34869354000199-1-000022/2025;completude_nao_comprovada_alta_prioridade;"exatamente 10 itens armazenados; tamanho tipico de 1a pagina do endpoint. Bug v1: coletor fez 1 chamada sem parametros pagina/tamanhoPagina e assumiu completude. Requer nova consulta paginada real (pagina=1,2,3,... ate esgotar) para confirmar total."
paginacao_itens;34869354000199-1-000023/2025;completude_nao_comprovada_alta_prioridade;"exatamente 10 itens armazenados; tamanho tipico de 1a pagina do endpoint. Bug v1: coletor fez 1 chamada sem parametros pagina/tamanhoPagina e assumiu completude. Requer nova consulta paginada real (pagina=1,2,3,... ate esgotar) para confirmar total."
paginacao_itens;34869354000199-1-000025/2025;completude_nao_comprovada;"1 itens armazenados via chamada unica sem paginacao (bug v1); pode estar completo (lista curta) ou truncado. Nao ha evidencia suficiente para afirmar completude sem repetir a consulta com paginacao real."
paginacao_itens;34869354000199-1-000026/2025;completude_nao_comprovada;"6 itens armazenados via chamada unica sem paginacao (bug v1); pode estar completo (lista curta) ou truncado. Nao ha evidencia suficiente para afirmar completude sem repetir a consulta com paginacao real."
paginacao_itens;34869354000199-1-000028/2025;completude_nao_comprovada;"1 itens armazenados via chamada unica sem paginacao (bug v1); pode estar completo (lista curta) ou truncado. Nao ha evidencia suficiente para afirmar completude sem repetir a consulta com paginacao real."
paginacao_itens;34869354000199-1-000029/2026;completude_nao_comprovada;"2 itens armazenados via chamada unica sem paginacao (bug v1); pode estar completo (lista curta) ou truncado. Nao ha evidencia suficiente para afirmar completude sem repetir a consulta com paginacao real."
paginacao_itens;34869354000199-1-000031/2025;completude_nao_comprovada;"1 itens armazenados via chamada unica sem paginacao (bug v1); pode estar completo (lista curta) ou truncado. Nao ha evidencia suficiente para afirmar completude sem repetir a consulta com paginacao real."
paginacao_itens;34869354000199-1-000031/2026;completude_nao_comprovada_alta_prioridade;"exatamente 10 itens armazenados; tamanho tipico de 1a pagina do endpoint. Bug v1: coletor fez 1 chamada sem parametros pagina/tamanhoPagina e assumiu completude. Requer nova consulta paginada real (pagina=1,2,3,... ate esgotar) para confirmar total."
paginacao_itens;34869354000199-1-000032/2025;completude_nao_comprovada;"1 itens armazenados via chamada unica sem paginacao (bug v1); pode estar completo (lista curta) ou truncado. Nao ha evidencia suficiente para afirmar completude sem repetir a consulta com paginacao real."
paginacao_itens;34869354000199-1-000033/2026;completude_nao_comprovada_alta_prioridade;"exatamente 10 itens armazenados; tamanho tipico de 1a pagina do endpoint. Bug v1: coletor fez 1 chamada sem parametros pagina/tamanhoPagina e assumiu completude. Requer nova consulta paginada real (pagina=1,2,3,... ate esgotar) para confirmar total."
paginacao_itens;34869354000199-1-000034/2026;completude_nao_comprovada;"1 itens armazenados via chamada unica sem paginacao (bug v1); pode estar completo (lista curta) ou truncado. Nao ha evidencia suficiente para afirmar completude sem repetir a consulta com paginacao real."
paginacao_itens;34869354000199-1-000035/2025;completude_nao_comprovada;"1 itens armazenados via chamada unica sem paginacao (bug v1); pode estar completo (lista curta) ou truncado. Nao ha evidencia suficiente para afirmar completude sem repetir a consulta com paginacao real."
paginacao_itens;34869354000199-1-000038/2025;completude_nao_comprovada;"1 itens armazenados via chamada unica sem paginacao (bug v1); pode estar completo (lista curta) ou truncado. Nao ha evidencia suficiente para afirmar completude sem repetir a consulta com paginacao real."
paginacao_itens;34869354000199-1-000038/2026;completude_nao_comprovada;"1 itens armazenados via chamada unica sem paginacao (bug v1); pode estar completo (lista curta) ou truncado. Nao ha evidencia suficiente para afirmar completude sem repetir a consulta com paginacao real."
paginacao_itens;34869354000199-1-000043/2026;completude_nao_comprovada;"1 itens armazenados via chamada unica sem paginacao (bug v1); pode estar completo (lista curta) ou truncado. Nao ha evidencia suficiente para afirmar completude sem repetir a consulta com paginacao real."
paginacao_itens;34869354000199-1-000044/2025;completude_nao_comprovada_alta_prioridade;"exatamente 10 itens armazenados; tamanho tipico de 1a pagina do endpoint. Bug v1: coletor fez 1 chamada sem parametros pagina/tamanhoPagina e assumiu completude. Requer nova consulta paginada real (pagina=1,2,3,... ate esgotar) para confirmar total."
paginacao_itens;34869354000199-1-000045/2026;completude_nao_comprovada;"1 itens armazenados via chamada unica sem paginacao (bug v1); pode estar completo (lista curta) ou truncado. Nao ha evidencia suficiente para afirmar completude sem repetir a consulta com paginacao real."
paginacao_itens;34869354000199-1-000046/2025;completude_nao_comprovada;"1 itens armazenados via chamada unica sem paginacao (bug v1); pode estar completo (lista curta) ou truncado. Nao ha evidencia suficiente para afirmar completude sem repetir a consulta com paginacao real."
paginacao_itens;34869354000199-1-000046/2026;completude_nao_comprovada;"1 itens armazenados via chamada unica sem paginacao (bug v1); pode estar completo (lista curta) ou truncado. Nao ha evidencia suficiente para afirmar completude sem repetir a consulta com paginacao real."
paginacao_itens;34869354000199-1-000047/2025;completude_nao_comprovada;"3 itens armazenados via chamada unica sem paginacao (bug v1); pode estar completo (lista curta) ou truncado. Nao ha evidencia suficiente para afirmar completude sem repetir a consulta com paginacao real."
paginacao_itens;34869354000199-1-000047/2026;completude_nao_comprovada;"1 itens armazenados via chamada unica sem paginacao (bug v1); pode estar completo (lista curta) ou truncado. Nao ha evidencia suficiente para afirmar completude sem repetir a consulta com paginacao real."
paginacao_itens;34869354000199-1-000048/2025;completude_nao_comprovada;"1 itens armazenados via chamada unica sem paginacao (bug v1); pode estar completo (lista curta) ou truncado. Nao ha evidencia suficiente para afirmar completude sem repetir a consulta com paginacao real."
paginacao_itens;34869354000199-1-000048/2026;completude_nao_comprovada;"1 itens armazenados via chamada unica sem paginacao (bug v1); pode estar completo (lista curta) ou truncado. Nao ha evidencia suficiente para afirmar completude sem repetir a consulta com paginacao real."
paginacao_itens;34869354000199-1-000050/2025;completude_nao_comprovada_alta_prioridade;"exatamente 10 itens armazenados; tamanho tipico de 1a pagina do endpoint. Bug v1: coletor fez 1 chamada sem parametros pagina/tamanhoPagina e assumiu completude. Requer nova consulta paginada real (pagina=1,2,3,... ate esgotar) para confirmar total."
paginacao_itens;34869354000199-1-000051/2025;completude_nao_comprovada_alta_prioridade;"exatamente 10 itens armazenados; tamanho tipico de 1a pagina do endpoint. Bug v1: coletor fez 1 chamada sem parametros pagina/tamanhoPagina e assumiu completude. Requer nova consulta paginada real (pagina=1,2,3,... ate esgotar) para confirmar total."
paginacao_itens;34869354000199-1-000052/2025;completude_nao_comprovada_alta_prioridade;"exatamente 10 itens armazenados; tamanho tipico de 1a pagina do endpoint. Bug v1: coletor fez 1 chamada sem parametros pagina/tamanhoPagina e assumiu completude. Requer nova consulta paginada real (pagina=1,2,3,... ate esgotar) para confirmar total."
paginacao_itens;34869354000199-1-000053/2025;completude_nao_comprovada;"1 itens armazenados via chamada unica sem paginacao (bug v1); pode estar completo (lista curta) ou truncado. Nao ha evidencia suficiente para afirmar completude sem repetir a consulta com paginacao real."
paginacao_itens;34869354000199-1-000059/2025;completude_nao_comprovada_alta_prioridade;"exatamente 10 itens armazenados; tamanho tipico de 1a pagina do endpoint. Bug v1: coletor fez 1 chamada sem parametros pagina/tamanhoPagina e assumiu completude. Requer nova consulta paginada real (pagina=1,2,3,... ate esgotar) para confirmar total."
paginacao_itens;34869354000199-1-000061/2026;completude_nao_comprovada;"1 itens armazenados via chamada unica sem paginacao (bug v1); pode estar completo (lista curta) ou truncado. Nao ha evidencia suficiente para afirmar completude sem repetir a consulta com paginacao real."
paginacao_itens;34869354000199-1-000062/2026;completude_nao_comprovada;"6 itens armazenados via chamada unica sem paginacao (bug v1); pode estar completo (lista curta) ou truncado. Nao ha evidencia suficiente para afirmar completude sem repetir a consulta com paginacao real."
paginacao_itens;34869354000199-1-000066/2026;completude_nao_comprovada;"1 itens armazenados via chamada unica sem paginacao (bug v1); pode estar completo (lista curta) ou truncado. Nao ha evidencia suficiente para afirmar completude sem repetir a consulta com paginacao real."
paginacao_itens;34869354000199-1-000067/2026;completude_nao_comprovada_alta_prioridade;"exatamente 10 itens armazenados; tamanho tipico de 1a pagina do endpoint. Bug v1: coletor fez 1 chamada sem parametros pagina/tamanhoPagina e assumiu completude. Requer nova consulta paginada real (pagina=1,2,3,... ate esgotar) para confirmar total."
paginacao_itens;34869354000199-1-000068/2026;completude_nao_comprovada;"1 itens armazenados via chamada unica sem paginacao (bug v1); pode estar completo (lista curta) ou truncado. Nao ha evidencia suficiente para afirmar completude sem repetir a consulta com paginacao real."
paginacao_itens;34869354000199-1-000069/2025;completude_nao_comprovada;"3 itens armazenados via chamada unica sem paginacao (bug v1); pode estar completo (lista curta) ou truncado. Nao ha evidencia suficiente para afirmar completude sem repetir a consulta com paginacao real."
paginacao_itens;34869354000199-1-000070/2025;completude_nao_comprovada;"6 itens armazenados via chamada unica sem paginacao (bug v1); pode estar completo (lista curta) ou truncado. Nao ha evidencia suficiente para afirmar completude sem repetir a consulta com paginacao real."
paginacao_itens;34869354000199-1-000070/2026;completude_nao_comprovada;"1 itens armazenados via chamada unica sem paginacao (bug v1); pode estar completo (lista curta) ou truncado. Nao ha evidencia suficiente para afirmar completude sem repetir a consulta com paginacao real."
paginacao_itens;34869354000199-1-000071/2025;completude_nao_comprovada;"8 itens armazenados via chamada unica sem paginacao (bug v1); pode estar completo (lista curta) ou truncado. Nao ha evidencia suficiente para afirmar completude sem repetir a consulta com paginacao real."
paginacao_itens;34869354000199-1-000072/2025;completude_nao_comprovada;"2 itens armazenados via chamada unica sem paginacao (bug v1); pode estar completo (lista curta) ou truncado. Nao ha evidencia suficiente para afirmar completude sem repetir a consulta com paginacao real."
paginacao_itens;34869354000199-1-000073/2026;completude_nao_comprovada;"1 itens armazenados via chamada unica sem paginacao (bug v1); pode estar completo (lista curta) ou truncado. Nao ha evidencia suficiente para afirmar completude sem repetir a consulta com paginacao real."
paginacao_itens;34869354000199-1-000075/2026;completude_nao_comprovada;"1 itens armazenados via chamada unica sem paginacao (bug v1); pode estar completo (lista curta) ou truncado. Nao ha evidencia suficiente para afirmar completude sem repetir a consulta com paginacao real."
paginacao_itens;34869354000199-1-000076/2026;completude_nao_comprovada;"1 itens armazenados via chamada unica sem paginacao (bug v1); pode estar completo (lista curta) ou truncado. Nao ha evidencia suficiente para afirmar completude sem repetir a consulta com paginacao real."
paginacao_itens;34869354000199-1-000077/2025;completude_nao_comprovada;"1 itens armazenados via chamada unica sem paginacao (bug v1); pode estar completo (lista curta) ou truncado. Nao ha evidencia suficiente para afirmar completude sem repetir a consulta com paginacao real."
paginacao_itens;34869354000199-1-000079/2025;completude_nao_comprovada;"2 itens armazenados via chamada unica sem paginacao (bug v1); pode estar completo (lista curta) ou truncado. Nao ha evidencia suficiente para afirmar completude sem repetir a consulta com paginacao real."
paginacao_itens;34869354000199-1-000079/2026;completude_nao_comprovada_alta_prioridade;"exatamente 10 itens armazenados; tamanho tipico de 1a pagina do endpoint. Bug v1: coletor fez 1 chamada sem parametros pagina/tamanhoPagina e assumiu completude. Requer nova consulta paginada real (pagina=1,2,3,... ate esgotar) para confirmar total."
paginacao_itens;34869354000199-1-000083/2025;completude_nao_comprovada;"1 itens armazenados via chamada unica sem paginacao (bug v1); pode estar completo (lista curta) ou truncado. Nao ha evidencia suficiente para afirmar completude sem repetir a consulta com paginacao real."
paginacao_itens;34869354000199-1-000084/2025;completude_nao_comprovada;"1 itens armazenados via chamada unica sem paginacao (bug v1); pode estar completo (lista curta) ou truncado. Nao ha evidencia suficiente para afirmar completude sem repetir a consulta com paginacao real."
paginacao_itens;34869354000199-1-000085/2026;completude_nao_comprovada_alta_prioridade;"exatamente 10 itens armazenados; tamanho tipico de 1a pagina do endpoint. Bug v1: coletor fez 1 chamada sem parametros pagina/tamanhoPagina e assumiu completude. Requer nova consulta paginada real (pagina=1,2,3,... ate esgotar) para confirmar total."
paginacao_itens;34869354000199-1-000087/2025;completude_nao_comprovada;"8 itens armazenados via chamada unica sem paginacao (bug v1); pode estar completo (lista curta) ou truncado. Nao ha evidencia suficiente para afirmar completude sem repetir a consulta com paginacao real."
paginacao_itens;34869354000199-1-000087/2026;completude_nao_comprovada;"1 itens armazenados via chamada unica sem paginacao (bug v1); pode estar completo (lista curta) ou truncado. Nao ha evidencia suficiente para afirmar completude sem repetir a consulta com paginacao real."
paginacao_itens;34869354000199-1-000088/2025;completude_nao_comprovada;"1 itens armazenados via chamada unica sem paginacao (bug v1); pode estar completo (lista curta) ou truncado. Nao ha evidencia suficiente para afirmar completude sem repetir a consulta com paginacao real."
paginacao_itens;34869354000199-1-000089/2025;completude_nao_comprovada_alta_prioridade;"exatamente 10 itens armazenados; tamanho tipico de 1a pagina do endpoint. Bug v1: coletor fez 1 chamada sem parametros pagina/tamanhoPagina e assumiu completude. Requer nova consulta paginada real (pagina=1,2,3,... ate esgotar) para confirmar total."
paginacao_itens;34869354000199-1-000089/2026;completude_nao_comprovada;"4 itens armazenados via chamada unica sem paginacao (bug v1); pode estar completo (lista curta) ou truncado. Nao ha evidencia suficiente para afirmar completude sem repetir a consulta com paginacao real."
paginacao_itens;34869354000199-1-000090/2026;completude_nao_comprovada;"3 itens armazenados via chamada unica sem paginacao (bug v1); pode estar completo (lista curta) ou truncado. Nao ha evidencia suficiente para afirmar completude sem repetir a consulta com paginacao real."
paginacao_itens;34869354000199-1-000091/2025;completude_nao_comprovada;"1 itens armazenados via chamada unica sem paginacao (bug v1); pode estar completo (lista curta) ou truncado. Nao ha evidencia suficiente para afirmar completude sem repetir a consulta com paginacao real."
paginacao_itens;34869354000199-1-000091/2026;completude_nao_comprovada;"1 itens armazenados via chamada unica sem paginacao (bug v1); pode estar completo (lista curta) ou truncado. Nao ha evidencia suficiente para afirmar completude sem repetir a consulta com paginacao real."
paginacao_itens;34869354000199-1-000093/2025;completude_nao_comprovada;"5 itens armazenados via chamada unica sem paginacao (bug v1); pode estar completo (lista curta) ou truncado. Nao ha evidencia suficiente para afirmar completude sem repetir a consulta com paginacao real."
paginacao_itens;34869354000199-1-000093/2026;completude_nao_comprovada;"1 itens armazenados via chamada unica sem paginacao (bug v1); pode estar completo (lista curta) ou truncado. Nao ha evidencia suficiente para afirmar completude sem repetir a consulta com paginacao real."
paginacao_itens;34869354000199-1-000096/2025;completude_nao_comprovada;"1 itens armazenados via chamada unica sem paginacao (bug v1); pode estar completo (lista curta) ou truncado. Nao ha evidencia suficiente para afirmar completude sem repetir a consulta com paginacao real."
paginacao_itens;34869354000199-1-000097/2025;completude_nao_comprovada;"1 itens armazenados via chamada unica sem paginacao (bug v1); pode estar completo (lista curta) ou truncado. Nao ha evidencia suficiente para afirmar completude sem repetir a consulta com paginacao real."
paginacao_itens;34869354000199-1-000100/2025;completude_nao_comprovada;"1 itens armazenados via chamada unica sem paginacao (bug v1); pode estar completo (lista curta) ou truncado. Nao ha evidencia suficiente para afirmar completude sem repetir a consulta com paginacao real."
paginacao_itens;34869354000199-1-000101/2025;completude_nao_comprovada;"1 itens armazenados via chamada unica sem paginacao (bug v1); pode estar completo (lista curta) ou truncado. Nao ha evidencia suficiente para afirmar completude sem repetir a consulta com paginacao real."
paginacao_itens;34869354000199-1-000102/2025;completude_nao_comprovada;"1 itens armazenados via chamada unica sem paginacao (bug v1); pode estar completo (lista curta) ou truncado. Nao ha evidencia suficiente para afirmar completude sem repetir a consulta com paginacao real."
paginacao_itens;34869354000199-1-000103/2025;completude_nao_comprovada;"5 itens armazenados via chamada unica sem paginacao (bug v1); pode estar completo (lista curta) ou truncado. Nao ha evidencia suficiente para afirmar completude sem repetir a consulta com paginacao real."
paginacao_itens;34869354000199-1-000104/2025;completude_nao_comprovada;"3 itens armazenados via chamada unica sem paginacao (bug v1); pode estar completo (lista curta) ou truncado. Nao ha evidencia suficiente para afirmar completude sem repetir a consulta com paginacao real."
paginacao_itens;34869354000199-1-000105/2025;completude_nao_comprovada;"2 itens armazenados via chamada unica sem paginacao (bug v1); pode estar completo (lista curta) ou truncado. Nao ha evidencia suficiente para afirmar completude sem repetir a consulta com paginacao real."
paginacao_itens;34869354000199-1-000109/2025;completude_nao_comprovada;"1 itens armazenados via chamada unica sem paginacao (bug v1); pode estar completo (lista curta) ou truncado. Nao ha evidencia suficiente para afirmar completude sem repetir a consulta com paginacao real."
paginacao_itens;34869354000199-1-000111/2025;completude_nao_comprovada;"1 itens armazenados via chamada unica sem paginacao (bug v1); pode estar completo (lista curta) ou truncado. Nao ha evidencia suficiente para afirmar completude sem repetir a consulta com paginacao real."
paginacao_itens;34869354000199-1-000115/2025;completude_nao_comprovada;"1 itens armazenados via chamada unica sem paginacao (bug v1); pode estar completo (lista curta) ou truncado. Nao ha evidencia suficiente para afirmar completude sem repetir a consulta com paginacao real."
paginacao_itens;34869354000199-1-000116/2025;completude_nao_comprovada;"3 itens armazenados via chamada unica sem paginacao (bug v1); pode estar completo (lista curta) ou truncado. Nao ha evidencia suficiente para afirmar completude sem repetir a consulta com paginacao real."
paginacao_itens;34869354000199-1-000117/2025;completude_nao_comprovada;"1 itens armazenados via chamada unica sem paginacao (bug v1); pode estar completo (lista curta) ou truncado. Nao ha evidencia suficiente para afirmar completude sem repetir a consulta com paginacao real."
paginacao_itens;34869354000199-1-000119/2025;completude_nao_comprovada;"3 itens armazenados via chamada unica sem paginacao (bug v1); pode estar completo (lista curta) ou truncado. Nao ha evidencia suficiente para afirmar completude sem repetir a consulta com paginacao real."
paginacao_itens;34869354000199-1-000121/2025;completude_nao_comprovada;"4 itens armazenados via chamada unica sem paginacao (bug v1); pode estar completo (lista curta) ou truncado. Nao ha evidencia suficiente para afirmar completude sem repetir a consulta com paginacao real."
paginacao_itens;34869354000199-1-000123/2025;completude_nao_comprovada;"2 itens armazenados via chamada unica sem paginacao (bug v1); pode estar completo (lista curta) ou truncado. Nao ha evidencia suficiente para afirmar completude sem repetir a consulta com paginacao real."
paginacao_itens;34869354000199-1-000125/2025;completude_nao_comprovada;"3 itens armazenados via chamada unica sem paginacao (bug v1); pode estar completo (lista curta) ou truncado. Nao ha evidencia suficiente para afirmar completude sem repetir a consulta com paginacao real."
paginacao_itens;34869354000199-1-000126/2025;completude_nao_comprovada;"1 itens armazenados via chamada unica sem paginacao (bug v1); pode estar completo (lista curta) ou truncado. Nao ha evidencia suficiente para afirmar completude sem repetir a consulta com paginacao real."
paginacao_itens;34869354000199-1-000127/2025;completude_nao_comprovada;"1 itens armazenados via chamada unica sem paginacao (bug v1); pode estar completo (lista curta) ou truncado. Nao ha evidencia suficiente para afirmar completude sem repetir a consulta com paginacao real."
paginacao_itens;34869354000199-1-000129/2025;completude_nao_comprovada;"2 itens armazenados via chamada unica sem paginacao (bug v1); pode estar completo (lista curta) ou truncado. Nao ha evidencia suficiente para afirmar completude sem repetir a consulta com paginacao real."
paginacao_itens;34869354000199-1-000130/2025;completude_nao_comprovada;"1 itens armazenados via chamada unica sem paginacao (bug v1); pode estar completo (lista curta) ou truncado. Nao ha evidencia suficiente para afirmar completude sem repetir a consulta com paginacao real."
paginacao_itens;34869354000199-1-000133/2025;completude_nao_comprovada;"1 itens armazenados via chamada unica sem paginacao (bug v1); pode estar completo (lista curta) ou truncado. Nao ha evidencia suficiente para afirmar completude sem repetir a consulta com paginacao real."
paginacao_itens;34869354000199-1-000140/2025;completude_nao_comprovada;"1 itens armazenados via chamada unica sem paginacao (bug v1); pode estar completo (lista curta) ou truncado. Nao ha evidencia suficiente para afirmar completude sem repetir a consulta com paginacao real."
paginacao_itens;34869354000199-1-000141/2025;completude_nao_comprovada_alta_prioridade;"exatamente 10 itens armazenados; tamanho tipico de 1a pagina do endpoint. Bug v1: coletor fez 1 chamada sem parametros pagina/tamanhoPagina e assumiu completude. Requer nova consulta paginada real (pagina=1,2,3,... ate esgotar) para confirmar total."
paginacao_itens;34869354000199-1-000143/2025;completude_nao_comprovada;"1 itens armazenados via chamada unica sem paginacao (bug v1); pode estar completo (lista curta) ou truncado. Nao ha evidencia suficiente para afirmar completude sem repetir a consulta com paginacao real."
paginacao_itens;34869354000199-1-000148/2025;completude_nao_comprovada;"1 itens armazenados via chamada unica sem paginacao (bug v1); pode estar completo (lista curta) ou truncado. Nao ha evidencia suficiente para afirmar completude sem repetir a consulta com paginacao real."
paginacao_itens;34869354000199-1-000150/2025;completude_nao_comprovada;"1 itens armazenados via chamada unica sem paginacao (bug v1); pode estar completo (lista curta) ou truncado. Nao ha evidencia suficiente para afirmar completude sem repetir a consulta com paginacao real."
paginacao_itens;34869354000199-1-000151/2025;completude_nao_comprovada;"1 itens armazenados via chamada unica sem paginacao (bug v1); pode estar completo (lista curta) ou truncado. Nao ha evidencia suficiente para afirmar completude sem repetir a consulta com paginacao real."
paginacao_itens;34869354000199-1-000152/2025;completude_nao_comprovada;"1 itens armazenados via chamada unica sem paginacao (bug v1); pode estar completo (lista curta) ou truncado. Nao ha evidencia suficiente para afirmar completude sem repetir a consulta com paginacao real."
paginacao_itens;34869354000199-1-000153/2025;completude_nao_comprovada;"1 itens armazenados via chamada unica sem paginacao (bug v1); pode estar completo (lista curta) ou truncado. Nao ha evidencia suficiente para afirmar completude sem repetir a consulta com paginacao real."
paginacao_itens;34869354000199-1-000154/2025;completude_nao_comprovada;"4 itens armazenados via chamada unica sem paginacao (bug v1); pode estar completo (lista curta) ou truncado. Nao ha evidencia suficiente para afirmar completude sem repetir a consulta com paginacao real."
paginacao_itens;34869354000199-1-000155/2025;completude_nao_comprovada;"1 itens armazenados via chamada unica sem paginacao (bug v1); pode estar completo (lista curta) ou truncado. Nao ha evidencia suficiente para afirmar completude sem repetir a consulta com paginacao real."
paginacao_itens;34869354000199-1-000159/2025;completude_nao_comprovada;"6 itens armazenados via chamada unica sem paginacao (bug v1); pode estar completo (lista curta) ou truncado. Nao ha evidencia suficiente para afirmar completude sem repetir a consulta com paginacao real."
paginacao_itens;34869354000199-1-000163/2025;completude_nao_comprovada;"1 itens armazenados via chamada unica sem paginacao (bug v1); pode estar completo (lista curta) ou truncado. Nao ha evidencia suficiente para afirmar completude sem repetir a consulta com paginacao real."
paginacao_itens;34869354000199-1-000165/2025;completude_nao_comprovada;"2 itens armazenados via chamada unica sem paginacao (bug v1); pode estar completo (lista curta) ou truncado. Nao ha evidencia suficiente para afirmar completude sem repetir a consulta com paginacao real."
paginacao_itens;34869354000199-1-000168/2025;completude_nao_comprovada;"2 itens armazenados via chamada unica sem paginacao (bug v1); pode estar completo (lista curta) ou truncado. Nao ha evidencia suficiente para afirmar completude sem repetir a consulta com paginacao real."
paginacao_itens;34869354000199-1-000170/2025;completude_nao_comprovada;"2 itens armazenados via chamada unica sem paginacao (bug v1); pode estar completo (lista curta) ou truncado. Nao ha evidencia suficiente para afirmar completude sem repetir a consulta com paginacao real."
paginacao_itens;34869354000199-1-000171/2025;completude_nao_comprovada;"1 itens armazenados via chamada unica sem paginacao (bug v1); pode estar completo (lista curta) ou truncado. Nao ha evidencia suficiente para afirmar completude sem repetir a consulta com paginacao real."
paginacao_itens;34869354000199-1-000173/2025;completude_nao_comprovada;"1 itens armazenados via chamada unica sem paginacao (bug v1); pode estar completo (lista curta) ou truncado. Nao ha evidencia suficiente para afirmar completude sem repetir a consulta com paginacao real."
paginacao_itens;34869354000199-1-000203/2024;completude_nao_comprovada_alta_prioridade;"exatamente 10 itens armazenados; tamanho tipico de 1a pagina do endpoint. Bug v1: coletor fez 1 chamada sem parametros pagina/tamanhoPagina e assumiu completude. Requer nova consulta paginada real (pagina=1,2,3,... ate esgotar) para confirmar total."
paginacao_itens;34869354000199-1-000204/2024;completude_nao_comprovada;"4 itens armazenados via chamada unica sem paginacao (bug v1); pode estar completo (lista curta) ou truncado. Nao ha evidencia suficiente para afirmar completude sem repetir a consulta com paginacao real."
paginacao_itens;34869354000199-1-000205/2024;completude_nao_comprovada_alta_prioridade;"exatamente 10 itens armazenados; tamanho tipico de 1a pagina do endpoint. Bug v1: coletor fez 1 chamada sem parametros pagina/tamanhoPagina e assumiu completude. Requer nova consulta paginada real (pagina=1,2,3,... ate esgotar) para confirmar total."
paginacao_itens;34869354000199-1-000206/2024;completude_nao_comprovada;"1 itens armazenados via chamada unica sem paginacao (bug v1); pode estar completo (lista curta) ou truncado. Nao ha evidencia suficiente para afirmar completude sem repetir a consulta com paginacao real."
paginacao_itens;34869354000199-1-000207/2024;completude_nao_comprovada;"9 itens armazenados via chamada unica sem paginacao (bug v1); pode estar completo (lista curta) ou truncado. Nao ha evidencia suficiente para afirmar completude sem repetir a consulta com paginacao real."
paginacao_itens;34869354000199-1-000208/2024;completude_nao_comprovada_alta_prioridade;"exatamente 10 itens armazenados; tamanho tipico de 1a pagina do endpoint. Bug v1: coletor fez 1 chamada sem parametros pagina/tamanhoPagina e assumiu completude. Requer nova consulta paginada real (pagina=1,2,3,... ate esgotar) para confirmar total."
paginacao_itens;34870246000136-1-000001/2025;completude_nao_comprovada;"1 itens armazenados via chamada unica sem paginacao (bug v1); pode estar completo (lista curta) ou truncado. Nao ha evidencia suficiente para afirmar completude sem repetir a consulta com paginacao real."
paginacao_itens;34870246000136-1-000001/2026;completude_nao_comprovada_alta_prioridade;"exatamente 10 itens armazenados; tamanho tipico de 1a pagina do endpoint. Bug v1: coletor fez 1 chamada sem parametros pagina/tamanhoPagina e assumiu completude. Requer nova consulta paginada real (pagina=1,2,3,... ate esgotar) para confirmar total."
paginacao_itens;34870246000136-1-000002/2025;completude_nao_comprovada;"2 itens armazenados via chamada unica sem paginacao (bug v1); pode estar completo (lista curta) ou truncado. Nao ha evidencia suficiente para afirmar completude sem repetir a consulta com paginacao real."
paginacao_itens;34870246000136-1-000002/2026;completude_nao_comprovada;"1 itens armazenados via chamada unica sem paginacao (bug v1); pode estar completo (lista curta) ou truncado. Nao ha evidencia suficiente para afirmar completude sem repetir a consulta com paginacao real."
paginacao_itens;34870246000136-1-000003/2025;completude_nao_comprovada;"1 itens armazenados via chamada unica sem paginacao (bug v1); pode estar completo (lista curta) ou truncado. Nao ha evidencia suficiente para afirmar completude sem repetir a consulta com paginacao real."
paginacao_itens;34870246000136-1-000003/2026;completude_nao_comprovada;"1 itens armazenados via chamada unica sem paginacao (bug v1); pode estar completo (lista curta) ou truncado. Nao ha evidencia suficiente para afirmar completude sem repetir a consulta com paginacao real."
paginacao_itens;34870246000136-1-000005/2025;completude_nao_comprovada;"2 itens armazenados via chamada unica sem paginacao (bug v1); pode estar completo (lista curta) ou truncado. Nao ha evidencia suficiente para afirmar completude sem repetir a consulta com paginacao real."
paginacao_itens;34870246000136-1-000006/2025;completude_nao_comprovada;"2 itens armazenados via chamada unica sem paginacao (bug v1); pode estar completo (lista curta) ou truncado. Nao ha evidencia suficiente para afirmar completude sem repetir a consulta com paginacao real."
paginacao_itens;34870246000136-1-000007/2025;completude_nao_comprovada;"1 itens armazenados via chamada unica sem paginacao (bug v1); pode estar completo (lista curta) ou truncado. Nao ha evidencia suficiente para afirmar completude sem repetir a consulta com paginacao real."
paginacao_itens;34870246000136-1-000008/2025;completude_nao_comprovada;"4 itens armazenados via chamada unica sem paginacao (bug v1); pode estar completo (lista curta) ou truncado. Nao ha evidencia suficiente para afirmar completude sem repetir a consulta com paginacao real."
paginacao_itens;34870246000136-1-000009/2026;completude_nao_comprovada_alta_prioridade;"exatamente 10 itens armazenados; tamanho tipico de 1a pagina do endpoint. Bug v1: coletor fez 1 chamada sem parametros pagina/tamanhoPagina e assumiu completude. Requer nova consulta paginada real (pagina=1,2,3,... ate esgotar) para confirmar total."
paginacao_itens;34870246000136-1-000010/2025;completude_nao_comprovada;"2 itens armazenados via chamada unica sem paginacao (bug v1); pode estar completo (lista curta) ou truncado. Nao ha evidencia suficiente para afirmar completude sem repetir a consulta com paginacao real."
paginacao_itens;34870246000136-1-000010/2026;completude_nao_comprovada;"6 itens armazenados via chamada unica sem paginacao (bug v1); pode estar completo (lista curta) ou truncado. Nao ha evidencia suficiente para afirmar completude sem repetir a consulta com paginacao real."
paginacao_itens;34870246000136-1-000011/2026;completude_nao_comprovada;"6 itens armazenados via chamada unica sem paginacao (bug v1); pode estar completo (lista curta) ou truncado. Nao ha evidencia suficiente para afirmar completude sem repetir a consulta com paginacao real."
paginacao_itens;34870246000136-1-000012/2025;completude_nao_comprovada;"1 itens armazenados via chamada unica sem paginacao (bug v1); pode estar completo (lista curta) ou truncado. Nao ha evidencia suficiente para afirmar completude sem repetir a consulta com paginacao real."
paginacao_itens;34870246000136-1-000012/2026;completude_nao_comprovada;"1 itens armazenados via chamada unica sem paginacao (bug v1); pode estar completo (lista curta) ou truncado. Nao ha evidencia suficiente para afirmar completude sem repetir a consulta com paginacao real."
paginacao_itens;34870246000136-1-000013/2026;completude_nao_comprovada;"1 itens armazenados via chamada unica sem paginacao (bug v1); pode estar completo (lista curta) ou truncado. Nao ha evidencia suficiente para afirmar completude sem repetir a consulta com paginacao real."
paginacao_itens;34870246000136-1-000014/2026;completude_nao_comprovada;"6 itens armazenados via chamada unica sem paginacao (bug v1); pode estar completo (lista curta) ou truncado. Nao ha evidencia suficiente para afirmar completude sem repetir a consulta com paginacao real."
paginacao_itens;34870246000136-1-000019/2025;completude_nao_comprovada_alta_prioridade;"exatamente 10 itens armazenados; tamanho tipico de 1a pagina do endpoint. Bug v1: coletor fez 1 chamada sem parametros pagina/tamanhoPagina e assumiu completude. Requer nova consulta paginada real (pagina=1,2,3,... ate esgotar) para confirmar total."
paginacao_itens;34870246000136-1-000020/2025;completude_nao_comprovada;"1 itens armazenados via chamada unica sem paginacao (bug v1); pode estar completo (lista curta) ou truncado. Nao ha evidencia suficiente para afirmar completude sem repetir a consulta com paginacao real."
paginacao_itens;34870246000136-1-000022/2026;completude_nao_comprovada_alta_prioridade;"exatamente 10 itens armazenados; tamanho tipico de 1a pagina do endpoint. Bug v1: coletor fez 1 chamada sem parametros pagina/tamanhoPagina e assumiu completude. Requer nova consulta paginada real (pagina=1,2,3,... ate esgotar) para confirmar total."
paginacao_itens;34870246000136-1-000023/2026;completude_nao_comprovada;"1 itens armazenados via chamada unica sem paginacao (bug v1); pode estar completo (lista curta) ou truncado. Nao ha evidencia suficiente para afirmar completude sem repetir a consulta com paginacao real."
paginacao_itens;34870246000136-1-000024/2025;completude_nao_comprovada;"1 itens armazenados via chamada unica sem paginacao (bug v1); pode estar completo (lista curta) ou truncado. Nao ha evidencia suficiente para afirmar completude sem repetir a consulta com paginacao real."
paginacao_itens;34870246000136-1-000033/2026;completude_nao_comprovada;"2 itens armazenados via chamada unica sem paginacao (bug v1); pode estar completo (lista curta) ou truncado. Nao ha evidencia suficiente para afirmar completude sem repetir a consulta com paginacao real."
paginacao_itens;34870246000136-1-000034/2025;completude_nao_comprovada_alta_prioridade;"exatamente 10 itens armazenados; tamanho tipico de 1a pagina do endpoint. Bug v1: coletor fez 1 chamada sem parametros pagina/tamanhoPagina e assumiu completude. Requer nova consulta paginada real (pagina=1,2,3,... ate esgotar) para confirmar total."
paginacao_itens;34870246000136-1-000034/2026;completude_nao_comprovada_alta_prioridade;"exatamente 10 itens armazenados; tamanho tipico de 1a pagina do endpoint. Bug v1: coletor fez 1 chamada sem parametros pagina/tamanhoPagina e assumiu completude. Requer nova consulta paginada real (pagina=1,2,3,... ate esgotar) para confirmar total."
paginacao_itens;34870246000136-1-000037/2025;completude_nao_comprovada_alta_prioridade;"exatamente 10 itens armazenados; tamanho tipico de 1a pagina do endpoint. Bug v1: coletor fez 1 chamada sem parametros pagina/tamanhoPagina e assumiu completude. Requer nova consulta paginada real (pagina=1,2,3,... ate esgotar) para confirmar total."
paginacao_itens;34870246000136-1-000040/2026;completude_nao_comprovada;"9 itens armazenados via chamada unica sem paginacao (bug v1); pode estar completo (lista curta) ou truncado. Nao ha evidencia suficiente para afirmar completude sem repetir a consulta com paginacao real."
paginacao_itens;34870246000136-1-000041/2025;completude_nao_comprovada;"5 itens armazenados via chamada unica sem paginacao (bug v1); pode estar completo (lista curta) ou truncado. Nao ha evidencia suficiente para afirmar completude sem repetir a consulta com paginacao real."
paginacao_itens;34870246000136-1-000041/2026;completude_nao_comprovada;"2 itens armazenados via chamada unica sem paginacao (bug v1); pode estar completo (lista curta) ou truncado. Nao ha evidencia suficiente para afirmar completude sem repetir a consulta com paginacao real."
paginacao_itens;34870246000136-1-000042/2025;completude_nao_comprovada;"1 itens armazenados via chamada unica sem paginacao (bug v1); pode estar completo (lista curta) ou truncado. Nao ha evidencia suficiente para afirmar completude sem repetir a consulta com paginacao real."
paginacao_itens;34870246000136-1-000042/2026;completude_nao_comprovada;"3 itens armazenados via chamada unica sem paginacao (bug v1); pode estar completo (lista curta) ou truncado. Nao ha evidencia suficiente para afirmar completude sem repetir a consulta com paginacao real."
paginacao_itens;34870246000136-1-000046/2026;completude_nao_comprovada;"7 itens armazenados via chamada unica sem paginacao (bug v1); pode estar completo (lista curta) ou truncado. Nao ha evidencia suficiente para afirmar completude sem repetir a consulta com paginacao real."
paginacao_itens;34870246000136-1-000047/2025;completude_nao_comprovada_alta_prioridade;"exatamente 10 itens armazenados; tamanho tipico de 1a pagina do endpoint. Bug v1: coletor fez 1 chamada sem parametros pagina/tamanhoPagina e assumiu completude. Requer nova consulta paginada real (pagina=1,2,3,... ate esgotar) para confirmar total."
paginacao_itens;34870246000136-1-000048/2025;completude_nao_comprovada_alta_prioridade;"exatamente 10 itens armazenados; tamanho tipico de 1a pagina do endpoint. Bug v1: coletor fez 1 chamada sem parametros pagina/tamanhoPagina e assumiu completude. Requer nova consulta paginada real (pagina=1,2,3,... ate esgotar) para confirmar total."
paginacao_itens;34870246000136-1-000049/2026;completude_nao_comprovada;"1 itens armazenados via chamada unica sem paginacao (bug v1); pode estar completo (lista curta) ou truncado. Nao ha evidencia suficiente para afirmar completude sem repetir a consulta com paginacao real."
paginacao_itens;34870246000136-1-000050/2025;completude_nao_comprovada;"9 itens armazenados via chamada unica sem paginacao (bug v1); pode estar completo (lista curta) ou truncado. Nao ha evidencia suficiente para afirmar completude sem repetir a consulta com paginacao real."
paginacao_itens;34870246000136-1-000050/2026;completude_nao_comprovada;"1 itens armazenados via chamada unica sem paginacao (bug v1); pode estar completo (lista curta) ou truncado. Nao ha evidencia suficiente para afirmar completude sem repetir a consulta com paginacao real."
paginacao_itens;34870246000136-1-000051/2025;completude_nao_comprovada_alta_prioridade;"exatamente 10 itens armazenados; tamanho tipico de 1a pagina do endpoint. Bug v1: coletor fez 1 chamada sem parametros pagina/tamanhoPagina e assumiu completude. Requer nova consulta paginada real (pagina=1,2,3,... ate esgotar) para confirmar total."
paginacao_itens;34870246000136-1-000052/2026;completude_nao_comprovada;"9 itens armazenados via chamada unica sem paginacao (bug v1); pode estar completo (lista curta) ou truncado. Nao ha evidencia suficiente para afirmar completude sem repetir a consulta com paginacao real."
paginacao_itens;34870246000136-1-000054/2026;completude_nao_comprovada;"3 itens armazenados via chamada unica sem paginacao (bug v1); pode estar completo (lista curta) ou truncado. Nao ha evidencia suficiente para afirmar completude sem repetir a consulta com paginacao real."
paginacao_itens;34870246000136-1-000055/2025;completude_nao_comprovada;"1 itens armazenados via chamada unica sem paginacao (bug v1); pode estar completo (lista curta) ou truncado. Nao ha evidencia suficiente para afirmar completude sem repetir a consulta com paginacao real."
paginacao_itens;34870246000136-1-000055/2026;completude_nao_comprovada;"1 itens armazenados via chamada unica sem paginacao (bug v1); pode estar completo (lista curta) ou truncado. Nao ha evidencia suficiente para afirmar completude sem repetir a consulta com paginacao real."
paginacao_itens;34870246000136-1-000056/2025;completude_nao_comprovada_alta_prioridade;"exatamente 10 itens armazenados; tamanho tipico de 1a pagina do endpoint. Bug v1: coletor fez 1 chamada sem parametros pagina/tamanhoPagina e assumiu completude. Requer nova consulta paginada real (pagina=1,2,3,... ate esgotar) para confirmar total."
paginacao_itens;34870246000136-1-000058/2025;completude_nao_comprovada;"3 itens armazenados via chamada unica sem paginacao (bug v1); pode estar completo (lista curta) ou truncado. Nao ha evidencia suficiente para afirmar completude sem repetir a consulta com paginacao real."
paginacao_itens;34870246000136-1-000059/2025;completude_nao_comprovada;"2 itens armazenados via chamada unica sem paginacao (bug v1); pode estar completo (lista curta) ou truncado. Nao ha evidencia suficiente para afirmar completude sem repetir a consulta com paginacao real."
paginacao_itens;34870246000136-1-000060/2025;completude_nao_comprovada;"8 itens armazenados via chamada unica sem paginacao (bug v1); pode estar completo (lista curta) ou truncado. Nao ha evidencia suficiente para afirmar completude sem repetir a consulta com paginacao real."
paginacao_itens;34870246000136-1-000061/2025;completude_nao_comprovada;"1 itens armazenados via chamada unica sem paginacao (bug v1); pode estar completo (lista curta) ou truncado. Nao ha evidencia suficiente para afirmar completude sem repetir a consulta com paginacao real."
paginacao_itens;34870246000136-1-000063/2026;completude_nao_comprovada;"1 itens armazenados via chamada unica sem paginacao (bug v1); pode estar completo (lista curta) ou truncado. Nao ha evidencia suficiente para afirmar completude sem repetir a consulta com paginacao real."
paginacao_itens;34870246000136-1-000064/2025;completude_nao_comprovada;"5 itens armazenados via chamada unica sem paginacao (bug v1); pode estar completo (lista curta) ou truncado. Nao ha evidencia suficiente para afirmar completude sem repetir a consulta com paginacao real."
paginacao_itens;34870246000136-1-000066/2026;completude_nao_comprovada;"1 itens armazenados via chamada unica sem paginacao (bug v1); pode estar completo (lista curta) ou truncado. Nao ha evidencia suficiente para afirmar completude sem repetir a consulta com paginacao real."
paginacao_itens;34870246000136-1-000067/2025;completude_nao_comprovada;"1 itens armazenados via chamada unica sem paginacao (bug v1); pode estar completo (lista curta) ou truncado. Nao ha evidencia suficiente para afirmar completude sem repetir a consulta com paginacao real."
paginacao_itens;34870246000136-1-000068/2025;completude_nao_comprovada;"6 itens armazenados via chamada unica sem paginacao (bug v1); pode estar completo (lista curta) ou truncado. Nao ha evidencia suficiente para afirmar completude sem repetir a consulta com paginacao real."
paginacao_itens;34870246000136-1-000069/2025;completude_nao_comprovada;"2 itens armazenados via chamada unica sem paginacao (bug v1); pode estar completo (lista curta) ou truncado. Nao ha evidencia suficiente para afirmar completude sem repetir a consulta com paginacao real."
paginacao_itens;34870246000136-1-000070/2025;completude_nao_comprovada;"2 itens armazenados via chamada unica sem paginacao (bug v1); pode estar completo (lista curta) ou truncado. Nao ha evidencia suficiente para afirmar completude sem repetir a consulta com paginacao real."
paginacao_itens;34870246000136-1-000070/2026;completude_nao_comprovada;"2 itens armazenados via chamada unica sem paginacao (bug v1); pode estar completo (lista curta) ou truncado. Nao ha evidencia suficiente para afirmar completude sem repetir a consulta com paginacao real."
paginacao_itens;34870246000136-1-000071/2025;completude_nao_comprovada;"4 itens armazenados via chamada unica sem paginacao (bug v1); pode estar completo (lista curta) ou truncado. Nao ha evidencia suficiente para afirmar completude sem repetir a consulta com paginacao real."
paginacao_itens;34870246000136-1-000072/2025;completude_nao_comprovada;"1 itens armazenados via chamada unica sem paginacao (bug v1); pode estar completo (lista curta) ou truncado. Nao ha evidencia suficiente para afirmar completude sem repetir a consulta com paginacao real."
paginacao_itens;34870246000136-1-000072/2026;completude_nao_comprovada;"1 itens armazenados via chamada unica sem paginacao (bug v1); pode estar completo (lista curta) ou truncado. Nao ha evidencia suficiente para afirmar completude sem repetir a consulta com paginacao real."
paginacao_itens;34870246000136-1-000073/2025;completude_nao_comprovada;"3 itens armazenados via chamada unica sem paginacao (bug v1); pode estar completo (lista curta) ou truncado. Nao ha evidencia suficiente para afirmar completude sem repetir a consulta com paginacao real."
paginacao_itens;34870246000136-1-000073/2026;completude_nao_comprovada;"2 itens armazenados via chamada unica sem paginacao (bug v1); pode estar completo (lista curta) ou truncado. Nao ha evidencia suficiente para afirmar completude sem repetir a consulta com paginacao real."
paginacao_itens;34870246000136-1-000074/2025;completude_nao_comprovada_alta_prioridade;"exatamente 10 itens armazenados; tamanho tipico de 1a pagina do endpoint. Bug v1: coletor fez 1 chamada sem parametros pagina/tamanhoPagina e assumiu completude. Requer nova consulta paginada real (pagina=1,2,3,... ate esgotar) para confirmar total."
paginacao_itens;34870246000136-1-000075/2025;completude_nao_comprovada;"1 itens armazenados via chamada unica sem paginacao (bug v1); pode estar completo (lista curta) ou truncado. Nao ha evidencia suficiente para afirmar completude sem repetir a consulta com paginacao real."
paginacao_itens;34870246000136-1-000075/2026;completude_nao_comprovada;"2 itens armazenados via chamada unica sem paginacao (bug v1); pode estar completo (lista curta) ou truncado. Nao ha evidencia suficiente para afirmar completude sem repetir a consulta com paginacao real."
paginacao_itens;34870246000136-1-000076/2025;completude_nao_comprovada;"1 itens armazenados via chamada unica sem paginacao (bug v1); pode estar completo (lista curta) ou truncado. Nao ha evidencia suficiente para afirmar completude sem repetir a consulta com paginacao real."
paginacao_itens;34870246000136-1-000079/2025;completude_nao_comprovada;"2 itens armazenados via chamada unica sem paginacao (bug v1); pode estar completo (lista curta) ou truncado. Nao ha evidencia suficiente para afirmar completude sem repetir a consulta com paginacao real."
paginacao_itens;34870246000136-1-000079/2026;completude_nao_comprovada;"5 itens armazenados via chamada unica sem paginacao (bug v1); pode estar completo (lista curta) ou truncado. Nao ha evidencia suficiente para afirmar completude sem repetir a consulta com paginacao real."
paginacao_itens;34870246000136-1-000081/2025;completude_nao_comprovada;"1 itens armazenados via chamada unica sem paginacao (bug v1); pode estar completo (lista curta) ou truncado. Nao ha evidencia suficiente para afirmar completude sem repetir a consulta com paginacao real."
paginacao_itens;34870246000136-1-000082/2025;completude_nao_comprovada;"1 itens armazenados via chamada unica sem paginacao (bug v1); pode estar completo (lista curta) ou truncado. Nao ha evidencia suficiente para afirmar completude sem repetir a consulta com paginacao real."
paginacao_itens;34870246000136-1-000083/2025;completude_nao_comprovada;"1 itens armazenados via chamada unica sem paginacao (bug v1); pode estar completo (lista curta) ou truncado. Nao ha evidencia suficiente para afirmar completude sem repetir a consulta com paginacao real."
paginacao_itens;34870246000136-1-000084/2025;completude_nao_comprovada;"1 itens armazenados via chamada unica sem paginacao (bug v1); pode estar completo (lista curta) ou truncado. Nao ha evidencia suficiente para afirmar completude sem repetir a consulta com paginacao real."
paginacao_itens;34870246000136-1-000087/2025;completude_nao_comprovada;"1 itens armazenados via chamada unica sem paginacao (bug v1); pode estar completo (lista curta) ou truncado. Nao ha evidencia suficiente para afirmar completude sem repetir a consulta com paginacao real."
paginacao_itens;34870246000136-1-000088/2025;completude_nao_comprovada;"1 itens armazenados via chamada unica sem paginacao (bug v1); pode estar completo (lista curta) ou truncado. Nao ha evidencia suficiente para afirmar completude sem repetir a consulta com paginacao real."
paginacao_itens;34870246000136-1-000090/2025;completude_nao_comprovada;"1 itens armazenados via chamada unica sem paginacao (bug v1); pode estar completo (lista curta) ou truncado. Nao ha evidencia suficiente para afirmar completude sem repetir a consulta com paginacao real."
paginacao_itens;34870246000136-1-000091/2025;completude_nao_comprovada;"2 itens armazenados via chamada unica sem paginacao (bug v1); pode estar completo (lista curta) ou truncado. Nao ha evidencia suficiente para afirmar completude sem repetir a consulta com paginacao real."
paginacao_itens;34870246000136-1-000093/2025;completude_nao_comprovada;"1 itens armazenados via chamada unica sem paginacao (bug v1); pode estar completo (lista curta) ou truncado. Nao ha evidencia suficiente para afirmar completude sem repetir a consulta com paginacao real."
paginacao_itens;34870246000136-1-000094/2025;completude_nao_comprovada;"3 itens armazenados via chamada unica sem paginacao (bug v1); pode estar completo (lista curta) ou truncado. Nao ha evidencia suficiente para afirmar completude sem repetir a consulta com paginacao real."
paginacao_itens;34870576000121-1-000004/2026;completude_nao_comprovada;"1 itens armazenados via chamada unica sem paginacao (bug v1); pode estar completo (lista curta) ou truncado. Nao ha evidencia suficiente para afirmar completude sem repetir a consulta com paginacao real."
paginacao_itens;34870576000121-1-000007/2026;completude_nao_comprovada;"1 itens armazenados via chamada unica sem paginacao (bug v1); pode estar completo (lista curta) ou truncado. Nao ha evidencia suficiente para afirmar completude sem repetir a consulta com paginacao real."
paginacao_itens;34870576000121-1-000010/2026;completude_nao_comprovada;"1 itens armazenados via chamada unica sem paginacao (bug v1); pode estar completo (lista curta) ou truncado. Nao ha evidencia suficiente para afirmar completude sem repetir a consulta com paginacao real."
paginacao_itens;34870576000121-1-000012/2026;completude_nao_comprovada;"1 itens armazenados via chamada unica sem paginacao (bug v1); pode estar completo (lista curta) ou truncado. Nao ha evidencia suficiente para afirmar completude sem repetir a consulta com paginacao real."
paginacao_itens;34870576000121-1-000015/2026;completude_nao_comprovada;"1 itens armazenados via chamada unica sem paginacao (bug v1); pode estar completo (lista curta) ou truncado. Nao ha evidencia suficiente para afirmar completude sem repetir a consulta com paginacao real."
paginacao_itens;34870576000121-1-000016/2026;completude_nao_comprovada;"1 itens armazenados via chamada unica sem paginacao (bug v1); pode estar completo (lista curta) ou truncado. Nao ha evidencia suficiente para afirmar completude sem repetir a consulta com paginacao real."
paginacao_itens;34870576000121-1-000017/2026;completude_nao_comprovada_alta_prioridade;"exatamente 10 itens armazenados; tamanho tipico de 1a pagina do endpoint. Bug v1: coletor fez 1 chamada sem parametros pagina/tamanhoPagina e assumiu completude. Requer nova consulta paginada real (pagina=1,2,3,... ate esgotar) para confirmar total."
paginacao_itens;34870576000121-1-000018/2026;completude_nao_comprovada;"1 itens armazenados via chamada unica sem paginacao (bug v1); pode estar completo (lista curta) ou truncado. Nao ha evidencia suficiente para afirmar completude sem repetir a consulta com paginacao real."
paginacao_itens;34870576000121-1-000019/2026;completude_nao_comprovada_alta_prioridade;"exatamente 10 itens armazenados; tamanho tipico de 1a pagina do endpoint. Bug v1: coletor fez 1 chamada sem parametros pagina/tamanhoPagina e assumiu completude. Requer nova consulta paginada real (pagina=1,2,3,... ate esgotar) para confirmar total."
paginacao_itens;34870576000121-1-000025/2026;completude_nao_comprovada_alta_prioridade;"exatamente 10 itens armazenados; tamanho tipico de 1a pagina do endpoint. Bug v1: coletor fez 1 chamada sem parametros pagina/tamanhoPagina e assumiu completude. Requer nova consulta paginada real (pagina=1,2,3,... ate esgotar) para confirmar total."
paginacao_itens;34870576000121-1-000026/2026;completude_nao_comprovada;"1 itens armazenados via chamada unica sem paginacao (bug v1); pode estar completo (lista curta) ou truncado. Nao ha evidencia suficiente para afirmar completude sem repetir a consulta com paginacao real."
paginacao_itens;34870576000121-1-000027/2025;completude_nao_comprovada;"9 itens armazenados via chamada unica sem paginacao (bug v1); pode estar completo (lista curta) ou truncado. Nao ha evidencia suficiente para afirmar completude sem repetir a consulta com paginacao real."
paginacao_itens;34870576000121-1-000027/2026;completude_nao_comprovada;"3 itens armazenados via chamada unica sem paginacao (bug v1); pode estar completo (lista curta) ou truncado. Nao ha evidencia suficiente para afirmar completude sem repetir a consulta com paginacao real."
paginacao_itens;34870576000121-1-000028/2025;completude_nao_comprovada;"1 itens armazenados via chamada unica sem paginacao (bug v1); pode estar completo (lista curta) ou truncado. Nao ha evidencia suficiente para afirmar completude sem repetir a consulta com paginacao real."
paginacao_itens;34870576000121-1-000028/2026;completude_nao_comprovada;"1 itens armazenados via chamada unica sem paginacao (bug v1); pode estar completo (lista curta) ou truncado. Nao ha evidencia suficiente para afirmar completude sem repetir a consulta com paginacao real."
paginacao_itens;34870576000121-1-000029/2025;completude_nao_comprovada_alta_prioridade;"exatamente 10 itens armazenados; tamanho tipico de 1a pagina do endpoint. Bug v1: coletor fez 1 chamada sem parametros pagina/tamanhoPagina e assumiu completude. Requer nova consulta paginada real (pagina=1,2,3,... ate esgotar) para confirmar total."
paginacao_itens;34870576000121-1-000037/2026;completude_nao_comprovada_alta_prioridade;"exatamente 10 itens armazenados; tamanho tipico de 1a pagina do endpoint. Bug v1: coletor fez 1 chamada sem parametros pagina/tamanhoPagina e assumiu completude. Requer nova consulta paginada real (pagina=1,2,3,... ate esgotar) para confirmar total."
paginacao_itens;34870576000121-1-000038/2026;completude_nao_comprovada;"2 itens armazenados via chamada unica sem paginacao (bug v1); pode estar completo (lista curta) ou truncado. Nao ha evidencia suficiente para afirmar completude sem repetir a consulta com paginacao real."
paginacao_itens;34870576000121-1-000039/2026;completude_nao_comprovada;"2 itens armazenados via chamada unica sem paginacao (bug v1); pode estar completo (lista curta) ou truncado. Nao ha evidencia suficiente para afirmar completude sem repetir a consulta com paginacao real."
paginacao_itens;34870576000121-1-000040/2026;completude_nao_comprovada;"1 itens armazenados via chamada unica sem paginacao (bug v1); pode estar completo (lista curta) ou truncado. Nao ha evidencia suficiente para afirmar completude sem repetir a consulta com paginacao real."
paginacao_itens;34870576000121-1-000041/2025;completude_nao_comprovada;"1 itens armazenados via chamada unica sem paginacao (bug v1); pode estar completo (lista curta) ou truncado. Nao ha evidencia suficiente para afirmar completude sem repetir a consulta com paginacao real."
paginacao_itens;34870576000121-1-000041/2026;completude_nao_comprovada_alta_prioridade;"exatamente 10 itens armazenados; tamanho tipico de 1a pagina do endpoint. Bug v1: coletor fez 1 chamada sem parametros pagina/tamanhoPagina e assumiu completude. Requer nova consulta paginada real (pagina=1,2,3,... ate esgotar) para confirmar total."
paginacao_itens;34870576000121-1-000042/2025;completude_nao_comprovada;"1 itens armazenados via chamada unica sem paginacao (bug v1); pode estar completo (lista curta) ou truncado. Nao ha evidencia suficiente para afirmar completude sem repetir a consulta com paginacao real."
paginacao_itens;34870576000121-1-000043/2025;completude_nao_comprovada_alta_prioridade;"exatamente 10 itens armazenados; tamanho tipico de 1a pagina do endpoint. Bug v1: coletor fez 1 chamada sem parametros pagina/tamanhoPagina e assumiu completude. Requer nova consulta paginada real (pagina=1,2,3,... ate esgotar) para confirmar total."
paginacao_itens;34870576000121-1-000044/2026;completude_nao_comprovada_alta_prioridade;"exatamente 10 itens armazenados; tamanho tipico de 1a pagina do endpoint. Bug v1: coletor fez 1 chamada sem parametros pagina/tamanhoPagina e assumiu completude. Requer nova consulta paginada real (pagina=1,2,3,... ate esgotar) para confirmar total."
paginacao_itens;34870576000121-1-000045/2026;completude_nao_comprovada;"7 itens armazenados via chamada unica sem paginacao (bug v1); pode estar completo (lista curta) ou truncado. Nao ha evidencia suficiente para afirmar completude sem repetir a consulta com paginacao real."
paginacao_itens;34870576000121-1-000046/2026;completude_nao_comprovada;"3 itens armazenados via chamada unica sem paginacao (bug v1); pode estar completo (lista curta) ou truncado. Nao ha evidencia suficiente para afirmar completude sem repetir a consulta com paginacao real."
paginacao_itens;34870576000121-1-000047/2026;completude_nao_comprovada_alta_prioridade;"exatamente 10 itens armazenados; tamanho tipico de 1a pagina do endpoint. Bug v1: coletor fez 1 chamada sem parametros pagina/tamanhoPagina e assumiu completude. Requer nova consulta paginada real (pagina=1,2,3,... ate esgotar) para confirmar total."
paginacao_itens;34870576000121-1-000048/2026;completude_nao_comprovada_alta_prioridade;"exatamente 10 itens armazenados; tamanho tipico de 1a pagina do endpoint. Bug v1: coletor fez 1 chamada sem parametros pagina/tamanhoPagina e assumiu completude. Requer nova consulta paginada real (pagina=1,2,3,... ate esgotar) para confirmar total."
paginacao_itens;34870576000121-1-000049/2026;completude_nao_comprovada_alta_prioridade;"exatamente 10 itens armazenados; tamanho tipico de 1a pagina do endpoint. Bug v1: coletor fez 1 chamada sem parametros pagina/tamanhoPagina e assumiu completude. Requer nova consulta paginada real (pagina=1,2,3,... ate esgotar) para confirmar total."
paginacao_itens;34870576000121-1-000050/2025;completude_nao_comprovada;"7 itens armazenados via chamada unica sem paginacao (bug v1); pode estar completo (lista curta) ou truncado. Nao ha evidencia suficiente para afirmar completude sem repetir a consulta com paginacao real."
paginacao_itens;34870576000121-1-000051/2025;completude_nao_comprovada;"1 itens armazenados via chamada unica sem paginacao (bug v1); pode estar completo (lista curta) ou truncado. Nao ha evidencia suficiente para afirmar completude sem repetir a consulta com paginacao real."
paginacao_itens;34870576000121-1-000055/2026;completude_nao_comprovada;"1 itens armazenados via chamada unica sem paginacao (bug v1); pode estar completo (lista curta) ou truncado. Nao ha evidencia suficiente para afirmar completude sem repetir a consulta com paginacao real."
paginacao_itens;34870576000121-1-000056/2025;completude_nao_comprovada;"1 itens armazenados via chamada unica sem paginacao (bug v1); pode estar completo (lista curta) ou truncado. Nao ha evidencia suficiente para afirmar completude sem repetir a consulta com paginacao real."
paginacao_itens;34870576000121-1-000057/2025;completude_nao_comprovada;"1 itens armazenados via chamada unica sem paginacao (bug v1); pode estar completo (lista curta) ou truncado. Nao ha evidencia suficiente para afirmar completude sem repetir a consulta com paginacao real."
paginacao_itens;34870576000121-1-000057/2026;completude_nao_comprovada;"1 itens armazenados via chamada unica sem paginacao (bug v1); pode estar completo (lista curta) ou truncado. Nao ha evidencia suficiente para afirmar completude sem repetir a consulta com paginacao real."
paginacao_itens;34870576000121-1-000058/2026;completude_nao_comprovada_alta_prioridade;"exatamente 10 itens armazenados; tamanho tipico de 1a pagina do endpoint. Bug v1: coletor fez 1 chamada sem parametros pagina/tamanhoPagina e assumiu completude. Requer nova consulta paginada real (pagina=1,2,3,... ate esgotar) para confirmar total."
paginacao_itens;34870576000121-1-000059/2025;completude_nao_comprovada;"1 itens armazenados via chamada unica sem paginacao (bug v1); pode estar completo (lista curta) ou truncado. Nao ha evidencia suficiente para afirmar completude sem repetir a consulta com paginacao real."
paginacao_itens;34870576000121-1-000059/2026;completude_nao_comprovada;"2 itens armazenados via chamada unica sem paginacao (bug v1); pode estar completo (lista curta) ou truncado. Nao ha evidencia suficiente para afirmar completude sem repetir a consulta com paginacao real."
paginacao_itens;34870576000121-1-000060/2025;completude_nao_comprovada_alta_prioridade;"exatamente 10 itens armazenados; tamanho tipico de 1a pagina do endpoint. Bug v1: coletor fez 1 chamada sem parametros pagina/tamanhoPagina e assumiu completude. Requer nova consulta paginada real (pagina=1,2,3,... ate esgotar) para confirmar total."
paginacao_itens;34870576000121-1-000063/2026;completude_nao_comprovada_alta_prioridade;"exatamente 10 itens armazenados; tamanho tipico de 1a pagina do endpoint. Bug v1: coletor fez 1 chamada sem parametros pagina/tamanhoPagina e assumiu completude. Requer nova consulta paginada real (pagina=1,2,3,... ate esgotar) para confirmar total."
paginacao_itens;34870576000121-1-000064/2026;completude_nao_comprovada;"2 itens armazenados via chamada unica sem paginacao (bug v1); pode estar completo (lista curta) ou truncado. Nao ha evidencia suficiente para afirmar completude sem repetir a consulta com paginacao real."
paginacao_itens;34870576000121-1-000065/2026;completude_nao_comprovada;"2 itens armazenados via chamada unica sem paginacao (bug v1); pode estar completo (lista curta) ou truncado. Nao ha evidencia suficiente para afirmar completude sem repetir a consulta com paginacao real."
paginacao_itens;34870576000121-1-000066/2026;completude_nao_comprovada;"1 itens armazenados via chamada unica sem paginacao (bug v1); pode estar completo (lista curta) ou truncado. Nao ha evidencia suficiente para afirmar completude sem repetir a consulta com paginacao real."
paginacao_itens;34870576000121-1-000067/2026;completude_nao_comprovada;"7 itens armazenados via chamada unica sem paginacao (bug v1); pode estar completo (lista curta) ou truncado. Nao ha evidencia suficiente para afirmar completude sem repetir a consulta com paginacao real."
paginacao_itens;34870576000121-1-000068/2026;completude_nao_comprovada;"1 itens armazenados via chamada unica sem paginacao (bug v1); pode estar completo (lista curta) ou truncado. Nao ha evidencia suficiente para afirmar completude sem repetir a consulta com paginacao real."
paginacao_itens;34870576000121-1-000069/2026;completude_nao_comprovada;"2 itens armazenados via chamada unica sem paginacao (bug v1); pode estar completo (lista curta) ou truncado. Nao ha evidencia suficiente para afirmar completude sem repetir a consulta com paginacao real."
paginacao_itens;34870576000121-1-000070/2026;completude_nao_comprovada_alta_prioridade;"exatamente 10 itens armazenados; tamanho tipico de 1a pagina do endpoint. Bug v1: coletor fez 1 chamada sem parametros pagina/tamanhoPagina e assumiu completude. Requer nova consulta paginada real (pagina=1,2,3,... ate esgotar) para confirmar total."
paginacao_itens;34870576000121-1-000073/2025;completude_nao_comprovada;"6 itens armazenados via chamada unica sem paginacao (bug v1); pode estar completo (lista curta) ou truncado. Nao ha evidencia suficiente para afirmar completude sem repetir a consulta com paginacao real."
paginacao_itens;34870576000121-1-000073/2026;completude_nao_comprovada;"1 itens armazenados via chamada unica sem paginacao (bug v1); pode estar completo (lista curta) ou truncado. Nao ha evidencia suficiente para afirmar completude sem repetir a consulta com paginacao real."
paginacao_itens;34870576000121-1-000075/2025;completude_nao_comprovada;"1 itens armazenados via chamada unica sem paginacao (bug v1); pode estar completo (lista curta) ou truncado. Nao ha evidencia suficiente para afirmar completude sem repetir a consulta com paginacao real."
paginacao_itens;34870576000121-1-000076/2025;completude_nao_comprovada;"4 itens armazenados via chamada unica sem paginacao (bug v1); pode estar completo (lista curta) ou truncado. Nao ha evidencia suficiente para afirmar completude sem repetir a consulta com paginacao real."
paginacao_itens;34870576000121-1-000083/2025;completude_nao_comprovada;"1 itens armazenados via chamada unica sem paginacao (bug v1); pode estar completo (lista curta) ou truncado. Nao ha evidencia suficiente para afirmar completude sem repetir a consulta com paginacao real."
paginacao_itens;34870576000121-1-000084/2025;completude_nao_comprovada;"1 itens armazenados via chamada unica sem paginacao (bug v1); pode estar completo (lista curta) ou truncado. Nao ha evidencia suficiente para afirmar completude sem repetir a consulta com paginacao real."
paginacao_itens;34870576000121-1-000086/2025;completude_nao_comprovada;"1 itens armazenados via chamada unica sem paginacao (bug v1); pode estar completo (lista curta) ou truncado. Nao ha evidencia suficiente para afirmar completude sem repetir a consulta com paginacao real."
paginacao_itens;34870576000121-1-000089/2025;completude_nao_comprovada;"3 itens armazenados via chamada unica sem paginacao (bug v1); pode estar completo (lista curta) ou truncado. Nao ha evidencia suficiente para afirmar completude sem repetir a consulta com paginacao real."
paginacao_itens;34870576000121-1-000094/2025;completude_nao_comprovada;"7 itens armazenados via chamada unica sem paginacao (bug v1); pode estar completo (lista curta) ou truncado. Nao ha evidencia suficiente para afirmar completude sem repetir a consulta com paginacao real."
paginacao_itens;34870576000121-1-000097/2025;completude_nao_comprovada;"1 itens armazenados via chamada unica sem paginacao (bug v1); pode estar completo (lista curta) ou truncado. Nao ha evidencia suficiente para afirmar completude sem repetir a consulta com paginacao real."
paginacao_itens;34870576000121-1-000098/2025;completude_nao_comprovada;"1 itens armazenados via chamada unica sem paginacao (bug v1); pode estar completo (lista curta) ou truncado. Nao ha evidencia suficiente para afirmar completude sem repetir a consulta com paginacao real."
paginacao_itens;34870576000121-1-000099/2025;completude_nao_comprovada;"1 itens armazenados via chamada unica sem paginacao (bug v1); pode estar completo (lista curta) ou truncado. Nao ha evidencia suficiente para afirmar completude sem repetir a consulta com paginacao real."
paginacao_itens;34870576000121-1-000105/2025;completude_nao_comprovada;"1 itens armazenados via chamada unica sem paginacao (bug v1); pode estar completo (lista curta) ou truncado. Nao ha evidencia suficiente para afirmar completude sem repetir a consulta com paginacao real."
paginacao_itens;34870576000121-1-000106/2025;completude_nao_comprovada;"2 itens armazenados via chamada unica sem paginacao (bug v1); pode estar completo (lista curta) ou truncado. Nao ha evidencia suficiente para afirmar completude sem repetir a consulta com paginacao real."
paginacao_itens;34870576000121-1-000107/2025;completude_nao_comprovada;"2 itens armazenados via chamada unica sem paginacao (bug v1); pode estar completo (lista curta) ou truncado. Nao ha evidencia suficiente para afirmar completude sem repetir a consulta com paginacao real."
paginacao_itens;34870576000121-1-000108/2025;completude_nao_comprovada;"2 itens armazenados via chamada unica sem paginacao (bug v1); pode estar completo (lista curta) ou truncado. Nao ha evidencia suficiente para afirmar completude sem repetir a consulta com paginacao real."
paginacao_itens;34870576000121-1-000112/2025;completude_nao_comprovada;"1 itens armazenados via chamada unica sem paginacao (bug v1); pode estar completo (lista curta) ou truncado. Nao ha evidencia suficiente para afirmar completude sem repetir a consulta com paginacao real."
paginacao_itens;34870576000121-1-000113/2025;completude_nao_comprovada;"1 itens armazenados via chamada unica sem paginacao (bug v1); pode estar completo (lista curta) ou truncado. Nao ha evidencia suficiente para afirmar completude sem repetir a consulta com paginacao real."
paginacao_itens;34925099000154-1-000001/2025;completude_nao_comprovada;"6 itens armazenados via chamada unica sem paginacao (bug v1); pode estar completo (lista curta) ou truncado. Nao ha evidencia suficiente para afirmar completude sem repetir a consulta com paginacao real."
paginacao_itens;34925099000154-1-000001/2026;completude_nao_comprovada_alta_prioridade;"exatamente 10 itens armazenados; tamanho tipico de 1a pagina do endpoint. Bug v1: coletor fez 1 chamada sem parametros pagina/tamanhoPagina e assumiu completude. Requer nova consulta paginada real (pagina=1,2,3,... ate esgotar) para confirmar total."
paginacao_itens;34925099000154-1-000002/2025;completude_nao_comprovada;"1 itens armazenados via chamada unica sem paginacao (bug v1); pode estar completo (lista curta) ou truncado. Nao ha evidencia suficiente para afirmar completude sem repetir a consulta com paginacao real."
paginacao_itens;34925099000154-1-000002/2026;completude_nao_comprovada;"6 itens armazenados via chamada unica sem paginacao (bug v1); pode estar completo (lista curta) ou truncado. Nao ha evidencia suficiente para afirmar completude sem repetir a consulta com paginacao real."
paginacao_itens;34925099000154-1-000007/2025;completude_nao_comprovada;"2 itens armazenados via chamada unica sem paginacao (bug v1); pode estar completo (lista curta) ou truncado. Nao ha evidencia suficiente para afirmar completude sem repetir a consulta com paginacao real."
paginacao_itens;34925099000154-1-000008/2025;completude_nao_comprovada;"2 itens armazenados via chamada unica sem paginacao (bug v1); pode estar completo (lista curta) ou truncado. Nao ha evidencia suficiente para afirmar completude sem repetir a consulta com paginacao real."
paginacao_itens;34925099000154-1-000009/2025;completude_nao_comprovada;"1 itens armazenados via chamada unica sem paginacao (bug v1); pode estar completo (lista curta) ou truncado. Nao ha evidencia suficiente para afirmar completude sem repetir a consulta com paginacao real."
paginacao_itens;34925131000100-1-000001/2025;completude_nao_comprovada;"6 itens armazenados via chamada unica sem paginacao (bug v1); pode estar completo (lista curta) ou truncado. Nao ha evidencia suficiente para afirmar completude sem repetir a consulta com paginacao real."
paginacao_itens;34925131000100-1-000002/2025;completude_nao_comprovada_alta_prioridade;"exatamente 10 itens armazenados; tamanho tipico de 1a pagina do endpoint. Bug v1: coletor fez 1 chamada sem parametros pagina/tamanhoPagina e assumiu completude. Requer nova consulta paginada real (pagina=1,2,3,... ate esgotar) para confirmar total."
paginacao_itens;34925131000100-1-000003/2025;completude_nao_comprovada_alta_prioridade;"exatamente 10 itens armazenados; tamanho tipico de 1a pagina do endpoint. Bug v1: coletor fez 1 chamada sem parametros pagina/tamanhoPagina e assumiu completude. Requer nova consulta paginada real (pagina=1,2,3,... ate esgotar) para confirmar total."
paginacao_itens;34925131000100-1-000004/2025;completude_nao_comprovada;"1 itens armazenados via chamada unica sem paginacao (bug v1); pode estar completo (lista curta) ou truncado. Nao ha evidencia suficiente para afirmar completude sem repetir a consulta com paginacao real."
paginacao_itens;34925131000100-1-000005/2025;completude_nao_comprovada_alta_prioridade;"exatamente 10 itens armazenados; tamanho tipico de 1a pagina do endpoint. Bug v1: coletor fez 1 chamada sem parametros pagina/tamanhoPagina e assumiu completude. Requer nova consulta paginada real (pagina=1,2,3,... ate esgotar) para confirmar total."
paginacao_itens;34925131000100-1-000006/2025;completude_nao_comprovada;"6 itens armazenados via chamada unica sem paginacao (bug v1); pode estar completo (lista curta) ou truncado. Nao ha evidencia suficiente para afirmar completude sem repetir a consulta com paginacao real."
paginacao_itens;34925131000100-1-000006/2026;completude_nao_comprovada_alta_prioridade;"exatamente 10 itens armazenados; tamanho tipico de 1a pagina do endpoint. Bug v1: coletor fez 1 chamada sem parametros pagina/tamanhoPagina e assumiu completude. Requer nova consulta paginada real (pagina=1,2,3,... ate esgotar) para confirmar total."
paginacao_itens;34925131000100-1-000007/2025;completude_nao_comprovada;"4 itens armazenados via chamada unica sem paginacao (bug v1); pode estar completo (lista curta) ou truncado. Nao ha evidencia suficiente para afirmar completude sem repetir a consulta com paginacao real."
paginacao_itens;34925131000100-1-000007/2026;completude_nao_comprovada;"4 itens armazenados via chamada unica sem paginacao (bug v1); pode estar completo (lista curta) ou truncado. Nao ha evidencia suficiente para afirmar completude sem repetir a consulta com paginacao real."
paginacao_itens;34925131000100-1-000008/2025;completude_nao_comprovada_alta_prioridade;"exatamente 10 itens armazenados; tamanho tipico de 1a pagina do endpoint. Bug v1: coletor fez 1 chamada sem parametros pagina/tamanhoPagina e assumiu completude. Requer nova consulta paginada real (pagina=1,2,3,... ate esgotar) para confirmar total."
paginacao_itens;34925131000100-1-000008/2026;completude_nao_comprovada_alta_prioridade;"exatamente 10 itens armazenados; tamanho tipico de 1a pagina do endpoint. Bug v1: coletor fez 1 chamada sem parametros pagina/tamanhoPagina e assumiu completude. Requer nova consulta paginada real (pagina=1,2,3,... ate esgotar) para confirmar total."
paginacao_itens;34925131000100-1-000009/2026;completude_nao_comprovada_alta_prioridade;"exatamente 10 itens armazenados; tamanho tipico de 1a pagina do endpoint. Bug v1: coletor fez 1 chamada sem parametros pagina/tamanhoPagina e assumiu completude. Requer nova consulta paginada real (pagina=1,2,3,... ate esgotar) para confirmar total."
paginacao_itens;34925131000100-1-000010/2026;completude_nao_comprovada_alta_prioridade;"exatamente 10 itens armazenados; tamanho tipico de 1a pagina do endpoint. Bug v1: coletor fez 1 chamada sem parametros pagina/tamanhoPagina e assumiu completude. Requer nova consulta paginada real (pagina=1,2,3,... ate esgotar) para confirmar total."
paginacao_itens;34925131000100-1-000011/2025;completude_nao_comprovada_alta_prioridade;"exatamente 10 itens armazenados; tamanho tipico de 1a pagina do endpoint. Bug v1: coletor fez 1 chamada sem parametros pagina/tamanhoPagina e assumiu completude. Requer nova consulta paginada real (pagina=1,2,3,... ate esgotar) para confirmar total."
paginacao_itens;34925131000100-1-000011/2026;completude_nao_comprovada_alta_prioridade;"exatamente 10 itens armazenados; tamanho tipico de 1a pagina do endpoint. Bug v1: coletor fez 1 chamada sem parametros pagina/tamanhoPagina e assumiu completude. Requer nova consulta paginada real (pagina=1,2,3,... ate esgotar) para confirmar total."
paginacao_itens;34925131000100-1-000012/2025;completude_nao_comprovada_alta_prioridade;"exatamente 10 itens armazenados; tamanho tipico de 1a pagina do endpoint. Bug v1: coletor fez 1 chamada sem parametros pagina/tamanhoPagina e assumiu completude. Requer nova consulta paginada real (pagina=1,2,3,... ate esgotar) para confirmar total."
paginacao_itens;34925131000100-1-000012/2026;completude_nao_comprovada_alta_prioridade;"exatamente 10 itens armazenados; tamanho tipico de 1a pagina do endpoint. Bug v1: coletor fez 1 chamada sem parametros pagina/tamanhoPagina e assumiu completude. Requer nova consulta paginada real (pagina=1,2,3,... ate esgotar) para confirmar total."
paginacao_itens;34925131000100-1-000013/2025;completude_nao_comprovada;"3 itens armazenados via chamada unica sem paginacao (bug v1); pode estar completo (lista curta) ou truncado. Nao ha evidencia suficiente para afirmar completude sem repetir a consulta com paginacao real."
paginacao_itens;34925131000100-1-000014/2025;completude_nao_comprovada;"7 itens armazenados via chamada unica sem paginacao (bug v1); pode estar completo (lista curta) ou truncado. Nao ha evidencia suficiente para afirmar completude sem repetir a consulta com paginacao real."
paginacao_itens;34925131000100-1-000014/2026;completude_nao_comprovada;"1 itens armazenados via chamada unica sem paginacao (bug v1); pode estar completo (lista curta) ou truncado. Nao ha evidencia suficiente para afirmar completude sem repetir a consulta com paginacao real."
paginacao_itens;34925131000100-1-000015/2025;completude_nao_comprovada_alta_prioridade;"exatamente 10 itens armazenados; tamanho tipico de 1a pagina do endpoint. Bug v1: coletor fez 1 chamada sem parametros pagina/tamanhoPagina e assumiu completude. Requer nova consulta paginada real (pagina=1,2,3,... ate esgotar) para confirmar total."
paginacao_itens;34925131000100-1-000015/2026;completude_nao_comprovada_alta_prioridade;"exatamente 10 itens armazenados; tamanho tipico de 1a pagina do endpoint. Bug v1: coletor fez 1 chamada sem parametros pagina/tamanhoPagina e assumiu completude. Requer nova consulta paginada real (pagina=1,2,3,... ate esgotar) para confirmar total."
paginacao_itens;34925131000100-1-000016/2025;completude_nao_comprovada;"1 itens armazenados via chamada unica sem paginacao (bug v1); pode estar completo (lista curta) ou truncado. Nao ha evidencia suficiente para afirmar completude sem repetir a consulta com paginacao real."
paginacao_itens;34925131000100-1-000016/2026;completude_nao_comprovada_alta_prioridade;"exatamente 10 itens armazenados; tamanho tipico de 1a pagina do endpoint. Bug v1: coletor fez 1 chamada sem parametros pagina/tamanhoPagina e assumiu completude. Requer nova consulta paginada real (pagina=1,2,3,... ate esgotar) para confirmar total."
paginacao_itens;34925131000100-1-000017/2026;completude_nao_comprovada;"5 itens armazenados via chamada unica sem paginacao (bug v1); pode estar completo (lista curta) ou truncado. Nao ha evidencia suficiente para afirmar completude sem repetir a consulta com paginacao real."
paginacao_itens;34925131000100-1-000021/2025;completude_nao_comprovada_alta_prioridade;"exatamente 10 itens armazenados; tamanho tipico de 1a pagina do endpoint. Bug v1: coletor fez 1 chamada sem parametros pagina/tamanhoPagina e assumiu completude. Requer nova consulta paginada real (pagina=1,2,3,... ate esgotar) para confirmar total."
paginacao_itens;34925131000100-1-000022/2025;completude_nao_comprovada;"1 itens armazenados via chamada unica sem paginacao (bug v1); pode estar completo (lista curta) ou truncado. Nao ha evidencia suficiente para afirmar completude sem repetir a consulta com paginacao real."
paginacao_itens;34925198000136-1-000001/2026;completude_nao_comprovada_alta_prioridade;"exatamente 10 itens armazenados; tamanho tipico de 1a pagina do endpoint. Bug v1: coletor fez 1 chamada sem parametros pagina/tamanhoPagina e assumiu completude. Requer nova consulta paginada real (pagina=1,2,3,... ate esgotar) para confirmar total."
paginacao_itens;34925198000136-1-000002/2026;completude_nao_comprovada;"9 itens armazenados via chamada unica sem paginacao (bug v1); pode estar completo (lista curta) ou truncado. Nao ha evidencia suficiente para afirmar completude sem repetir a consulta com paginacao real."
paginacao_itens;34925198000136-1-000003/2025;completude_nao_comprovada;"1 itens armazenados via chamada unica sem paginacao (bug v1); pode estar completo (lista curta) ou truncado. Nao ha evidencia suficiente para afirmar completude sem repetir a consulta com paginacao real."
paginacao_itens;34925198000136-1-000005/2025;completude_nao_comprovada_alta_prioridade;"exatamente 10 itens armazenados; tamanho tipico de 1a pagina do endpoint. Bug v1: coletor fez 1 chamada sem parametros pagina/tamanhoPagina e assumiu completude. Requer nova consulta paginada real (pagina=1,2,3,... ate esgotar) para confirmar total."
paginacao_itens;34925198000136-1-000008/2026;completude_nao_comprovada_alta_prioridade;"exatamente 10 itens armazenados; tamanho tipico de 1a pagina do endpoint. Bug v1: coletor fez 1 chamada sem parametros pagina/tamanhoPagina e assumiu completude. Requer nova consulta paginada real (pagina=1,2,3,... ate esgotar) para confirmar total."
paginacao_itens;34925198000136-1-000009/2026;completude_nao_comprovada_alta_prioridade;"exatamente 10 itens armazenados; tamanho tipico de 1a pagina do endpoint. Bug v1: coletor fez 1 chamada sem parametros pagina/tamanhoPagina e assumiu completude. Requer nova consulta paginada real (pagina=1,2,3,... ate esgotar) para confirmar total."
paginacao_itens;34925198000136-1-000010/2026;completude_nao_comprovada_alta_prioridade;"exatamente 10 itens armazenados; tamanho tipico de 1a pagina do endpoint. Bug v1: coletor fez 1 chamada sem parametros pagina/tamanhoPagina e assumiu completude. Requer nova consulta paginada real (pagina=1,2,3,... ate esgotar) para confirmar total."
paginacao_itens;34925198000136-1-000011/2026;completude_nao_comprovada;"6 itens armazenados via chamada unica sem paginacao (bug v1); pode estar completo (lista curta) ou truncado. Nao ha evidencia suficiente para afirmar completude sem repetir a consulta com paginacao real."
paginacao_itens;34925198000136-1-000012/2026;completude_nao_comprovada;"1 itens armazenados via chamada unica sem paginacao (bug v1); pode estar completo (lista curta) ou truncado. Nao ha evidencia suficiente para afirmar completude sem repetir a consulta com paginacao real."
paginacao_itens;34925198000136-1-000013/2026;completude_nao_comprovada;"1 itens armazenados via chamada unica sem paginacao (bug v1); pode estar completo (lista curta) ou truncado. Nao ha evidencia suficiente para afirmar completude sem repetir a consulta com paginacao real."
paginacao_itens;34925206000144-1-000002/2025;completude_nao_comprovada_alta_prioridade;"exatamente 10 itens armazenados; tamanho tipico de 1a pagina do endpoint. Bug v1: coletor fez 1 chamada sem parametros pagina/tamanhoPagina e assumiu completude. Requer nova consulta paginada real (pagina=1,2,3,... ate esgotar) para confirmar total."
paginacao_itens;34925206000144-1-000003/2025;completude_nao_comprovada_alta_prioridade;"exatamente 10 itens armazenados; tamanho tipico de 1a pagina do endpoint. Bug v1: coletor fez 1 chamada sem parametros pagina/tamanhoPagina e assumiu completude. Requer nova consulta paginada real (pagina=1,2,3,... ate esgotar) para confirmar total."
paginacao_itens;34925206000144-1-000003/2026;completude_nao_comprovada;"1 itens armazenados via chamada unica sem paginacao (bug v1); pode estar completo (lista curta) ou truncado. Nao ha evidencia suficiente para afirmar completude sem repetir a consulta com paginacao real."
paginacao_itens;34925206000144-1-000006/2026;completude_nao_comprovada;"1 itens armazenados via chamada unica sem paginacao (bug v1); pode estar completo (lista curta) ou truncado. Nao ha evidencia suficiente para afirmar completude sem repetir a consulta com paginacao real."
paginacao_itens;34925206000144-1-000007/2026;completude_nao_comprovada;"1 itens armazenados via chamada unica sem paginacao (bug v1); pode estar completo (lista curta) ou truncado. Nao ha evidencia suficiente para afirmar completude sem repetir a consulta com paginacao real."
paginacao_itens;34925206000144-1-000008/2025;completude_nao_comprovada;"1 itens armazenados via chamada unica sem paginacao (bug v1); pode estar completo (lista curta) ou truncado. Nao ha evidencia suficiente para afirmar completude sem repetir a consulta com paginacao real."
paginacao_itens;34925206000144-1-000008/2026;completude_nao_comprovada;"8 itens armazenados via chamada unica sem paginacao (bug v1); pode estar completo (lista curta) ou truncado. Nao ha evidencia suficiente para afirmar completude sem repetir a consulta com paginacao real."
paginacao_itens;34925206000144-1-000009/2026;completude_nao_comprovada;"2 itens armazenados via chamada unica sem paginacao (bug v1); pode estar completo (lista curta) ou truncado. Nao ha evidencia suficiente para afirmar completude sem repetir a consulta com paginacao real."
paginacao_itens;34925206000144-1-000010/2026;completude_nao_comprovada;"2 itens armazenados via chamada unica sem paginacao (bug v1); pode estar completo (lista curta) ou truncado. Nao ha evidencia suficiente para afirmar completude sem repetir a consulta com paginacao real."
paginacao_itens;34925214000190-1-000002/2026;completude_nao_comprovada;"5 itens armazenados via chamada unica sem paginacao (bug v1); pode estar completo (lista curta) ou truncado. Nao ha evidencia suficiente para afirmar completude sem repetir a consulta com paginacao real."
paginacao_itens;34925214000190-1-000006/2026;completude_nao_comprovada;"1 itens armazenados via chamada unica sem paginacao (bug v1); pode estar completo (lista curta) ou truncado. Nao ha evidencia suficiente para afirmar completude sem repetir a consulta com paginacao real."
paginacao_itens;34925214000190-1-000009/2026;completude_nao_comprovada;"6 itens armazenados via chamada unica sem paginacao (bug v1); pode estar completo (lista curta) ou truncado. Nao ha evidencia suficiente para afirmar completude sem repetir a consulta com paginacao real."
paginacao_itens;34925214000190-1-000010/2025;completude_nao_comprovada_alta_prioridade;"exatamente 10 itens armazenados; tamanho tipico de 1a pagina do endpoint. Bug v1: coletor fez 1 chamada sem parametros pagina/tamanhoPagina e assumiu completude. Requer nova consulta paginada real (pagina=1,2,3,... ate esgotar) para confirmar total."
paginacao_itens;34925214000190-1-000011/2026;completude_nao_comprovada;"5 itens armazenados via chamada unica sem paginacao (bug v1); pode estar completo (lista curta) ou truncado. Nao ha evidencia suficiente para afirmar completude sem repetir a consulta com paginacao real."
paginacao_itens;34925214000190-1-000012/2025;completude_nao_comprovada_alta_prioridade;"exatamente 10 itens armazenados; tamanho tipico de 1a pagina do endpoint. Bug v1: coletor fez 1 chamada sem parametros pagina/tamanhoPagina e assumiu completude. Requer nova consulta paginada real (pagina=1,2,3,... ate esgotar) para confirmar total."
paginacao_itens;34925214000190-1-000012/2026;completude_nao_comprovada_alta_prioridade;"exatamente 10 itens armazenados; tamanho tipico de 1a pagina do endpoint. Bug v1: coletor fez 1 chamada sem parametros pagina/tamanhoPagina e assumiu completude. Requer nova consulta paginada real (pagina=1,2,3,... ate esgotar) para confirmar total."
paginacao_itens;34925214000190-1-000013/2025;completude_nao_comprovada;"8 itens armazenados via chamada unica sem paginacao (bug v1); pode estar completo (lista curta) ou truncado. Nao ha evidencia suficiente para afirmar completude sem repetir a consulta com paginacao real."
paginacao_itens;34925214000190-1-000014/2025;completude_nao_comprovada_alta_prioridade;"exatamente 10 itens armazenados; tamanho tipico de 1a pagina do endpoint. Bug v1: coletor fez 1 chamada sem parametros pagina/tamanhoPagina e assumiu completude. Requer nova consulta paginada real (pagina=1,2,3,... ate esgotar) para confirmar total."
paginacao_itens;34925214000190-1-000014/2026;completude_nao_comprovada;"3 itens armazenados via chamada unica sem paginacao (bug v1); pode estar completo (lista curta) ou truncado. Nao ha evidencia suficiente para afirmar completude sem repetir a consulta com paginacao real."
paginacao_itens;34925214000190-1-000015/2025;completude_nao_comprovada_alta_prioridade;"exatamente 10 itens armazenados; tamanho tipico de 1a pagina do endpoint. Bug v1: coletor fez 1 chamada sem parametros pagina/tamanhoPagina e assumiu completude. Requer nova consulta paginada real (pagina=1,2,3,... ate esgotar) para confirmar total."
paginacao_itens;34925214000190-1-000016/2025;completude_nao_comprovada;"8 itens armazenados via chamada unica sem paginacao (bug v1); pode estar completo (lista curta) ou truncado. Nao ha evidencia suficiente para afirmar completude sem repetir a consulta com paginacao real."
paginacao_itens;34925214000190-1-000019/2025;completude_nao_comprovada_alta_prioridade;"exatamente 10 itens armazenados; tamanho tipico de 1a pagina do endpoint. Bug v1: coletor fez 1 chamada sem parametros pagina/tamanhoPagina e assumiu completude. Requer nova consulta paginada real (pagina=1,2,3,... ate esgotar) para confirmar total."
paginacao_itens;34925214000190-1-000021/2024;completude_nao_comprovada;"2 itens armazenados via chamada unica sem paginacao (bug v1); pode estar completo (lista curta) ou truncado. Nao ha evidencia suficiente para afirmar completude sem repetir a consulta com paginacao real."
paginacao_itens;34925214000190-1-000022/2025;completude_nao_comprovada_alta_prioridade;"exatamente 10 itens armazenados; tamanho tipico de 1a pagina do endpoint. Bug v1: coletor fez 1 chamada sem parametros pagina/tamanhoPagina e assumiu completude. Requer nova consulta paginada real (pagina=1,2,3,... ate esgotar) para confirmar total."
paginacao_itens;34925222000137-1-000001/2025;completude_nao_comprovada;"7 itens armazenados via chamada unica sem paginacao (bug v1); pode estar completo (lista curta) ou truncado. Nao ha evidencia suficiente para afirmar completude sem repetir a consulta com paginacao real."
paginacao_itens;34925222000137-1-000003/2026;completude_nao_comprovada_alta_prioridade;"exatamente 10 itens armazenados; tamanho tipico de 1a pagina do endpoint. Bug v1: coletor fez 1 chamada sem parametros pagina/tamanhoPagina e assumiu completude. Requer nova consulta paginada real (pagina=1,2,3,... ate esgotar) para confirmar total."
paginacao_itens;34925222000137-1-000004/2025;completude_nao_comprovada;"1 itens armazenados via chamada unica sem paginacao (bug v1); pode estar completo (lista curta) ou truncado. Nao ha evidencia suficiente para afirmar completude sem repetir a consulta com paginacao real."
paginacao_itens;34925222000137-1-000004/2026;completude_nao_comprovada_alta_prioridade;"exatamente 10 itens armazenados; tamanho tipico de 1a pagina do endpoint. Bug v1: coletor fez 1 chamada sem parametros pagina/tamanhoPagina e assumiu completude. Requer nova consulta paginada real (pagina=1,2,3,... ate esgotar) para confirmar total."
paginacao_itens;34925222000137-1-000005/2025;completude_nao_comprovada_alta_prioridade;"exatamente 10 itens armazenados; tamanho tipico de 1a pagina do endpoint. Bug v1: coletor fez 1 chamada sem parametros pagina/tamanhoPagina e assumiu completude. Requer nova consulta paginada real (pagina=1,2,3,... ate esgotar) para confirmar total."
paginacao_itens;34925222000137-1-000005/2026;completude_nao_comprovada_alta_prioridade;"exatamente 10 itens armazenados; tamanho tipico de 1a pagina do endpoint. Bug v1: coletor fez 1 chamada sem parametros pagina/tamanhoPagina e assumiu completude. Requer nova consulta paginada real (pagina=1,2,3,... ate esgotar) para confirmar total."
paginacao_itens;34925222000137-1-000006/2025;completude_nao_comprovada_alta_prioridade;"exatamente 10 itens armazenados; tamanho tipico de 1a pagina do endpoint. Bug v1: coletor fez 1 chamada sem parametros pagina/tamanhoPagina e assumiu completude. Requer nova consulta paginada real (pagina=1,2,3,... ate esgotar) para confirmar total."
paginacao_itens;34925222000137-1-000006/2026;completude_nao_comprovada;"1 itens armazenados via chamada unica sem paginacao (bug v1); pode estar completo (lista curta) ou truncado. Nao ha evidencia suficiente para afirmar completude sem repetir a consulta com paginacao real."
paginacao_itens;34925222000137-1-000007/2025;completude_nao_comprovada_alta_prioridade;"exatamente 10 itens armazenados; tamanho tipico de 1a pagina do endpoint. Bug v1: coletor fez 1 chamada sem parametros pagina/tamanhoPagina e assumiu completude. Requer nova consulta paginada real (pagina=1,2,3,... ate esgotar) para confirmar total."
paginacao_itens;34925222000137-1-000007/2026;completude_nao_comprovada;"7 itens armazenados via chamada unica sem paginacao (bug v1); pode estar completo (lista curta) ou truncado. Nao ha evidencia suficiente para afirmar completude sem repetir a consulta com paginacao real."
paginacao_itens;34925222000137-1-000008/2025;completude_nao_comprovada;"1 itens armazenados via chamada unica sem paginacao (bug v1); pode estar completo (lista curta) ou truncado. Nao ha evidencia suficiente para afirmar completude sem repetir a consulta com paginacao real."
paginacao_itens;34925222000137-1-000009/2026;completude_nao_comprovada;"1 itens armazenados via chamada unica sem paginacao (bug v1); pode estar completo (lista curta) ou truncado. Nao ha evidencia suficiente para afirmar completude sem repetir a consulta com paginacao real."
paginacao_itens;34925222000137-1-000013/2026;completude_nao_comprovada;"1 itens armazenados via chamada unica sem paginacao (bug v1); pode estar completo (lista curta) ou truncado. Nao ha evidencia suficiente para afirmar completude sem repetir a consulta com paginacao real."
paginacao_itens;34925222000137-1-000014/2026;completude_nao_comprovada;"1 itens armazenados via chamada unica sem paginacao (bug v1); pode estar completo (lista curta) ou truncado. Nao ha evidencia suficiente para afirmar completude sem repetir a consulta com paginacao real."
paginacao_itens;34925222000137-1-000016/2025;completude_nao_comprovada_alta_prioridade;"exatamente 10 itens armazenados; tamanho tipico de 1a pagina do endpoint. Bug v1: coletor fez 1 chamada sem parametros pagina/tamanhoPagina e assumiu completude. Requer nova consulta paginada real (pagina=1,2,3,... ate esgotar) para confirmar total."
paginacao_itens;34925222000137-1-000017/2025;completude_nao_comprovada_alta_prioridade;"exatamente 10 itens armazenados; tamanho tipico de 1a pagina do endpoint. Bug v1: coletor fez 1 chamada sem parametros pagina/tamanhoPagina e assumiu completude. Requer nova consulta paginada real (pagina=1,2,3,... ate esgotar) para confirmar total."
paginacao_itens;34925222000137-1-000020/2025;completude_nao_comprovada_alta_prioridade;"exatamente 10 itens armazenados; tamanho tipico de 1a pagina do endpoint. Bug v1: coletor fez 1 chamada sem parametros pagina/tamanhoPagina e assumiu completude. Requer nova consulta paginada real (pagina=1,2,3,... ate esgotar) para confirmar total."
paginacao_itens;34925222000137-1-000021/2025;completude_nao_comprovada_alta_prioridade;"exatamente 10 itens armazenados; tamanho tipico de 1a pagina do endpoint. Bug v1: coletor fez 1 chamada sem parametros pagina/tamanhoPagina e assumiu completude. Requer nova consulta paginada real (pagina=1,2,3,... ate esgotar) para confirmar total."
paginacao_itens;34925230000183-1-000001/2026;completude_nao_comprovada;"1 itens armazenados via chamada unica sem paginacao (bug v1); pode estar completo (lista curta) ou truncado. Nao ha evidencia suficiente para afirmar completude sem repetir a consulta com paginacao real."
paginacao_itens;34925230000183-1-000003/2025;completude_nao_comprovada;"1 itens armazenados via chamada unica sem paginacao (bug v1); pode estar completo (lista curta) ou truncado. Nao ha evidencia suficiente para afirmar completude sem repetir a consulta com paginacao real."
paginacao_itens;34925230000183-1-000003/2026;completude_nao_comprovada_alta_prioridade;"exatamente 10 itens armazenados; tamanho tipico de 1a pagina do endpoint. Bug v1: coletor fez 1 chamada sem parametros pagina/tamanhoPagina e assumiu completude. Requer nova consulta paginada real (pagina=1,2,3,... ate esgotar) para confirmar total."
paginacao_itens;34925230000183-1-000004/2025;completude_nao_comprovada;"2 itens armazenados via chamada unica sem paginacao (bug v1); pode estar completo (lista curta) ou truncado. Nao ha evidencia suficiente para afirmar completude sem repetir a consulta com paginacao real."
paginacao_itens;34925230000183-1-000005/2025;completude_nao_comprovada_alta_prioridade;"exatamente 10 itens armazenados; tamanho tipico de 1a pagina do endpoint. Bug v1: coletor fez 1 chamada sem parametros pagina/tamanhoPagina e assumiu completude. Requer nova consulta paginada real (pagina=1,2,3,... ate esgotar) para confirmar total."
paginacao_itens;34925230000183-1-000005/2026;completude_nao_comprovada_alta_prioridade;"exatamente 10 itens armazenados; tamanho tipico de 1a pagina do endpoint. Bug v1: coletor fez 1 chamada sem parametros pagina/tamanhoPagina e assumiu completude. Requer nova consulta paginada real (pagina=1,2,3,... ate esgotar) para confirmar total."
paginacao_itens;34925230000183-1-000006/2025;completude_nao_comprovada_alta_prioridade;"exatamente 10 itens armazenados; tamanho tipico de 1a pagina do endpoint. Bug v1: coletor fez 1 chamada sem parametros pagina/tamanhoPagina e assumiu completude. Requer nova consulta paginada real (pagina=1,2,3,... ate esgotar) para confirmar total."
paginacao_itens;34925230000183-1-000010/2025;completude_nao_comprovada;"1 itens armazenados via chamada unica sem paginacao (bug v1); pode estar completo (lista curta) ou truncado. Nao ha evidencia suficiente para afirmar completude sem repetir a consulta com paginacao real."
paginacao_itens;34925230000183-1-000012/2025;completude_nao_comprovada;"5 itens armazenados via chamada unica sem paginacao (bug v1); pode estar completo (lista curta) ou truncado. Nao ha evidencia suficiente para afirmar completude sem repetir a consulta com paginacao real."
paginacao_itens;34926188000115-1-000002/2025;completude_nao_comprovada;"5 itens armazenados via chamada unica sem paginacao (bug v1); pode estar completo (lista curta) ou truncado. Nao ha evidencia suficiente para afirmar completude sem repetir a consulta com paginacao real."
paginacao_itens;34926188000115-1-000003/2025;completude_nao_comprovada_alta_prioridade;"exatamente 10 itens armazenados; tamanho tipico de 1a pagina do endpoint. Bug v1: coletor fez 1 chamada sem parametros pagina/tamanhoPagina e assumiu completude. Requer nova consulta paginada real (pagina=1,2,3,... ate esgotar) para confirmar total."
paginacao_itens;34926188000115-1-000005/2025;completude_nao_comprovada;"2 itens armazenados via chamada unica sem paginacao (bug v1); pode estar completo (lista curta) ou truncado. Nao ha evidencia suficiente para afirmar completude sem repetir a consulta com paginacao real."
paginacao_itens;34927343000118-1-000002/2026;completude_nao_comprovada_alta_prioridade;"exatamente 10 itens armazenados; tamanho tipico de 1a pagina do endpoint. Bug v1: coletor fez 1 chamada sem parametros pagina/tamanhoPagina e assumiu completude. Requer nova consulta paginada real (pagina=1,2,3,... ate esgotar) para confirmar total."
paginacao_itens;34927343000118-1-000005/2026;completude_nao_comprovada;"1 itens armazenados via chamada unica sem paginacao (bug v1); pode estar completo (lista curta) ou truncado. Nao ha evidencia suficiente para afirmar completude sem repetir a consulta com paginacao real."
paginacao_itens;34927343000118-1-000006/2026;completude_nao_comprovada;"1 itens armazenados via chamada unica sem paginacao (bug v1); pode estar completo (lista curta) ou truncado. Nao ha evidencia suficiente para afirmar completude sem repetir a consulta com paginacao real."
paginacao_itens;34927343000118-1-000009/2026;completude_nao_comprovada;"5 itens armazenados via chamada unica sem paginacao (bug v1); pode estar completo (lista curta) ou truncado. Nao ha evidencia suficiente para afirmar completude sem repetir a consulta com paginacao real."
paginacao_itens;34927343000118-1-000010/2026;completude_nao_comprovada;"1 itens armazenados via chamada unica sem paginacao (bug v1); pode estar completo (lista curta) ou truncado. Nao ha evidencia suficiente para afirmar completude sem repetir a consulta com paginacao real."
paginacao_itens;34927343000118-1-000019/2026;completude_nao_comprovada;"1 itens armazenados via chamada unica sem paginacao (bug v1); pode estar completo (lista curta) ou truncado. Nao ha evidencia suficiente para afirmar completude sem repetir a consulta com paginacao real."
paginacao_itens;34927343000118-1-000020/2026;completude_nao_comprovada;"4 itens armazenados via chamada unica sem paginacao (bug v1); pode estar completo (lista curta) ou truncado. Nao ha evidencia suficiente para afirmar completude sem repetir a consulta com paginacao real."
paginacao_itens;34927343000118-1-000024/2026;completude_nao_comprovada;"6 itens armazenados via chamada unica sem paginacao (bug v1); pode estar completo (lista curta) ou truncado. Nao ha evidencia suficiente para afirmar completude sem repetir a consulta com paginacao real."
paginacao_itens;34927343000118-1-000025/2026;completude_nao_comprovada;"1 itens armazenados via chamada unica sem paginacao (bug v1); pode estar completo (lista curta) ou truncado. Nao ha evidencia suficiente para afirmar completude sem repetir a consulta com paginacao real."
paginacao_itens;34927343000118-1-000028/2026;completude_nao_comprovada;"3 itens armazenados via chamada unica sem paginacao (bug v1); pode estar completo (lista curta) ou truncado. Nao ha evidencia suficiente para afirmar completude sem repetir a consulta com paginacao real."
paginacao_itens;34927343000118-1-000029/2026;completude_nao_comprovada;"2 itens armazenados via chamada unica sem paginacao (bug v1); pode estar completo (lista curta) ou truncado. Nao ha evidencia suficiente para afirmar completude sem repetir a consulta com paginacao real."
paginacao_itens;34927343000118-1-000030/2026;completude_nao_comprovada;"5 itens armazenados via chamada unica sem paginacao (bug v1); pode estar completo (lista curta) ou truncado. Nao ha evidencia suficiente para afirmar completude sem repetir a consulta com paginacao real."
paginacao_itens;34927343000118-1-000033/2026;completude_nao_comprovada_alta_prioridade;"exatamente 10 itens armazenados; tamanho tipico de 1a pagina do endpoint. Bug v1: coletor fez 1 chamada sem parametros pagina/tamanhoPagina e assumiu completude. Requer nova consulta paginada real (pagina=1,2,3,... ate esgotar) para confirmar total."
paginacao_itens;34927343000118-1-000035/2026;completude_nao_comprovada;"1 itens armazenados via chamada unica sem paginacao (bug v1); pode estar completo (lista curta) ou truncado. Nao ha evidencia suficiente para afirmar completude sem repetir a consulta com paginacao real."
paginacao_itens;34927343000118-1-000036/2026;completude_nao_comprovada_alta_prioridade;"exatamente 10 itens armazenados; tamanho tipico de 1a pagina do endpoint. Bug v1: coletor fez 1 chamada sem parametros pagina/tamanhoPagina e assumiu completude. Requer nova consulta paginada real (pagina=1,2,3,... ate esgotar) para confirmar total."
paginacao_itens;34927343000118-1-000038/2026;completude_nao_comprovada;"1 itens armazenados via chamada unica sem paginacao (bug v1); pode estar completo (lista curta) ou truncado. Nao ha evidencia suficiente para afirmar completude sem repetir a consulta com paginacao real."
paginacao_itens;34927343000118-1-000039/2026;completude_nao_comprovada;"1 itens armazenados via chamada unica sem paginacao (bug v1); pode estar completo (lista curta) ou truncado. Nao ha evidencia suficiente para afirmar completude sem repetir a consulta com paginacao real."
paginacao_itens;34927343000118-1-000040/2026;completude_nao_comprovada;"1 itens armazenados via chamada unica sem paginacao (bug v1); pode estar completo (lista curta) ou truncado. Nao ha evidencia suficiente para afirmar completude sem repetir a consulta com paginacao real."
paginacao_itens;34927343000118-1-000041/2026;completude_nao_comprovada;"1 itens armazenados via chamada unica sem paginacao (bug v1); pode estar completo (lista curta) ou truncado. Nao ha evidencia suficiente para afirmar completude sem repetir a consulta com paginacao real."
paginacao_itens;34927343000118-1-000042/2026;completude_nao_comprovada;"1 itens armazenados via chamada unica sem paginacao (bug v1); pode estar completo (lista curta) ou truncado. Nao ha evidencia suficiente para afirmar completude sem repetir a consulta com paginacao real."
paginacao_itens;34927343000118-1-000043/2026;completude_nao_comprovada;"1 itens armazenados via chamada unica sem paginacao (bug v1); pode estar completo (lista curta) ou truncado. Nao ha evidencia suficiente para afirmar completude sem repetir a consulta com paginacao real."
paginacao_itens;34927343000118-1-000044/2026;completude_nao_comprovada;"6 itens armazenados via chamada unica sem paginacao (bug v1); pode estar completo (lista curta) ou truncado. Nao ha evidencia suficiente para afirmar completude sem repetir a consulta com paginacao real."
paginacao_itens;34927343000118-1-000046/2026;completude_nao_comprovada_alta_prioridade;"exatamente 10 itens armazenados; tamanho tipico de 1a pagina do endpoint. Bug v1: coletor fez 1 chamada sem parametros pagina/tamanhoPagina e assumiu completude. Requer nova consulta paginada real (pagina=1,2,3,... ate esgotar) para confirmar total."
paginacao_itens;34927343000118-1-000047/2026;completude_nao_comprovada_alta_prioridade;"exatamente 10 itens armazenados; tamanho tipico de 1a pagina do endpoint. Bug v1: coletor fez 1 chamada sem parametros pagina/tamanhoPagina e assumiu completude. Requer nova consulta paginada real (pagina=1,2,3,... ate esgotar) para confirmar total."
paginacao_itens;34927343000118-1-000048/2026;completude_nao_comprovada;"2 itens armazenados via chamada unica sem paginacao (bug v1); pode estar completo (lista curta) ou truncado. Nao ha evidencia suficiente para afirmar completude sem repetir a consulta com paginacao real."
paginacao_itens;34927343000118-1-000050/2026;completude_nao_comprovada;"5 itens armazenados via chamada unica sem paginacao (bug v1); pode estar completo (lista curta) ou truncado. Nao ha evidencia suficiente para afirmar completude sem repetir a consulta com paginacao real."
paginacao_itens;34927343000118-1-000051/2026;completude_nao_comprovada;"6 itens armazenados via chamada unica sem paginacao (bug v1); pode estar completo (lista curta) ou truncado. Nao ha evidencia suficiente para afirmar completude sem repetir a consulta com paginacao real."
paginacao_itens;34927343000118-1-000052/2026;completude_nao_comprovada;"7 itens armazenados via chamada unica sem paginacao (bug v1); pode estar completo (lista curta) ou truncado. Nao ha evidencia suficiente para afirmar completude sem repetir a consulta com paginacao real."
paginacao_itens;34927343000118-1-000055/2026;completude_nao_comprovada;"1 itens armazenados via chamada unica sem paginacao (bug v1); pode estar completo (lista curta) ou truncado. Nao ha evidencia suficiente para afirmar completude sem repetir a consulta com paginacao real."
paginacao_itens;34927343000118-1-000056/2026;completude_nao_comprovada_alta_prioridade;"exatamente 10 itens armazenados; tamanho tipico de 1a pagina do endpoint. Bug v1: coletor fez 1 chamada sem parametros pagina/tamanhoPagina e assumiu completude. Requer nova consulta paginada real (pagina=1,2,3,... ate esgotar) para confirmar total."
paginacao_itens;34927343000118-1-000057/2026;completude_nao_comprovada;"1 itens armazenados via chamada unica sem paginacao (bug v1); pode estar completo (lista curta) ou truncado. Nao ha evidencia suficiente para afirmar completude sem repetir a consulta com paginacao real."
paginacao_itens;34927343000118-1-000058/2026;completude_nao_comprovada;"1 itens armazenados via chamada unica sem paginacao (bug v1); pode estar completo (lista curta) ou truncado. Nao ha evidencia suficiente para afirmar completude sem repetir a consulta com paginacao real."
paginacao_itens;34927343000118-1-000059/2026;completude_nao_comprovada;"1 itens armazenados via chamada unica sem paginacao (bug v1); pode estar completo (lista curta) ou truncado. Nao ha evidencia suficiente para afirmar completude sem repetir a consulta com paginacao real."
paginacao_itens;34927343000118-1-000061/2026;completude_nao_comprovada;"1 itens armazenados via chamada unica sem paginacao (bug v1); pode estar completo (lista curta) ou truncado. Nao ha evidencia suficiente para afirmar completude sem repetir a consulta com paginacao real."
paginacao_itens;34927343000118-1-000063/2026;completude_nao_comprovada;"1 itens armazenados via chamada unica sem paginacao (bug v1); pode estar completo (lista curta) ou truncado. Nao ha evidencia suficiente para afirmar completude sem repetir a consulta com paginacao real."
paginacao_itens;34943480000146-1-000001/2025;completude_nao_comprovada;"3 itens armazenados via chamada unica sem paginacao (bug v1); pode estar completo (lista curta) ou truncado. Nao ha evidencia suficiente para afirmar completude sem repetir a consulta com paginacao real."
paginacao_itens;34943480000146-1-000003/2025;completude_nao_comprovada;"4 itens armazenados via chamada unica sem paginacao (bug v1); pode estar completo (lista curta) ou truncado. Nao ha evidencia suficiente para afirmar completude sem repetir a consulta com paginacao real."
paginacao_itens;34943480000146-1-000004/2025;completude_nao_comprovada;"4 itens armazenados via chamada unica sem paginacao (bug v1); pode estar completo (lista curta) ou truncado. Nao ha evidencia suficiente para afirmar completude sem repetir a consulta com paginacao real."
paginacao_itens;34943480000146-1-000005/2025;completude_nao_comprovada;"2 itens armazenados via chamada unica sem paginacao (bug v1); pode estar completo (lista curta) ou truncado. Nao ha evidencia suficiente para afirmar completude sem repetir a consulta com paginacao real."
paginacao_itens;34943480000146-1-000005/2026;completude_nao_comprovada;"1 itens armazenados via chamada unica sem paginacao (bug v1); pode estar completo (lista curta) ou truncado. Nao ha evidencia suficiente para afirmar completude sem repetir a consulta com paginacao real."
paginacao_itens;34943480000146-1-000006/2025;completude_nao_comprovada;"2 itens armazenados via chamada unica sem paginacao (bug v1); pode estar completo (lista curta) ou truncado. Nao ha evidencia suficiente para afirmar completude sem repetir a consulta com paginacao real."
paginacao_itens;34943480000146-1-000006/2026;completude_nao_comprovada;"1 itens armazenados via chamada unica sem paginacao (bug v1); pode estar completo (lista curta) ou truncado. Nao ha evidencia suficiente para afirmar completude sem repetir a consulta com paginacao real."
paginacao_itens;34943480000146-1-000007/2025;completude_nao_comprovada;"1 itens armazenados via chamada unica sem paginacao (bug v1); pode estar completo (lista curta) ou truncado. Nao ha evidencia suficiente para afirmar completude sem repetir a consulta com paginacao real."
paginacao_itens;36247306000194-1-000001/2025;completude_nao_comprovada;"1 itens armazenados via chamada unica sem paginacao (bug v1); pode estar completo (lista curta) ou truncado. Nao ha evidencia suficiente para afirmar completude sem repetir a consulta com paginacao real."
paginacao_itens;36247306000194-1-000001/2026;completude_nao_comprovada;"1 itens armazenados via chamada unica sem paginacao (bug v1); pode estar completo (lista curta) ou truncado. Nao ha evidencia suficiente para afirmar completude sem repetir a consulta com paginacao real."
paginacao_itens;36247306000194-1-000002/2025;completude_nao_comprovada;"2 itens armazenados via chamada unica sem paginacao (bug v1); pode estar completo (lista curta) ou truncado. Nao ha evidencia suficiente para afirmar completude sem repetir a consulta com paginacao real."
paginacao_itens;36247306000194-1-000002/2026;completude_nao_comprovada;"1 itens armazenados via chamada unica sem paginacao (bug v1); pode estar completo (lista curta) ou truncado. Nao ha evidencia suficiente para afirmar completude sem repetir a consulta com paginacao real."
paginacao_itens;36247306000194-1-000003/2025;completude_nao_comprovada;"2 itens armazenados via chamada unica sem paginacao (bug v1); pode estar completo (lista curta) ou truncado. Nao ha evidencia suficiente para afirmar completude sem repetir a consulta com paginacao real."
paginacao_itens;49160565000125-1-000001/2026;completude_nao_comprovada;"2 itens armazenados via chamada unica sem paginacao (bug v1); pode estar completo (lista curta) ou truncado. Nao ha evidencia suficiente para afirmar completude sem repetir a consulta com paginacao real."
paginacao_itens;49160565000125-1-000002/2026;completude_nao_comprovada;"1 itens armazenados via chamada unica sem paginacao (bug v1); pode estar completo (lista curta) ou truncado. Nao ha evidencia suficiente para afirmar completude sem repetir a consulta com paginacao real."
paginacao_itens;49160565000125-1-000003/2025;completude_nao_comprovada;"1 itens armazenados via chamada unica sem paginacao (bug v1); pode estar completo (lista curta) ou truncado. Nao ha evidencia suficiente para afirmar completude sem repetir a consulta com paginacao real."
paginacao_itens;49160565000125-1-000003/2026;completude_nao_comprovada;"3 itens armazenados via chamada unica sem paginacao (bug v1); pode estar completo (lista curta) ou truncado. Nao ha evidencia suficiente para afirmar completude sem repetir a consulta com paginacao real."
paginacao_itens;49160565000125-1-000004/2025;completude_nao_comprovada;"2 itens armazenados via chamada unica sem paginacao (bug v1); pode estar completo (lista curta) ou truncado. Nao ha evidencia suficiente para afirmar completude sem repetir a consulta com paginacao real."
paginacao_itens;49160565000125-1-000004/2026;completude_nao_comprovada_alta_prioridade;"exatamente 10 itens armazenados; tamanho tipico de 1a pagina do endpoint. Bug v1: coletor fez 1 chamada sem parametros pagina/tamanhoPagina e assumiu completude. Requer nova consulta paginada real (pagina=1,2,3,... ate esgotar) para confirmar total."
paginacao_itens;49160565000125-1-000005/2026;completude_nao_comprovada;"1 itens armazenados via chamada unica sem paginacao (bug v1); pode estar completo (lista curta) ou truncado. Nao ha evidencia suficiente para afirmar completude sem repetir a consulta com paginacao real."
paginacao_itens;49160565000125-1-000006/2025;completude_nao_comprovada;"2 itens armazenados via chamada unica sem paginacao (bug v1); pode estar completo (lista curta) ou truncado. Nao ha evidencia suficiente para afirmar completude sem repetir a consulta com paginacao real."
paginacao_itens;49751724000166-1-000001/2026;completude_nao_comprovada_alta_prioridade;"exatamente 10 itens armazenados; tamanho tipico de 1a pagina do endpoint. Bug v1: coletor fez 1 chamada sem parametros pagina/tamanhoPagina e assumiu completude. Requer nova consulta paginada real (pagina=1,2,3,... ate esgotar) para confirmar total."
paginacao_itens;49751724000166-1-000002/2025;completude_nao_comprovada;"1 itens armazenados via chamada unica sem paginacao (bug v1); pode estar completo (lista curta) ou truncado. Nao ha evidencia suficiente para afirmar completude sem repetir a consulta com paginacao real."
paginacao_itens;50314555000186-1-000002/2025;completude_nao_comprovada;"1 itens armazenados via chamada unica sem paginacao (bug v1); pode estar completo (lista curta) ou truncado. Nao ha evidencia suficiente para afirmar completude sem repetir a consulta com paginacao real."
paginacao_itens;50314555000186-1-000006/2025;completude_nao_comprovada;"1 itens armazenados via chamada unica sem paginacao (bug v1); pode estar completo (lista curta) ou truncado. Nao ha evidencia suficiente para afirmar completude sem repetir a consulta com paginacao real."
paginacao_itens;50791720000190-1-000001/2025;completude_nao_comprovada;"1 itens armazenados via chamada unica sem paginacao (bug v1); pode estar completo (lista curta) ou truncado. Nao ha evidencia suficiente para afirmar completude sem repetir a consulta com paginacao real."
paginacao_itens;50791720000190-1-000003/2025;completude_nao_comprovada_alta_prioridade;"exatamente 10 itens armazenados; tamanho tipico de 1a pagina do endpoint. Bug v1: coletor fez 1 chamada sem parametros pagina/tamanhoPagina e assumiu completude. Requer nova consulta paginada real (pagina=1,2,3,... ate esgotar) para confirmar total."
paginacao_itens;50791720000190-1-000004/2025;completude_nao_comprovada_alta_prioridade;"exatamente 10 itens armazenados; tamanho tipico de 1a pagina do endpoint. Bug v1: coletor fez 1 chamada sem parametros pagina/tamanhoPagina e assumiu completude. Requer nova consulta paginada real (pagina=1,2,3,... ate esgotar) para confirmar total."
paginacao_itens;50791720000190-1-000005/2025;completude_nao_comprovada;"8 itens armazenados via chamada unica sem paginacao (bug v1); pode estar completo (lista curta) ou truncado. Nao ha evidencia suficiente para afirmar completude sem repetir a consulta com paginacao real."
paginacao_itens;50826319000149-1-000004/2025;completude_nao_comprovada_alta_prioridade;"exatamente 10 itens armazenados; tamanho tipico de 1a pagina do endpoint. Bug v1: coletor fez 1 chamada sem parametros pagina/tamanhoPagina e assumiu completude. Requer nova consulta paginada real (pagina=1,2,3,... ate esgotar) para confirmar total."
paginacao_itens;50826319000149-1-000005/2025;completude_nao_comprovada_alta_prioridade;"exatamente 10 itens armazenados; tamanho tipico de 1a pagina do endpoint. Bug v1: coletor fez 1 chamada sem parametros pagina/tamanhoPagina e assumiu completude. Requer nova consulta paginada real (pagina=1,2,3,... ate esgotar) para confirmar total."
paginacao_itens;50956623000100-1-000001/2025;completude_nao_comprovada;"1 itens armazenados via chamada unica sem paginacao (bug v1); pode estar completo (lista curta) ou truncado. Nao ha evidencia suficiente para afirmar completude sem repetir a consulta com paginacao real."
paginacao_itens;50956623000100-1-000001/2026;completude_nao_comprovada_alta_prioridade;"exatamente 10 itens armazenados; tamanho tipico de 1a pagina do endpoint. Bug v1: coletor fez 1 chamada sem parametros pagina/tamanhoPagina e assumiu completude. Requer nova consulta paginada real (pagina=1,2,3,... ate esgotar) para confirmar total."
paginacao_itens;50956623000100-1-000002/2025;completude_nao_comprovada;"3 itens armazenados via chamada unica sem paginacao (bug v1); pode estar completo (lista curta) ou truncado. Nao ha evidencia suficiente para afirmar completude sem repetir a consulta com paginacao real."
paginacao_itens;50956623000100-1-000002/2026;completude_nao_comprovada_alta_prioridade;"exatamente 10 itens armazenados; tamanho tipico de 1a pagina do endpoint. Bug v1: coletor fez 1 chamada sem parametros pagina/tamanhoPagina e assumiu completude. Requer nova consulta paginada real (pagina=1,2,3,... ate esgotar) para confirmar total."
paginacao_itens;50956623000100-1-000003/2025;completude_nao_comprovada;"2 itens armazenados via chamada unica sem paginacao (bug v1); pode estar completo (lista curta) ou truncado. Nao ha evidencia suficiente para afirmar completude sem repetir a consulta com paginacao real."
paginacao_itens;50956623000100-1-000003/2026;completude_nao_comprovada;"2 itens armazenados via chamada unica sem paginacao (bug v1); pode estar completo (lista curta) ou truncado. Nao ha evidencia suficiente para afirmar completude sem repetir a consulta com paginacao real."
paginacao_itens;50956623000100-1-000004/2025;completude_nao_comprovada;"2 itens armazenados via chamada unica sem paginacao (bug v1); pode estar completo (lista curta) ou truncado. Nao ha evidencia suficiente para afirmar completude sem repetir a consulta com paginacao real."
paginacao_itens;50956623000100-1-000004/2026;completude_nao_comprovada_alta_prioridade;"exatamente 10 itens armazenados; tamanho tipico de 1a pagina do endpoint. Bug v1: coletor fez 1 chamada sem parametros pagina/tamanhoPagina e assumiu completude. Requer nova consulta paginada real (pagina=1,2,3,... ate esgotar) para confirmar total."
paginacao_itens;50956623000100-1-000005/2025;completude_nao_comprovada;"1 itens armazenados via chamada unica sem paginacao (bug v1); pode estar completo (lista curta) ou truncado. Nao ha evidencia suficiente para afirmar completude sem repetir a consulta com paginacao real."
paginacao_itens;50956623000100-1-000005/2026;completude_nao_comprovada_alta_prioridade;"exatamente 10 itens armazenados; tamanho tipico de 1a pagina do endpoint. Bug v1: coletor fez 1 chamada sem parametros pagina/tamanhoPagina e assumiu completude. Requer nova consulta paginada real (pagina=1,2,3,... ate esgotar) para confirmar total."
paginacao_itens;50956623000100-1-000006/2026;completude_nao_comprovada;"1 itens armazenados via chamada unica sem paginacao (bug v1); pode estar completo (lista curta) ou truncado. Nao ha evidencia suficiente para afirmar completude sem repetir a consulta com paginacao real."
paginacao_itens;50956623000100-1-000007/2026;completude_nao_comprovada_alta_prioridade;"exatamente 10 itens armazenados; tamanho tipico de 1a pagina do endpoint. Bug v1: coletor fez 1 chamada sem parametros pagina/tamanhoPagina e assumiu completude. Requer nova consulta paginada real (pagina=1,2,3,... ate esgotar) para confirmar total."
paginacao_itens;50956623000100-1-000008/2026;completude_nao_comprovada;"1 itens armazenados via chamada unica sem paginacao (bug v1); pode estar completo (lista curta) ou truncado. Nao ha evidencia suficiente para afirmar completude sem repetir a consulta com paginacao real."
paginacao_itens;55515312000120-1-000001/2025;completude_nao_comprovada;"1 itens armazenados via chamada unica sem paginacao (bug v1); pode estar completo (lista curta) ou truncado. Nao ha evidencia suficiente para afirmar completude sem repetir a consulta com paginacao real."
paginacao_itens;55515312000120-1-000001/2026;completude_nao_comprovada_alta_prioridade;"exatamente 10 itens armazenados; tamanho tipico de 1a pagina do endpoint. Bug v1: coletor fez 1 chamada sem parametros pagina/tamanhoPagina e assumiu completude. Requer nova consulta paginada real (pagina=1,2,3,... ate esgotar) para confirmar total."
paginacao_itens;55515312000120-1-000002/2025;completude_nao_comprovada_alta_prioridade;"exatamente 10 itens armazenados; tamanho tipico de 1a pagina do endpoint. Bug v1: coletor fez 1 chamada sem parametros pagina/tamanhoPagina e assumiu completude. Requer nova consulta paginada real (pagina=1,2,3,... ate esgotar) para confirmar total."
paginacao_itens;55515312000120-1-000002/2026;completude_nao_comprovada_alta_prioridade;"exatamente 10 itens armazenados; tamanho tipico de 1a pagina do endpoint. Bug v1: coletor fez 1 chamada sem parametros pagina/tamanhoPagina e assumiu completude. Requer nova consulta paginada real (pagina=1,2,3,... ate esgotar) para confirmar total."
paginacao_itens;55515312000120-1-000003/2025;completude_nao_comprovada_alta_prioridade;"exatamente 10 itens armazenados; tamanho tipico de 1a pagina do endpoint. Bug v1: coletor fez 1 chamada sem parametros pagina/tamanhoPagina e assumiu completude. Requer nova consulta paginada real (pagina=1,2,3,... ate esgotar) para confirmar total."
paginacao_itens;55515312000120-1-000004/2025;completude_nao_comprovada_alta_prioridade;"exatamente 10 itens armazenados; tamanho tipico de 1a pagina do endpoint. Bug v1: coletor fez 1 chamada sem parametros pagina/tamanhoPagina e assumiu completude. Requer nova consulta paginada real (pagina=1,2,3,... ate esgotar) para confirmar total."
paginacao_itens;55515312000120-1-000004/2026;completude_nao_comprovada_alta_prioridade;"exatamente 10 itens armazenados; tamanho tipico de 1a pagina do endpoint. Bug v1: coletor fez 1 chamada sem parametros pagina/tamanhoPagina e assumiu completude. Requer nova consulta paginada real (pagina=1,2,3,... ate esgotar) para confirmar total."
paginacao_itens;55515312000120-1-000005/2025;completude_nao_comprovada_alta_prioridade;"exatamente 10 itens armazenados; tamanho tipico de 1a pagina do endpoint. Bug v1: coletor fez 1 chamada sem parametros pagina/tamanhoPagina e assumiu completude. Requer nova consulta paginada real (pagina=1,2,3,... ate esgotar) para confirmar total."
paginacao_itens;55515312000120-1-000005/2026;completude_nao_comprovada_alta_prioridade;"exatamente 10 itens armazenados; tamanho tipico de 1a pagina do endpoint. Bug v1: coletor fez 1 chamada sem parametros pagina/tamanhoPagina e assumiu completude. Requer nova consulta paginada real (pagina=1,2,3,... ate esgotar) para confirmar total."
paginacao_itens;55515312000120-1-000006/2025;completude_nao_comprovada_alta_prioridade;"exatamente 10 itens armazenados; tamanho tipico de 1a pagina do endpoint. Bug v1: coletor fez 1 chamada sem parametros pagina/tamanhoPagina e assumiu completude. Requer nova consulta paginada real (pagina=1,2,3,... ate esgotar) para confirmar total."
paginacao_itens;55515312000120-1-000007/2025;completude_nao_comprovada;"2 itens armazenados via chamada unica sem paginacao (bug v1); pode estar completo (lista curta) ou truncado. Nao ha evidencia suficiente para afirmar completude sem repetir a consulta com paginacao real."
paginacao_itens;55515312000120-1-000007/2026;completude_nao_comprovada_alta_prioridade;"exatamente 10 itens armazenados; tamanho tipico de 1a pagina do endpoint. Bug v1: coletor fez 1 chamada sem parametros pagina/tamanhoPagina e assumiu completude. Requer nova consulta paginada real (pagina=1,2,3,... ate esgotar) para confirmar total."
paginacao_itens;55515312000120-1-000008/2025;completude_nao_comprovada_alta_prioridade;"exatamente 10 itens armazenados; tamanho tipico de 1a pagina do endpoint. Bug v1: coletor fez 1 chamada sem parametros pagina/tamanhoPagina e assumiu completude. Requer nova consulta paginada real (pagina=1,2,3,... ate esgotar) para confirmar total."
paginacao_itens;55515312000120-1-000008/2026;completude_nao_comprovada_alta_prioridade;"exatamente 10 itens armazenados; tamanho tipico de 1a pagina do endpoint. Bug v1: coletor fez 1 chamada sem parametros pagina/tamanhoPagina e assumiu completude. Requer nova consulta paginada real (pagina=1,2,3,... ate esgotar) para confirmar total."
paginacao_itens;55515312000120-1-000009/2025;completude_nao_comprovada_alta_prioridade;"exatamente 10 itens armazenados; tamanho tipico de 1a pagina do endpoint. Bug v1: coletor fez 1 chamada sem parametros pagina/tamanhoPagina e assumiu completude. Requer nova consulta paginada real (pagina=1,2,3,... ate esgotar) para confirmar total."
paginacao_itens;55515312000120-1-000009/2026;completude_nao_comprovada_alta_prioridade;"exatamente 10 itens armazenados; tamanho tipico de 1a pagina do endpoint. Bug v1: coletor fez 1 chamada sem parametros pagina/tamanhoPagina e assumiu completude. Requer nova consulta paginada real (pagina=1,2,3,... ate esgotar) para confirmar total."
paginacao_itens;55515312000120-1-000010/2025;completude_nao_comprovada_alta_prioridade;"exatamente 10 itens armazenados; tamanho tipico de 1a pagina do endpoint. Bug v1: coletor fez 1 chamada sem parametros pagina/tamanhoPagina e assumiu completude. Requer nova consulta paginada real (pagina=1,2,3,... ate esgotar) para confirmar total."
paginacao_itens;55515312000120-1-000010/2026;completude_nao_comprovada_alta_prioridade;"exatamente 10 itens armazenados; tamanho tipico de 1a pagina do endpoint. Bug v1: coletor fez 1 chamada sem parametros pagina/tamanhoPagina e assumiu completude. Requer nova consulta paginada real (pagina=1,2,3,... ate esgotar) para confirmar total."
paginacao_itens;55515312000120-1-000011/2025;completude_nao_comprovada_alta_prioridade;"exatamente 10 itens armazenados; tamanho tipico de 1a pagina do endpoint. Bug v1: coletor fez 1 chamada sem parametros pagina/tamanhoPagina e assumiu completude. Requer nova consulta paginada real (pagina=1,2,3,... ate esgotar) para confirmar total."
paginacao_itens;55515312000120-1-000011/2026;completude_nao_comprovada_alta_prioridade;"exatamente 10 itens armazenados; tamanho tipico de 1a pagina do endpoint. Bug v1: coletor fez 1 chamada sem parametros pagina/tamanhoPagina e assumiu completude. Requer nova consulta paginada real (pagina=1,2,3,... ate esgotar) para confirmar total."
paginacao_itens;55515312000120-1-000012/2025;completude_nao_comprovada_alta_prioridade;"exatamente 10 itens armazenados; tamanho tipico de 1a pagina do endpoint. Bug v1: coletor fez 1 chamada sem parametros pagina/tamanhoPagina e assumiu completude. Requer nova consulta paginada real (pagina=1,2,3,... ate esgotar) para confirmar total."
paginacao_itens;55515312000120-1-000012/2026;completude_nao_comprovada_alta_prioridade;"exatamente 10 itens armazenados; tamanho tipico de 1a pagina do endpoint. Bug v1: coletor fez 1 chamada sem parametros pagina/tamanhoPagina e assumiu completude. Requer nova consulta paginada real (pagina=1,2,3,... ate esgotar) para confirmar total."
paginacao_itens;55515312000120-1-000013/2025;completude_nao_comprovada_alta_prioridade;"exatamente 10 itens armazenados; tamanho tipico de 1a pagina do endpoint. Bug v1: coletor fez 1 chamada sem parametros pagina/tamanhoPagina e assumiu completude. Requer nova consulta paginada real (pagina=1,2,3,... ate esgotar) para confirmar total."
paginacao_itens;55515312000120-1-000013/2026;completude_nao_comprovada_alta_prioridade;"exatamente 10 itens armazenados; tamanho tipico de 1a pagina do endpoint. Bug v1: coletor fez 1 chamada sem parametros pagina/tamanhoPagina e assumiu completude. Requer nova consulta paginada real (pagina=1,2,3,... ate esgotar) para confirmar total."
paginacao_itens;55515312000120-1-000014/2026;completude_nao_comprovada_alta_prioridade;"exatamente 10 itens armazenados; tamanho tipico de 1a pagina do endpoint. Bug v1: coletor fez 1 chamada sem parametros pagina/tamanhoPagina e assumiu completude. Requer nova consulta paginada real (pagina=1,2,3,... ate esgotar) para confirmar total."
paginacao_itens;55515312000120-1-000015/2025;completude_nao_comprovada_alta_prioridade;"exatamente 10 itens armazenados; tamanho tipico de 1a pagina do endpoint. Bug v1: coletor fez 1 chamada sem parametros pagina/tamanhoPagina e assumiu completude. Requer nova consulta paginada real (pagina=1,2,3,... ate esgotar) para confirmar total."
paginacao_itens;55515312000120-1-000015/2026;completude_nao_comprovada_alta_prioridade;"exatamente 10 itens armazenados; tamanho tipico de 1a pagina do endpoint. Bug v1: coletor fez 1 chamada sem parametros pagina/tamanhoPagina e assumiu completude. Requer nova consulta paginada real (pagina=1,2,3,... ate esgotar) para confirmar total."
paginacao_itens;55515312000120-1-000016/2025;completude_nao_comprovada_alta_prioridade;"exatamente 10 itens armazenados; tamanho tipico de 1a pagina do endpoint. Bug v1: coletor fez 1 chamada sem parametros pagina/tamanhoPagina e assumiu completude. Requer nova consulta paginada real (pagina=1,2,3,... ate esgotar) para confirmar total."
paginacao_itens;55515312000120-1-000016/2026;completude_nao_comprovada;"4 itens armazenados via chamada unica sem paginacao (bug v1); pode estar completo (lista curta) ou truncado. Nao ha evidencia suficiente para afirmar completude sem repetir a consulta com paginacao real."
paginacao_itens;55515312000120-1-000017/2025;completude_nao_comprovada_alta_prioridade;"exatamente 10 itens armazenados; tamanho tipico de 1a pagina do endpoint. Bug v1: coletor fez 1 chamada sem parametros pagina/tamanhoPagina e assumiu completude. Requer nova consulta paginada real (pagina=1,2,3,... ate esgotar) para confirmar total."
paginacao_itens;55515312000120-1-000018/2025;completude_nao_comprovada_alta_prioridade;"exatamente 10 itens armazenados; tamanho tipico de 1a pagina do endpoint. Bug v1: coletor fez 1 chamada sem parametros pagina/tamanhoPagina e assumiu completude. Requer nova consulta paginada real (pagina=1,2,3,... ate esgotar) para confirmar total."
paginacao_itens;55515312000120-1-000019/2025;completude_nao_comprovada_alta_prioridade;"exatamente 10 itens armazenados; tamanho tipico de 1a pagina do endpoint. Bug v1: coletor fez 1 chamada sem parametros pagina/tamanhoPagina e assumiu completude. Requer nova consulta paginada real (pagina=1,2,3,... ate esgotar) para confirmar total."
paginacao_itens;55515312000120-1-000019/2026;completude_nao_comprovada;"8 itens armazenados via chamada unica sem paginacao (bug v1); pode estar completo (lista curta) ou truncado. Nao ha evidencia suficiente para afirmar completude sem repetir a consulta com paginacao real."
paginacao_itens;55515312000120-1-000020/2026;completude_nao_comprovada_alta_prioridade;"exatamente 10 itens armazenados; tamanho tipico de 1a pagina do endpoint. Bug v1: coletor fez 1 chamada sem parametros pagina/tamanhoPagina e assumiu completude. Requer nova consulta paginada real (pagina=1,2,3,... ate esgotar) para confirmar total."
paginacao_itens;55515312000120-1-000021/2025;completude_nao_comprovada_alta_prioridade;"exatamente 10 itens armazenados; tamanho tipico de 1a pagina do endpoint. Bug v1: coletor fez 1 chamada sem parametros pagina/tamanhoPagina e assumiu completude. Requer nova consulta paginada real (pagina=1,2,3,... ate esgotar) para confirmar total."
paginacao_itens;55515312000120-1-000021/2026;completude_nao_comprovada_alta_prioridade;"exatamente 10 itens armazenados; tamanho tipico de 1a pagina do endpoint. Bug v1: coletor fez 1 chamada sem parametros pagina/tamanhoPagina e assumiu completude. Requer nova consulta paginada real (pagina=1,2,3,... ate esgotar) para confirmar total."
paginacao_itens;55515312000120-1-000022/2025;completude_nao_comprovada;"3 itens armazenados via chamada unica sem paginacao (bug v1); pode estar completo (lista curta) ou truncado. Nao ha evidencia suficiente para afirmar completude sem repetir a consulta com paginacao real."
paginacao_itens;55515312000120-1-000022/2026;completude_nao_comprovada_alta_prioridade;"exatamente 10 itens armazenados; tamanho tipico de 1a pagina do endpoint. Bug v1: coletor fez 1 chamada sem parametros pagina/tamanhoPagina e assumiu completude. Requer nova consulta paginada real (pagina=1,2,3,... ate esgotar) para confirmar total."
paginacao_itens;55515312000120-1-000023/2025;completude_nao_comprovada_alta_prioridade;"exatamente 10 itens armazenados; tamanho tipico de 1a pagina do endpoint. Bug v1: coletor fez 1 chamada sem parametros pagina/tamanhoPagina e assumiu completude. Requer nova consulta paginada real (pagina=1,2,3,... ate esgotar) para confirmar total."
paginacao_itens;55515312000120-1-000024/2025;completude_nao_comprovada_alta_prioridade;"exatamente 10 itens armazenados; tamanho tipico de 1a pagina do endpoint. Bug v1: coletor fez 1 chamada sem parametros pagina/tamanhoPagina e assumiu completude. Requer nova consulta paginada real (pagina=1,2,3,... ate esgotar) para confirmar total."
paginacao_itens;55515312000120-1-000025/2025;completude_nao_comprovada;"6 itens armazenados via chamada unica sem paginacao (bug v1); pode estar completo (lista curta) ou truncado. Nao ha evidencia suficiente para afirmar completude sem repetir a consulta com paginacao real."
paginacao_itens;55515312000120-1-000027/2026;completude_nao_comprovada_alta_prioridade;"exatamente 10 itens armazenados; tamanho tipico de 1a pagina do endpoint. Bug v1: coletor fez 1 chamada sem parametros pagina/tamanhoPagina e assumiu completude. Requer nova consulta paginada real (pagina=1,2,3,... ate esgotar) para confirmar total."
paginacao_itens;55515312000120-1-000028/2026;completude_nao_comprovada_alta_prioridade;"exatamente 10 itens armazenados; tamanho tipico de 1a pagina do endpoint. Bug v1: coletor fez 1 chamada sem parametros pagina/tamanhoPagina e assumiu completude. Requer nova consulta paginada real (pagina=1,2,3,... ate esgotar) para confirmar total."
paginacao_itens;55515312000120-1-000030/2026;completude_nao_comprovada_alta_prioridade;"exatamente 10 itens armazenados; tamanho tipico de 1a pagina do endpoint. Bug v1: coletor fez 1 chamada sem parametros pagina/tamanhoPagina e assumiu completude. Requer nova consulta paginada real (pagina=1,2,3,... ate esgotar) para confirmar total."
paginacao_itens;55515312000120-1-000033/2026;completude_nao_comprovada_alta_prioridade;"exatamente 10 itens armazenados; tamanho tipico de 1a pagina do endpoint. Bug v1: coletor fez 1 chamada sem parametros pagina/tamanhoPagina e assumiu completude. Requer nova consulta paginada real (pagina=1,2,3,... ate esgotar) para confirmar total."
paginacao_itens;55515312000120-1-000034/2026;completude_nao_comprovada;"8 itens armazenados via chamada unica sem paginacao (bug v1); pode estar completo (lista curta) ou truncado. Nao ha evidencia suficiente para afirmar completude sem repetir a consulta com paginacao real."
paginacao_itens;55515312000120-1-000043/2026;completude_nao_comprovada_alta_prioridade;"exatamente 10 itens armazenados; tamanho tipico de 1a pagina do endpoint. Bug v1: coletor fez 1 chamada sem parametros pagina/tamanhoPagina e assumiu completude. Requer nova consulta paginada real (pagina=1,2,3,... ate esgotar) para confirmar total."
paginacao_itens;55515312000120-1-000044/2026;completude_nao_comprovada;"6 itens armazenados via chamada unica sem paginacao (bug v1); pode estar completo (lista curta) ou truncado. Nao ha evidencia suficiente para afirmar completude sem repetir a consulta com paginacao real."
paginacao_itens;55515312000120-1-000045/2026;completude_nao_comprovada_alta_prioridade;"exatamente 10 itens armazenados; tamanho tipico de 1a pagina do endpoint. Bug v1: coletor fez 1 chamada sem parametros pagina/tamanhoPagina e assumiu completude. Requer nova consulta paginada real (pagina=1,2,3,... ate esgotar) para confirmar total."
paginacao_itens;55515312000120-1-000047/2026;completude_nao_comprovada;"8 itens armazenados via chamada unica sem paginacao (bug v1); pode estar completo (lista curta) ou truncado. Nao ha evidencia suficiente para afirmar completude sem repetir a consulta com paginacao real."
paginacao_itens;55515312000120-1-000049/2026;completude_nao_comprovada_alta_prioridade;"exatamente 10 itens armazenados; tamanho tipico de 1a pagina do endpoint. Bug v1: coletor fez 1 chamada sem parametros pagina/tamanhoPagina e assumiu completude. Requer nova consulta paginada real (pagina=1,2,3,... ate esgotar) para confirmar total."
paginacao_itens;55515312000120-1-000050/2026;completude_nao_comprovada_alta_prioridade;"exatamente 10 itens armazenados; tamanho tipico de 1a pagina do endpoint. Bug v1: coletor fez 1 chamada sem parametros pagina/tamanhoPagina e assumiu completude. Requer nova consulta paginada real (pagina=1,2,3,... ate esgotar) para confirmar total."
paginacao_itens;55515312000120-1-000051/2026;completude_nao_comprovada_alta_prioridade;"exatamente 10 itens armazenados; tamanho tipico de 1a pagina do endpoint. Bug v1: coletor fez 1 chamada sem parametros pagina/tamanhoPagina e assumiu completude. Requer nova consulta paginada real (pagina=1,2,3,... ate esgotar) para confirmar total."
paginacao_itens;55515312000120-1-000052/2026;completude_nao_comprovada_alta_prioridade;"exatamente 10 itens armazenados; tamanho tipico de 1a pagina do endpoint. Bug v1: coletor fez 1 chamada sem parametros pagina/tamanhoPagina e assumiu completude. Requer nova consulta paginada real (pagina=1,2,3,... ate esgotar) para confirmar total."
paginacao_itens;56261239000170-1-000001/2026;completude_nao_comprovada;"1 itens armazenados via chamada unica sem paginacao (bug v1); pode estar completo (lista curta) ou truncado. Nao ha evidencia suficiente para afirmar completude sem repetir a consulta com paginacao real."
paginacao_itens;56261239000170-1-000002/2026;completude_nao_comprovada;"4 itens armazenados via chamada unica sem paginacao (bug v1); pode estar completo (lista curta) ou truncado. Nao ha evidencia suficiente para afirmar completude sem repetir a consulta com paginacao real."
paginacao_itens;59212232000156-1-000001/2025;completude_nao_comprovada;"2 itens armazenados via chamada unica sem paginacao (bug v1); pode estar completo (lista curta) ou truncado. Nao ha evidencia suficiente para afirmar completude sem repetir a consulta com paginacao real."
paginacao_itens;59212232000156-1-000002/2025;completude_nao_comprovada;"1 itens armazenados via chamada unica sem paginacao (bug v1); pode estar completo (lista curta) ou truncado. Nao ha evidencia suficiente para afirmar completude sem repetir a consulta com paginacao real."
paginacao_itens;59212232000156-1-000003/2026;completude_nao_comprovada;"2 itens armazenados via chamada unica sem paginacao (bug v1); pode estar completo (lista curta) ou truncado. Nao ha evidencia suficiente para afirmar completude sem repetir a consulta com paginacao real."
paginacao_itens;59621981000137-1-000001/2025;completude_nao_comprovada;"3 itens armazenados via chamada unica sem paginacao (bug v1); pode estar completo (lista curta) ou truncado. Nao ha evidencia suficiente para afirmar completude sem repetir a consulta com paginacao real."
paginacao_itens;59621981000137-1-000001/2026;completude_nao_comprovada;"1 itens armazenados via chamada unica sem paginacao (bug v1); pode estar completo (lista curta) ou truncado. Nao ha evidencia suficiente para afirmar completude sem repetir a consulta com paginacao real."
paginacao_itens;59621981000137-1-000002/2026;completude_nao_comprovada;"1 itens armazenados via chamada unica sem paginacao (bug v1); pode estar completo (lista curta) ou truncado. Nao ha evidencia suficiente para afirmar completude sem repetir a consulta com paginacao real."
paginacao_itens;59621981000137-1-000003/2026;completude_nao_comprovada;"1 itens armazenados via chamada unica sem paginacao (bug v1); pode estar completo (lista curta) ou truncado. Nao ha evidencia suficiente para afirmar completude sem repetir a consulta com paginacao real."
paginacao_itens;59621981000137-1-000004/2026;completude_nao_comprovada;"2 itens armazenados via chamada unica sem paginacao (bug v1); pode estar completo (lista curta) ou truncado. Nao ha evidencia suficiente para afirmar completude sem repetir a consulta com paginacao real."
paginacao_itens;84408731000160-1-000001/2025;completude_nao_comprovada_alta_prioridade;"exatamente 10 itens armazenados; tamanho tipico de 1a pagina do endpoint. Bug v1: coletor fez 1 chamada sem parametros pagina/tamanhoPagina e assumiu completude. Requer nova consulta paginada real (pagina=1,2,3,... ate esgotar) para confirmar total."
paginacao_itens;84408731000160-1-000001/2026;completude_nao_comprovada;"7 itens armazenados via chamada unica sem paginacao (bug v1); pode estar completo (lista curta) ou truncado. Nao ha evidencia suficiente para afirmar completude sem repetir a consulta com paginacao real."
paginacao_itens;84408731000160-1-000002/2025;completude_nao_comprovada;"1 itens armazenados via chamada unica sem paginacao (bug v1); pode estar completo (lista curta) ou truncado. Nao ha evidencia suficiente para afirmar completude sem repetir a consulta com paginacao real."
paginacao_itens;84408731000160-1-000002/2026;completude_nao_comprovada_alta_prioridade;"exatamente 10 itens armazenados; tamanho tipico de 1a pagina do endpoint. Bug v1: coletor fez 1 chamada sem parametros pagina/tamanhoPagina e assumiu completude. Requer nova consulta paginada real (pagina=1,2,3,... ate esgotar) para confirmar total."
paginacao_itens;84408731000160-1-000004/2025;completude_nao_comprovada;"2 itens armazenados via chamada unica sem paginacao (bug v1); pode estar completo (lista curta) ou truncado. Nao ha evidencia suficiente para afirmar completude sem repetir a consulta com paginacao real."
paginacao_itens;84408731000160-1-000004/2026;completude_nao_comprovada;"1 itens armazenados via chamada unica sem paginacao (bug v1); pode estar completo (lista curta) ou truncado. Nao ha evidencia suficiente para afirmar completude sem repetir a consulta com paginacao real."
paginacao_itens;84408731000160-1-000005/2026;completude_nao_comprovada;"1 itens armazenados via chamada unica sem paginacao (bug v1); pode estar completo (lista curta) ou truncado. Nao ha evidencia suficiente para afirmar completude sem repetir a consulta com paginacao real."
paginacao_itens;84408731000160-1-000006/2026;completude_nao_comprovada;"2 itens armazenados via chamada unica sem paginacao (bug v1); pode estar completo (lista curta) ou truncado. Nao ha evidencia suficiente para afirmar completude sem repetir a consulta com paginacao real."
paginacao_itens;84408731000160-1-000007/2026;completude_nao_comprovada;"7 itens armazenados via chamada unica sem paginacao (bug v1); pode estar completo (lista curta) ou truncado. Nao ha evidencia suficiente para afirmar completude sem repetir a consulta com paginacao real."
paginacao_itens;84408731000160-1-000008/2026;completude_nao_comprovada;"2 itens armazenados via chamada unica sem paginacao (bug v1); pode estar completo (lista curta) ou truncado. Nao ha evidencia suficiente para afirmar completude sem repetir a consulta com paginacao real."
paginacao_itens;84408731000160-1-000009/2026;completude_nao_comprovada;"1 itens armazenados via chamada unica sem paginacao (bug v1); pode estar completo (lista curta) ou truncado. Nao ha evidencia suficiente para afirmar completude sem repetir a consulta com paginacao real."
paginacao_itens;84408731000160-1-000010/2026;completude_nao_comprovada;"2 itens armazenados via chamada unica sem paginacao (bug v1); pode estar completo (lista curta) ou truncado. Nao ha evidencia suficiente para afirmar completude sem repetir a consulta com paginacao real."
paginacao_itens;84416247000183-1-000002/2026;completude_nao_comprovada;"1 itens armazenados via chamada unica sem paginacao (bug v1); pode estar completo (lista curta) ou truncado. Nao ha evidencia suficiente para afirmar completude sem repetir a consulta com paginacao real."
paginacao_itens;84416247000183-1-000003/2025;completude_nao_comprovada;"1 itens armazenados via chamada unica sem paginacao (bug v1); pode estar completo (lista curta) ou truncado. Nao ha evidencia suficiente para afirmar completude sem repetir a consulta com paginacao real."
paginacao_itens;84416247000183-1-000003/2026;completude_nao_comprovada;"1 itens armazenados via chamada unica sem paginacao (bug v1); pode estar completo (lista curta) ou truncado. Nao ha evidencia suficiente para afirmar completude sem repetir a consulta com paginacao real."
paginacao_itens;84416247000183-1-000005/2025;completude_nao_comprovada;"1 itens armazenados via chamada unica sem paginacao (bug v1); pode estar completo (lista curta) ou truncado. Nao ha evidencia suficiente para afirmar completude sem repetir a consulta com paginacao real."
paginacao_itens;84416247000183-1-000006/2025;completude_nao_comprovada;"1 itens armazenados via chamada unica sem paginacao (bug v1); pode estar completo (lista curta) ou truncado. Nao ha evidencia suficiente para afirmar completude sem repetir a consulta com paginacao real."
paginacao_itens;84416247000183-1-000007/2026;completude_nao_comprovada;"1 itens armazenados via chamada unica sem paginacao (bug v1); pode estar completo (lista curta) ou truncado. Nao ha evidencia suficiente para afirmar completude sem repetir a consulta com paginacao real."
paginacao_itens;84416247000183-1-000008/2025;completude_nao_comprovada;"1 itens armazenados via chamada unica sem paginacao (bug v1); pode estar completo (lista curta) ou truncado. Nao ha evidencia suficiente para afirmar completude sem repetir a consulta com paginacao real."
paginacao_itens;84416247000183-1-000009/2025;completude_nao_comprovada;"1 itens armazenados via chamada unica sem paginacao (bug v1); pode estar completo (lista curta) ou truncado. Nao ha evidencia suficiente para afirmar completude sem repetir a consulta com paginacao real."
paginacao_itens;84416247000183-1-000009/2026;completude_nao_comprovada;"1 itens armazenados via chamada unica sem paginacao (bug v1); pode estar completo (lista curta) ou truncado. Nao ha evidencia suficiente para afirmar completude sem repetir a consulta com paginacao real."
paginacao_itens;84416247000183-1-000010/2025;completude_nao_comprovada;"1 itens armazenados via chamada unica sem paginacao (bug v1); pode estar completo (lista curta) ou truncado. Nao ha evidencia suficiente para afirmar completude sem repetir a consulta com paginacao real."
paginacao_itens;84416247000183-1-000011/2025;completude_nao_comprovada;"1 itens armazenados via chamada unica sem paginacao (bug v1); pode estar completo (lista curta) ou truncado. Nao ha evidencia suficiente para afirmar completude sem repetir a consulta com paginacao real."
paginacao_itens;84416247000183-1-000011/2026;completude_nao_comprovada;"1 itens armazenados via chamada unica sem paginacao (bug v1); pode estar completo (lista curta) ou truncado. Nao ha evidencia suficiente para afirmar completude sem repetir a consulta com paginacao real."
paginacao_itens;84416247000183-1-000012/2025;completude_nao_comprovada;"1 itens armazenados via chamada unica sem paginacao (bug v1); pode estar completo (lista curta) ou truncado. Nao ha evidencia suficiente para afirmar completude sem repetir a consulta com paginacao real."
paginacao_itens;84416247000183-1-000013/2025;completude_nao_comprovada;"1 itens armazenados via chamada unica sem paginacao (bug v1); pode estar completo (lista curta) ou truncado. Nao ha evidencia suficiente para afirmar completude sem repetir a consulta com paginacao real."
paginacao_itens;84416247000183-1-000014/2025;completude_nao_comprovada;"1 itens armazenados via chamada unica sem paginacao (bug v1); pode estar completo (lista curta) ou truncado. Nao ha evidencia suficiente para afirmar completude sem repetir a consulta com paginacao real."
paginacao_itens;84416247000183-1-000017/2025;completude_nao_comprovada;"1 itens armazenados via chamada unica sem paginacao (bug v1); pode estar completo (lista curta) ou truncado. Nao ha evidencia suficiente para afirmar completude sem repetir a consulta com paginacao real."
paginacao_itens;84416247000183-1-000018/2025;completude_nao_comprovada;"1 itens armazenados via chamada unica sem paginacao (bug v1); pode estar completo (lista curta) ou truncado. Nao ha evidencia suficiente para afirmar completude sem repetir a consulta com paginacao real."
paginacao_itens;84416247000183-1-000019/2025;completude_nao_comprovada;"1 itens armazenados via chamada unica sem paginacao (bug v1); pode estar completo (lista curta) ou truncado. Nao ha evidencia suficiente para afirmar completude sem repetir a consulta com paginacao real."
resultados;(agregado);nao_consultado;28 itens ACEITOS ainda sem consulta de resultados
