numero_controle_pncp;numero_item;descricao;material_ou_servico;quantidade;unidade_original;unidade_normalizada;fator_conversao;evidencia_conversao;valor_unitario_estimado;valor_total_estimado;orcamento_sigiloso;situacao_compra_item_id;situacao_compra_item_nome;tem_resultado;ncm_nbs_codigo;catalogo_codigo_item;categoria_item_catalogo;data_inclusao;data_atualizacao;classificacao_status;classificacao_produto_id;classificacao_linha;classificacao_motivo;classificacao_regra_versao;resultados_status;raw_json;captured_at;cnpj;orgao_razao_social;esfera_classificada;esfera_id;unidade_codigo;unidade_nome;municipio_nome;uf_sigla;modalidade_id;modalidade_nome;srp;data_publicacao_pncp;data_abertura_proposta;data_encerramento_proposta;situacao_compra_id;situacao_compra_nome;especificacao_chave;quantidade_homologada_total;valor_homologado_elegivel;n_resultados_elegiveis;n_fornecedores_vencedores;homologado_acima_da_quantidade_flag;base_estimada_pareada;desagio_pct;desagio_negativo_flag;produto_id;linha;produto_nome;ncm_referencia
12456167000140-1-000006/2025;5397817;Atividade Coletiva - em bloco, 100 folhas, papel A4, timbre da PMVJ E SEMSA  tamanho: 30x20cm. ;S;300.0;BL;BL;;"unidade nao reconhecida no dicionario; preservada como original";53.33;15999.0;0;2;Homologado;1;;;;2025-03-06T15:07:13;2025-05-16T11:49:24;QUARENTENA;P01;educativo;"materialOuServico=S (servico); revisar se e prestacao de servico ou fornecimento efetivo do material antes de aceitar";v2;ok;"{""numeroItem"": 5397817, ""descricao"": ""Atividade Coletiva - em bloco, 100 folhas, papel A4, timbre da PMVJ E SEMSA  tamanho: 30x20cm. "", ""materialOuServico"": ""S"", ""materialOuServicoNome"": ""Serviço"", ""valorUnitarioEstimado"": 53.33, ""valorTotal"": 15999.0, ""quantidade"": 300.0, ""unidadeMedida"": ""BL"", ""orcamentoSigiloso"": false, ""itemCategoriaId"": 3, ""itemCategoriaNome"": ""Não se aplica"", ""patrimonio"": null, ""codigoRegistroImobiliario"": null, ""criterioJulgamentoId"": 1, ""criterioJulgamentoNome"": ""Menor preço"", ""situacaoCompraItem"": 2, ""situacaoCompraItemNome"": ""Homologado"", ""tipoBeneficio"": 1, ""tipoBeneficioNome"": ""Participação exclusiva para ME/EPP"", ""incentivoProdutivoBasico"": false, ""dataInclusao"": ""2025-03-06T15:07:13"", ""dataAtualizacao"": ""2025-05-16T11:49:24"", ""temResultado"": true, ""imagem"": 0, ""aplicabilidadeMargemPreferenciaNormal"": false, ""aplicabilidadeMargemPreferenciaAdicional"": false, ""percentualMargemPreferenciaNormal"": null, ""percentualMargemPreferenciaAdicional"": null, ""ncmNbsCodigo"": null, ""ncmNbsDescricao"": null, ""catalogo"": null, ""categoriaItemCatalogo"": null, ""catalogoCodigoItem"": null, ""informacaoComplementar"": null, ""tipoMargemPreferencia"": null, ""exigenciaConteudoNacional"": false}";2026-09-12T19:11:53.211001;12456167000140;FUNDO MUNICIPAL DE SAUDE DE VITORIA DO JARI;municipal;M;610;FUNDO MUNICIPAL DE SAÚDE DE VITORIA DO JARI/AP;Vitória do Jari;AP;6;Pregão - Eletrônico;0;2025-03-06T15:07:02;2025-03-06T15:06:59;2025-03-18T09:00:00;1;Divulgada no PNCP;generico;300.0;5397.0;1.0;1.0;False;15999.0;66.26664166510407;False;P01;educativo;Papel sulfite A4, resma de 500 folhas;4802.56.10
23066905000160-1-000012/2025;4;"TROFÉUS PERSONALIZADOS 35 cm de altura. Confecção de troféu para premiação confeccionado no processo de corrosão 35 cm de altura, com base de 20 cm comprimento x 5 cm de largura e 2 cm de altura em MDF e o/u ACRILICO por cima subindo para o corpo do troféu fixado em cola ou pinos, impresso em adesivo laminado em 4 cores na parte da frente pintura escrito o nome da competição, modalidade, evento, local e ano no adesivo, com desenhos no troféu com Lay-out da proposta e arte. Conforme modelo criado e pré-aprovado.
";S;46.0;UND;unidade;1.0;unidade original ja comparavel (sem conversao);118.5;5451.0;0;3;Anulado/Revogado/Cancelado;0;;;;2025-03-11T16:33:38;2025-03-19T11:18:57;QUARENTENA;E22;esportivo;"materialOuServico=S (servico); revisar se e prestacao de servico ou fornecimento efetivo do material antes de aceitar";v2;sem_registros;"{""numeroItem"": 4, ""descricao"": ""TROFÉUS PERSONALIZADOS 35 cm de altura. Confecção de troféu para premiação confeccionado no processo de corrosão 35 cm de altura, com base de 20 cm comprimento x 5 cm de largura e 2 cm de altura em MDF e o/u ACRILICO por cima subindo para o corpo do troféu fixado em cola ou pinos, impresso em adesivo laminado em 4 cores na parte da frente pintura escrito o nome da competição, modalidade, evento, local e ano no adesivo, com desenhos no troféu com Lay-out da proposta e arte. Conforme modelo criado e pré-aprovado.\n"", ""materialOuServico"": ""S"", ""materialOuServicoNome"": ""Serviço"", ""valorUnitarioEstimado"": 118.5, ""valorTotal"": 5451.0, ""quantidade"": 46.0, ""unidadeMedida"": ""UND"", ""orcamentoSigiloso"": false, ""itemCategoriaId"": 3, ""itemCategoriaNome"": ""Não se aplica"", ""patrimonio"": null, ""codigoRegistroImobiliario"": null, ""criterioJulgamentoId"": 1, ""criterioJulgamentoNome"": ""Menor preço"", ""situacaoCompraItem"": 3, ""situacaoCompraItemNome"": ""Anulado/Revogado/Cancelado"", ""tipoBeneficio"": 4, ""tipoBeneficioNome"": ""Sem benefício"", ""incentivoProdutivoBasico"": false, ""dataInclusao"": ""2025-03-11T16:33:38"", ""dataAtualizacao"": ""2025-03-19T11:18:57"", ""temResultado"": false, ""imagem"": 0, ""aplicabilidadeMargemPreferenciaNormal"": false, ""aplicabilidadeMargemPreferenciaAdicional"": false, ""percentualMargemPreferenciaNormal"": null, ""percentualMargemPreferenciaAdicional"": null, ""ncmNbsCodigo"": null, ""ncmNbsDescricao"": null, ""catalogo"": null, ""categoriaItemCatalogo"": null, ""catalogoCodigoItem"": null, ""informacaoComplementar"": null, ""tipoMargemPreferencia"": null, ""exigenciaConteudoNacional"": false}";2026-09-12T19:12:04.609861;23066905000160;MUNICIPIO DE LARANJAL DO JARI;municipal;M;2210;MUNICIPIO DE LARANJAL DO JARI/AP;Laranjal do Jari;AP;6;Pregão - Eletrônico;0;2025-03-11T16:33:38;2025-03-11T08:00:00;2025-03-24T08:00:00;3;Anulada;4cores;0.0;0.0;;;False;;;False;E22;esportivo;Trofeu;3926.40.00
23066905000160-1-000012/2025;5;"MEDALHAS 06 cm largura PERSONALIZADAS: Medalhas em metal medindo 7cm x 7cm, com espessura de 3 mm ou mais, em cores do metal variado de acordo com o pedido, em cores de impressão de no mínimo 4 cores na frente com os dizeres da competição e/ou logomarca da competição, e costa uma logo marca cravada caso necessária, com fita silkada em 4 cores de 3 cm de espessura, tudo conforme o Lay-out da proposta e arte, modelo criado e fornecido pelo órgão responsável e pré aprovado para atender as programações desta.
";S;5500.0;UND;unidade;1.0;unidade original ja comparavel (sem conversao);26.03;143165.0;0;3;Anulado/Revogado/Cancelado;0;;;;2025-03-11T16:33:38;2025-03-19T11:19:00;QUARENTENA;E23;esportivo;"materialOuServico=S (servico); revisar se e prestacao de servico ou fornecimento efetivo do material antes de aceitar";v2;sem_registros;"{""numeroItem"": 5, ""descricao"": ""MEDALHAS 06 cm largura PERSONALIZADAS: Medalhas em metal medindo 7cm x 7cm, com espessura de 3 mm ou mais, em cores do metal variado de acordo com o pedido, em cores de impressão de no mínimo 4 cores na frente com os dizeres da competição e/ou logomarca da competição, e costa uma logo marca cravada caso necessária, com fita silkada em 4 cores de 3 cm de espessura, tudo conforme o Lay-out da proposta e arte, modelo criado e fornecido pelo órgão responsável e pré aprovado para atender as programações desta.\n"", ""materialOuServico"": ""S"", ""materialOuServicoNome"": ""Serviço"", ""valorUnitarioEstimado"": 26.03, ""valorTotal"": 143165.0, ""quantidade"": 5500.0, ""unidadeMedida"": ""UND"", ""orcamentoSigiloso"": false, ""itemCategoriaId"": 3, ""itemCategoriaNome"": ""Não se aplica"", ""patrimonio"": null, ""codigoRegistroImobiliario"": null, ""criterioJulgamentoId"": 1, ""criterioJulgamentoNome"": ""Menor preço"", ""situacaoCompraItem"": 3, ""situacaoCompraItemNome"": ""Anulado/Revogado/Cancelado"", ""tipoBeneficio"": 4, ""tipoBeneficioNome"": ""Sem benefício"", ""incentivoProdutivoBasico"": false, ""dataInclusao"": ""2025-03-11T16:33:38"", ""dataAtualizacao"": ""2025-03-19T11:19:00"", ""temResultado"": false, ""imagem"": 0, ""aplicabilidadeMargemPreferenciaNormal"": false, ""aplicabilidadeMargemPreferenciaAdicional"": false, ""percentualMargemPreferenciaNormal"": null, ""percentualMargemPreferenciaAdicional"": null, ""ncmNbsCodigo"": null, ""ncmNbsDescricao"": null, ""catalogo"": null, ""categoriaItemCatalogo"": null, ""catalogoCodigoItem"": null, ""informacaoComplementar"": null, ""tipoMargemPreferencia"": null, ""exigenciaConteudoNacional"": false}";2026-09-12T19:12:04.609861;23066905000160;MUNICIPIO DE LARANJAL DO JARI;municipal;M;2210;MUNICIPIO DE LARANJAL DO JARI/AP;Laranjal do Jari;AP;6;Pregão - Eletrônico;0;2025-03-11T16:33:38;2025-03-11T08:00:00;2025-03-24T08:00:00;3;Anulada;4cores;0.0;0.0;;;False;;;False;E23;esportivo;Medalha de premiacao;8306.29.00
23066905000160-1-000012/2025;7;"NÚMEROS DE PEITO: Número em material Tayvec, resistente a água e suor, impermeável, fundo branco, numeração sequencial, impressão colorida, tamanho 15 cm x 21cm, com 2 picotes laterais usados como tickets (medalha, sorteio, brinde, lanche, entre outros), entregues em envelope com etiqueta de identificação do atleta e 4 alfinetes para fixação.
";S;5500.0;UND;unidade;1.0;unidade original ja comparavel (sem conversao);6.57;36135.0;0;3;Anulado/Revogado/Cancelado;0;;;;2025-03-11T16:33:38;2025-03-19T11:19:04;QUARENTENA;E23;esportivo;"materialOuServico=S (servico); revisar se e prestacao de servico ou fornecimento efetivo do material antes de aceitar";v2;sem_registros;"{""numeroItem"": 7, ""descricao"": ""NÚMEROS DE PEITO: Número em material Tayvec, resistente a água e suor, impermeável, fundo branco, numeração sequencial, impressão colorida, tamanho 15 cm x 21cm, com 2 picotes laterais usados como tickets (medalha, sorteio, brinde, lanche, entre outros), entregues em envelope com etiqueta de identificação do atleta e 4 alfinetes para fixação.\n"", ""materialOuServico"": ""S"", ""materialOuServicoNome"": ""Serviço"", ""valorUnitarioEstimado"": 6.57, ""valorTotal"": 36135.0, ""quantidade"": 5500.0, ""unidadeMedida"": ""UND"", ""orcamentoSigiloso"": false, ""itemCategoriaId"": 3, ""itemCategoriaNome"": ""Não se aplica"", ""patrimonio"": null, ""codigoRegistroImobiliario"": null, ""criterioJulgamentoId"": 1, ""criterioJulgamentoNome"": ""Menor preço"", ""situacaoCompraItem"": 3, ""situacaoCompraItemNome"": ""Anulado/Revogado/Cancelado"", ""tipoBeneficio"": 4, ""tipoBeneficioNome"": ""Sem benefício"", ""incentivoProdutivoBasico"": false, ""dataInclusao"": ""2025-03-11T16:33:38"", ""dataAtualizacao"": ""2025-03-19T11:19:04"", ""temResultado"": false, ""imagem"": 0, ""aplicabilidadeMargemPreferenciaNormal"": false, ""aplicabilidadeMargemPreferenciaAdicional"": false, ""percentualMargemPreferenciaNormal"": null, ""percentualMargemPreferenciaAdicional"": null, ""ncmNbsCodigo"": null, ""ncmNbsDescricao"": null, ""catalogo"": null, ""categoriaItemCatalogo"": null, ""catalogoCodigoItem"": null, ""informacaoComplementar"": null, ""tipoMargemPreferencia"": null, ""exigenciaConteudoNacional"": false}";2026-09-12T19:12:04.610870;23066905000160;MUNICIPIO DE LARANJAL DO JARI;municipal;M;2210;MUNICIPIO DE LARANJAL DO JARI/AP;Laranjal do Jari;AP;6;Pregão - Eletrônico;0;2025-03-11T16:33:38;2025-03-11T08:00:00;2025-03-24T08:00:00;3;Anulada;generico;0.0;0.0;;;False;;;False;E23;esportivo;Medalha de premiacao;8306.29.00
23066632000153-1-000005/2025;5884577;CANETA PERSONALIZADA, caneta esferográfica, material papel reciclado, material ponta plástico, cor tinta azul, características adicionais impressão em silkscreen do órgão;S;5000.0;UND;unidade;1.0;unidade original ja comparavel (sem conversao);3.2;16000.0;0;2;Homologado;1;;;;2025-06-03T14:43:00;2025-07-31T09:08:16;QUARENTENA;P06;educativo;"materialOuServico=S (servico); revisar se e prestacao de servico ou fornecimento efetivo do material antes de aceitar";v2;ok;"{""numeroItem"": 5884577, ""descricao"": ""CANETA PERSONALIZADA, caneta esferográfica, material papel reciclado, material ponta plástico, cor tinta azul, características adicionais impressão em silkscreen do órgão"", ""materialOuServico"": ""S"", ""materialOuServicoNome"": ""Serviço"", ""valorUnitarioEstimado"": 3.2, ""valorTotal"": 16000.0, ""quantidade"": 5000.0, ""unidadeMedida"": ""UND"", ""orcamentoSigiloso"": false, ""itemCategoriaId"": 3, ""itemCategoriaNome"": ""Não se aplica"", ""patrimonio"": null, ""codigoRegistroImobiliario"": null, ""criterioJulgamentoId"": 1, ""criterioJulgamentoNome"": ""Menor preço"", ""situacaoCompraItem"": 2, ""situacaoCompraItemNome"": ""Homologado"", ""tipoBeneficio"": 1, ""tipoBeneficioNome"": ""Participação exclusiva para ME/EPP"", ""incentivoProdutivoBasico"": false, ""dataInclusao"": ""2025-06-03T14:43:00"", ""dataAtualizacao"": ""2025-07-31T09:08:16"", ""temResultado"": true, ""imagem"": 0, ""aplicabilidadeMargemPreferenciaNormal"": false, ""aplicabilidadeMargemPreferenciaAdicional"": false, ""percentualMargemPreferenciaNormal"": null, ""percentualMargemPreferenciaAdicional"": null, ""ncmNbsCodigo"": null, ""ncmNbsDescricao"": null, ""catalogo"": null, ""categoriaItemCatalogo"": null, ""catalogoCodigoItem"": null, ""informacaoComplementar"": null, ""tipoMargemPreferencia"": null, ""exigenciaConteudoNacional"": false}";2026-09-12T19:15:37.426283;23066632000153;MUNICIPIO DE TARTARUGALZINHO;municipal;M;2978;MUNICIPIO DE TARTARUGALZINHO - AP ;Tartarugalzinho;AP;6;Pregão - Eletrônico;1;2025-06-03T14:42:20;2025-05-30T11:03:13;2025-06-17T09:00:00;1;Divulgada no PNCP;generico;5000.0;7500.0;1.0;1.0;False;16000.0;53.125;False;P06;educativo;Caneta esferografica azul/preta/vermelha;9608.10.00
05986427000124-1-000018/2025;8;Cola branca 40g;M;2380.0;Unidade;unidade;1.0;unidade original ja comparavel (sem conversao);16.88;40174.4;0;2;Homologado;1;;;;2025-09-22T13:19:35;2025-12-01T12:01:54;QUARENTENA;P12;educativo;variante fora de especificacao: gramatura 40g (rol pede 90g ou 1kg);v2;ok;"{""numeroItem"": 8, ""descricao"": ""Cola branca 40g"", ""materialOuServico"": ""M"", ""materialOuServicoNome"": ""Material"", ""valorUnitarioEstimado"": 16.88, ""valorTotal"": 40174.4, ""quantidade"": 2380.0, ""unidadeMedida"": ""Unidade"", ""orcamentoSigiloso"": false, ""itemCategoriaId"": 3, ""itemCategoriaNome"": ""Não se aplica"", ""patrimonio"": ""nao_se_aplica"", ""codigoRegistroImobiliario"": ""nao_se_aplica"", ""criterioJulgamentoId"": 1, ""criterioJulgamentoNome"": ""Menor preço"", ""situacaoCompraItem"": 2, ""situacaoCompraItemNome"": ""Homologado"", ""tipoBeneficio"": 4, ""tipoBeneficioNome"": ""Sem benefício"", ""incentivoProdutivoBasico"": false, ""dataInclusao"": ""2025-09-22T13:19:35"", ""dataAtualizacao"": ""2025-12-01T12:01:54"", ""temResultado"": true, ""imagem"": 0, ""aplicabilidadeMargemPreferenciaNormal"": false, ""aplicabilidadeMargemPreferenciaAdicional"": false, ""percentualMargemPreferenciaNormal"": null, ""percentualMargemPreferenciaAdicional"": null, ""ncmNbsCodigo"": null, ""ncmNbsDescricao"": null, ""catalogo"": null, ""categoriaItemCatalogo"": null, ""catalogoCodigoItem"": null, ""informacaoComplementar"": null, ""tipoMargemPreferencia"": null, ""exigenciaConteudoNacional"": false}";2026-09-12T19:19:44.504929;05986427000124;MUNICIPIO DE MAZAGAO;municipal;M;2138;Mazagão;Mazagão;AP;6;Pregão - Eletrônico;1;2025-09-22T13:19:35;2025-09-22T17:00:00;2025-10-02T08:00:00;1;Divulgada no PNCP;40g;2380.0;22253.0;1.0;1.0;False;40174.399999999994;44.60900473933649;False;P12;educativo;Cola branca liquida, 90g ou 1kg;3506.10.90
55515312000120-1-000008/2025;3669;Serviços de Plotagem - colorida, em papel sulfite A0 de cor branca: gramatura 75 g/m²;S;66894.0;1 - Serv.;1 - Serv.;;"unidade nao reconhecida no dicionario; preservada como original";44.22;2958052.68;0;3;Anulado/Revogado/Cancelado;0;;;;2025-11-12T13:14:11;2026-04-20T15:15:23;QUARENTENA;P01;educativo;descricao sugere servico/locacao, nao aquisicao de material;v2;nao_consultado;"{""numeroItem"": 3669, ""descricao"": ""Serviços de Plotagem - colorida, em papel sulfite A0 de cor branca: gramatura 75 g/m²"", ""materialOuServico"": ""S"", ""materialOuServicoNome"": ""Serviço"", ""valorUnitarioEstimado"": 44.22, ""valorTotal"": 2958052.68, ""quantidade"": 66894.0, ""unidadeMedida"": ""1 - Serv."", ""orcamentoSigiloso"": false, ""itemCategoriaId"": 3, ""itemCategoriaNome"": ""Não se aplica"", ""patrimonio"": null, ""codigoRegistroImobiliario"": null, ""criterioJulgamentoId"": 1, ""criterioJulgamentoNome"": ""Menor preço"", ""situacaoCompraItem"": 3, ""situacaoCompraItemNome"": ""Anulado/Revogado/Cancelado"", ""tipoBeneficio"": 5, ""tipoBeneficioNome"": ""Não se aplica"", ""incentivoProdutivoBasico"": false, ""dataInclusao"": ""2025-11-12T13:14:11"", ""dataAtualizacao"": ""2026-04-20T15:15:23"", ""temResultado"": false, ""imagem"": 0, ""aplicabilidadeMargemPreferenciaNormal"": false, ""aplicabilidadeMargemPreferenciaAdicional"": false, ""percentualMargemPreferenciaNormal"": null, ""percentualMargemPreferenciaAdicional"": null, ""ncmNbsCodigo"": null, ""ncmNbsDescricao"": null, ""catalogo"": null, ""categoriaItemCatalogo"": null, ""catalogoCodigoItem"": null, ""informacaoComplementar"": null, ""tipoMargemPreferencia"": null, ""exigenciaConteudoNacional"": false}";2026-09-12T19:21:30.186146;55515312000120;SECRETARIA DE ESTADO DE COMPRAS E LICITACOES DO AMAPA;estadual;E;932875;EAP-SECRETARIA EST. DE COMPRAS E LICITACOES;Macapá;AP;6;Pregão - Eletrônico;1;2025-11-12T13:14:11;2025-11-12T12:00:00;2025-12-15T08:29:00;3;Anulada;75g;0.0;0.0;;;False;;;False;P01;educativo;Papel sulfite A4, resma de 500 folhas;4802.56.10
55515312000120-1-000008/2025;3670;Serviços de Plotagem - colorida, em papel sulfite A0 de cor branca: gramatura 75 g/m²;S;22298.0;1 - Serv.;1 - Serv.;;"unidade nao reconhecida no dicionario; preservada como original";44.22;986017.56;0;3;Anulado/Revogado/Cancelado;0;;;;2025-11-12T13:14:11;2026-04-20T15:15:24;QUARENTENA;P01;educativo;descricao sugere servico/locacao, nao aquisicao de material;v2;nao_consultado;"{""numeroItem"": 3670, ""descricao"": ""Serviços de Plotagem - colorida, em papel sulfite A0 de cor branca: gramatura 75 g/m²"", ""materialOuServico"": ""S"", ""materialOuServicoNome"": ""Serviço"", ""valorUnitarioEstimado"": 44.22, ""valorTotal"": 986017.56, ""quantidade"": 22298.0, ""unidadeMedida"": ""1 - Serv."", ""orcamentoSigiloso"": false, ""itemCategoriaId"": 3, ""itemCategoriaNome"": ""Não se aplica"", ""patrimonio"": null, ""codigoRegistroImobiliario"": null, ""criterioJulgamentoId"": 1, ""criterioJulgamentoNome"": ""Menor preço"", ""situacaoCompraItem"": 3, ""situacaoCompraItemNome"": ""Anulado/Revogado/Cancelado"", ""tipoBeneficio"": 5, ""tipoBeneficioNome"": ""Não se aplica"", ""incentivoProdutivoBasico"": false, ""dataInclusao"": ""2025-11-12T13:14:11"", ""dataAtualizacao"": ""2026-04-20T15:15:24"", ""temResultado"": false, ""imagem"": 0, ""aplicabilidadeMargemPreferenciaNormal"": false, ""aplicabilidadeMargemPreferenciaAdicional"": false, ""percentualMargemPreferenciaNormal"": null, ""percentualMargemPreferenciaAdicional"": null, ""ncmNbsCodigo"": null, ""ncmNbsDescricao"": null, ""catalogo"": null, ""categoriaItemCatalogo"": null, ""catalogoCodigoItem"": null, ""informacaoComplementar"": null, ""tipoMargemPreferencia"": null, ""exigenciaConteudoNacional"": false}";2026-09-12T19:21:30.186146;55515312000120;SECRETARIA DE ESTADO DE COMPRAS E LICITACOES DO AMAPA;estadual;E;932875;EAP-SECRETARIA EST. DE COMPRAS E LICITACOES;Macapá;AP;6;Pregão - Eletrônico;1;2025-11-12T13:14:11;2025-11-12T12:00:00;2025-12-15T08:29:00;3;Anulada;75g;0.0;0.0;;;False;;;False;P01;educativo;Papel sulfite A4, resma de 500 folhas;4802.56.10
55515312000120-1-000008/2025;3671;Serviços de Plotagem - colorida, em papel sulfite A1 de cor branca: gramatura 75 g/m²;S;67607.0;1 - Serv.;1 - Serv.;;"unidade nao reconhecida no dicionario; preservada como original";33.48;2263482.36;0;3;Anulado/Revogado/Cancelado;0;;;;2025-11-12T13:14:11;2026-04-20T15:15:24;QUARENTENA;P01;educativo;descricao sugere servico/locacao, nao aquisicao de material;v2;nao_consultado;"{""numeroItem"": 3671, ""descricao"": ""Serviços de Plotagem - colorida, em papel sulfite A1 de cor branca: gramatura 75 g/m²"", ""materialOuServico"": ""S"", ""materialOuServicoNome"": ""Serviço"", ""valorUnitarioEstimado"": 33.48, ""valorTotal"": 2263482.36, ""quantidade"": 67607.0, ""unidadeMedida"": ""1 - Serv."", ""orcamentoSigiloso"": false, ""itemCategoriaId"": 3, ""itemCategoriaNome"": ""Não se aplica"", ""patrimonio"": null, ""codigoRegistroImobiliario"": null, ""criterioJulgamentoId"": 1, ""criterioJulgamentoNome"": ""Menor preço"", ""situacaoCompraItem"": 3, ""situacaoCompraItemNome"": ""Anulado/Revogado/Cancelado"", ""tipoBeneficio"": 5, ""tipoBeneficioNome"": ""Não se aplica"", ""incentivoProdutivoBasico"": false, ""dataInclusao"": ""2025-11-12T13:14:11"", ""dataAtualizacao"": ""2026-04-20T15:15:24"", ""temResultado"": false, ""imagem"": 0, ""aplicabilidadeMargemPreferenciaNormal"": false, ""aplicabilidadeMargemPreferenciaAdicional"": false, ""percentualMargemPreferenciaNormal"": null, ""percentualMargemPreferenciaAdicional"": null, ""ncmNbsCodigo"": null, ""ncmNbsDescricao"": null, ""catalogo"": null, ""categoriaItemCatalogo"": null, ""catalogoCodigoItem"": null, ""informacaoComplementar"": null, ""tipoMargemPreferencia"": null, ""exigenciaConteudoNacional"": false}";2026-09-12T19:21:30.186146;55515312000120;SECRETARIA DE ESTADO DE COMPRAS E LICITACOES DO AMAPA;estadual;E;932875;EAP-SECRETARIA EST. DE COMPRAS E LICITACOES;Macapá;AP;6;Pregão - Eletrônico;1;2025-11-12T13:14:11;2025-11-12T12:00:00;2025-12-15T08:29:00;3;Anulada;75g;0.0;0.0;;;False;;;False;P01;educativo;Papel sulfite A4, resma de 500 folhas;4802.56.10
55515312000120-1-000008/2025;3672;Serviços de Plotagem - colorida, em papel sulfite A1 de cor branca: gramatura 75 g/m²;S;22535.0;1 - Serv.;1 - Serv.;;"unidade nao reconhecida no dicionario; preservada como original";33.48;754471.8;0;3;Anulado/Revogado/Cancelado;0;;;;2025-11-12T13:14:11;2026-04-20T15:15:24;QUARENTENA;P01;educativo;descricao sugere servico/locacao, nao aquisicao de material;v2;nao_consultado;"{""numeroItem"": 3672, ""descricao"": ""Serviços de Plotagem - colorida, em papel sulfite A1 de cor branca: gramatura 75 g/m²"", ""materialOuServico"": ""S"", ""materialOuServicoNome"": ""Serviço"", ""valorUnitarioEstimado"": 33.48, ""valorTotal"": 754471.8, ""quantidade"": 22535.0, ""unidadeMedida"": ""1 - Serv."", ""orcamentoSigiloso"": false, ""itemCategoriaId"": 3, ""itemCategoriaNome"": ""Não se aplica"", ""patrimonio"": null, ""codigoRegistroImobiliario"": null, ""criterioJulgamentoId"": 1, ""criterioJulgamentoNome"": ""Menor preço"", ""situacaoCompraItem"": 3, ""situacaoCompraItemNome"": ""Anulado/Revogado/Cancelado"", ""tipoBeneficio"": 5, ""tipoBeneficioNome"": ""Não se aplica"", ""incentivoProdutivoBasico"": false, ""dataInclusao"": ""2025-11-12T13:14:11"", ""dataAtualizacao"": ""2026-04-20T15:15:24"", ""temResultado"": false, ""imagem"": 0, ""aplicabilidadeMargemPreferenciaNormal"": false, ""aplicabilidadeMargemPreferenciaAdicional"": false, ""percentualMargemPreferenciaNormal"": null, ""percentualMargemPreferenciaAdicional"": null, ""ncmNbsCodigo"": null, ""ncmNbsDescricao"": null, ""catalogo"": null, ""categoriaItemCatalogo"": null, ""catalogoCodigoItem"": null, ""informacaoComplementar"": null, ""tipoMargemPreferencia"": null, ""exigenciaConteudoNacional"": false}";2026-09-12T19:21:30.186146;55515312000120;SECRETARIA DE ESTADO DE COMPRAS E LICITACOES DO AMAPA;estadual;E;932875;EAP-SECRETARIA EST. DE COMPRAS E LICITACOES;Macapá;AP;6;Pregão - Eletrônico;1;2025-11-12T13:14:11;2025-11-12T12:00:00;2025-12-15T08:29:00;3;Anulada;75g;0.0;0.0;;;False;;;False;P01;educativo;Papel sulfite A4, resma de 500 folhas;4802.56.10
34925131000100-1-000022/2025;1;REGISTRO DE PREÇOS PARA CONTRATAÇÃO DE EMPRESA ESPECIALIZADA NO FORNECIMENTO DE SERVIÇOS DE INTERNET COM LINK DEDICADO DE 1,5 GB E REDUNDÂNCIA VIA SATÉLITE DO LINK PRINCIPAL, COM FORNECIMENTO DE 11 GBPS EM VLAN (REDE VIRTUAL) COM VELOCIDADE DE ATÉ 500 MBPS SIMÉTRICOS PARA CADA ENDEREÇO, ATRAVÉS DE UMA REDE DE FIBRA ÓPTICA (INFRAESTRUTURA DE FIBRA ÓPTICA) PARA ACESSO A REDE MUNDIAL DE COMPUTADORES, ACESSO INTERNET VIA REDE SEM FIO EM PRAÇAS DIGITAIS, ATRAVÉS DE UM PROVEDOR COM CIRCUITO DE ACESSO DEDICADO NAS LOCALIDADES E VELOCIDADES DESCRITAS NA TABELA ABAIXO, COM DISPONIBILIDADE 24 (VINTE E QUATRO) HORAS/DIA, DURANTE OS 7 (SETE) DIAS DA SEMANA, A PARTIR DE SUA ATIVAÇÃO ATÉ O TÉRMINO DO CONTRATO, CONFORME AS CARACTERÍSTICAS TÉCNICAS DESCRITAS NESTE TERMO DE REFERÊNCIA, PARA ATENDER AS NECESSIDADES DA PREFEITURA MUNICIPAL DE PEDRA BRANCA DO AMAPARI/AP.;S;1.0;Unidade;unidade;1.0;unidade original ja comparavel (sem conversao);2598965.76;2598965.76;0;2;Homologado;1;;;;2025-12-17T11:34:49;2026-01-16T11:11:02;QUARENTENA;E06;esportivo;descricao sugere servico/locacao, nao aquisicao de material;v2;nao_consultado;"{""numeroItem"": 1, ""descricao"": ""REGISTRO DE PREÇOS PARA CONTRATAÇÃO DE EMPRESA ESPECIALIZADA NO FORNECIMENTO DE SERVIÇOS DE INTERNET COM LINK DEDICADO DE 1,5 GB E REDUNDÂNCIA VIA SATÉLITE DO LINK PRINCIPAL, COM FORNECIMENTO DE 11 GBPS EM VLAN (REDE VIRTUAL) COM VELOCIDADE DE ATÉ 500 MBPS SIMÉTRICOS PARA CADA ENDEREÇO, ATRAVÉS DE UMA REDE DE FIBRA ÓPTICA (INFRAESTRUTURA DE FIBRA ÓPTICA) PARA ACESSO A REDE MUNDIAL DE COMPUTADORES, ACESSO INTERNET VIA REDE SEM FIO EM PRAÇAS DIGITAIS, ATRAVÉS DE UM PROVEDOR COM CIRCUITO DE ACESSO DEDICADO NAS LOCALIDADES E VELOCIDADES DESCRITAS NA TABELA ABAIXO, COM DISPONIBILIDADE 24 (VINTE E QUATRO) HORAS/DIA, DURANTE OS 7 (SETE) DIAS DA SEMANA, A PARTIR DE SUA ATIVAÇÃO ATÉ O TÉRMINO DO CONTRATO, CONFORME AS CARACTERÍSTICAS TÉCNICAS DESCRITAS NESTE TERMO DE REFERÊNCIA, PARA ATENDER AS NECESSIDADES DA PREFEITURA MUNICIPAL DE PEDRA BRANCA DO AMAPARI/AP."", ""materialOuServico"": ""S"", ""materialOuServicoNome"": ""Serviço"", ""valorUnitarioEstimado"": 2598965.76, ""valorTotal"": 2598965.76, ""quantidade"": 1.0, ""unidadeMedida"": ""Unidade"", ""orcamentoSigiloso"": false, ""itemCategoriaId"": 3, ""itemCategoriaNome"": ""Não se aplica"", ""patrimonio"": null, ""codigoRegistroImobiliario"": null, ""criterioJulgamentoId"": 1, ""criterioJulgamentoNome"": ""Menor preço"", ""situacaoCompraItem"": 2, ""situacaoCompraItemNome"": ""Homologado"", ""tipoBeneficio"": 4, ""tipoBeneficioNome"": ""Sem benefício"", ""incentivoProdutivoBasico"": false, ""dataInclusao"": ""2025-12-17T11:34:49"", ""dataAtualizacao"": ""2026-01-16T11:11:02"", ""temResultado"": true, ""imagem"": 0, ""aplicabilidadeMargemPreferenciaNormal"": false, ""aplicabilidadeMargemPreferenciaAdicional"": false, ""percentualMargemPreferenciaNormal"": null, ""percentualMargemPreferenciaAdicional"": null, ""ncmNbsCodigo"": null, ""ncmNbsDescricao"": null, ""catalogo"": null, ""categoriaItemCatalogo"": null, ""catalogoCodigoItem"": null, ""informacaoComplementar"": null, ""tipoMargemPreferencia"": null, ""exigenciaConteudoNacional"": false}";2026-09-12T19:22:45.214455;34925131000100;MUNICIPIO DE PEDRA BRANCA DO AMAPARI;municipal;M;8015;Prefeitura Municipal de Pedra Branca do Amapari;Pedra Branca do Amapari;AP;6;Pregão - Eletrônico;1;2025-12-17T11:34:49;2025-12-19T08:00:00;2026-01-02T08:00:00;1;Divulgada no PNCP;generico;0.0;0.0;;;False;;;False;E06;esportivo;Rede para trave de futsal/futebol;9506.99.00
12456167000140-1-000005/2026;7321373;Atividade Coletiva - em bloco, 100 folhas, papel A4, timbre da PMVJ E SEMSA  tamanho: 30x20cm.;S;300.0;BLC;BLC;;"unidade nao reconhecida no dicionario; preservada como original";43.33;12999.0;0;2;Homologado;1;;;;2026-04-09T10:44:46;2026-05-25T09:09:15;QUARENTENA;P01;educativo;"materialOuServico=S (servico); revisar se e prestacao de servico ou fornecimento efetivo do material antes de aceitar";v2;ok;"{""numeroItem"": 7321373, ""descricao"": ""Atividade Coletiva - em bloco, 100 folhas, papel A4, timbre da PMVJ E SEMSA  tamanho: 30x20cm."", ""materialOuServico"": ""S"", ""materialOuServicoNome"": ""Serviço"", ""valorUnitarioEstimado"": 43.33, ""valorTotal"": 12999.0, ""quantidade"": 300.0, ""unidadeMedida"": ""BLC"", ""orcamentoSigiloso"": false, ""itemCategoriaId"": 3, ""itemCategoriaNome"": ""Não se aplica"", ""patrimonio"": null, ""codigoRegistroImobiliario"": null, ""criterioJulgamentoId"": 1, ""criterioJulgamentoNome"": ""Menor preço"", ""situacaoCompraItem"": 2, ""situacaoCompraItemNome"": ""Homologado"", ""tipoBeneficio"": 1, ""tipoBeneficioNome"": ""Participação exclusiva para ME/EPP"", ""incentivoProdutivoBasico"": false, ""dataInclusao"": ""2026-04-09T10:44:46"", ""dataAtualizacao"": ""2026-05-25T09:09:15"", ""temResultado"": true, ""imagem"": 0, ""aplicabilidadeMargemPreferenciaNormal"": false, ""aplicabilidadeMargemPreferenciaAdicional"": false, ""percentualMargemPreferenciaNormal"": null, ""percentualMargemPreferenciaAdicional"": null, ""ncmNbsCodigo"": null, ""ncmNbsDescricao"": null, ""catalogo"": null, ""categoriaItemCatalogo"": null, ""catalogoCodigoItem"": null, ""informacaoComplementar"": null, ""tipoMargemPreferencia"": null, ""exigenciaConteudoNacional"": false}";2026-09-12T19:25:49.289443;12456167000140;FUNDO MUNICIPAL DE SAUDE DE VITORIA DO JARI;municipal;M;610;FUNDO MUNICIPAL DE SAÚDE DE VITORIA DO JARI/AP;Vitória do Jari;AP;6;Pregão - Eletrônico;1;2026-04-09T10:44:46;2026-04-09T10:44:40;2026-04-27T09:00:00;1;Divulgada no PNCP;generico;300.0;4200.0;1.0;1.0;False;12999.0;67.68982229402262;False;P01;educativo;Papel sulfite A4, resma de 500 folhas;4802.56.10
55515312000120-1-000028/2026;7;Serviços de Plotagem - colorida, em papel sulfite A0 de cor branca: gramatura 75 g/m²;S;66894.0;1 Serv.;1 Serv.;;"unidade nao reconhecida no dicionario; preservada como original";32.14;2149973.16;0;1;Em andamento;0;;;;2026-06-10T20:49:50;2026-06-10T20:49:50;QUARENTENA;P01;educativo;descricao sugere servico/locacao, nao aquisicao de material;v2;nao_consultado;"{""numeroItem"": 7, ""descricao"": ""Serviços de Plotagem - colorida, em papel sulfite A0 de cor branca: gramatura 75 g/m²"", ""materialOuServico"": ""S"", ""materialOuServicoNome"": ""Serviço"", ""valorUnitarioEstimado"": 32.14, ""valorTotal"": 2149973.16, ""quantidade"": 66894.0, ""unidadeMedida"": ""1 Serv."", ""orcamentoSigiloso"": false, ""itemCategoriaId"": 3, ""itemCategoriaNome"": ""Não se aplica"", ""patrimonio"": null, ""codigoRegistroImobiliario"": null, ""criterioJulgamentoId"": 1, ""criterioJulgamentoNome"": ""Menor preço"", ""situacaoCompraItem"": 1, ""situacaoCompraItemNome"": ""Em andamento"", ""tipoBeneficio"": 5, ""tipoBeneficioNome"": ""Não se aplica"", ""incentivoProdutivoBasico"": false, ""dataInclusao"": ""2026-06-10T20:49:50"", ""dataAtualizacao"": ""2026-06-10T20:49:50"", ""temResultado"": false, ""imagem"": 0, ""aplicabilidadeMargemPreferenciaNormal"": false, ""aplicabilidadeMargemPreferenciaAdicional"": false, ""percentualMargemPreferenciaNormal"": null, ""percentualMargemPreferenciaAdicional"": null, ""ncmNbsCodigo"": null, ""ncmNbsDescricao"": null, ""catalogo"": null, ""categoriaItemCatalogo"": null, ""catalogoCodigoItem"": null, ""informacaoComplementar"": null, ""tipoMargemPreferencia"": null, ""exigenciaConteudoNacional"": false}";2026-09-12T19:27:20.565505;55515312000120;SECRETARIA DE ESTADO DE COMPRAS E LICITACOES DO AMAPA;estadual;E;932875;EAP-SECRETARIA EST. DE COMPRAS E LICITACOES;Macapá;AP;6;Pregão - Eletrônico;1;2026-06-10T20:49:50;2026-06-10T00:00:00;2026-06-24T08:29:00;1;Divulgada no PNCP;75g;0.0;0.0;;;False;;;False;P01;educativo;Papel sulfite A4, resma de 500 folhas;4802.56.10
55515312000120-1-000028/2026;8;Serviços de Plotagem - colorida, em papel sulfite A0 de cor branca: gramatura 75 g/m²;S;22298.0;1 Serv.;1 Serv.;;"unidade nao reconhecida no dicionario; preservada como original";32.14;716657.72;0;1;Em andamento;0;;;;2026-06-10T20:49:50;2026-06-10T20:49:50;QUARENTENA;P01;educativo;descricao sugere servico/locacao, nao aquisicao de material;v2;nao_consultado;"{""numeroItem"": 8, ""descricao"": ""Serviços de Plotagem - colorida, em papel sulfite A0 de cor branca: gramatura 75 g/m²"", ""materialOuServico"": ""S"", ""materialOuServicoNome"": ""Serviço"", ""valorUnitarioEstimado"": 32.14, ""valorTotal"": 716657.72, ""quantidade"": 22298.0, ""unidadeMedida"": ""1 Serv."", ""orcamentoSigiloso"": false, ""itemCategoriaId"": 3, ""itemCategoriaNome"": ""Não se aplica"", ""patrimonio"": null, ""codigoRegistroImobiliario"": null, ""criterioJulgamentoId"": 1, ""criterioJulgamentoNome"": ""Menor preço"", ""situacaoCompraItem"": 1, ""situacaoCompraItemNome"": ""Em andamento"", ""tipoBeneficio"": 1, ""tipoBeneficioNome"": ""Participação exclusiva para ME/EPP"", ""incentivoProdutivoBasico"": false, ""dataInclusao"": ""2026-06-10T20:49:50"", ""dataAtualizacao"": ""2026-06-10T20:49:50"", ""temResultado"": false, ""imagem"": 0, ""aplicabilidadeMargemPreferenciaNormal"": false, ""aplicabilidadeMargemPreferenciaAdicional"": false, ""percentualMargemPreferenciaNormal"": null, ""percentualMargemPreferenciaAdicional"": null, ""ncmNbsCodigo"": null, ""ncmNbsDescricao"": null, ""catalogo"": null, ""categoriaItemCatalogo"": null, ""catalogoCodigoItem"": null, ""informacaoComplementar"": null, ""tipoMargemPreferencia"": null, ""exigenciaConteudoNacional"": false}";2026-09-12T19:27:20.565505;55515312000120;SECRETARIA DE ESTADO DE COMPRAS E LICITACOES DO AMAPA;estadual;E;932875;EAP-SECRETARIA EST. DE COMPRAS E LICITACOES;Macapá;AP;6;Pregão - Eletrônico;1;2026-06-10T20:49:50;2026-06-10T00:00:00;2026-06-24T08:29:00;1;Divulgada no PNCP;75g;0.0;0.0;;;False;;;False;P01;educativo;Papel sulfite A4, resma de 500 folhas;4802.56.10
55515312000120-1-000028/2026;9;Serviços de Plotagem - colorida, em papel sulfite A1 de cor branca: gramatura 75 g/m²;S;67607.0;1 Serv.;1 Serv.;;"unidade nao reconhecida no dicionario; preservada como original";32.63;2206016.41;0;1;Em andamento;0;;;;2026-06-10T20:49:50;2026-06-10T20:49:50;QUARENTENA;P01;educativo;descricao sugere servico/locacao, nao aquisicao de material;v2;nao_consultado;"{""numeroItem"": 9, ""descricao"": ""Serviços de Plotagem - colorida, em papel sulfite A1 de cor branca: gramatura 75 g/m²"", ""materialOuServico"": ""S"", ""materialOuServicoNome"": ""Serviço"", ""valorUnitarioEstimado"": 32.63, ""valorTotal"": 2206016.41, ""quantidade"": 67607.0, ""unidadeMedida"": ""1 Serv."", ""orcamentoSigiloso"": false, ""itemCategoriaId"": 3, ""itemCategoriaNome"": ""Não se aplica"", ""patrimonio"": null, ""codigoRegistroImobiliario"": null, ""criterioJulgamentoId"": 1, ""criterioJulgamentoNome"": ""Menor preço"", ""situacaoCompraItem"": 1, ""situacaoCompraItemNome"": ""Em andamento"", ""tipoBeneficio"": 5, ""tipoBeneficioNome"": ""Não se aplica"", ""incentivoProdutivoBasico"": false, ""dataInclusao"": ""2026-06-10T20:49:50"", ""dataAtualizacao"": ""2026-06-10T20:49:50"", ""temResultado"": false, ""imagem"": 0, ""aplicabilidadeMargemPreferenciaNormal"": false, ""aplicabilidadeMargemPreferenciaAdicional"": false, ""percentualMargemPreferenciaNormal"": null, ""percentualMargemPreferenciaAdicional"": null, ""ncmNbsCodigo"": null, ""ncmNbsDescricao"": null, ""catalogo"": null, ""categoriaItemCatalogo"": null, ""catalogoCodigoItem"": null, ""informacaoComplementar"": null, ""tipoMargemPreferencia"": null, ""exigenciaConteudoNacional"": false}";2026-09-12T19:27:20.565505;55515312000120;SECRETARIA DE ESTADO DE COMPRAS E LICITACOES DO AMAPA;estadual;E;932875;EAP-SECRETARIA EST. DE COMPRAS E LICITACOES;Macapá;AP;6;Pregão - Eletrônico;1;2026-06-10T20:49:50;2026-06-10T00:00:00;2026-06-24T08:29:00;1;Divulgada no PNCP;75g;0.0;0.0;;;False;;;False;P01;educativo;Papel sulfite A4, resma de 500 folhas;4802.56.10
55515312000120-1-000028/2026;10;Serviços de Plotagem - colorida, em papel sulfite A1 de cor branca: gramatura 75 g/m²;S;22535.0;1 Serv.;1 Serv.;;"unidade nao reconhecida no dicionario; preservada como original";32.63;735317.05;0;1;Em andamento;0;;;;2026-06-10T20:49:50;2026-06-10T20:49:50;QUARENTENA;P01;educativo;descricao sugere servico/locacao, nao aquisicao de material;v2;nao_consultado;"{""numeroItem"": 10, ""descricao"": ""Serviços de Plotagem - colorida, em papel sulfite A1 de cor branca: gramatura 75 g/m²"", ""materialOuServico"": ""S"", ""materialOuServicoNome"": ""Serviço"", ""valorUnitarioEstimado"": 32.63, ""valorTotal"": 735317.05, ""quantidade"": 22535.0, ""unidadeMedida"": ""1 Serv."", ""orcamentoSigiloso"": false, ""itemCategoriaId"": 3, ""itemCategoriaNome"": ""Não se aplica"", ""patrimonio"": null, ""codigoRegistroImobiliario"": null, ""criterioJulgamentoId"": 1, ""criterioJulgamentoNome"": ""Menor preço"", ""situacaoCompraItem"": 1, ""situacaoCompraItemNome"": ""Em andamento"", ""tipoBeneficio"": 1, ""tipoBeneficioNome"": ""Participação exclusiva para ME/EPP"", ""incentivoProdutivoBasico"": false, ""dataInclusao"": ""2026-06-10T20:49:50"", ""dataAtualizacao"": ""2026-06-10T20:49:50"", ""temResultado"": false, ""imagem"": 0, ""aplicabilidadeMargemPreferenciaNormal"": false, ""aplicabilidadeMargemPreferenciaAdicional"": false, ""percentualMargemPreferenciaNormal"": null, ""percentualMargemPreferenciaAdicional"": null, ""ncmNbsCodigo"": null, ""ncmNbsDescricao"": null, ""catalogo"": null, ""categoriaItemCatalogo"": null, ""catalogoCodigoItem"": null, ""informacaoComplementar"": null, ""tipoMargemPreferencia"": null, ""exigenciaConteudoNacional"": false}";2026-09-12T19:27:20.565505;55515312000120;SECRETARIA DE ESTADO DE COMPRAS E LICITACOES DO AMAPA;estadual;E;932875;EAP-SECRETARIA EST. DE COMPRAS E LICITACOES;Macapá;AP;6;Pregão - Eletrônico;1;2026-06-10T20:49:50;2026-06-10T00:00:00;2026-06-24T08:29:00;1;Divulgada no PNCP;75g;0.0;0.0;;;False;;;False;P01;educativo;Papel sulfite A4, resma de 500 folhas;4802.56.10
01762561000190-1-000011/2025;3555;"LÁPIS DE COR - Material: madeira ; Cor: Diversas; quantidade cores: 24.";M;60.0;Cx 12 un;Cx 12 un;;"unidade nao reconhecida no dicionario; preservada como original";11.0;660.0;0;2;Homologado;1;;;;2025-07-09T11:08:31;2025-07-28T10:09:18;QUARENTENA;P04;educativo;variante fora de especificacao: caixa de 24 cores (rol pede caixa de 12);v2;ok;"{""numeroItem"": 3555, ""descricao"": ""LÁPIS DE COR - Material: madeira ; Cor: Diversas; quantidade cores: 24."", ""materialOuServico"": ""M"", ""materialOuServicoNome"": ""Material"", ""valorUnitarioEstimado"": 11.0, ""valorTotal"": 660.0, ""quantidade"": 60.0, ""unidadeMedida"": ""Cx 12 un"", ""orcamentoSigiloso"": false, ""itemCategoriaId"": 3, ""itemCategoriaNome"": ""Não se aplica"", ""patrimonio"": null, ""codigoRegistroImobiliario"": null, ""criterioJulgamentoId"": 1, ""criterioJulgamentoNome"": ""Menor preço"", ""situacaoCompraItem"": 2, ""situacaoCompraItemNome"": ""Homologado"", ""tipoBeneficio"": 1, ""tipoBeneficioNome"": ""Participação exclusiva para ME/EPP"", ""incentivoProdutivoBasico"": false, ""dataInclusao"": ""2025-07-09T11:08:31"", ""dataAtualizacao"": ""2025-07-28T10:09:18"", ""temResultado"": true, ""imagem"": 0, ""aplicabilidadeMargemPreferenciaNormal"": false, ""aplicabilidadeMargemPreferenciaAdicional"": false, ""percentualMargemPreferenciaNormal"": null, ""percentualMargemPreferenciaAdicional"": null, ""ncmNbsCodigo"": null, ""ncmNbsDescricao"": null, ""catalogo"": null, ""categoriaItemCatalogo"": null, ""catalogoCodigoItem"": null, ""informacaoComplementar"": null, ""tipoMargemPreferencia"": null, ""exigenciaConteudoNacional"": false}";2026-09-12T19:38:23.692569;01762561000190;INSTITUTO DE HEMATOLOGIA E HEMOTERAPIA DO AMAPA;estadual;E;35;INSTITUTO DE HEMATOLOGIA E HEMOTERAPIA DO AMAPÁ ;Macapá;AP;8;Dispensa;0;2025-07-09T11:08:31;;;1;Divulgada no PNCP;generico;60.0;619.8;1.0;1.0;False;660.0;6.090909090909102;False;P04;educativo;Lapis de cor, caixa de 12 cores;9609.10.00
10820882000195-1-000043/2025;10;"Arbitragem / Mediação Civil e Comercial Serviços de arbitragem esportiva, com
a disponibilização de árbitros
qualificados e devidamente
credenciados junto à federação ou
entidade de classe competente.
Atuação no âmbito das Olimpíadas dos
Servidores Federais.  Modalidade:
Xadrez";S;1.0;UNIDADE;unidade;1.0;unidade original ja comparavel (sem conversao);1800.0;1800.0;0;2;Homologado;1;;;;2025-09-30T10:23:52;2025-09-30T10:26:52;QUARENTENA;E21;esportivo;descricao sugere servico/locacao, nao aquisicao de material;v2;nao_consultado;"{""numeroItem"": 10, ""descricao"": ""Arbitragem / Mediação Civil e Comercial Serviços de arbitragem esportiva, com\na disponibilização de árbitros\nqualificados e devidamente\ncredenciados junto à federação ou\nentidade de classe competente.\nAtuação no âmbito das Olimpíadas dos\nServidores Federais.  Modalidade:\nXadrez"", ""materialOuServico"": ""S"", ""materialOuServicoNome"": ""Serviço"", ""valorUnitarioEstimado"": 1800.0, ""valorTotal"": 1800.0, ""quantidade"": 1.0, ""unidadeMedida"": ""UNIDADE"", ""orcamentoSigiloso"": false, ""itemCategoriaId"": 3, ""itemCategoriaNome"": ""Não se aplica"", ""patrimonio"": null, ""codigoRegistroImobiliario"": null, ""criterioJulgamentoId"": 7, ""criterioJulgamentoNome"": ""Não se aplica"", ""situacaoCompraItem"": 2, ""situacaoCompraItemNome"": ""Homologado"", ""tipoBeneficio"": 5, ""tipoBeneficioNome"": ""Não se aplica"", ""incentivoProdutivoBasico"": false, ""dataInclusao"": ""2025-09-30T10:23:52"", ""dataAtualizacao"": ""2025-09-30T10:26:52"", ""temResultado"": true, ""imagem"": 0, ""aplicabilidadeMargemPreferenciaNormal"": false, ""aplicabilidadeMargemPreferenciaAdicional"": false, ""percentualMargemPreferenciaNormal"": null, ""percentualMargemPreferenciaAdicional"": null, ""ncmNbsCodigo"": null, ""ncmNbsDescricao"": null, ""catalogo"": null, ""categoriaItemCatalogo"": null, ""catalogoCodigoItem"": null, ""informacaoComplementar"": null, ""tipoMargemPreferencia"": null, ""exigenciaConteudoNacional"": false}";2026-09-12T19:45:01.577456;10820882000195;INSTITUTO FEDERAL DE EDUCACAO, CIENCIA E TECNOLOGIA DO AMAPA;federal;F;158150;INST.FED.DE EDUC.,CIENC.E TEC.DO AMAPA;Macapá;AP;8;Dispensa;0;2025-09-30T10:23:41;;;1;Divulgada no PNCP;generico;0.0;0.0;;;False;;;False;E21;esportivo;Jogo de xadrez completo;9504.90.10
00394452000103-1-021918/2025;5;Confecção Clichê Impressão Gráfica Serviço de confecção de caneta esferográfica de ponta fina, personalizada, em metal, tinta azul, com gravação a laser contendo o nome e/ou a logo da OM, conforme modelo da contratante.;S;100.0;UNIDADE;unidade;1.0;unidade original ja comparavel (sem conversao);8.91;891.0;0;2;Homologado;1;;;;2025-10-30T14:21:51;2025-11-06T11:54:44;QUARENTENA;P06;educativo;descricao sugere servico/locacao, nao aquisicao de material;v2;nao_consultado;"{""numeroItem"": 5, ""descricao"": ""Confecção Clichê Impressão Gráfica Serviço de confecção de caneta esferográfica de ponta fina, personalizada, em metal, tinta azul, com gravação a laser contendo o nome e/ou a logo da OM, conforme modelo da contratante."", ""materialOuServico"": ""S"", ""materialOuServicoNome"": ""Serviço"", ""valorUnitarioEstimado"": 8.91, ""valorTotal"": 891.0, ""quantidade"": 100.0, ""unidadeMedida"": ""UNIDADE"", ""orcamentoSigiloso"": false, ""itemCategoriaId"": 3, ""itemCategoriaNome"": ""Não se aplica"", ""patrimonio"": null, ""codigoRegistroImobiliario"": null, ""criterioJulgamentoId"": 1, ""criterioJulgamentoNome"": ""Menor preço"", ""situacaoCompraItem"": 2, ""situacaoCompraItemNome"": ""Homologado"", ""tipoBeneficio"": 1, ""tipoBeneficioNome"": ""Participação exclusiva para ME/EPP"", ""incentivoProdutivoBasico"": false, ""dataInclusao"": ""2025-10-30T14:21:51"", ""dataAtualizacao"": ""2025-11-06T11:54:44"", ""temResultado"": true, ""imagem"": 0, ""aplicabilidadeMargemPreferenciaNormal"": false, ""aplicabilidadeMargemPreferenciaAdicional"": false, ""percentualMargemPreferenciaNormal"": null, ""percentualMargemPreferenciaAdicional"": null, ""ncmNbsCodigo"": null, ""ncmNbsDescricao"": null, ""catalogo"": null, ""categoriaItemCatalogo"": null, ""catalogoCodigoItem"": null, ""informacaoComplementar"": null, ""tipoMargemPreferencia"": null, ""exigenciaConteudoNacional"": false}";2026-09-12T19:48:08.073792;00394452000103;COMANDO DO EXERCITO;federal;F;160026;COMANDO DA 22ª BRIGADA DE INFANTARIA DE SELVA;Macapá;AP;8;Dispensa;0;2025-10-30T14:18:46;2025-10-30T14:30:00;2025-11-03T08:00:00;1;Divulgada no PNCP;generico;0.0;0.0;;;False;;;False;P06;educativo;Caneta esferografica azul/preta/vermelha;9608.10.00
31443333000119-1-000025/2025;4389;"MEDALHA - Finalidade: segurança pública; Demais especificações: conforme modelo do órgão.";M;150.0;1 Un.;1 Un.;;"unidade nao reconhecida no dicionario; preservada como original";374.5;56175.0;0;2;Homologado;1;;;;2025-12-04T09:06:45;2026-01-06T11:55:00;QUARENTENA;E23;esportivo;variante fora de especificacao: medalha institucional/militar/condecorativa (rol pede medalha de premiacao esportiva);v2;ok;"{""numeroItem"": 4389, ""descricao"": ""MEDALHA - Finalidade: segurança pública; Demais especificações: conforme modelo do órgão."", ""materialOuServico"": ""M"", ""materialOuServicoNome"": ""Material"", ""valorUnitarioEstimado"": 374.5, ""valorTotal"": 56175.0, ""quantidade"": 150.0, ""unidadeMedida"": ""1 Un."", ""orcamentoSigiloso"": false, ""itemCategoriaId"": 3, ""itemCategoriaNome"": ""Não se aplica"", ""patrimonio"": null, ""codigoRegistroImobiliario"": null, ""criterioJulgamentoId"": 1, ""criterioJulgamentoNome"": ""Menor preço"", ""situacaoCompraItem"": 2, ""situacaoCompraItemNome"": ""Homologado"", ""tipoBeneficio"": 1, ""tipoBeneficioNome"": ""Participação exclusiva para ME/EPP"", ""incentivoProdutivoBasico"": false, ""dataInclusao"": ""2025-12-04T09:06:45"", ""dataAtualizacao"": ""2026-01-06T11:55:00"", ""temResultado"": true, ""imagem"": 0, ""aplicabilidadeMargemPreferenciaNormal"": false, ""aplicabilidadeMargemPreferenciaAdicional"": false, ""percentualMargemPreferenciaNormal"": null, ""percentualMargemPreferenciaAdicional"": null, ""ncmNbsCodigo"": null, ""ncmNbsDescricao"": null, ""catalogo"": null, ""categoriaItemCatalogo"": null, ""catalogoCodigoItem"": null, ""informacaoComplementar"": null, ""tipoMargemPreferencia"": null, ""exigenciaConteudoNacional"": false}";2026-09-12T19:51:33.253435;31443333000119;FUNDO ESTADUAL DE SEGURANCA PUBLICA DO ESTADO DO AMAPA - FUNSEP;estadual;E;3491;FUNDO ESTADUAL DE SEGURANÇA PÚBLICA;Macapá;AP;8;Dispensa;0;2025-12-04T09:06:45;;;1;Divulgada no PNCP;generico;150.0;42132.0;1.0;1.0;False;56175.0;24.998664886515353;False;E23;esportivo;Medalha de premiacao;8306.29.00
02954346000154-1-000001/2026;5255;"REDE ESPORTE - Material: polietileno; Espessura fio: 4 mm; Cor: branca; Aplicação: futsal; Altura: 2 m; Largura: 3 m; Malha: 12 x 12.";M;16.0;1 Par;1 Par;;"unidade nao reconhecida no dicionario; preservada como original";161.0;2576.0;0;2;Homologado;1;;;;2026-03-10T10:51:48;2026-03-23T15:30:00;QUARENTENA;;esportivo;ambiguidade entre produtos proximos: E02,E06;v2;nao_consultado;"{""numeroItem"": 5255, ""descricao"": ""REDE ESPORTE - Material: polietileno; Espessura fio: 4 mm; Cor: branca; Aplicação: futsal; Altura: 2 m; Largura: 3 m; Malha: 12 x 12."", ""materialOuServico"": ""M"", ""materialOuServicoNome"": ""Material"", ""valorUnitarioEstimado"": 161.0, ""valorTotal"": 2576.0, ""quantidade"": 16.0, ""unidadeMedida"": ""1 Par"", ""orcamentoSigiloso"": false, ""itemCategoriaId"": 3, ""itemCategoriaNome"": ""Não se aplica"", ""patrimonio"": null, ""codigoRegistroImobiliario"": null, ""criterioJulgamentoId"": 1, ""criterioJulgamentoNome"": ""Menor preço"", ""situacaoCompraItem"": 2, ""situacaoCompraItemNome"": ""Homologado"", ""tipoBeneficio"": 1, ""tipoBeneficioNome"": ""Participação exclusiva para ME/EPP"", ""incentivoProdutivoBasico"": false, ""dataInclusao"": ""2026-03-10T10:51:48"", ""dataAtualizacao"": ""2026-03-23T15:30:00"", ""temResultado"": true, ""imagem"": 0, ""aplicabilidadeMargemPreferenciaNormal"": false, ""aplicabilidadeMargemPreferenciaAdicional"": false, ""percentualMargemPreferenciaNormal"": null, ""percentualMargemPreferenciaAdicional"": null, ""ncmNbsCodigo"": null, ""ncmNbsDescricao"": null, ""catalogo"": null, ""categoriaItemCatalogo"": null, ""catalogoCodigoItem"": null, ""informacaoComplementar"": null, ""tipoMargemPreferencia"": null, ""exigenciaConteudoNacional"": false}";2026-09-12T19:56:11.564067;02954346000154;CORPO DE BOMBEIROS MILITAR;estadual;E;94;CORPO DE BOMBEIROS MILITAR DO ESTADO DO AMAPÁ;Macapá;AP;8;Dispensa;0;2026-03-10T10:51:48;;;1;Divulgada no PNCP;futsal;0.0;0.0;;;False;;;False;;;;
25002757000145-1-000001/2026;5438;"MEDALHA CONDECORATIVA - Tipo: Medalha Mérito Bombeiro Militar Imperador Dom Pedro II; Modelo: Estrela de 4 pontas, metal dourado, 55 x 55 mm, 2 mm de espessura; Passador: Metal dourado, 37 x 11 mm, borda 1,5 mm; Fita: 35 x 45 mm, cor branca; Barreta: Versão reduzida da medalha com mesma fita e passador, fixação por alfinete/ímã; Botão de lapela: 9 mm, cor branca com borda dourada de 1 mm; Acessórios: Estojo retangular tipo alçapão revestido.";M;12.0;Ind 1 un;Ind 1 un;;"unidade nao reconhecida no dicionario; preservada como original";198.0;2376.0;0;4;Deserto;0;;;;2026-04-27T15:48:03;2026-05-04T10:05:08;QUARENTENA;E23;esportivo;variante fora de especificacao: medalha institucional/militar/condecorativa (rol pede medalha de premiacao esportiva);v2;sem_registros;"{""numeroItem"": 5438, ""descricao"": ""MEDALHA CONDECORATIVA - Tipo: Medalha Mérito Bombeiro Militar Imperador Dom Pedro II; Modelo: Estrela de 4 pontas, metal dourado, 55 x 55 mm, 2 mm de espessura; Passador: Metal dourado, 37 x 11 mm, borda 1,5 mm; Fita: 35 x 45 mm, cor branca; Barreta: Versão reduzida da medalha com mesma fita e passador, fixação por alfinete/ímã; Botão de lapela: 9 mm, cor branca com borda dourada de 1 mm; Acessórios: Estojo retangular tipo alçapão revestido."", ""materialOuServico"": ""M"", ""materialOuServicoNome"": ""Material"", ""valorUnitarioEstimado"": 198.0, ""valorTotal"": 2376.0, ""quantidade"": 12.0, ""unidadeMedida"": ""Ind 1 un"", ""orcamentoSigiloso"": false, ""itemCategoriaId"": 3, ""itemCategoriaNome"": ""Não se aplica"", ""patrimonio"": null, ""codigoRegistroImobiliario"": null, ""criterioJulgamentoId"": 1, ""criterioJulgamentoNome"": ""Menor preço"", ""situacaoCompraItem"": 4, ""situacaoCompraItemNome"": ""Deserto"", ""tipoBeneficio"": 1, ""tipoBeneficioNome"": ""Participação exclusiva para ME/EPP"", ""incentivoProdutivoBasico"": false, ""dataInclusao"": ""2026-04-27T15:48:03"", ""dataAtualizacao"": ""2026-05-04T10:05:08"", ""temResultado"": false, ""imagem"": 0, ""aplicabilidadeMargemPreferenciaNormal"": false, ""aplicabilidadeMargemPreferenciaAdicional"": false, ""percentualMargemPreferenciaNormal"": null, ""percentualMargemPreferenciaAdicional"": null, ""ncmNbsCodigo"": null, ""ncmNbsDescricao"": null, ""catalogo"": null, ""categoriaItemCatalogo"": null, ""catalogoCodigoItem"": null, ""informacaoComplementar"": null, ""tipoMargemPreferencia"": null, ""exigenciaConteudoNacional"": false}";2026-09-12T19:58:40.472749;25002757000145;FUNDO DE REEQUIPAMENTO DO CORPO DE BOMBEIROS MILITAR DO ESTADO DO AMAPA - FREBOM;estadual;E;3;FUNDO DE REEQUIPAMENTO DO CORPO DE BOMBEIROS;Macapá;AP;8;Dispensa;0;2026-04-27T15:48:03;;;1;Divulgada no PNCP;generico;0.0;0.0;;;False;;;False;E23;esportivo;Medalha de premiacao;8306.29.00
25002757000145-1-000001/2026;5439;"MEDALHA CONDECORATIVA - Tipo: Medalha do Mérito Defesa Civil; Modelo: Círculo branco com estrela de 5 pontas e esplendores, metal dourado, 43 x 43 mm, 2 mm de espessura; Passador: Metal dourado, 37 x 11 mm, borda 1,5 mm; Fita: 35 x 45 mm, listras alaranjadas nas extremidades, brancas e azul-marinho central; Barreta: Versão reduzida da medalha com mesma fita e passador, fixação por alfinete/ímã; Botão de lapela: 9 mm, borda dourada de 1 mm; Acessórios: Estojo retangular tipo alçapão revestido.";M;12.0;Ind 1 un;Ind 1 un;;"unidade nao reconhecida no dicionario; preservada como original";198.0;2376.0;0;4;Deserto;0;;;;2026-04-27T15:48:03;2026-05-04T10:15:00;QUARENTENA;E23;esportivo;variante fora de especificacao: medalha institucional/militar/condecorativa (rol pede medalha de premiacao esportiva);v2;sem_registros;"{""numeroItem"": 5439, ""descricao"": ""MEDALHA CONDECORATIVA - Tipo: Medalha do Mérito Defesa Civil; Modelo: Círculo branco com estrela de 5 pontas e esplendores, metal dourado, 43 x 43 mm, 2 mm de espessura; Passador: Metal dourado, 37 x 11 mm, borda 1,5 mm; Fita: 35 x 45 mm, listras alaranjadas nas extremidades, brancas e azul-marinho central; Barreta: Versão reduzida da medalha com mesma fita e passador, fixação por alfinete/ímã; Botão de lapela: 9 mm, borda dourada de 1 mm; Acessórios: Estojo retangular tipo alçapão revestido."", ""materialOuServico"": ""M"", ""materialOuServicoNome"": ""Material"", ""valorUnitarioEstimado"": 198.0, ""valorTotal"": 2376.0, ""quantidade"": 12.0, ""unidadeMedida"": ""Ind 1 un"", ""orcamentoSigiloso"": false, ""itemCategoriaId"": 3, ""itemCategoriaNome"": ""Não se aplica"", ""patrimonio"": null, ""codigoRegistroImobiliario"": null, ""criterioJulgamentoId"": 1, ""criterioJulgamentoNome"": ""Menor preço"", ""situacaoCompraItem"": 4, ""situacaoCompraItemNome"": ""Deserto"", ""tipoBeneficio"": 1, ""tipoBeneficioNome"": ""Participação exclusiva para ME/EPP"", ""incentivoProdutivoBasico"": false, ""dataInclusao"": ""2026-04-27T15:48:03"", ""dataAtualizacao"": ""2026-05-04T10:15:00"", ""temResultado"": false, ""imagem"": 0, ""aplicabilidadeMargemPreferenciaNormal"": false, ""aplicabilidadeMargemPreferenciaAdicional"": false, ""percentualMargemPreferenciaNormal"": null, ""percentualMargemPreferenciaAdicional"": null, ""ncmNbsCodigo"": null, ""ncmNbsDescricao"": null, ""catalogo"": null, ""categoriaItemCatalogo"": null, ""catalogoCodigoItem"": null, ""informacaoComplementar"": null, ""tipoMargemPreferencia"": null, ""exigenciaConteudoNacional"": false}";2026-09-12T19:58:40.472749;25002757000145;FUNDO DE REEQUIPAMENTO DO CORPO DE BOMBEIROS MILITAR DO ESTADO DO AMAPA - FREBOM;estadual;E;3;FUNDO DE REEQUIPAMENTO DO CORPO DE BOMBEIROS;Macapá;AP;8;Dispensa;0;2026-04-27T15:48:03;;;1;Divulgada no PNCP;generico;0.0;0.0;;;False;;;False;E23;esportivo;Medalha de premiacao;8306.29.00
25002757000145-1-000001/2026;5440;"MEDALHA CONDECORATIVA - Material: metal; Cor: dourada; Largura: 35,5 mm; Altura: 42 mm; Espessura: 2 mm; Apresentação fita: fita em gorgorão seda, dimensões: largura 35mm, altura 45mm; Finalidade: mérito operacional, grau ouro; Passador de metal: Cor: dourada, dimensões: largura 35mm, altura 10mm; Barreta de metal: Cor: dourada, dimensões: largura 35mm, altura 10mm; Acessórios: estojo retangular tipo alçapão revestido de material aveludado.";M;16.0;Ind 1 un;Ind 1 un;;"unidade nao reconhecida no dicionario; preservada como original";198.0;3168.0;0;4;Deserto;0;;;;2026-04-27T15:48:03;2026-05-04T10:25:00;QUARENTENA;E23;esportivo;variante fora de especificacao: medalha institucional/militar/condecorativa (rol pede medalha de premiacao esportiva);v2;sem_registros;"{""numeroItem"": 5440, ""descricao"": ""MEDALHA CONDECORATIVA - Material: metal; Cor: dourada; Largura: 35,5 mm; Altura: 42 mm; Espessura: 2 mm; Apresentação fita: fita em gorgorão seda, dimensões: largura 35mm, altura 45mm; Finalidade: mérito operacional, grau ouro; Passador de metal: Cor: dourada, dimensões: largura 35mm, altura 10mm; Barreta de metal: Cor: dourada, dimensões: largura 35mm, altura 10mm; Acessórios: estojo retangular tipo alçapão revestido de material aveludado."", ""materialOuServico"": ""M"", ""materialOuServicoNome"": ""Material"", ""valorUnitarioEstimado"": 198.0, ""valorTotal"": 3168.0, ""quantidade"": 16.0, ""unidadeMedida"": ""Ind 1 un"", ""orcamentoSigiloso"": false, ""itemCategoriaId"": 3, ""itemCategoriaNome"": ""Não se aplica"", ""patrimonio"": null, ""codigoRegistroImobiliario"": null, ""criterioJulgamentoId"": 1, ""criterioJulgamentoNome"": ""Menor preço"", ""situacaoCompraItem"": 4, ""situacaoCompraItemNome"": ""Deserto"", ""tipoBeneficio"": 1, ""tipoBeneficioNome"": ""Participação exclusiva para ME/EPP"", ""incentivoProdutivoBasico"": false, ""dataInclusao"": ""2026-04-27T15:48:03"", ""dataAtualizacao"": ""2026-05-04T10:25:00"", ""temResultado"": false, ""imagem"": 0, ""aplicabilidadeMargemPreferenciaNormal"": false, ""aplicabilidadeMargemPreferenciaAdicional"": false, ""percentualMargemPreferenciaNormal"": null, ""percentualMargemPreferenciaAdicional"": null, ""ncmNbsCodigo"": null, ""ncmNbsDescricao"": null, ""catalogo"": null, ""categoriaItemCatalogo"": null, ""catalogoCodigoItem"": null, ""informacaoComplementar"": null, ""tipoMargemPreferencia"": null, ""exigenciaConteudoNacional"": false}";2026-09-12T19:58:40.472749;25002757000145;FUNDO DE REEQUIPAMENTO DO CORPO DE BOMBEIROS MILITAR DO ESTADO DO AMAPA - FREBOM;estadual;E;3;FUNDO DE REEQUIPAMENTO DO CORPO DE BOMBEIROS;Macapá;AP;8;Dispensa;0;2026-04-27T15:48:03;;;1;Divulgada no PNCP;esp2mm;0.0;0.0;;;False;;;False;E23;esportivo;Medalha de premiacao;8306.29.00
25002757000145-1-000001/2026;5441;"MEDALHA CONDECORATIVA - Material: metal; Cor: prata; Circunferência: 35 mm; Espessura: 2 mm; Apresentação fita: fita em gorgorão seda, dimensões: largura 35mm, altura 45mm; peça sobreposta da medalha: 16mm altura; Finalidade: mérito intelectual I rosa heráldica; Passador de metal: Cor: prata, dimensões: largura 35mm, altura 10mm; Barreta de metal: Cor: prata, dimensões: largura 35mm, altura 10 mm; Acessórios: estojo retangular tipo alçapão revestido de material aveludado.";M;12.0;Ind 1 un;Ind 1 un;;"unidade nao reconhecida no dicionario; preservada como original";198.0;2376.0;0;4;Deserto;0;;;;2026-04-27T15:48:03;2026-05-04T10:35:00;QUARENTENA;E23;esportivo;variante fora de especificacao: medalha institucional/militar/condecorativa (rol pede medalha de premiacao esportiva);v2;sem_registros;"{""numeroItem"": 5441, ""descricao"": ""MEDALHA CONDECORATIVA - Material: metal; Cor: prata; Circunferência: 35 mm; Espessura: 2 mm; Apresentação fita: fita em gorgorão seda, dimensões: largura 35mm, altura 45mm; peça sobreposta da medalha: 16mm altura; Finalidade: mérito intelectual I rosa heráldica; Passador de metal: Cor: prata, dimensões: largura 35mm, altura 10mm; Barreta de metal: Cor: prata, dimensões: largura 35mm, altura 10 mm; Acessórios: estojo retangular tipo alçapão revestido de material aveludado."", ""materialOuServico"": ""M"", ""materialOuServicoNome"": ""Material"", ""valorUnitarioEstimado"": 198.0, ""valorTotal"": 2376.0, ""quantidade"": 12.0, ""unidadeMedida"": ""Ind 1 un"", ""orcamentoSigiloso"": false, ""itemCategoriaId"": 3, ""itemCategoriaNome"": ""Não se aplica"", ""patrimonio"": null, ""codigoRegistroImobiliario"": null, ""criterioJulgamentoId"": 1, ""criterioJulgamentoNome"": ""Menor preço"", ""situacaoCompraItem"": 4, ""situacaoCompraItemNome"": ""Deserto"", ""tipoBeneficio"": 1, ""tipoBeneficioNome"": ""Participação exclusiva para ME/EPP"", ""incentivoProdutivoBasico"": false, ""dataInclusao"": ""2026-04-27T15:48:03"", ""dataAtualizacao"": ""2026-05-04T10:35:00"", ""temResultado"": false, ""imagem"": 0, ""aplicabilidadeMargemPreferenciaNormal"": false, ""aplicabilidadeMargemPreferenciaAdicional"": false, ""percentualMargemPreferenciaNormal"": null, ""percentualMargemPreferenciaAdicional"": null, ""ncmNbsCodigo"": null, ""ncmNbsDescricao"": null, ""catalogo"": null, ""categoriaItemCatalogo"": null, ""catalogoCodigoItem"": null, ""informacaoComplementar"": null, ""tipoMargemPreferencia"": null, ""exigenciaConteudoNacional"": false}";2026-09-12T19:58:40.472749;25002757000145;FUNDO DE REEQUIPAMENTO DO CORPO DE BOMBEIROS MILITAR DO ESTADO DO AMAPA - FREBOM;estadual;E;3;FUNDO DE REEQUIPAMENTO DO CORPO DE BOMBEIROS;Macapá;AP;8;Dispensa;0;2026-04-27T15:48:03;;;1;Divulgada no PNCP;esp2mm;0.0;0.0;;;False;;;False;E23;esportivo;Medalha de premiacao;8306.29.00
25002757000145-1-000001/2026;5442;"MEDALHA CONDECORATIVA - Tipo: Medalha do Mérito Intelectual - Grau Bronze; Modelo: Circular, metal bronze, fundo branco, 35 mm, 2 mm espessura; Passador: Metal dourado, 37 x 11 mm, borda 1,5 mm; Fita: 35 x 45 mm, listras amarelas nas extremidades, brancas e amarela central; Barreta: Versão reduzida da medalha com mesma fita e passador, fixação por alfinete/ímã; Botão de lapela: 9 mm, borda dourada de 1 mm; Acessórios: Estojo retangular tipo alçapão revestido.";M;12.0;Ind 1 un;Ind 1 un;;"unidade nao reconhecida no dicionario; preservada como original";198.0;2376.0;0;4;Deserto;0;;;;2026-04-27T15:48:03;2026-05-04T10:45:00;QUARENTENA;E23;esportivo;variante fora de especificacao: medalha institucional/militar/condecorativa (rol pede medalha de premiacao esportiva);v2;sem_registros;"{""numeroItem"": 5442, ""descricao"": ""MEDALHA CONDECORATIVA - Tipo: Medalha do Mérito Intelectual - Grau Bronze; Modelo: Circular, metal bronze, fundo branco, 35 mm, 2 mm espessura; Passador: Metal dourado, 37 x 11 mm, borda 1,5 mm; Fita: 35 x 45 mm, listras amarelas nas extremidades, brancas e amarela central; Barreta: Versão reduzida da medalha com mesma fita e passador, fixação por alfinete/ímã; Botão de lapela: 9 mm, borda dourada de 1 mm; Acessórios: Estojo retangular tipo alçapão revestido."", ""materialOuServico"": ""M"", ""materialOuServicoNome"": ""Material"", ""valorUnitarioEstimado"": 198.0, ""valorTotal"": 2376.0, ""quantidade"": 12.0, ""unidadeMedida"": ""Ind 1 un"", ""orcamentoSigiloso"": false, ""itemCategoriaId"": 3, ""itemCategoriaNome"": ""Não se aplica"", ""patrimonio"": null, ""codigoRegistroImobiliario"": null, ""criterioJulgamentoId"": 1, ""criterioJulgamentoNome"": ""Menor preço"", ""situacaoCompraItem"": 4, ""situacaoCompraItemNome"": ""Deserto"", ""tipoBeneficio"": 1, ""tipoBeneficioNome"": ""Participação exclusiva para ME/EPP"", ""incentivoProdutivoBasico"": false, ""dataInclusao"": ""2026-04-27T15:48:03"", ""dataAtualizacao"": ""2026-05-04T10:45:00"", ""temResultado"": false, ""imagem"": 0, ""aplicabilidadeMargemPreferenciaNormal"": false, ""aplicabilidadeMargemPreferenciaAdicional"": false, ""percentualMargemPreferenciaNormal"": null, ""percentualMargemPreferenciaAdicional"": null, ""ncmNbsCodigo"": null, ""ncmNbsDescricao"": null, ""catalogo"": null, ""categoriaItemCatalogo"": null, ""catalogoCodigoItem"": null, ""informacaoComplementar"": null, ""tipoMargemPreferencia"": null, ""exigenciaConteudoNacional"": false}";2026-09-12T19:58:40.472749;25002757000145;FUNDO DE REEQUIPAMENTO DO CORPO DE BOMBEIROS MILITAR DO ESTADO DO AMAPA - FREBOM;estadual;E;3;FUNDO DE REEQUIPAMENTO DO CORPO DE BOMBEIROS;Macapá;AP;8;Dispensa;0;2026-04-27T15:48:03;;;1;Divulgada no PNCP;generico;0.0;0.0;;;False;;;False;E23;esportivo;Medalha de premiacao;8306.29.00
25002757000145-1-000001/2026;5443;"MEDALHA CONDECORATIVA - Tipo: Medalha do Mérito Técnico-Profissional; Modelo: Formato roda dentada, metal dourado, 40 mm, 2 mm espessura.; Passador: Metal dourado, 37 x 11 mm, borda 1,5 mm; Fita: 35 x 45 mm, listras amarelas nas extremidades, brancas e amarela central; Barreta: Versão reduzida da medalha com mesma fita e passador, fixação por alfinete/ímã; Botão de lapela: 9 mm, borda dourada de 1 mm, face dividida vermelho/amarelo; Acessórios: Estojo retangular tipo alçapão revestido.";M;8.0;Ind 1 un;Ind 1 un;;"unidade nao reconhecida no dicionario; preservada como original";198.0;1584.0;0;4;Deserto;0;;;;2026-04-27T15:48:03;2026-05-04T10:55:00;QUARENTENA;E23;esportivo;variante fora de especificacao: medalha institucional/militar/condecorativa (rol pede medalha de premiacao esportiva);v2;sem_registros;"{""numeroItem"": 5443, ""descricao"": ""MEDALHA CONDECORATIVA - Tipo: Medalha do Mérito Técnico-Profissional; Modelo: Formato roda dentada, metal dourado, 40 mm, 2 mm espessura.; Passador: Metal dourado, 37 x 11 mm, borda 1,5 mm; Fita: 35 x 45 mm, listras amarelas nas extremidades, brancas e amarela central; Barreta: Versão reduzida da medalha com mesma fita e passador, fixação por alfinete/ímã; Botão de lapela: 9 mm, borda dourada de 1 mm, face dividida vermelho/amarelo; Acessórios: Estojo retangular tipo alçapão revestido."", ""materialOuServico"": ""M"", ""materialOuServicoNome"": ""Material"", ""valorUnitarioEstimado"": 198.0, ""valorTotal"": 1584.0, ""quantidade"": 8.0, ""unidadeMedida"": ""Ind 1 un"", ""orcamentoSigiloso"": false, ""itemCategoriaId"": 3, ""itemCategoriaNome"": ""Não se aplica"", ""patrimonio"": null, ""codigoRegistroImobiliario"": null, ""criterioJulgamentoId"": 1, ""criterioJulgamentoNome"": ""Menor preço"", ""situacaoCompraItem"": 4, ""situacaoCompraItemNome"": ""Deserto"", ""tipoBeneficio"": 1, ""tipoBeneficioNome"": ""Participação exclusiva para ME/EPP"", ""incentivoProdutivoBasico"": false, ""dataInclusao"": ""2026-04-27T15:48:03"", ""dataAtualizacao"": ""2026-05-04T10:55:00"", ""temResultado"": false, ""imagem"": 0, ""aplicabilidadeMargemPreferenciaNormal"": false, ""aplicabilidadeMargemPreferenciaAdicional"": false, ""percentualMargemPreferenciaNormal"": null, ""percentualMargemPreferenciaAdicional"": null, ""ncmNbsCodigo"": null, ""ncmNbsDescricao"": null, ""catalogo"": null, ""categoriaItemCatalogo"": null, ""catalogoCodigoItem"": null, ""informacaoComplementar"": null, ""tipoMargemPreferencia"": null, ""exigenciaConteudoNacional"": false}";2026-09-12T19:58:40.472749;25002757000145;FUNDO DE REEQUIPAMENTO DO CORPO DE BOMBEIROS MILITAR DO ESTADO DO AMAPA - FREBOM;estadual;E;3;FUNDO DE REEQUIPAMENTO DO CORPO DE BOMBEIROS;Macapá;AP;8;Dispensa;0;2026-04-27T15:48:03;;;1;Divulgada no PNCP;generico;0.0;0.0;;;False;;;False;E23;esportivo;Medalha de premiacao;8306.29.00
25002757000145-1-000001/2026;5444;"MEDALHA CONDECORATIVA - Tipo: Medalha Dedicação Bombeiro Militar - Grau Ouro; Modelo: Circular, metal dourado, 35 mm, 2 mm espessura; Passador: Metal dourado, 37 x 11 mm, borda 1,5 mm; Fita: 35 x 45 mm, cor vermelha; Barreta: Versão reduzida da medalha com mesma fita e passador, fixação por alfinete/ímã; Botão de lapela: 9 mm, borda dourada de 1 mm, cor vermelha; Acessórios: Estojo retangular tipo alçapão revestido.";M;16.0;Ind 1 un;Ind 1 un;;"unidade nao reconhecida no dicionario; preservada como original";198.0;3168.0;0;4;Deserto;0;;;;2026-04-27T15:48:03;2026-05-04T11:10:00;QUARENTENA;E23;esportivo;variante fora de especificacao: medalha institucional/militar/condecorativa (rol pede medalha de premiacao esportiva);v2;sem_registros;"{""numeroItem"": 5444, ""descricao"": ""MEDALHA CONDECORATIVA - Tipo: Medalha Dedicação Bombeiro Militar - Grau Ouro; Modelo: Circular, metal dourado, 35 mm, 2 mm espessura; Passador: Metal dourado, 37 x 11 mm, borda 1,5 mm; Fita: 35 x 45 mm, cor vermelha; Barreta: Versão reduzida da medalha com mesma fita e passador, fixação por alfinete/ímã; Botão de lapela: 9 mm, borda dourada de 1 mm, cor vermelha; Acessórios: Estojo retangular tipo alçapão revestido."", ""materialOuServico"": ""M"", ""materialOuServicoNome"": ""Material"", ""valorUnitarioEstimado"": 198.0, ""valorTotal"": 3168.0, ""quantidade"": 16.0, ""unidadeMedida"": ""Ind 1 un"", ""orcamentoSigiloso"": false, ""itemCategoriaId"": 3, ""itemCategoriaNome"": ""Não se aplica"", ""patrimonio"": null, ""codigoRegistroImobiliario"": null, ""criterioJulgamentoId"": 1, ""criterioJulgamentoNome"": ""Menor preço"", ""situacaoCompraItem"": 4, ""situacaoCompraItemNome"": ""Deserto"", ""tipoBeneficio"": 1, ""tipoBeneficioNome"": ""Participação exclusiva para ME/EPP"", ""incentivoProdutivoBasico"": false, ""dataInclusao"": ""2026-04-27T15:48:03"", ""dataAtualizacao"": ""2026-05-04T11:10:00"", ""temResultado"": false, ""imagem"": 0, ""aplicabilidadeMargemPreferenciaNormal"": false, ""aplicabilidadeMargemPreferenciaAdicional"": false, ""percentualMargemPreferenciaNormal"": null, ""percentualMargemPreferenciaAdicional"": null, ""ncmNbsCodigo"": null, ""ncmNbsDescricao"": null, ""catalogo"": null, ""categoriaItemCatalogo"": null, ""catalogoCodigoItem"": null, ""informacaoComplementar"": null, ""tipoMargemPreferencia"": null, ""exigenciaConteudoNacional"": false}";2026-09-12T19:58:40.474236;25002757000145;FUNDO DE REEQUIPAMENTO DO CORPO DE BOMBEIROS MILITAR DO ESTADO DO AMAPA - FREBOM;estadual;E;3;FUNDO DE REEQUIPAMENTO DO CORPO DE BOMBEIROS;Macapá;AP;8;Dispensa;0;2026-04-27T15:48:03;;;1;Divulgada no PNCP;generico;0.0;0.0;;;False;;;False;E23;esportivo;Medalha de premiacao;8306.29.00
25002757000145-1-000001/2026;5445;"MEDALHA CONDECORATIVA - Tipo: Medalha Dedicação Bombeiro Militar - Grau Prata; Modelo: Circular, metal prata, 35 mm, 2 mm espessura; Passador: Metal prata, 37 x 11 mm, borda 1,5 mm; Fita: 35 x 45 mm, cor vermelha; Barreta: Versão reduzida da medalha com mesma fita e passador, fixação por alfinete/ímã; Botão de lapela: 9 mm, borda prata de 1 mm, listras vermelhas laterais e branca central; Acessórios: Estojo retangular tipo alçapão revestido.";M;32.0;Ind 1 un;Ind 1 un;;"unidade nao reconhecida no dicionario; preservada como original";198.0;6336.0;0;4;Deserto;0;;;;2026-04-27T15:48:03;2026-05-04T11:20:00;QUARENTENA;E23;esportivo;variante fora de especificacao: medalha institucional/militar/condecorativa (rol pede medalha de premiacao esportiva);v2;sem_registros;"{""numeroItem"": 5445, ""descricao"": ""MEDALHA CONDECORATIVA - Tipo: Medalha Dedicação Bombeiro Militar - Grau Prata; Modelo: Circular, metal prata, 35 mm, 2 mm espessura; Passador: Metal prata, 37 x 11 mm, borda 1,5 mm; Fita: 35 x 45 mm, cor vermelha; Barreta: Versão reduzida da medalha com mesma fita e passador, fixação por alfinete/ímã; Botão de lapela: 9 mm, borda prata de 1 mm, listras vermelhas laterais e branca central; Acessórios: Estojo retangular tipo alçapão revestido."", ""materialOuServico"": ""M"", ""materialOuServicoNome"": ""Material"", ""valorUnitarioEstimado"": 198.0, ""valorTotal"": 6336.0, ""quantidade"": 32.0, ""unidadeMedida"": ""Ind 1 un"", ""orcamentoSigiloso"": false, ""itemCategoriaId"": 3, ""itemCategoriaNome"": ""Não se aplica"", ""patrimonio"": null, ""codigoRegistroImobiliario"": null, ""criterioJulgamentoId"": 1, ""criterioJulgamentoNome"": ""Menor preço"", ""situacaoCompraItem"": 4, ""situacaoCompraItemNome"": ""Deserto"", ""tipoBeneficio"": 1, ""tipoBeneficioNome"": ""Participação exclusiva para ME/EPP"", ""incentivoProdutivoBasico"": false, ""dataInclusao"": ""2026-04-27T15:48:03"", ""dataAtualizacao"": ""2026-05-04T11:20:00"", ""temResultado"": false, ""imagem"": 0, ""aplicabilidadeMargemPreferenciaNormal"": false, ""aplicabilidadeMargemPreferenciaAdicional"": false, ""percentualMargemPreferenciaNormal"": null, ""percentualMargemPreferenciaAdicional"": null, ""ncmNbsCodigo"": null, ""ncmNbsDescricao"": null, ""catalogo"": null, ""categoriaItemCatalogo"": null, ""catalogoCodigoItem"": null, ""informacaoComplementar"": null, ""tipoMargemPreferencia"": null, ""exigenciaConteudoNacional"": false}";2026-09-12T19:58:40.474236;25002757000145;FUNDO DE REEQUIPAMENTO DO CORPO DE BOMBEIROS MILITAR DO ESTADO DO AMAPA - FREBOM;estadual;E;3;FUNDO DE REEQUIPAMENTO DO CORPO DE BOMBEIROS;Macapá;AP;8;Dispensa;0;2026-04-27T15:48:03;;;1;Divulgada no PNCP;generico;0.0;0.0;;;False;;;False;E23;esportivo;Medalha de premiacao;8306.29.00
25002757000145-1-000001/2026;5446;"MEDALHA CONDECORATIVA - Tipo: Medalha Dedicação Bombeiro Militar - Grau Bronze; Modelo: Circular, metal bronze, fundo branco, 35 mm, 2 mm espessura; Passador: Metal bronze, 37 x 11 mm, borda 1,5 mm; Fita: 35 x 45 mm, listras brancas nas extremidades e vermelha central; Barreta: Versão reduzida da medalha com mesma fita e passador, fixação por alfinete/ímã; Botão de lapela: 9 mm, borda bronze de 1 mm, listras brancas laterais e vermelha central; Acessórios: Estojo retangular tipo alçapão revestido.";M;32.0;Ind 1 un;Ind 1 un;;"unidade nao reconhecida no dicionario; preservada como original";198.0;6336.0;0;4;Deserto;0;;;;2026-04-27T15:48:03;2026-05-04T11:30:00;QUARENTENA;E23;esportivo;variante fora de especificacao: medalha institucional/militar/condecorativa (rol pede medalha de premiacao esportiva);v2;sem_registros;"{""numeroItem"": 5446, ""descricao"": ""MEDALHA CONDECORATIVA - Tipo: Medalha Dedicação Bombeiro Militar - Grau Bronze; Modelo: Circular, metal bronze, fundo branco, 35 mm, 2 mm espessura; Passador: Metal bronze, 37 x 11 mm, borda 1,5 mm; Fita: 35 x 45 mm, listras brancas nas extremidades e vermelha central; Barreta: Versão reduzida da medalha com mesma fita e passador, fixação por alfinete/ímã; Botão de lapela: 9 mm, borda bronze de 1 mm, listras brancas laterais e vermelha central; Acessórios: Estojo retangular tipo alçapão revestido."", ""materialOuServico"": ""M"", ""materialOuServicoNome"": ""Material"", ""valorUnitarioEstimado"": 198.0, ""valorTotal"": 6336.0, ""quantidade"": 32.0, ""unidadeMedida"": ""Ind 1 un"", ""orcamentoSigiloso"": false, ""itemCategoriaId"": 3, ""itemCategoriaNome"": ""Não se aplica"", ""patrimonio"": null, ""codigoRegistroImobiliario"": null, ""criterioJulgamentoId"": 1, ""criterioJulgamentoNome"": ""Menor preço"", ""situacaoCompraItem"": 4, ""situacaoCompraItemNome"": ""Deserto"", ""tipoBeneficio"": 1, ""tipoBeneficioNome"": ""Participação exclusiva para ME/EPP"", ""incentivoProdutivoBasico"": false, ""dataInclusao"": ""2026-04-27T15:48:03"", ""dataAtualizacao"": ""2026-05-04T11:30:00"", ""temResultado"": false, ""imagem"": 0, ""aplicabilidadeMargemPreferenciaNormal"": false, ""aplicabilidadeMargemPreferenciaAdicional"": false, ""percentualMargemPreferenciaNormal"": null, ""percentualMargemPreferenciaAdicional"": null, ""ncmNbsCodigo"": null, ""ncmNbsDescricao"": null, ""catalogo"": null, ""categoriaItemCatalogo"": null, ""catalogoCodigoItem"": null, ""informacaoComplementar"": null, ""tipoMargemPreferencia"": null, ""exigenciaConteudoNacional"": false}";2026-09-12T19:58:40.474236;25002757000145;FUNDO DE REEQUIPAMENTO DO CORPO DE BOMBEIROS MILITAR DO ESTADO DO AMAPA - FREBOM;estadual;E;3;FUNDO DE REEQUIPAMENTO DO CORPO DE BOMBEIROS;Macapá;AP;8;Dispensa;0;2026-04-27T15:48:03;;;1;Divulgada no PNCP;generico;0.0;0.0;;;False;;;False;E23;esportivo;Medalha de premiacao;8306.29.00
25002757000145-1-000001/2026;5447;"MEDALHA CONDECORATIVA - Tipo: Medalha do Mérito do Mergulho de Resgate; Modelo: Circular, metal dourado, 35 mm, 2 mm espessura; Passador: Metal dourado, 37 x 11 mm, borda 1,5 mm; Fita: 35 x 45 mm, vermelha com listra branca na extremidade direita; Barreta: Versão reduzida da medalha com mesma fita e passador, fixação por alfinete/ímã; Botão de lapela: 9 mm, borda dourada de 1 mm, face branca à esquerda e vermelha à direita; Acessórios: Estojo retangular tipo alçapão revestido.";M;8.0;Ind 1 un;Ind 1 un;;"unidade nao reconhecida no dicionario; preservada como original";198.0;1584.0;0;4;Deserto;0;;;;2026-04-27T15:48:03;2026-05-04T11:40:00;QUARENTENA;E23;esportivo;variante fora de especificacao: medalha institucional/militar/condecorativa (rol pede medalha de premiacao esportiva);v2;sem_registros;"{""numeroItem"": 5447, ""descricao"": ""MEDALHA CONDECORATIVA - Tipo: Medalha do Mérito do Mergulho de Resgate; Modelo: Circular, metal dourado, 35 mm, 2 mm espessura; Passador: Metal dourado, 37 x 11 mm, borda 1,5 mm; Fita: 35 x 45 mm, vermelha com listra branca na extremidade direita; Barreta: Versão reduzida da medalha com mesma fita e passador, fixação por alfinete/ímã; Botão de lapela: 9 mm, borda dourada de 1 mm, face branca à esquerda e vermelha à direita; Acessórios: Estojo retangular tipo alçapão revestido."", ""materialOuServico"": ""M"", ""materialOuServicoNome"": ""Material"", ""valorUnitarioEstimado"": 198.0, ""valorTotal"": 1584.0, ""quantidade"": 8.0, ""unidadeMedida"": ""Ind 1 un"", ""orcamentoSigiloso"": false, ""itemCategoriaId"": 3, ""itemCategoriaNome"": ""Não se aplica"", ""patrimonio"": null, ""codigoRegistroImobiliario"": null, ""criterioJulgamentoId"": 1, ""criterioJulgamentoNome"": ""Menor preço"", ""situacaoCompraItem"": 4, ""situacaoCompraItemNome"": ""Deserto"", ""tipoBeneficio"": 1, ""tipoBeneficioNome"": ""Participação exclusiva para ME/EPP"", ""incentivoProdutivoBasico"": false, ""dataInclusao"": ""2026-04-27T15:48:03"", ""dataAtualizacao"": ""2026-05-04T11:40:00"", ""temResultado"": false, ""imagem"": 0, ""aplicabilidadeMargemPreferenciaNormal"": false, ""aplicabilidadeMargemPreferenciaAdicional"": false, ""percentualMargemPreferenciaNormal"": null, ""percentualMargemPreferenciaAdicional"": null, ""ncmNbsCodigo"": null, ""ncmNbsDescricao"": null, ""catalogo"": null, ""categoriaItemCatalogo"": null, ""catalogoCodigoItem"": null, ""informacaoComplementar"": null, ""tipoMargemPreferencia"": null, ""exigenciaConteudoNacional"": false}";2026-09-12T19:58:40.474236;25002757000145;FUNDO DE REEQUIPAMENTO DO CORPO DE BOMBEIROS MILITAR DO ESTADO DO AMAPA - FREBOM;estadual;E;3;FUNDO DE REEQUIPAMENTO DO CORPO DE BOMBEIROS;Macapá;AP;8;Dispensa;0;2026-04-27T15:48:03;;;1;Divulgada no PNCP;generico;0.0;0.0;;;False;;;False;E23;esportivo;Medalha de premiacao;8306.29.00
25002757000145-1-000002/2026;5486;"MEDALHA CONDECORATIVA - Tipo: Medalha Mérito Bombeiro Militar Imperador Dom Pedro II; Modelo: Estrela de 4 pontas, metal dourado, 55 x 55 mm, 2 mm de espessura; Passador: Metal dourado, 37 x 11 mm, borda 1,5 mm; Fita: 35 x 45 mm, cor branca; Barreta: Versão reduzida da medalha com mesma fita e passador, fixação por alfinete/ímã; Botão de lapela: 9 mm, cor branca com borda dourada de 1 mm; Acessórios: Estojo retangular tipo alçapão revestido.";M;12.0;Ind 1 un;Ind 1 un;;"unidade nao reconhecida no dicionario; preservada como original";198.0;2376.0;0;3;Anulado/Revogado/Cancelado;0;;;;2026-05-04T09:59:19;2026-05-13T15:40:00;QUARENTENA;E23;esportivo;variante fora de especificacao: medalha institucional/militar/condecorativa (rol pede medalha de premiacao esportiva);v2;sem_registros;"{""numeroItem"": 5486, ""descricao"": ""MEDALHA CONDECORATIVA - Tipo: Medalha Mérito Bombeiro Militar Imperador Dom Pedro II; Modelo: Estrela de 4 pontas, metal dourado, 55 x 55 mm, 2 mm de espessura; Passador: Metal dourado, 37 x 11 mm, borda 1,5 mm; Fita: 35 x 45 mm, cor branca; Barreta: Versão reduzida da medalha com mesma fita e passador, fixação por alfinete/ímã; Botão de lapela: 9 mm, cor branca com borda dourada de 1 mm; Acessórios: Estojo retangular tipo alçapão revestido."", ""materialOuServico"": ""M"", ""materialOuServicoNome"": ""Material"", ""valorUnitarioEstimado"": 198.0, ""valorTotal"": 2376.0, ""quantidade"": 12.0, ""unidadeMedida"": ""Ind 1 un"", ""orcamentoSigiloso"": false, ""itemCategoriaId"": 3, ""itemCategoriaNome"": ""Não se aplica"", ""patrimonio"": null, ""codigoRegistroImobiliario"": null, ""criterioJulgamentoId"": 1, ""criterioJulgamentoNome"": ""Menor preço"", ""situacaoCompraItem"": 3, ""situacaoCompraItemNome"": ""Anulado/Revogado/Cancelado"", ""tipoBeneficio"": 4, ""tipoBeneficioNome"": ""Sem benefício"", ""incentivoProdutivoBasico"": false, ""dataInclusao"": ""2026-05-04T09:59:19"", ""dataAtualizacao"": ""2026-05-13T15:40:00"", ""temResultado"": false, ""imagem"": 0, ""aplicabilidadeMargemPreferenciaNormal"": false, ""aplicabilidadeMargemPreferenciaAdicional"": false, ""percentualMargemPreferenciaNormal"": null, ""percentualMargemPreferenciaAdicional"": null, ""ncmNbsCodigo"": null, ""ncmNbsDescricao"": null, ""catalogo"": null, ""categoriaItemCatalogo"": null, ""catalogoCodigoItem"": null, ""informacaoComplementar"": null, ""tipoMargemPreferencia"": null, ""exigenciaConteudoNacional"": false}";2026-09-12T19:59:02.803016;25002757000145;FUNDO DE REEQUIPAMENTO DO CORPO DE BOMBEIROS MILITAR DO ESTADO DO AMAPA - FREBOM;estadual;E;3;FUNDO DE REEQUIPAMENTO DO CORPO DE BOMBEIROS;Macapá;AP;8;Dispensa;0;2026-05-04T09:59:19;;;1;Divulgada no PNCP;generico;0.0;0.0;;;False;;;False;E23;esportivo;Medalha de premiacao;8306.29.00
25002757000145-1-000002/2026;5487;"MEDALHA CONDECORATIVA - Tipo: Medalha do Mérito Defesa Civil; Modelo: Círculo branco com estrela de 5 pontas e esplendores, metal dourado, 43 x 43 mm, 2 mm de espessura; Passador: Metal dourado, 37 x 11 mm, borda 1,5 mm; Fita: 35 x 45 mm, listras alaranjadas nas extremidades, brancas e azul-marinho central; Barreta: Versão reduzida da medalha com mesma fita e passador, fixação por alfinete/ímã; Botão de lapela: 9 mm, borda dourada de 1 mm; Acessórios: Estojo retangular tipo alçapão revestido.";M;12.0;Ind 1 un;Ind 1 un;;"unidade nao reconhecida no dicionario; preservada como original";198.0;2376.0;0;3;Anulado/Revogado/Cancelado;0;;;;2026-05-04T09:59:19;2026-05-13T15:50:00;QUARENTENA;E23;esportivo;variante fora de especificacao: medalha institucional/militar/condecorativa (rol pede medalha de premiacao esportiva);v2;sem_registros;"{""numeroItem"": 5487, ""descricao"": ""MEDALHA CONDECORATIVA - Tipo: Medalha do Mérito Defesa Civil; Modelo: Círculo branco com estrela de 5 pontas e esplendores, metal dourado, 43 x 43 mm, 2 mm de espessura; Passador: Metal dourado, 37 x 11 mm, borda 1,5 mm; Fita: 35 x 45 mm, listras alaranjadas nas extremidades, brancas e azul-marinho central; Barreta: Versão reduzida da medalha com mesma fita e passador, fixação por alfinete/ímã; Botão de lapela: 9 mm, borda dourada de 1 mm; Acessórios: Estojo retangular tipo alçapão revestido."", ""materialOuServico"": ""M"", ""materialOuServicoNome"": ""Material"", ""valorUnitarioEstimado"": 198.0, ""valorTotal"": 2376.0, ""quantidade"": 12.0, ""unidadeMedida"": ""Ind 1 un"", ""orcamentoSigiloso"": false, ""itemCategoriaId"": 3, ""itemCategoriaNome"": ""Não se aplica"", ""patrimonio"": null, ""codigoRegistroImobiliario"": null, ""criterioJulgamentoId"": 1, ""criterioJulgamentoNome"": ""Menor preço"", ""situacaoCompraItem"": 3, ""situacaoCompraItemNome"": ""Anulado/Revogado/Cancelado"", ""tipoBeneficio"": 4, ""tipoBeneficioNome"": ""Sem benefício"", ""incentivoProdutivoBasico"": false, ""dataInclusao"": ""2026-05-04T09:59:19"", ""dataAtualizacao"": ""2026-05-13T15:50:00"", ""temResultado"": false, ""imagem"": 0, ""aplicabilidadeMargemPreferenciaNormal"": false, ""aplicabilidadeMargemPreferenciaAdicional"": false, ""percentualMargemPreferenciaNormal"": null, ""percentualMargemPreferenciaAdicional"": null, ""ncmNbsCodigo"": null, ""ncmNbsDescricao"": null, ""catalogo"": null, ""categoriaItemCatalogo"": null, ""catalogoCodigoItem"": null, ""informacaoComplementar"": null, ""tipoMargemPreferencia"": null, ""exigenciaConteudoNacional"": false}";2026-09-12T19:59:02.803016;25002757000145;FUNDO DE REEQUIPAMENTO DO CORPO DE BOMBEIROS MILITAR DO ESTADO DO AMAPA - FREBOM;estadual;E;3;FUNDO DE REEQUIPAMENTO DO CORPO DE BOMBEIROS;Macapá;AP;8;Dispensa;0;2026-05-04T09:59:19;;;1;Divulgada no PNCP;generico;0.0;0.0;;;False;;;False;E23;esportivo;Medalha de premiacao;8306.29.00
25002757000145-1-000002/2026;5488;"MEDALHA CONDECORATIVA - Material: metal; Cor: dourada; Largura: 35,5 mm; Altura: 42 mm; Espessura: 2 mm; Apresentação fita: fita em gorgorão seda, dimensões: largura 35mm, altura 45mm; Finalidade: mérito operacional, grau ouro; Passador de metal: Cor: dourada, dimensões: largura 35mm, altura 10mm; Barreta de metal: Cor: dourada, dimensões: largura 35mm, altura 10mm; Acessórios: estojo retangular tipo alçapão revestido de material aveludado.";M;16.0;Ind 1 un;Ind 1 un;;"unidade nao reconhecida no dicionario; preservada como original";198.0;3168.0;0;3;Anulado/Revogado/Cancelado;0;;;;2026-05-04T09:59:19;2026-05-13T16:00:00;QUARENTENA;E23;esportivo;variante fora de especificacao: medalha institucional/militar/condecorativa (rol pede medalha de premiacao esportiva);v2;sem_registros;"{""numeroItem"": 5488, ""descricao"": ""MEDALHA CONDECORATIVA - Material: metal; Cor: dourada; Largura: 35,5 mm; Altura: 42 mm; Espessura: 2 mm; Apresentação fita: fita em gorgorão seda, dimensões: largura 35mm, altura 45mm; Finalidade: mérito operacional, grau ouro; Passador de metal: Cor: dourada, dimensões: largura 35mm, altura 10mm; Barreta de metal: Cor: dourada, dimensões: largura 35mm, altura 10mm; Acessórios: estojo retangular tipo alçapão revestido de material aveludado."", ""materialOuServico"": ""M"", ""materialOuServicoNome"": ""Material"", ""valorUnitarioEstimado"": 198.0, ""valorTotal"": 3168.0, ""quantidade"": 16.0, ""unidadeMedida"": ""Ind 1 un"", ""orcamentoSigiloso"": false, ""itemCategoriaId"": 3, ""itemCategoriaNome"": ""Não se aplica"", ""patrimonio"": null, ""codigoRegistroImobiliario"": null, ""criterioJulgamentoId"": 1, ""criterioJulgamentoNome"": ""Menor preço"", ""situacaoCompraItem"": 3, ""situacaoCompraItemNome"": ""Anulado/Revogado/Cancelado"", ""tipoBeneficio"": 4, ""tipoBeneficioNome"": ""Sem benefício"", ""incentivoProdutivoBasico"": false, ""dataInclusao"": ""2026-05-04T09:59:19"", ""dataAtualizacao"": ""2026-05-13T16:00:00"", ""temResultado"": false, ""imagem"": 0, ""aplicabilidadeMargemPreferenciaNormal"": false, ""aplicabilidadeMargemPreferenciaAdicional"": false, ""percentualMargemPreferenciaNormal"": null, ""percentualMargemPreferenciaAdicional"": null, ""ncmNbsCodigo"": null, ""ncmNbsDescricao"": null, ""catalogo"": null, ""categoriaItemCatalogo"": null, ""catalogoCodigoItem"": null, ""informacaoComplementar"": null, ""tipoMargemPreferencia"": null, ""exigenciaConteudoNacional"": false}";2026-09-12T19:59:02.805029;25002757000145;FUNDO DE REEQUIPAMENTO DO CORPO DE BOMBEIROS MILITAR DO ESTADO DO AMAPA - FREBOM;estadual;E;3;FUNDO DE REEQUIPAMENTO DO CORPO DE BOMBEIROS;Macapá;AP;8;Dispensa;0;2026-05-04T09:59:19;;;1;Divulgada no PNCP;esp2mm;0.0;0.0;;;False;;;False;E23;esportivo;Medalha de premiacao;8306.29.00
25002757000145-1-000002/2026;5489;"MEDALHA CONDECORATIVA - Material: metal; Cor: prata; Circunferência: 35 mm; Espessura: 2 mm; Apresentação fita: fita em gorgorão seda, dimensões: largura 35mm, altura 45mm; peça sobreposta da medalha: 16mm altura; Finalidade: mérito intelectual I rosa heráldica; Passador de metal: Cor: prata, dimensões: largura 35mm, altura 10mm; Barreta de metal: Cor: prata, dimensões: largura 35mm, altura 10 mm; Acessórios: estojo retangular tipo alçapão revestido de material aveludado.";M;12.0;Ind 1 un;Ind 1 un;;"unidade nao reconhecida no dicionario; preservada como original";198.0;2376.0;0;3;Anulado/Revogado/Cancelado;0;;;;2026-05-04T09:59:19;2026-05-13T16:10:00;QUARENTENA;E23;esportivo;variante fora de especificacao: medalha institucional/militar/condecorativa (rol pede medalha de premiacao esportiva);v2;sem_registros;"{""numeroItem"": 5489, ""descricao"": ""MEDALHA CONDECORATIVA - Material: metal; Cor: prata; Circunferência: 35 mm; Espessura: 2 mm; Apresentação fita: fita em gorgorão seda, dimensões: largura 35mm, altura 45mm; peça sobreposta da medalha: 16mm altura; Finalidade: mérito intelectual I rosa heráldica; Passador de metal: Cor: prata, dimensões: largura 35mm, altura 10mm; Barreta de metal: Cor: prata, dimensões: largura 35mm, altura 10 mm; Acessórios: estojo retangular tipo alçapão revestido de material aveludado."", ""materialOuServico"": ""M"", ""materialOuServicoNome"": ""Material"", ""valorUnitarioEstimado"": 198.0, ""valorTotal"": 2376.0, ""quantidade"": 12.0, ""unidadeMedida"": ""Ind 1 un"", ""orcamentoSigiloso"": false, ""itemCategoriaId"": 3, ""itemCategoriaNome"": ""Não se aplica"", ""patrimonio"": null, ""codigoRegistroImobiliario"": null, ""criterioJulgamentoId"": 1, ""criterioJulgamentoNome"": ""Menor preço"", ""situacaoCompraItem"": 3, ""situacaoCompraItemNome"": ""Anulado/Revogado/Cancelado"", ""tipoBeneficio"": 4, ""tipoBeneficioNome"": ""Sem benefício"", ""incentivoProdutivoBasico"": false, ""dataInclusao"": ""2026-05-04T09:59:19"", ""dataAtualizacao"": ""2026-05-13T16:10:00"", ""temResultado"": false, ""imagem"": 0, ""aplicabilidadeMargemPreferenciaNormal"": false, ""aplicabilidadeMargemPreferenciaAdicional"": false, ""percentualMargemPreferenciaNormal"": null, ""percentualMargemPreferenciaAdicional"": null, ""ncmNbsCodigo"": null, ""ncmNbsDescricao"": null, ""catalogo"": null, ""categoriaItemCatalogo"": null, ""catalogoCodigoItem"": null, ""informacaoComplementar"": null, ""tipoMargemPreferencia"": null, ""exigenciaConteudoNacional"": false}";2026-09-12T19:59:02.805029;25002757000145;FUNDO DE REEQUIPAMENTO DO CORPO DE BOMBEIROS MILITAR DO ESTADO DO AMAPA - FREBOM;estadual;E;3;FUNDO DE REEQUIPAMENTO DO CORPO DE BOMBEIROS;Macapá;AP;8;Dispensa;0;2026-05-04T09:59:19;;;1;Divulgada no PNCP;esp2mm;0.0;0.0;;;False;;;False;E23;esportivo;Medalha de premiacao;8306.29.00
25002757000145-1-000002/2026;5490;"MEDALHA CONDECORATIVA - Tipo: Medalha do Mérito Intelectual - Grau Bronze; Modelo: Circular, metal bronze, fundo branco, 35 mm, 2 mm espessura; Passador: Metal dourado, 37 x 11 mm, borda 1,5 mm; Fita: 35 x 45 mm, listras amarelas nas extremidades, brancas e amarela central; Barreta: Versão reduzida da medalha com mesma fita e passador, fixação por alfinete/ímã; Botão de lapela: 9 mm, borda dourada de 1 mm; Acessórios: Estojo retangular tipo alçapão revestido.";M;12.0;Ind 1 un;Ind 1 un;;"unidade nao reconhecida no dicionario; preservada como original";198.0;2376.0;0;3;Anulado/Revogado/Cancelado;0;;;;2026-05-04T09:59:19;2026-05-13T16:20:00;QUARENTENA;E23;esportivo;variante fora de especificacao: medalha institucional/militar/condecorativa (rol pede medalha de premiacao esportiva);v2;sem_registros;"{""numeroItem"": 5490, ""descricao"": ""MEDALHA CONDECORATIVA - Tipo: Medalha do Mérito Intelectual - Grau Bronze; Modelo: Circular, metal bronze, fundo branco, 35 mm, 2 mm espessura; Passador: Metal dourado, 37 x 11 mm, borda 1,5 mm; Fita: 35 x 45 mm, listras amarelas nas extremidades, brancas e amarela central; Barreta: Versão reduzida da medalha com mesma fita e passador, fixação por alfinete/ímã; Botão de lapela: 9 mm, borda dourada de 1 mm; Acessórios: Estojo retangular tipo alçapão revestido."", ""materialOuServico"": ""M"", ""materialOuServicoNome"": ""Material"", ""valorUnitarioEstimado"": 198.0, ""valorTotal"": 2376.0, ""quantidade"": 12.0, ""unidadeMedida"": ""Ind 1 un"", ""orcamentoSigiloso"": false, ""itemCategoriaId"": 3, ""itemCategoriaNome"": ""Não se aplica"", ""patrimonio"": null, ""codigoRegistroImobiliario"": null, ""criterioJulgamentoId"": 1, ""criterioJulgamentoNome"": ""Menor preço"", ""situacaoCompraItem"": 3, ""situacaoCompraItemNome"": ""Anulado/Revogado/Cancelado"", ""tipoBeneficio"": 4, ""tipoBeneficioNome"": ""Sem benefício"", ""incentivoProdutivoBasico"": false, ""dataInclusao"": ""2026-05-04T09:59:19"", ""dataAtualizacao"": ""2026-05-13T16:20:00"", ""temResultado"": false, ""imagem"": 0, ""aplicabilidadeMargemPreferenciaNormal"": false, ""aplicabilidadeMargemPreferenciaAdicional"": false, ""percentualMargemPreferenciaNormal"": null, ""percentualMargemPreferenciaAdicional"": null, ""ncmNbsCodigo"": null, ""ncmNbsDescricao"": null, ""catalogo"": null, ""categoriaItemCatalogo"": null, ""catalogoCodigoItem"": null, ""informacaoComplementar"": null, ""tipoMargemPreferencia"": null, ""exigenciaConteudoNacional"": false}";2026-09-12T19:59:02.805029;25002757000145;FUNDO DE REEQUIPAMENTO DO CORPO DE BOMBEIROS MILITAR DO ESTADO DO AMAPA - FREBOM;estadual;E;3;FUNDO DE REEQUIPAMENTO DO CORPO DE BOMBEIROS;Macapá;AP;8;Dispensa;0;2026-05-04T09:59:19;;;1;Divulgada no PNCP;generico;0.0;0.0;;;False;;;False;E23;esportivo;Medalha de premiacao;8306.29.00
25002757000145-1-000002/2026;5491;"MEDALHA CONDECORATIVA - Tipo: Medalha do Mérito Técnico-Profissional; Modelo: Formato roda dentada, metal dourado, 40 mm, 2 mm espessura.; Passador: Metal dourado, 37 x 11 mm, borda 1,5 mm; Fita: 35 x 45 mm, listras amarelas nas extremidades, brancas e amarela central; Barreta: Versão reduzida da medalha com mesma fita e passador, fixação por alfinete/ímã; Botão de lapela: 9 mm, borda dourada de 1 mm, face dividida vermelho/amarelo; Acessórios: Estojo retangular tipo alçapão revestido.";M;8.0;Ind 1 un;Ind 1 un;;"unidade nao reconhecida no dicionario; preservada como original";198.0;1584.0;0;3;Anulado/Revogado/Cancelado;0;;;;2026-05-04T09:59:19;2026-05-13T16:30:00;QUARENTENA;E23;esportivo;variante fora de especificacao: medalha institucional/militar/condecorativa (rol pede medalha de premiacao esportiva);v2;sem_registros;"{""numeroItem"": 5491, ""descricao"": ""MEDALHA CONDECORATIVA - Tipo: Medalha do Mérito Técnico-Profissional; Modelo: Formato roda dentada, metal dourado, 40 mm, 2 mm espessura.; Passador: Metal dourado, 37 x 11 mm, borda 1,5 mm; Fita: 35 x 45 mm, listras amarelas nas extremidades, brancas e amarela central; Barreta: Versão reduzida da medalha com mesma fita e passador, fixação por alfinete/ímã; Botão de lapela: 9 mm, borda dourada de 1 mm, face dividida vermelho/amarelo; Acessórios: Estojo retangular tipo alçapão revestido."", ""materialOuServico"": ""M"", ""materialOuServicoNome"": ""Material"", ""valorUnitarioEstimado"": 198.0, ""valorTotal"": 1584.0, ""quantidade"": 8.0, ""unidadeMedida"": ""Ind 1 un"", ""orcamentoSigiloso"": false, ""itemCategoriaId"": 3, ""itemCategoriaNome"": ""Não se aplica"", ""patrimonio"": null, ""codigoRegistroImobiliario"": null, ""criterioJulgamentoId"": 1, ""criterioJulgamentoNome"": ""Menor preço"", ""situacaoCompraItem"": 3, ""situacaoCompraItemNome"": ""Anulado/Revogado/Cancelado"", ""tipoBeneficio"": 4, ""tipoBeneficioNome"": ""Sem benefício"", ""incentivoProdutivoBasico"": false, ""dataInclusao"": ""2026-05-04T09:59:19"", ""dataAtualizacao"": ""2026-05-13T16:30:00"", ""temResultado"": false, ""imagem"": 0, ""aplicabilidadeMargemPreferenciaNormal"": false, ""aplicabilidadeMargemPreferenciaAdicional"": false, ""percentualMargemPreferenciaNormal"": null, ""percentualMargemPreferenciaAdicional"": null, ""ncmNbsCodigo"": null, ""ncmNbsDescricao"": null, ""catalogo"": null, ""categoriaItemCatalogo"": null, ""catalogoCodigoItem"": null, ""informacaoComplementar"": null, ""tipoMargemPreferencia"": null, ""exigenciaConteudoNacional"": false}";2026-09-12T19:59:02.805029;25002757000145;FUNDO DE REEQUIPAMENTO DO CORPO DE BOMBEIROS MILITAR DO ESTADO DO AMAPA - FREBOM;estadual;E;3;FUNDO DE REEQUIPAMENTO DO CORPO DE BOMBEIROS;Macapá;AP;8;Dispensa;0;2026-05-04T09:59:19;;;1;Divulgada no PNCP;generico;0.0;0.0;;;False;;;False;E23;esportivo;Medalha de premiacao;8306.29.00
25002757000145-1-000002/2026;5492;"MEDALHA CONDECORATIVA - Tipo: Medalha Dedicação Bombeiro Militar - Grau Ouro; Modelo: Circular, metal dourado, 35 mm, 2 mm espessura; Passador: Metal dourado, 37 x 11 mm, borda 1,5 mm; Fita: 35 x 45 mm, cor vermelha; Barreta: Versão reduzida da medalha com mesma fita e passador, fixação por alfinete/ímã; Botão de lapela: 9 mm, borda dourada de 1 mm, cor vermelha; Acessórios: Estojo retangular tipo alçapão revestido.";M;16.0;Ind 1 un;Ind 1 un;;"unidade nao reconhecida no dicionario; preservada como original";198.0;3168.0;0;3;Anulado/Revogado/Cancelado;0;;;;2026-05-04T09:59:19;2026-05-13T16:45:00;QUARENTENA;E23;esportivo;variante fora de especificacao: medalha institucional/militar/condecorativa (rol pede medalha de premiacao esportiva);v2;sem_registros;"{""numeroItem"": 5492, ""descricao"": ""MEDALHA CONDECORATIVA - Tipo: Medalha Dedicação Bombeiro Militar - Grau Ouro; Modelo: Circular, metal dourado, 35 mm, 2 mm espessura; Passador: Metal dourado, 37 x 11 mm, borda 1,5 mm; Fita: 35 x 45 mm, cor vermelha; Barreta: Versão reduzida da medalha com mesma fita e passador, fixação por alfinete/ímã; Botão de lapela: 9 mm, borda dourada de 1 mm, cor vermelha; Acessórios: Estojo retangular tipo alçapão revestido."", ""materialOuServico"": ""M"", ""materialOuServicoNome"": ""Material"", ""valorUnitarioEstimado"": 198.0, ""valorTotal"": 3168.0, ""quantidade"": 16.0, ""unidadeMedida"": ""Ind 1 un"", ""orcamentoSigiloso"": false, ""itemCategoriaId"": 3, ""itemCategoriaNome"": ""Não se aplica"", ""patrimonio"": null, ""codigoRegistroImobiliario"": null, ""criterioJulgamentoId"": 1, ""criterioJulgamentoNome"": ""Menor preço"", ""situacaoCompraItem"": 3, ""situacaoCompraItemNome"": ""Anulado/Revogado/Cancelado"", ""tipoBeneficio"": 4, ""tipoBeneficioNome"": ""Sem benefício"", ""incentivoProdutivoBasico"": false, ""dataInclusao"": ""2026-05-04T09:59:19"", ""dataAtualizacao"": ""2026-05-13T16:45:00"", ""temResultado"": false, ""imagem"": 0, ""aplicabilidadeMargemPreferenciaNormal"": false, ""aplicabilidadeMargemPreferenciaAdicional"": false, ""percentualMargemPreferenciaNormal"": null, ""percentualMargemPreferenciaAdicional"": null, ""ncmNbsCodigo"": null, ""ncmNbsDescricao"": null, ""catalogo"": null, ""categoriaItemCatalogo"": null, ""catalogoCodigoItem"": null, ""informacaoComplementar"": null, ""tipoMargemPreferencia"": null, ""exigenciaConteudoNacional"": false}";2026-09-12T19:59:02.805029;25002757000145;FUNDO DE REEQUIPAMENTO DO CORPO DE BOMBEIROS MILITAR DO ESTADO DO AMAPA - FREBOM;estadual;E;3;FUNDO DE REEQUIPAMENTO DO CORPO DE BOMBEIROS;Macapá;AP;8;Dispensa;0;2026-05-04T09:59:19;;;1;Divulgada no PNCP;generico;0.0;0.0;;;False;;;False;E23;esportivo;Medalha de premiacao;8306.29.00
25002757000145-1-000002/2026;5493;"MEDALHA CONDECORATIVA - Tipo: Medalha Dedicação Bombeiro Militar - Grau Prata; Modelo: Circular, metal prata, 35 mm, 2 mm espessura; Passador: Metal prata, 37 x 11 mm, borda 1,5 mm; Fita: 35 x 45 mm, cor vermelha; Barreta: Versão reduzida da medalha com mesma fita e passador, fixação por alfinete/ímã; Botão de lapela: 9 mm, borda prata de 1 mm, listras vermelhas laterais e branca central; Acessórios: Estojo retangular tipo alçapão revestido.";M;32.0;Ind 1 un;Ind 1 un;;"unidade nao reconhecida no dicionario; preservada como original";198.0;6336.0;0;3;Anulado/Revogado/Cancelado;0;;;;2026-05-04T09:59:19;2026-05-13T16:55:00;QUARENTENA;E23;esportivo;variante fora de especificacao: medalha institucional/militar/condecorativa (rol pede medalha de premiacao esportiva);v2;sem_registros;"{""numeroItem"": 5493, ""descricao"": ""MEDALHA CONDECORATIVA - Tipo: Medalha Dedicação Bombeiro Militar - Grau Prata; Modelo: Circular, metal prata, 35 mm, 2 mm espessura; Passador: Metal prata, 37 x 11 mm, borda 1,5 mm; Fita: 35 x 45 mm, cor vermelha; Barreta: Versão reduzida da medalha com mesma fita e passador, fixação por alfinete/ímã; Botão de lapela: 9 mm, borda prata de 1 mm, listras vermelhas laterais e branca central; Acessórios: Estojo retangular tipo alçapão revestido."", ""materialOuServico"": ""M"", ""materialOuServicoNome"": ""Material"", ""valorUnitarioEstimado"": 198.0, ""valorTotal"": 6336.0, ""quantidade"": 32.0, ""unidadeMedida"": ""Ind 1 un"", ""orcamentoSigiloso"": false, ""itemCategoriaId"": 3, ""itemCategoriaNome"": ""Não se aplica"", ""patrimonio"": null, ""codigoRegistroImobiliario"": null, ""criterioJulgamentoId"": 1, ""criterioJulgamentoNome"": ""Menor preço"", ""situacaoCompraItem"": 3, ""situacaoCompraItemNome"": ""Anulado/Revogado/Cancelado"", ""tipoBeneficio"": 4, ""tipoBeneficioNome"": ""Sem benefício"", ""incentivoProdutivoBasico"": false, ""dataInclusao"": ""2026-05-04T09:59:19"", ""dataAtualizacao"": ""2026-05-13T16:55:00"", ""temResultado"": false, ""imagem"": 0, ""aplicabilidadeMargemPreferenciaNormal"": false, ""aplicabilidadeMargemPreferenciaAdicional"": false, ""percentualMargemPreferenciaNormal"": null, ""percentualMargemPreferenciaAdicional"": null, ""ncmNbsCodigo"": null, ""ncmNbsDescricao"": null, ""catalogo"": null, ""categoriaItemCatalogo"": null, ""catalogoCodigoItem"": null, ""informacaoComplementar"": null, ""tipoMargemPreferencia"": null, ""exigenciaConteudoNacional"": false}";2026-09-12T19:59:02.805029;25002757000145;FUNDO DE REEQUIPAMENTO DO CORPO DE BOMBEIROS MILITAR DO ESTADO DO AMAPA - FREBOM;estadual;E;3;FUNDO DE REEQUIPAMENTO DO CORPO DE BOMBEIROS;Macapá;AP;8;Dispensa;0;2026-05-04T09:59:19;;;1;Divulgada no PNCP;generico;0.0;0.0;;;False;;;False;E23;esportivo;Medalha de premiacao;8306.29.00
25002757000145-1-000002/2026;5494;"MEDALHA CONDECORATIVA - Tipo: Medalha Dedicação Bombeiro Militar - Grau Bronze; Modelo: Circular, metal bronze, fundo branco, 35 mm, 2 mm espessura; Passador: Metal bronze, 37 x 11 mm, borda 1,5 mm; Fita: 35 x 45 mm, listras brancas nas extremidades e vermelha central; Barreta: Versão reduzida da medalha com mesma fita e passador, fixação por alfinete/ímã; Botão de lapela: 9 mm, borda bronze de 1 mm, listras brancas laterais e vermelha central; Acessórios: Estojo retangular tipo alçapão revestido.";M;32.0;Ind 1 un;Ind 1 un;;"unidade nao reconhecida no dicionario; preservada como original";198.0;6336.0;0;3;Anulado/Revogado/Cancelado;0;;;;2026-05-04T09:59:19;2026-05-13T17:05:00;QUARENTENA;E23;esportivo;variante fora de especificacao: medalha institucional/militar/condecorativa (rol pede medalha de premiacao esportiva);v2;sem_registros;"{""numeroItem"": 5494, ""descricao"": ""MEDALHA CONDECORATIVA - Tipo: Medalha Dedicação Bombeiro Militar - Grau Bronze; Modelo: Circular, metal bronze, fundo branco, 35 mm, 2 mm espessura; Passador: Metal bronze, 37 x 11 mm, borda 1,5 mm; Fita: 35 x 45 mm, listras brancas nas extremidades e vermelha central; Barreta: Versão reduzida da medalha com mesma fita e passador, fixação por alfinete/ímã; Botão de lapela: 9 mm, borda bronze de 1 mm, listras brancas laterais e vermelha central; Acessórios: Estojo retangular tipo alçapão revestido."", ""materialOuServico"": ""M"", ""materialOuServicoNome"": ""Material"", ""valorUnitarioEstimado"": 198.0, ""valorTotal"": 6336.0, ""quantidade"": 32.0, ""unidadeMedida"": ""Ind 1 un"", ""orcamentoSigiloso"": false, ""itemCategoriaId"": 3, ""itemCategoriaNome"": ""Não se aplica"", ""patrimonio"": null, ""codigoRegistroImobiliario"": null, ""criterioJulgamentoId"": 1, ""criterioJulgamentoNome"": ""Menor preço"", ""situacaoCompraItem"": 3, ""situacaoCompraItemNome"": ""Anulado/Revogado/Cancelado"", ""tipoBeneficio"": 4, ""tipoBeneficioNome"": ""Sem benefício"", ""incentivoProdutivoBasico"": false, ""dataInclusao"": ""2026-05-04T09:59:19"", ""dataAtualizacao"": ""2026-05-13T17:05:00"", ""temResultado"": false, ""imagem"": 0, ""aplicabilidadeMargemPreferenciaNormal"": false, ""aplicabilidadeMargemPreferenciaAdicional"": false, ""percentualMargemPreferenciaNormal"": null, ""percentualMargemPreferenciaAdicional"": null, ""ncmNbsCodigo"": null, ""ncmNbsDescricao"": null, ""catalogo"": null, ""categoriaItemCatalogo"": null, ""catalogoCodigoItem"": null, ""informacaoComplementar"": null, ""tipoMargemPreferencia"": null, ""exigenciaConteudoNacional"": false}";2026-09-12T19:59:02.805029;25002757000145;FUNDO DE REEQUIPAMENTO DO CORPO DE BOMBEIROS MILITAR DO ESTADO DO AMAPA - FREBOM;estadual;E;3;FUNDO DE REEQUIPAMENTO DO CORPO DE BOMBEIROS;Macapá;AP;8;Dispensa;0;2026-05-04T09:59:19;;;1;Divulgada no PNCP;generico;0.0;0.0;;;False;;;False;E23;esportivo;Medalha de premiacao;8306.29.00
25002757000145-1-000002/2026;5495;"MEDALHA CONDECORATIVA - Tipo: Medalha do Mérito do Mergulho de Resgate; Modelo: Circular, metal dourado, 35 mm, 2 mm espessura; Passador: Metal dourado, 37 x 11 mm, borda 1,5 mm; Fita: 35 x 45 mm, vermelha com listra branca na extremidade direita; Barreta: Versão reduzida da medalha com mesma fita e passador, fixação por alfinete/ímã; Botão de lapela: 9 mm, borda dourada de 1 mm, face branca à esquerda e vermelha à direita; Acessórios: Estojo retangular tipo alçapão revestido.";M;8.0;Ind 1 un;Ind 1 un;;"unidade nao reconhecida no dicionario; preservada como original";198.0;1584.0;0;3;Anulado/Revogado/Cancelado;0;;;;2026-05-04T09:59:19;2026-05-13T17:15:00;QUARENTENA;E23;esportivo;variante fora de especificacao: medalha institucional/militar/condecorativa (rol pede medalha de premiacao esportiva);v2;sem_registros;"{""numeroItem"": 5495, ""descricao"": ""MEDALHA CONDECORATIVA - Tipo: Medalha do Mérito do Mergulho de Resgate; Modelo: Circular, metal dourado, 35 mm, 2 mm espessura; Passador: Metal dourado, 37 x 11 mm, borda 1,5 mm; Fita: 35 x 45 mm, vermelha com listra branca na extremidade direita; Barreta: Versão reduzida da medalha com mesma fita e passador, fixação por alfinete/ímã; Botão de lapela: 9 mm, borda dourada de 1 mm, face branca à esquerda e vermelha à direita; Acessórios: Estojo retangular tipo alçapão revestido."", ""materialOuServico"": ""M"", ""materialOuServicoNome"": ""Material"", ""valorUnitarioEstimado"": 198.0, ""valorTotal"": 1584.0, ""quantidade"": 8.0, ""unidadeMedida"": ""Ind 1 un"", ""orcamentoSigiloso"": false, ""itemCategoriaId"": 3, ""itemCategoriaNome"": ""Não se aplica"", ""patrimonio"": null, ""codigoRegistroImobiliario"": null, ""criterioJulgamentoId"": 1, ""criterioJulgamentoNome"": ""Menor preço"", ""situacaoCompraItem"": 3, ""situacaoCompraItemNome"": ""Anulado/Revogado/Cancelado"", ""tipoBeneficio"": 4, ""tipoBeneficioNome"": ""Sem benefício"", ""incentivoProdutivoBasico"": false, ""dataInclusao"": ""2026-05-04T09:59:19"", ""dataAtualizacao"": ""2026-05-13T17:15:00"", ""temResultado"": false, ""imagem"": 0, ""aplicabilidadeMargemPreferenciaNormal"": false, ""aplicabilidadeMargemPreferenciaAdicional"": false, ""percentualMargemPreferenciaNormal"": null, ""percentualMargemPreferenciaAdicional"": null, ""ncmNbsCodigo"": null, ""ncmNbsDescricao"": null, ""catalogo"": null, ""categoriaItemCatalogo"": null, ""catalogoCodigoItem"": null, ""informacaoComplementar"": null, ""tipoMargemPreferencia"": null, ""exigenciaConteudoNacional"": false}";2026-09-12T19:59:02.805029;25002757000145;FUNDO DE REEQUIPAMENTO DO CORPO DE BOMBEIROS MILITAR DO ESTADO DO AMAPA - FREBOM;estadual;E;3;FUNDO DE REEQUIPAMENTO DO CORPO DE BOMBEIROS;Macapá;AP;8;Dispensa;0;2026-05-04T09:59:19;;;1;Divulgada no PNCP;generico;0.0;0.0;;;False;;;False;E23;esportivo;Medalha de premiacao;8306.29.00
25002757000145-1-000003/2026;5612;"MEDALHA CONDECORATIVA - Tipo: Medalha Mérito Bombeiro Militar Imperador Dom Pedro II; Modelo: Estrela de 4 pontas, metal dourado, 55 x 55 mm, 2 mm de espessura; Passador: Metal dourado, 37 x 11 mm, borda 1,5 mm; Fita: 35 x 45 mm, cor branca; Barreta: Versão reduzida da medalha com mesma fita e passador, fixação por alfinete/ímã; Botão de lapela: 9 mm, cor branca com borda dourada de 1 mm; Acessórios: Estojo retangular tipo alçapão revestido.";M;12.0;Ind 1 un;Ind 1 un;;"unidade nao reconhecida no dicionario; preservada como original";198.0;2376.0;0;2;Homologado;1;;;;2026-05-14T11:22:14;2026-06-01T15:10:00;QUARENTENA;E23;esportivo;variante fora de especificacao: medalha institucional/militar/condecorativa (rol pede medalha de premiacao esportiva);v2;ok;"{""numeroItem"": 5612, ""descricao"": ""MEDALHA CONDECORATIVA - Tipo: Medalha Mérito Bombeiro Militar Imperador Dom Pedro II; Modelo: Estrela de 4 pontas, metal dourado, 55 x 55 mm, 2 mm de espessura; Passador: Metal dourado, 37 x 11 mm, borda 1,5 mm; Fita: 35 x 45 mm, cor branca; Barreta: Versão reduzida da medalha com mesma fita e passador, fixação por alfinete/ímã; Botão de lapela: 9 mm, cor branca com borda dourada de 1 mm; Acessórios: Estojo retangular tipo alçapão revestido."", ""materialOuServico"": ""M"", ""materialOuServicoNome"": ""Material"", ""valorUnitarioEstimado"": 198.0, ""valorTotal"": 2376.0, ""quantidade"": 12.0, ""unidadeMedida"": ""Ind 1 un"", ""orcamentoSigiloso"": false, ""itemCategoriaId"": 3, ""itemCategoriaNome"": ""Não se aplica"", ""patrimonio"": null, ""codigoRegistroImobiliario"": null, ""criterioJulgamentoId"": 1, ""criterioJulgamentoNome"": ""Menor preço"", ""situacaoCompraItem"": 2, ""situacaoCompraItemNome"": ""Homologado"", ""tipoBeneficio"": 1, ""tipoBeneficioNome"": ""Participação exclusiva para ME/EPP"", ""incentivoProdutivoBasico"": false, ""dataInclusao"": ""2026-05-14T11:22:14"", ""dataAtualizacao"": ""2026-06-01T15:10:00"", ""temResultado"": true, ""imagem"": 0, ""aplicabilidadeMargemPreferenciaNormal"": false, ""aplicabilidadeMargemPreferenciaAdicional"": false, ""percentualMargemPreferenciaNormal"": null, ""percentualMargemPreferenciaAdicional"": null, ""ncmNbsCodigo"": null, ""ncmNbsDescricao"": null, ""catalogo"": null, ""categoriaItemCatalogo"": null, ""catalogoCodigoItem"": null, ""informacaoComplementar"": null, ""tipoMargemPreferencia"": null, ""exigenciaConteudoNacional"": false}";2026-09-12T19:59:37.084668;25002757000145;FUNDO DE REEQUIPAMENTO DO CORPO DE BOMBEIROS MILITAR DO ESTADO DO AMAPA - FREBOM;estadual;E;3;FUNDO DE REEQUIPAMENTO DO CORPO DE BOMBEIROS;Macapá;AP;8;Dispensa;0;2026-05-14T11:22:14;;;1;Divulgada no PNCP;generico;12.0;2376.0;1.0;1.0;False;2376.0;0.0;False;E23;esportivo;Medalha de premiacao;8306.29.00
25002757000145-1-000003/2026;5613;"MEDALHA CONDECORATIVA - Tipo: Medalha do Mérito Defesa Civil; Modelo: Círculo branco com estrela de 5 pontas e esplendores, metal dourado, 43 x 43 mm, 2 mm de espessura; Passador: Metal dourado, 37 x 11 mm, borda 1,5 mm; Fita: 35 x 45 mm, listras alaranjadas nas extremidades, brancas e azul-marinho central; Barreta: Versão reduzida da medalha com mesma fita e passador, fixação por alfinete/ímã; Botão de lapela: 9 mm, borda dourada de 1 mm; Acessórios: Estojo retangular tipo alçapão revestido.";M;12.0;Ind 1 un;Ind 1 un;;"unidade nao reconhecida no dicionario; preservada como original";198.0;2376.0;0;2;Homologado;1;;;;2026-05-14T11:22:14;2026-06-01T15:20:00;QUARENTENA;E23;esportivo;variante fora de especificacao: medalha institucional/militar/condecorativa (rol pede medalha de premiacao esportiva);v2;ok;"{""numeroItem"": 5613, ""descricao"": ""MEDALHA CONDECORATIVA - Tipo: Medalha do Mérito Defesa Civil; Modelo: Círculo branco com estrela de 5 pontas e esplendores, metal dourado, 43 x 43 mm, 2 mm de espessura; Passador: Metal dourado, 37 x 11 mm, borda 1,5 mm; Fita: 35 x 45 mm, listras alaranjadas nas extremidades, brancas e azul-marinho central; Barreta: Versão reduzida da medalha com mesma fita e passador, fixação por alfinete/ímã; Botão de lapela: 9 mm, borda dourada de 1 mm; Acessórios: Estojo retangular tipo alçapão revestido."", ""materialOuServico"": ""M"", ""materialOuServicoNome"": ""Material"", ""valorUnitarioEstimado"": 198.0, ""valorTotal"": 2376.0, ""quantidade"": 12.0, ""unidadeMedida"": ""Ind 1 un"", ""orcamentoSigiloso"": false, ""itemCategoriaId"": 3, ""itemCategoriaNome"": ""Não se aplica"", ""patrimonio"": null, ""codigoRegistroImobiliario"": null, ""criterioJulgamentoId"": 1, ""criterioJulgamentoNome"": ""Menor preço"", ""situacaoCompraItem"": 2, ""situacaoCompraItemNome"": ""Homologado"", ""tipoBeneficio"": 1, ""tipoBeneficioNome"": ""Participação exclusiva para ME/EPP"", ""incentivoProdutivoBasico"": false, ""dataInclusao"": ""2026-05-14T11:22:14"", ""dataAtualizacao"": ""2026-06-01T15:20:00"", ""temResultado"": true, ""imagem"": 0, ""aplicabilidadeMargemPreferenciaNormal"": false, ""aplicabilidadeMargemPreferenciaAdicional"": false, ""percentualMargemPreferenciaNormal"": null, ""percentualMargemPreferenciaAdicional"": null, ""ncmNbsCodigo"": null, ""ncmNbsDescricao"": null, ""catalogo"": null, ""categoriaItemCatalogo"": null, ""catalogoCodigoItem"": null, ""informacaoComplementar"": null, ""tipoMargemPreferencia"": null, ""exigenciaConteudoNacional"": false}";2026-09-12T19:59:37.084668;25002757000145;FUNDO DE REEQUIPAMENTO DO CORPO DE BOMBEIROS MILITAR DO ESTADO DO AMAPA - FREBOM;estadual;E;3;FUNDO DE REEQUIPAMENTO DO CORPO DE BOMBEIROS;Macapá;AP;8;Dispensa;0;2026-05-14T11:22:14;;;1;Divulgada no PNCP;generico;12.0;2376.0;1.0;1.0;False;2376.0;0.0;False;E23;esportivo;Medalha de premiacao;8306.29.00
25002757000145-1-000003/2026;5614;"MEDALHA CONDECORATIVA - Material: metal; Cor: dourada; Largura: 35,5 mm; Altura: 42 mm; Espessura: 2 mm; Apresentação fita: fita em gorgorão seda, dimensões: largura 35mm, altura 45mm; Finalidade: mérito operacional, grau ouro; Passador de metal: Cor: dourada, dimensões: largura 35mm, altura 10mm; Barreta de metal: Cor: dourada, dimensões: largura 35mm, altura 10mm; Acessórios: estojo retangular tipo alçapão revestido de material aveludado.";M;16.0;Ind 1 un;Ind 1 un;;"unidade nao reconhecida no dicionario; preservada como original";198.0;3168.0;0;2;Homologado;1;;;;2026-05-14T11:22:14;2026-06-01T15:30:00;QUARENTENA;E23;esportivo;variante fora de especificacao: medalha institucional/militar/condecorativa (rol pede medalha de premiacao esportiva);v2;ok;"{""numeroItem"": 5614, ""descricao"": ""MEDALHA CONDECORATIVA - Material: metal; Cor: dourada; Largura: 35,5 mm; Altura: 42 mm; Espessura: 2 mm; Apresentação fita: fita em gorgorão seda, dimensões: largura 35mm, altura 45mm; Finalidade: mérito operacional, grau ouro; Passador de metal: Cor: dourada, dimensões: largura 35mm, altura 10mm; Barreta de metal: Cor: dourada, dimensões: largura 35mm, altura 10mm; Acessórios: estojo retangular tipo alçapão revestido de material aveludado."", ""materialOuServico"": ""M"", ""materialOuServicoNome"": ""Material"", ""valorUnitarioEstimado"": 198.0, ""valorTotal"": 3168.0, ""quantidade"": 16.0, ""unidadeMedida"": ""Ind 1 un"", ""orcamentoSigiloso"": false, ""itemCategoriaId"": 3, ""itemCategoriaNome"": ""Não se aplica"", ""patrimonio"": null, ""codigoRegistroImobiliario"": null, ""criterioJulgamentoId"": 1, ""criterioJulgamentoNome"": ""Menor preço"", ""situacaoCompraItem"": 2, ""situacaoCompraItemNome"": ""Homologado"", ""tipoBeneficio"": 1, ""tipoBeneficioNome"": ""Participação exclusiva para ME/EPP"", ""incentivoProdutivoBasico"": false, ""dataInclusao"": ""2026-05-14T11:22:14"", ""dataAtualizacao"": ""2026-06-01T15:30:00"", ""temResultado"": true, ""imagem"": 0, ""aplicabilidadeMargemPreferenciaNormal"": false, ""aplicabilidadeMargemPreferenciaAdicional"": false, ""percentualMargemPreferenciaNormal"": null, ""percentualMargemPreferenciaAdicional"": null, ""ncmNbsCodigo"": null, ""ncmNbsDescricao"": null, ""catalogo"": null, ""categoriaItemCatalogo"": null, ""catalogoCodigoItem"": null, ""informacaoComplementar"": null, ""tipoMargemPreferencia"": null, ""exigenciaConteudoNacional"": false}";2026-09-12T19:59:37.084668;25002757000145;FUNDO DE REEQUIPAMENTO DO CORPO DE BOMBEIROS MILITAR DO ESTADO DO AMAPA - FREBOM;estadual;E;3;FUNDO DE REEQUIPAMENTO DO CORPO DE BOMBEIROS;Macapá;AP;8;Dispensa;0;2026-05-14T11:22:14;;;1;Divulgada no PNCP;esp2mm;16.0;3168.0;1.0;1.0;False;3168.0;0.0;False;E23;esportivo;Medalha de premiacao;8306.29.00
25002757000145-1-000003/2026;5615;"MEDALHA CONDECORATIVA - Material: metal; Cor: prata; Circunferência: 35 mm; Espessura: 2 mm; Apresentação fita: fita em gorgorão seda, dimensões: largura 35mm, altura 45mm; peça sobreposta da medalha: 16mm altura; Finalidade: mérito intelectual I rosa heráldica; Passador de metal: Cor: prata, dimensões: largura 35mm, altura 10mm; Barreta de metal: Cor: prata, dimensões: largura 35mm, altura 10 mm; Acessórios: estojo retangular tipo alçapão revestido de material aveludado.";M;12.0;Ind 1 un;Ind 1 un;;"unidade nao reconhecida no dicionario; preservada como original";198.0;2376.0;0;2;Homologado;1;;;;2026-05-14T11:22:14;2026-06-01T15:40:00;QUARENTENA;E23;esportivo;variante fora de especificacao: medalha institucional/militar/condecorativa (rol pede medalha de premiacao esportiva);v2;ok;"{""numeroItem"": 5615, ""descricao"": ""MEDALHA CONDECORATIVA - Material: metal; Cor: prata; Circunferência: 35 mm; Espessura: 2 mm; Apresentação fita: fita em gorgorão seda, dimensões: largura 35mm, altura 45mm; peça sobreposta da medalha: 16mm altura; Finalidade: mérito intelectual I rosa heráldica; Passador de metal: Cor: prata, dimensões: largura 35mm, altura 10mm; Barreta de metal: Cor: prata, dimensões: largura 35mm, altura 10 mm; Acessórios: estojo retangular tipo alçapão revestido de material aveludado."", ""materialOuServico"": ""M"", ""materialOuServicoNome"": ""Material"", ""valorUnitarioEstimado"": 198.0, ""valorTotal"": 2376.0, ""quantidade"": 12.0, ""unidadeMedida"": ""Ind 1 un"", ""orcamentoSigiloso"": false, ""itemCategoriaId"": 3, ""itemCategoriaNome"": ""Não se aplica"", ""patrimonio"": null, ""codigoRegistroImobiliario"": null, ""criterioJulgamentoId"": 1, ""criterioJulgamentoNome"": ""Menor preço"", ""situacaoCompraItem"": 2, ""situacaoCompraItemNome"": ""Homologado"", ""tipoBeneficio"": 1, ""tipoBeneficioNome"": ""Participação exclusiva para ME/EPP"", ""incentivoProdutivoBasico"": false, ""dataInclusao"": ""2026-05-14T11:22:14"", ""dataAtualizacao"": ""2026-06-01T15:40:00"", ""temResultado"": true, ""imagem"": 0, ""aplicabilidadeMargemPreferenciaNormal"": false, ""aplicabilidadeMargemPreferenciaAdicional"": false, ""percentualMargemPreferenciaNormal"": null, ""percentualMargemPreferenciaAdicional"": null, ""ncmNbsCodigo"": null, ""ncmNbsDescricao"": null, ""catalogo"": null, ""categoriaItemCatalogo"": null, ""catalogoCodigoItem"": null, ""informacaoComplementar"": null, ""tipoMargemPreferencia"": null, ""exigenciaConteudoNacional"": false}";2026-09-12T19:59:37.084668;25002757000145;FUNDO DE REEQUIPAMENTO DO CORPO DE BOMBEIROS MILITAR DO ESTADO DO AMAPA - FREBOM;estadual;E;3;FUNDO DE REEQUIPAMENTO DO CORPO DE BOMBEIROS;Macapá;AP;8;Dispensa;0;2026-05-14T11:22:14;;;1;Divulgada no PNCP;esp2mm;12.0;2376.0;1.0;1.0;False;2376.0;0.0;False;E23;esportivo;Medalha de premiacao;8306.29.00
25002757000145-1-000003/2026;5616;"MEDALHA CONDECORATIVA - Tipo: Medalha do Mérito Intelectual - Grau Bronze; Modelo: Circular, metal bronze, fundo branco, 35 mm, 2 mm espessura; Passador: Metal dourado, 37 x 11 mm, borda 1,5 mm; Fita: 35 x 45 mm, listras amarelas nas extremidades, brancas e amarela central; Barreta: Versão reduzida da medalha com mesma fita e passador, fixação por alfinete/ímã; Botão de lapela: 9 mm, borda dourada de 1 mm; Acessórios: Estojo retangular tipo alçapão revestido.";M;12.0;Ind 1 un;Ind 1 un;;"unidade nao reconhecida no dicionario; preservada como original";198.0;2376.0;0;2;Homologado;1;;;;2026-05-14T11:22:14;2026-06-01T15:50:00;QUARENTENA;E23;esportivo;variante fora de especificacao: medalha institucional/militar/condecorativa (rol pede medalha de premiacao esportiva);v2;ok;"{""numeroItem"": 5616, ""descricao"": ""MEDALHA CONDECORATIVA - Tipo: Medalha do Mérito Intelectual - Grau Bronze; Modelo: Circular, metal bronze, fundo branco, 35 mm, 2 mm espessura; Passador: Metal dourado, 37 x 11 mm, borda 1,5 mm; Fita: 35 x 45 mm, listras amarelas nas extremidades, brancas e amarela central; Barreta: Versão reduzida da medalha com mesma fita e passador, fixação por alfinete/ímã; Botão de lapela: 9 mm, borda dourada de 1 mm; Acessórios: Estojo retangular tipo alçapão revestido."", ""materialOuServico"": ""M"", ""materialOuServicoNome"": ""Material"", ""valorUnitarioEstimado"": 198.0, ""valorTotal"": 2376.0, ""quantidade"": 12.0, ""unidadeMedida"": ""Ind 1 un"", ""orcamentoSigiloso"": false, ""itemCategoriaId"": 3, ""itemCategoriaNome"": ""Não se aplica"", ""patrimonio"": null, ""codigoRegistroImobiliario"": null, ""criterioJulgamentoId"": 1, ""criterioJulgamentoNome"": ""Menor preço"", ""situacaoCompraItem"": 2, ""situacaoCompraItemNome"": ""Homologado"", ""tipoBeneficio"": 1, ""tipoBeneficioNome"": ""Participação exclusiva para ME/EPP"", ""incentivoProdutivoBasico"": false, ""dataInclusao"": ""2026-05-14T11:22:14"", ""dataAtualizacao"": ""2026-06-01T15:50:00"", ""temResultado"": true, ""imagem"": 0, ""aplicabilidadeMargemPreferenciaNormal"": false, ""aplicabilidadeMargemPreferenciaAdicional"": false, ""percentualMargemPreferenciaNormal"": null, ""percentualMargemPreferenciaAdicional"": null, ""ncmNbsCodigo"": null, ""ncmNbsDescricao"": null, ""catalogo"": null, ""categoriaItemCatalogo"": null, ""catalogoCodigoItem"": null, ""informacaoComplementar"": null, ""tipoMargemPreferencia"": null, ""exigenciaConteudoNacional"": false}";2026-09-12T19:59:37.084668;25002757000145;FUNDO DE REEQUIPAMENTO DO CORPO DE BOMBEIROS MILITAR DO ESTADO DO AMAPA - FREBOM;estadual;E;3;FUNDO DE REEQUIPAMENTO DO CORPO DE BOMBEIROS;Macapá;AP;8;Dispensa;0;2026-05-14T11:22:14;;;1;Divulgada no PNCP;generico;12.0;2376.0;1.0;1.0;False;2376.0;0.0;False;E23;esportivo;Medalha de premiacao;8306.29.00
25002757000145-1-000003/2026;5617;"MEDALHA CONDECORATIVA - Tipo: Medalha do Mérito Técnico-Profissional; Modelo: Formato roda dentada, metal dourado, 40 mm, 2 mm espessura.; Passador: Metal dourado, 37 x 11 mm, borda 1,5 mm; Fita: 35 x 45 mm, listras amarelas nas extremidades, brancas e amarela central; Barreta: Versão reduzida da medalha com mesma fita e passador, fixação por alfinete/ímã; Botão de lapela: 9 mm, borda dourada de 1 mm, face dividida vermelho/amarelo; Acessórios: Estojo retangular tipo alçapão revestido.";M;8.0;Ind 1 un;Ind 1 un;;"unidade nao reconhecida no dicionario; preservada como original";198.0;1584.0;0;2;Homologado;1;;;;2026-05-14T11:22:14;2026-06-01T16:00:00;QUARENTENA;E23;esportivo;variante fora de especificacao: medalha institucional/militar/condecorativa (rol pede medalha de premiacao esportiva);v2;ok;"{""numeroItem"": 5617, ""descricao"": ""MEDALHA CONDECORATIVA - Tipo: Medalha do Mérito Técnico-Profissional; Modelo: Formato roda dentada, metal dourado, 40 mm, 2 mm espessura.; Passador: Metal dourado, 37 x 11 mm, borda 1,5 mm; Fita: 35 x 45 mm, listras amarelas nas extremidades, brancas e amarela central; Barreta: Versão reduzida da medalha com mesma fita e passador, fixação por alfinete/ímã; Botão de lapela: 9 mm, borda dourada de 1 mm, face dividida vermelho/amarelo; Acessórios: Estojo retangular tipo alçapão revestido."", ""materialOuServico"": ""M"", ""materialOuServicoNome"": ""Material"", ""valorUnitarioEstimado"": 198.0, ""valorTotal"": 1584.0, ""quantidade"": 8.0, ""unidadeMedida"": ""Ind 1 un"", ""orcamentoSigiloso"": false, ""itemCategoriaId"": 3, ""itemCategoriaNome"": ""Não se aplica"", ""patrimonio"": null, ""codigoRegistroImobiliario"": null, ""criterioJulgamentoId"": 1, ""criterioJulgamentoNome"": ""Menor preço"", ""situacaoCompraItem"": 2, ""situacaoCompraItemNome"": ""Homologado"", ""tipoBeneficio"": 1, ""tipoBeneficioNome"": ""Participação exclusiva para ME/EPP"", ""incentivoProdutivoBasico"": false, ""dataInclusao"": ""2026-05-14T11:22:14"", ""dataAtualizacao"": ""2026-06-01T16:00:00"", ""temResultado"": true, ""imagem"": 0, ""aplicabilidadeMargemPreferenciaNormal"": false, ""aplicabilidadeMargemPreferenciaAdicional"": false, ""percentualMargemPreferenciaNormal"": null, ""percentualMargemPreferenciaAdicional"": null, ""ncmNbsCodigo"": null, ""ncmNbsDescricao"": null, ""catalogo"": null, ""categoriaItemCatalogo"": null, ""catalogoCodigoItem"": null, ""informacaoComplementar"": null, ""tipoMargemPreferencia"": null, ""exigenciaConteudoNacional"": false}";2026-09-12T19:59:37.084668;25002757000145;FUNDO DE REEQUIPAMENTO DO CORPO DE BOMBEIROS MILITAR DO ESTADO DO AMAPA - FREBOM;estadual;E;3;FUNDO DE REEQUIPAMENTO DO CORPO DE BOMBEIROS;Macapá;AP;8;Dispensa;0;2026-05-14T11:22:14;;;1;Divulgada no PNCP;generico;8.0;1584.0;1.0;1.0;False;1584.0;0.0;False;E23;esportivo;Medalha de premiacao;8306.29.00
25002757000145-1-000003/2026;5618;"MEDALHA CONDECORATIVA - Tipo: Medalha Dedicação Bombeiro Militar - Grau Ouro; Modelo: Circular, metal dourado, 35 mm, 2 mm espessura; Passador: Metal dourado, 37 x 11 mm, borda 1,5 mm; Fita: 35 x 45 mm, cor vermelha; Barreta: Versão reduzida da medalha com mesma fita e passador, fixação por alfinete/ímã; Botão de lapela: 9 mm, borda dourada de 1 mm, cor vermelha; Acessórios: Estojo retangular tipo alçapão revestido.";M;16.0;Ind 1 un;Ind 1 un;;"unidade nao reconhecida no dicionario; preservada como original";198.0;3168.0;0;2;Homologado;1;;;;2026-05-14T11:22:14;2026-06-01T16:15:00;QUARENTENA;E23;esportivo;variante fora de especificacao: medalha institucional/militar/condecorativa (rol pede medalha de premiacao esportiva);v2;ok;"{""numeroItem"": 5618, ""descricao"": ""MEDALHA CONDECORATIVA - Tipo: Medalha Dedicação Bombeiro Militar - Grau Ouro; Modelo: Circular, metal dourado, 35 mm, 2 mm espessura; Passador: Metal dourado, 37 x 11 mm, borda 1,5 mm; Fita: 35 x 45 mm, cor vermelha; Barreta: Versão reduzida da medalha com mesma fita e passador, fixação por alfinete/ímã; Botão de lapela: 9 mm, borda dourada de 1 mm, cor vermelha; Acessórios: Estojo retangular tipo alçapão revestido."", ""materialOuServico"": ""M"", ""materialOuServicoNome"": ""Material"", ""valorUnitarioEstimado"": 198.0, ""valorTotal"": 3168.0, ""quantidade"": 16.0, ""unidadeMedida"": ""Ind 1 un"", ""orcamentoSigiloso"": false, ""itemCategoriaId"": 3, ""itemCategoriaNome"": ""Não se aplica"", ""patrimonio"": null, ""codigoRegistroImobiliario"": null, ""criterioJulgamentoId"": 1, ""criterioJulgamentoNome"": ""Menor preço"", ""situacaoCompraItem"": 2, ""situacaoCompraItemNome"": ""Homologado"", ""tipoBeneficio"": 1, ""tipoBeneficioNome"": ""Participação exclusiva para ME/EPP"", ""incentivoProdutivoBasico"": false, ""dataInclusao"": ""2026-05-14T11:22:14"", ""dataAtualizacao"": ""2026-06-01T16:15:00"", ""temResultado"": true, ""imagem"": 0, ""aplicabilidadeMargemPreferenciaNormal"": false, ""aplicabilidadeMargemPreferenciaAdicional"": false, ""percentualMargemPreferenciaNormal"": null, ""percentualMargemPreferenciaAdicional"": null, ""ncmNbsCodigo"": null, ""ncmNbsDescricao"": null, ""catalogo"": null, ""categoriaItemCatalogo"": null, ""catalogoCodigoItem"": null, ""informacaoComplementar"": null, ""tipoMargemPreferencia"": null, ""exigenciaConteudoNacional"": false}";2026-09-12T19:59:37.084668;25002757000145;FUNDO DE REEQUIPAMENTO DO CORPO DE BOMBEIROS MILITAR DO ESTADO DO AMAPA - FREBOM;estadual;E;3;FUNDO DE REEQUIPAMENTO DO CORPO DE BOMBEIROS;Macapá;AP;8;Dispensa;0;2026-05-14T11:22:14;;;1;Divulgada no PNCP;generico;16.0;3168.0;1.0;1.0;False;3168.0;0.0;False;E23;esportivo;Medalha de premiacao;8306.29.00
25002757000145-1-000003/2026;5619;"MEDALHA CONDECORATIVA - Tipo: Medalha Dedicação Bombeiro Militar - Grau Prata; Modelo: Circular, metal prata, 35 mm, 2 mm espessura; Passador: Metal prata, 37 x 11 mm, borda 1,5 mm; Fita: 35 x 45 mm, cor vermelha; Barreta: Versão reduzida da medalha com mesma fita e passador, fixação por alfinete/ímã; Botão de lapela: 9 mm, borda prata de 1 mm, listras vermelhas laterais e branca central; Acessórios: Estojo retangular tipo alçapão revestido.";M;32.0;Ind 1 un;Ind 1 un;;"unidade nao reconhecida no dicionario; preservada como original";198.0;6336.0;0;2;Homologado;1;;;;2026-05-14T11:22:14;2026-06-01T16:25:00;QUARENTENA;E23;esportivo;variante fora de especificacao: medalha institucional/militar/condecorativa (rol pede medalha de premiacao esportiva);v2;ok;"{""numeroItem"": 5619, ""descricao"": ""MEDALHA CONDECORATIVA - Tipo: Medalha Dedicação Bombeiro Militar - Grau Prata; Modelo: Circular, metal prata, 35 mm, 2 mm espessura; Passador: Metal prata, 37 x 11 mm, borda 1,5 mm; Fita: 35 x 45 mm, cor vermelha; Barreta: Versão reduzida da medalha com mesma fita e passador, fixação por alfinete/ímã; Botão de lapela: 9 mm, borda prata de 1 mm, listras vermelhas laterais e branca central; Acessórios: Estojo retangular tipo alçapão revestido."", ""materialOuServico"": ""M"", ""materialOuServicoNome"": ""Material"", ""valorUnitarioEstimado"": 198.0, ""valorTotal"": 6336.0, ""quantidade"": 32.0, ""unidadeMedida"": ""Ind 1 un"", ""orcamentoSigiloso"": false, ""itemCategoriaId"": 3, ""itemCategoriaNome"": ""Não se aplica"", ""patrimonio"": null, ""codigoRegistroImobiliario"": null, ""criterioJulgamentoId"": 1, ""criterioJulgamentoNome"": ""Menor preço"", ""situacaoCompraItem"": 2, ""situacaoCompraItemNome"": ""Homologado"", ""tipoBeneficio"": 1, ""tipoBeneficioNome"": ""Participação exclusiva para ME/EPP"", ""incentivoProdutivoBasico"": false, ""dataInclusao"": ""2026-05-14T11:22:14"", ""dataAtualizacao"": ""2026-06-01T16:25:00"", ""temResultado"": true, ""imagem"": 0, ""aplicabilidadeMargemPreferenciaNormal"": false, ""aplicabilidadeMargemPreferenciaAdicional"": false, ""percentualMargemPreferenciaNormal"": null, ""percentualMargemPreferenciaAdicional"": null, ""ncmNbsCodigo"": null, ""ncmNbsDescricao"": null, ""catalogo"": null, ""categoriaItemCatalogo"": null, ""catalogoCodigoItem"": null, ""informacaoComplementar"": null, ""tipoMargemPreferencia"": null, ""exigenciaConteudoNacional"": false}";2026-09-12T19:59:37.086678;25002757000145;FUNDO DE REEQUIPAMENTO DO CORPO DE BOMBEIROS MILITAR DO ESTADO DO AMAPA - FREBOM;estadual;E;3;FUNDO DE REEQUIPAMENTO DO CORPO DE BOMBEIROS;Macapá;AP;8;Dispensa;0;2026-05-14T11:22:14;;;1;Divulgada no PNCP;generico;32.0;6336.0;1.0;1.0;False;6336.0;0.0;False;E23;esportivo;Medalha de premiacao;8306.29.00
25002757000145-1-000003/2026;5620;"MEDALHA CONDECORATIVA - Tipo: Medalha Dedicação Bombeiro Militar - Grau Bronze; Modelo: Circular, metal bronze, fundo branco, 35 mm, 2 mm espessura; Passador: Metal bronze, 37 x 11 mm, borda 1,5 mm; Fita: 35 x 45 mm, listras brancas nas extremidades e vermelha central; Barreta: Versão reduzida da medalha com mesma fita e passador, fixação por alfinete/ímã; Botão de lapela: 9 mm, borda bronze de 1 mm, listras brancas laterais e vermelha central; Acessórios: Estojo retangular tipo alçapão revestido.";M;32.0;Ind 1 un;Ind 1 un;;"unidade nao reconhecida no dicionario; preservada como original";198.0;6336.0;0;2;Homologado;1;;;;2026-05-14T11:22:14;2026-06-01T16:35:00;QUARENTENA;E23;esportivo;variante fora de especificacao: medalha institucional/militar/condecorativa (rol pede medalha de premiacao esportiva);v2;ok;"{""numeroItem"": 5620, ""descricao"": ""MEDALHA CONDECORATIVA - Tipo: Medalha Dedicação Bombeiro Militar - Grau Bronze; Modelo: Circular, metal bronze, fundo branco, 35 mm, 2 mm espessura; Passador: Metal bronze, 37 x 11 mm, borda 1,5 mm; Fita: 35 x 45 mm, listras brancas nas extremidades e vermelha central; Barreta: Versão reduzida da medalha com mesma fita e passador, fixação por alfinete/ímã; Botão de lapela: 9 mm, borda bronze de 1 mm, listras brancas laterais e vermelha central; Acessórios: Estojo retangular tipo alçapão revestido."", ""materialOuServico"": ""M"", ""materialOuServicoNome"": ""Material"", ""valorUnitarioEstimado"": 198.0, ""valorTotal"": 6336.0, ""quantidade"": 32.0, ""unidadeMedida"": ""Ind 1 un"", ""orcamentoSigiloso"": false, ""itemCategoriaId"": 3, ""itemCategoriaNome"": ""Não se aplica"", ""patrimonio"": null, ""codigoRegistroImobiliario"": null, ""criterioJulgamentoId"": 1, ""criterioJulgamentoNome"": ""Menor preço"", ""situacaoCompraItem"": 2, ""situacaoCompraItemNome"": ""Homologado"", ""tipoBeneficio"": 1, ""tipoBeneficioNome"": ""Participação exclusiva para ME/EPP"", ""incentivoProdutivoBasico"": false, ""dataInclusao"": ""2026-05-14T11:22:14"", ""dataAtualizacao"": ""2026-06-01T16:35:00"", ""temResultado"": true, ""imagem"": 0, ""aplicabilidadeMargemPreferenciaNormal"": false, ""aplicabilidadeMargemPreferenciaAdicional"": false, ""percentualMargemPreferenciaNormal"": null, ""percentualMargemPreferenciaAdicional"": null, ""ncmNbsCodigo"": null, ""ncmNbsDescricao"": null, ""catalogo"": null, ""categoriaItemCatalogo"": null, ""catalogoCodigoItem"": null, ""informacaoComplementar"": null, ""tipoMargemPreferencia"": null, ""exigenciaConteudoNacional"": false}";2026-09-12T19:59:37.086678;25002757000145;FUNDO DE REEQUIPAMENTO DO CORPO DE BOMBEIROS MILITAR DO ESTADO DO AMAPA - FREBOM;estadual;E;3;FUNDO DE REEQUIPAMENTO DO CORPO DE BOMBEIROS;Macapá;AP;8;Dispensa;0;2026-05-14T11:22:14;;;1;Divulgada no PNCP;generico;32.0;6336.0;1.0;1.0;False;6336.0;0.0;False;E23;esportivo;Medalha de premiacao;8306.29.00
25002757000145-1-000003/2026;5621;"MEDALHA CONDECORATIVA - Tipo: Medalha do Mérito do Mergulho de Resgate; Modelo: Circular, metal dourado, 35 mm, 2 mm espessura; Passador: Metal dourado, 37 x 11 mm, borda 1,5 mm; Fita: 35 x 45 mm, vermelha com listra branca na extremidade direita; Barreta: Versão reduzida da medalha com mesma fita e passador, fixação por alfinete/ímã; Botão de lapela: 9 mm, borda dourada de 1 mm, face branca à esquerda e vermelha à direita; Acessórios: Estojo retangular tipo alçapão revestido.";M;8.0;Ind 1 un;Ind 1 un;;"unidade nao reconhecida no dicionario; preservada como original";198.0;1584.0;0;2;Homologado;1;;;;2026-05-14T11:22:14;2026-06-01T16:45:00;QUARENTENA;E23;esportivo;variante fora de especificacao: medalha institucional/militar/condecorativa (rol pede medalha de premiacao esportiva);v2;ok;"{""numeroItem"": 5621, ""descricao"": ""MEDALHA CONDECORATIVA - Tipo: Medalha do Mérito do Mergulho de Resgate; Modelo: Circular, metal dourado, 35 mm, 2 mm espessura; Passador: Metal dourado, 37 x 11 mm, borda 1,5 mm; Fita: 35 x 45 mm, vermelha com listra branca na extremidade direita; Barreta: Versão reduzida da medalha com mesma fita e passador, fixação por alfinete/ímã; Botão de lapela: 9 mm, borda dourada de 1 mm, face branca à esquerda e vermelha à direita; Acessórios: Estojo retangular tipo alçapão revestido."", ""materialOuServico"": ""M"", ""materialOuServicoNome"": ""Material"", ""valorUnitarioEstimado"": 198.0, ""valorTotal"": 1584.0, ""quantidade"": 8.0, ""unidadeMedida"": ""Ind 1 un"", ""orcamentoSigiloso"": false, ""itemCategoriaId"": 3, ""itemCategoriaNome"": ""Não se aplica"", ""patrimonio"": null, ""codigoRegistroImobiliario"": null, ""criterioJulgamentoId"": 1, ""criterioJulgamentoNome"": ""Menor preço"", ""situacaoCompraItem"": 2, ""situacaoCompraItemNome"": ""Homologado"", ""tipoBeneficio"": 1, ""tipoBeneficioNome"": ""Participação exclusiva para ME/EPP"", ""incentivoProdutivoBasico"": false, ""dataInclusao"": ""2026-05-14T11:22:14"", ""dataAtualizacao"": ""2026-06-01T16:45:00"", ""temResultado"": true, ""imagem"": 0, ""aplicabilidadeMargemPreferenciaNormal"": false, ""aplicabilidadeMargemPreferenciaAdicional"": false, ""percentualMargemPreferenciaNormal"": null, ""percentualMargemPreferenciaAdicional"": null, ""ncmNbsCodigo"": null, ""ncmNbsDescricao"": null, ""catalogo"": null, ""categoriaItemCatalogo"": null, ""catalogoCodigoItem"": null, ""informacaoComplementar"": null, ""tipoMargemPreferencia"": null, ""exigenciaConteudoNacional"": false}";2026-09-12T19:59:37.086678;25002757000145;FUNDO DE REEQUIPAMENTO DO CORPO DE BOMBEIROS MILITAR DO ESTADO DO AMAPA - FREBOM;estadual;E;3;FUNDO DE REEQUIPAMENTO DO CORPO DE BOMBEIROS;Macapá;AP;8;Dispensa;0;2026-05-14T11:22:14;;;1;Divulgada no PNCP;generico;8.0;1584.0;1.0;1.0;False;1584.0;0.0;False;E23;esportivo;Medalha de premiacao;8306.29.00
00394577000125-1-000007/2026;5686;"MEDALHA - Material: metal; Formato: circular; Diâmetro : 32 mm; Finalidade: mérito institucional; componentes: medalha, fita, barreta, roseta e estojo.";M;30.0;Ind 1 un;Ind 1 un;;"unidade nao reconhecida no dicionario; preservada como original";385.0;11550.0;0;5;Fracassado;0;;;;2026-06-09T10:57:39;2026-08-07T11:50:00;QUARENTENA;E23;esportivo;variante fora de especificacao: medalha institucional/militar/condecorativa (rol pede medalha de premiacao esportiva);v2;sem_registros;"{""numeroItem"": 5686, ""descricao"": ""MEDALHA - Material: metal; Formato: circular; Diâmetro : 32 mm; Finalidade: mérito institucional; componentes: medalha, fita, barreta, roseta e estojo."", ""materialOuServico"": ""M"", ""materialOuServicoNome"": ""Material"", ""valorUnitarioEstimado"": 385.0, ""valorTotal"": 11550.0, ""quantidade"": 30.0, ""unidadeMedida"": ""Ind 1 un"", ""orcamentoSigiloso"": false, ""itemCategoriaId"": 3, ""itemCategoriaNome"": ""Não se aplica"", ""patrimonio"": null, ""codigoRegistroImobiliario"": null, ""criterioJulgamentoId"": 1, ""criterioJulgamentoNome"": ""Menor preço"", ""situacaoCompraItem"": 5, ""situacaoCompraItemNome"": ""Fracassado"", ""tipoBeneficio"": 1, ""tipoBeneficioNome"": ""Participação exclusiva para ME/EPP"", ""incentivoProdutivoBasico"": false, ""dataInclusao"": ""2026-06-09T10:57:39"", ""dataAtualizacao"": ""2026-08-07T11:50:00"", ""temResultado"": false, ""imagem"": 0, ""aplicabilidadeMargemPreferenciaNormal"": false, ""aplicabilidadeMargemPreferenciaAdicional"": false, ""percentualMargemPreferenciaNormal"": null, ""percentualMargemPreferenciaAdicional"": null, ""ncmNbsCodigo"": null, ""ncmNbsDescricao"": null, ""catalogo"": null, ""categoriaItemCatalogo"": null, ""catalogoCodigoItem"": null, ""informacaoComplementar"": null, ""tipoMargemPreferencia"": null, ""exigenciaConteudoNacional"": false}";2026-09-12T20:00:38.991392;00394577000125;ESTADO DO AMAPA;estadual;E;3037;GOVERNO DO ESTADO DO AMAPÁ;Macapá;AP;8;Dispensa;0;2026-06-09T10:57:39;;;1;Divulgada no PNCP;generico;0.0;0.0;;;False;;;False;E23;esportivo;Medalha de premiacao;8306.29.00
00508903000188-1-001109/2026;2;Medalha características adicionais: embalagem em saco pvc, cor: bronze, diâmetro: 50, espessura: 3, finalidade: honra ao mérito, material: metal, tipo: challenge coin;M;1.0;Unidade;unidade;1.0;unidade original ja comparavel (sem conversao);8091.0;8091.0;0;2;Homologado;1;;;;2026-06-15T10:38:45;2026-07-09T12:45:33;QUARENTENA;E23;esportivo;variante fora de especificacao: medalha institucional/militar/condecorativa (rol pede medalha de premiacao esportiva);v2;ok;"{""numeroItem"": 2, ""descricao"": ""Medalha características adicionais: embalagem em saco pvc, cor: bronze, diâmetro: 50, espessura: 3, finalidade: honra ao mérito, material: metal, tipo: challenge coin"", ""materialOuServico"": ""M"", ""materialOuServicoNome"": ""Material"", ""valorUnitarioEstimado"": 8091.0, ""valorTotal"": 8091.0, ""quantidade"": 1.0, ""unidadeMedida"": ""Unidade"", ""orcamentoSigiloso"": false, ""itemCategoriaId"": 3, ""itemCategoriaNome"": ""Não se aplica"", ""patrimonio"": null, ""codigoRegistroImobiliario"": null, ""criterioJulgamentoId"": 1, ""criterioJulgamentoNome"": ""Menor preço"", ""situacaoCompraItem"": 2, ""situacaoCompraItemNome"": ""Homologado"", ""tipoBeneficio"": 1, ""tipoBeneficioNome"": ""Participação exclusiva para ME/EPP"", ""incentivoProdutivoBasico"": false, ""dataInclusao"": ""2026-06-15T10:38:45"", ""dataAtualizacao"": ""2026-07-09T12:45:33"", ""temResultado"": true, ""imagem"": 0, ""aplicabilidadeMargemPreferenciaNormal"": false, ""aplicabilidadeMargemPreferenciaAdicional"": false, ""percentualMargemPreferenciaNormal"": null, ""percentualMargemPreferenciaAdicional"": null, ""ncmNbsCodigo"": null, ""ncmNbsDescricao"": null, ""catalogo"": null, ""categoriaItemCatalogo"": null, ""catalogoCodigoItem"": null, ""informacaoComplementar"": null, ""tipoMargemPreferencia"": null, ""exigenciaConteudoNacional"": false}";2026-09-12T20:04:17.963062;00508903000188;JUSTICA FEDERAL DE PRIMEIRA INSTANCIA;federal;F;090037;JUSTICA FEDERAL DE 1A. INSTANCIA/AP;Macapá;AP;8;Dispensa;0;2026-06-15T10:38:43;2026-06-15T12:10:00;2026-06-19T08:00:00;1;Divulgada no PNCP;generico;1.0;5900.0;1.0;1.0;False;8091.0;27.07947101717958;False;E23;esportivo;Medalha de premiacao;8306.29.00
00394577000559-1-000004/2026;1;"RÉGUA - Tipo: escritório; Material: alumínio; Comprimento: 30 cm.";M;100.0;Ind 1 un;Ind 1 un;;"unidade nao reconhecida no dicionario; preservada como original";6.3;630.0;0;2;Homologado;1;;;;2026-08-04T23:50:16;2026-08-04T23:50:18;QUARENTENA;P14;educativo;variante fora de especificacao: regua de material metalico/aluminio (rol pede plastica);v2;ok;"{""numeroItem"": 1, ""descricao"": ""RÉGUA - Tipo: escritório; Material: alumínio; Comprimento: 30 cm."", ""materialOuServico"": ""M"", ""materialOuServicoNome"": ""Material"", ""valorUnitarioEstimado"": 6.3, ""valorTotal"": 630.0, ""quantidade"": 100.0, ""unidadeMedida"": ""Ind 1 un"", ""orcamentoSigiloso"": false, ""itemCategoriaId"": 3, ""itemCategoriaNome"": ""Não se aplica"", ""patrimonio"": null, ""codigoRegistroImobiliario"": null, ""criterioJulgamentoId"": 7, ""criterioJulgamentoNome"": ""Não se aplica"", ""situacaoCompraItem"": 2, ""situacaoCompraItemNome"": ""Homologado"", ""tipoBeneficio"": 4, ""tipoBeneficioNome"": ""Sem benefício"", ""incentivoProdutivoBasico"": false, ""dataInclusao"": ""2026-08-04T23:50:16"", ""dataAtualizacao"": ""2026-08-04T23:50:18"", ""temResultado"": true, ""imagem"": 0, ""aplicabilidadeMargemPreferenciaNormal"": false, ""aplicabilidadeMargemPreferenciaAdicional"": false, ""percentualMargemPreferenciaNormal"": null, ""percentualMargemPreferenciaAdicional"": null, ""ncmNbsCodigo"": null, ""ncmNbsDescricao"": null, ""catalogo"": null, ""categoriaItemCatalogo"": null, ""catalogoCodigoItem"": null, ""informacaoComplementar"": null, ""tipoMargemPreferencia"": null, ""exigenciaConteudoNacional"": false}";2026-09-12T20:06:21.345532;00394577000559;ESTADO DO AMAPA;estadual;E;19;SECRETARIA EXTRAORDINÁRIA DE POLÍTICA PARA AS MULHERES;Macapá;AP;8;Dispensa;0;2026-08-04T23:50:16;;;1;Divulgada no PNCP;generico;100.0;630.0;1.0;1.0;False;630.0;0.0;False;P14;educativo;Regua plastica de 30cm;9017.80.10
00394577000559-1-000004/2026;5;Apontador;S;200.0;1 un/dia;1 un/dia;;"unidade nao reconhecida no dicionario; preservada como original";3.5;700.0;0;2;Homologado;1;;;;2026-08-04T23:50:16;2026-08-04T23:50:20;QUARENTENA;P08;educativo;"materialOuServico=S (servico); revisar se e prestacao de servico ou fornecimento efetivo do material antes de aceitar";v2;nao_consultado;"{""numeroItem"": 5, ""descricao"": ""Apontador"", ""materialOuServico"": ""S"", ""materialOuServicoNome"": ""Serviço"", ""valorUnitarioEstimado"": 3.5, ""valorTotal"": 700.0, ""quantidade"": 200.0, ""unidadeMedida"": ""1 un/dia"", ""orcamentoSigiloso"": false, ""itemCategoriaId"": 3, ""itemCategoriaNome"": ""Não se aplica"", ""patrimonio"": null, ""codigoRegistroImobiliario"": null, ""criterioJulgamentoId"": 7, ""criterioJulgamentoNome"": ""Não se aplica"", ""situacaoCompraItem"": 2, ""situacaoCompraItemNome"": ""Homologado"", ""tipoBeneficio"": 4, ""tipoBeneficioNome"": ""Sem benefício"", ""incentivoProdutivoBasico"": false, ""dataInclusao"": ""2026-08-04T23:50:16"", ""dataAtualizacao"": ""2026-08-04T23:50:20"", ""temResultado"": true, ""imagem"": 0, ""aplicabilidadeMargemPreferenciaNormal"": false, ""aplicabilidadeMargemPreferenciaAdicional"": false, ""percentualMargemPreferenciaNormal"": null, ""percentualMargemPreferenciaAdicional"": null, ""ncmNbsCodigo"": null, ""ncmNbsDescricao"": null, ""catalogo"": null, ""categoriaItemCatalogo"": null, ""catalogoCodigoItem"": null, ""informacaoComplementar"": null, ""tipoMargemPreferencia"": null, ""exigenciaConteudoNacional"": false}";2026-09-12T20:06:21.345532;00394577000559;ESTADO DO AMAPA;estadual;E;19;SECRETARIA EXTRAORDINÁRIA DE POLÍTICA PARA AS MULHERES;Macapá;AP;8;Dispensa;0;2026-08-04T23:50:16;;;1;Divulgada no PNCP;generico;0.0;0.0;;;False;;;False;P08;educativo;Apontador de lapis;8214.10.00
00394577000125-1-000009/2026;5798;"MEDALHA - Material: metal; Formato: circular; Diâmetro : 32 mm; Finalidade: mérito institucional; componentes: medalha, fita, barreta, roseta e estojo.";M;30.0;Ind 1 un;Ind 1 un;;"unidade nao reconhecida no dicionario; preservada como original";385.0;11550.0;0;2;Homologado;1;;;;2026-08-14T11:05:34;2026-09-08T11:15:00;QUARENTENA;E23;esportivo;variante fora de especificacao: medalha institucional/militar/condecorativa (rol pede medalha de premiacao esportiva);v2;ok;"{""numeroItem"": 5798, ""descricao"": ""MEDALHA - Material: metal; Formato: circular; Diâmetro : 32 mm; Finalidade: mérito institucional; componentes: medalha, fita, barreta, roseta e estojo."", ""materialOuServico"": ""M"", ""materialOuServicoNome"": ""Material"", ""valorUnitarioEstimado"": 385.0, ""valorTotal"": 11550.0, ""quantidade"": 30.0, ""unidadeMedida"": ""Ind 1 un"", ""orcamentoSigiloso"": false, ""itemCategoriaId"": 3, ""itemCategoriaNome"": ""Não se aplica"", ""patrimonio"": null, ""codigoRegistroImobiliario"": null, ""criterioJulgamentoId"": 1, ""criterioJulgamentoNome"": ""Menor preço"", ""situacaoCompraItem"": 2, ""situacaoCompraItemNome"": ""Homologado"", ""tipoBeneficio"": 1, ""tipoBeneficioNome"": ""Participação exclusiva para ME/EPP"", ""incentivoProdutivoBasico"": false, ""dataInclusao"": ""2026-08-14T11:05:34"", ""dataAtualizacao"": ""2026-09-08T11:15:00"", ""temResultado"": true, ""imagem"": 0, ""aplicabilidadeMargemPreferenciaNormal"": false, ""aplicabilidadeMargemPreferenciaAdicional"": false, ""percentualMargemPreferenciaNormal"": null, ""percentualMargemPreferenciaAdicional"": null, ""ncmNbsCodigo"": null, ""ncmNbsDescricao"": null, ""catalogo"": null, ""categoriaItemCatalogo"": null, ""catalogoCodigoItem"": null, ""informacaoComplementar"": null, ""tipoMargemPreferencia"": null, ""exigenciaConteudoNacional"": false}";2026-09-12T20:06:56.192140;00394577000125;ESTADO DO AMAPA;estadual;E;3037;GOVERNO DO ESTADO DO AMAPÁ;Macapá;AP;8;Dispensa;0;2026-08-14T11:05:34;2026-08-14T12:00:00;2026-08-20T08:00:00;1;Divulgada no PNCP;generico;30.0;11499.9;1.0;1.0;False;11550.0;0.4337662337662418;False;E23;esportivo;Medalha de premiacao;8306.29.00
06023862000116-1-000004/2025;3779;"MEDALHA CONDECORATIVA - Material: metal; Cor: predominante ouro e ao centro na cor predominante cinza (grafite), com destaque da Lira vazada em cor dourada; Circunferência: formato circular com 35mm de diâmetro e 2mm de espessura; Apresentação fita: medindo 32mm de largura e 45mm de comprimento entre a alça da medalha até a costura superior, confeccionada em gorgorão seda, composta de três listras verticais de igual largura, de cores azul jeans (à direita), ao centro vermelha sangue e cinza escuro (à esquerda); Barreta de metal: Cor: dourada, dimensões: largura 35mm, altura 10mm; Acessórios: Estojo Plástico: para acondicionamento da medalha e barreta, na cor preta; Passador: metal na cor ouro, formado por um filete, cunhado com folhas de louros, medindo 32mm de comprimento, 10mm de altura e 1mm de espessura, ao centro o símbolo musical da Lira vazada na cor ouro; Demais especificações: conforme solicitação do órgão.";M;60.0;Ind 1 un;Ind 1 un;;"unidade nao reconhecida no dicionario; preservada como original";331.0;19860.0;0;2;Homologado;1;;;;2025-08-22T10:04:21;2025-09-15T12:25:00;QUARENTENA;E23;esportivo;variante fora de especificacao: medalha institucional/militar/condecorativa (rol pede medalha de premiacao esportiva);v2;ok;"{""numeroItem"": 3779, ""descricao"": ""MEDALHA CONDECORATIVA - Material: metal; Cor: predominante ouro e ao centro na cor predominante cinza (grafite), com destaque da Lira vazada em cor dourada; Circunferência: formato circular com 35mm de diâmetro e 2mm de espessura; Apresentação fita: medindo 32mm de largura e 45mm de comprimento entre a alça da medalha até a costura superior, confeccionada em gorgorão seda, composta de três listras verticais de igual largura, de cores azul jeans (à direita), ao centro vermelha sangue e cinza escuro (à esquerda); Barreta de metal: Cor: dourada, dimensões: largura 35mm, altura 10mm; Acessórios: Estojo Plástico: para acondicionamento da medalha e barreta, na cor preta; Passador: metal na cor ouro, formado por um filete, cunhado com folhas de louros, medindo 32mm de comprimento, 10mm de altura e 1mm de espessura, ao centro o símbolo musical da Lira vazada na cor ouro; Demais especificações: conforme solicitação do órgão."", ""materialOuServico"": ""M"", ""materialOuServicoNome"": ""Material"", ""valorUnitarioEstimado"": 331.0, ""valorTotal"": 19860.0, ""quantidade"": 60.0, ""unidadeMedida"": ""Ind 1 un"", ""orcamentoSigiloso"": false, ""itemCategoriaId"": 3, ""itemCategoriaNome"": ""Não se aplica"", ""patrimonio"": null, ""codigoRegistroImobiliario"": null, ""criterioJulgamentoId"": 1, ""criterioJulgamentoNome"": ""Menor preço"", ""situacaoCompraItem"": 2, ""situacaoCompraItemNome"": ""Homologado"", ""tipoBeneficio"": 1, ""tipoBeneficioNome"": ""Participação exclusiva para ME/EPP"", ""incentivoProdutivoBasico"": false, ""dataInclusao"": ""2025-08-22T10:04:21"", ""dataAtualizacao"": ""2025-09-15T12:25:00"", ""temResultado"": true, ""imagem"": 0, ""aplicabilidadeMargemPreferenciaNormal"": false, ""aplicabilidadeMargemPreferenciaAdicional"": false, ""percentualMargemPreferenciaNormal"": null, ""percentualMargemPreferenciaAdicional"": null, ""ncmNbsCodigo"": null, ""ncmNbsDescricao"": null, ""catalogo"": null, ""categoriaItemCatalogo"": null, ""catalogoCodigoItem"": null, ""informacaoComplementar"": null, ""tipoMargemPreferencia"": null, ""exigenciaConteudoNacional"": false}";2026-09-12T20:09:41.564705;06023862000116;POLICIA MILITAR DO AMAPA;estadual;E;93;POLÍCIA MILITAR DO ESTADO DO AMAPÁ;Macapá;AP;8;Dispensa;0;2025-08-22T10:04:21;;;1;Divulgada no PNCP;generico;60.0;13800.0;1.0;1.0;False;19860.0;30.513595166163142;False;E23;esportivo;Medalha de premiacao;8306.29.00
06023862000116-1-000004/2025;3780;"MEDALHA CONDECORATIVA - Material: metal; Cor: dourada; Circunferência: 35 mm de altura por 30 mm de largura; Apresentação fita: aproximadamente 35 mm de largura por 50 mm de comprimento, confeccionada em gorgorão de seda, com a cor do camuflado do uniforme do Batalhão de Operações Especiais; Acessórios: estojo retangular tipo alçapão revestido de material aveludado; Demais especificações: conforme solicitação do órgão.";M;100.0;Ind 1 un;Ind 1 un;;"unidade nao reconhecida no dicionario; preservada como original";331.0;33100.0;0;2;Homologado;1;;;;2025-08-22T10:04:21;2025-09-15T12:35:00;QUARENTENA;E23;esportivo;variante fora de especificacao: medalha institucional/militar/condecorativa (rol pede medalha de premiacao esportiva);v2;ok;"{""numeroItem"": 3780, ""descricao"": ""MEDALHA CONDECORATIVA - Material: metal; Cor: dourada; Circunferência: 35 mm de altura por 30 mm de largura; Apresentação fita: aproximadamente 35 mm de largura por 50 mm de comprimento, confeccionada em gorgorão de seda, com a cor do camuflado do uniforme do Batalhão de Operações Especiais; Acessórios: estojo retangular tipo alçapão revestido de material aveludado; Demais especificações: conforme solicitação do órgão."", ""materialOuServico"": ""M"", ""materialOuServicoNome"": ""Material"", ""valorUnitarioEstimado"": 331.0, ""valorTotal"": 33100.0, ""quantidade"": 100.0, ""unidadeMedida"": ""Ind 1 un"", ""orcamentoSigiloso"": false, ""itemCategoriaId"": 3, ""itemCategoriaNome"": ""Não se aplica"", ""patrimonio"": null, ""codigoRegistroImobiliario"": null, ""criterioJulgamentoId"": 1, ""criterioJulgamentoNome"": ""Menor preço"", ""situacaoCompraItem"": 2, ""situacaoCompraItemNome"": ""Homologado"", ""tipoBeneficio"": 1, ""tipoBeneficioNome"": ""Participação exclusiva para ME/EPP"", ""incentivoProdutivoBasico"": false, ""dataInclusao"": ""2025-08-22T10:04:21"", ""dataAtualizacao"": ""2025-09-15T12:35:00"", ""temResultado"": true, ""imagem"": 0, ""aplicabilidadeMargemPreferenciaNormal"": false, ""aplicabilidadeMargemPreferenciaAdicional"": false, ""percentualMargemPreferenciaNormal"": null, ""percentualMargemPreferenciaAdicional"": null, ""ncmNbsCodigo"": null, ""ncmNbsDescricao"": null, ""catalogo"": null, ""categoriaItemCatalogo"": null, ""catalogoCodigoItem"": null, ""informacaoComplementar"": null, ""tipoMargemPreferencia"": null, ""exigenciaConteudoNacional"": false}";2026-09-12T20:09:41.564705;06023862000116;POLICIA MILITAR DO AMAPA;estadual;E;93;POLÍCIA MILITAR DO ESTADO DO AMAPÁ;Macapá;AP;8;Dispensa;0;2025-08-22T10:04:21;;;1;Divulgada no PNCP;generico;100.0;23000.0;1.0;1.0;False;33100.0;30.513595166163142;False;E23;esportivo;Medalha de premiacao;8306.29.00
