numero_controle_pncp;numero_item;sequencial_resultado;ni_fornecedor;nome_fornecedor;tipo_pessoa;porte_fornecedor;quantidade_homologada;valor_unitario_homologado;valor_total_homologado;situacao_resultado_id;situacao_resultado_nome;data_resultado;data_cancelamento_raw;cancelado_efetivo;motivo_avaliacao_cancelamento;motivo_cancelamento_raw;reserva_remanescente_codigo;reserva_remanescente_nome;ordem_classificacao_srp;raw_json;captured_at
23066640000108-1-000002/2025;1;1;28171519000151;B. DE C. FERREIRA LTDA;PJ;ME;23.0;22.75;523.25;1;Informado;2025-07-22;;0;sentinela/ausente sem motivo nem situacao de cancelamento -> nao cancelado;;1;Não se aplica;;"{""indicadorSubcontratacao"": false, ""numeroItem"": 1, ""dataInclusao"": ""2025-07-22T19:17:00"", ""niFornecedor"": ""28171519000151"", ""dataCancelamento"": null, ""dataAtualizacao"": ""2025-07-22T19:17:00"", ""tipoPessoa"": ""PJ"", ""nomeRazaoSocialFornecedor"": ""B. DE C. FERREIRA LTDA"", ""valorTotalHomologado"": 523.25, ""reservaRemanescente"": {""codigo"": 1, ""nome"": ""Não se aplica""}, ""timezoneCotacaoMoedaEstrangeira"": null, ""moedaEstrangeira"": null, ""valorNominalMoedaEstrangeira"": null, ""dataCotacaoMoedaEstrangeira"": null, ""codigoPais"": ""BRA"", ""porteFornecedorId"": 1, ""quantidadeHomologada"": 23.0, ""valorUnitarioHomologado"": 22.75, ""percentualDesconto"": 0.0, ""amparoLegalMargemPreferencia"": null, ""amparoLegalCriterioDesempate"": null, ""paisOrigemProdutoServico"": null, ""localidadeExterior"": null, ""ordemClassificacaoSrp"": null, ""dataResultado"": ""2025-07-22"", ""motivoCancelamento"": null, ""numeroControlePNCPCompra"": ""23066640000108-1-000002/2025"", ""situacaoCompraItemResultadoId"": 1, ""porteFornecedorNome"": ""ME"", ""situacaoCompraItemResultadoNome"": ""Informado"", ""sequencialResultado"": 1, ""naturezaJuridicaNome"": ""Sociedade Empresária Limitada"", ""localidadeFornecedor"": null, ""aplicacaoMargemPreferencia"": false, ""aplicacaoBeneficioMeEpp"": false, ""aplicacaoCriterioDesempate"": false, ""naturezaJuridicaId"": ""2062""}";2026-09-12T20:10:02.643611
23066640000108-1-000002/2025;3;1;28171519000151;B. DE C. FERREIRA LTDA;PJ;ME;30.0;120.33;3609.9;1;Informado;2025-07-22;;0;sentinela/ausente sem motivo nem situacao de cancelamento -> nao cancelado;;1;Não se aplica;;"{""indicadorSubcontratacao"": false, ""numeroItem"": 3, ""dataInclusao"": ""2025-07-22T19:17:24"", ""niFornecedor"": ""28171519000151"", ""dataCancelamento"": null, ""dataAtualizacao"": ""2025-07-22T19:17:24"", ""tipoPessoa"": ""PJ"", ""nomeRazaoSocialFornecedor"": ""B. DE C. FERREIRA LTDA"", ""valorTotalHomologado"": 3609.9, ""reservaRemanescente"": {""codigo"": 1, ""nome"": ""Não se aplica""}, ""timezoneCotacaoMoedaEstrangeira"": null, ""moedaEstrangeira"": null, ""valorNominalMoedaEstrangeira"": null, ""dataCotacaoMoedaEstrangeira"": null, ""codigoPais"": ""BRA"", ""porteFornecedorId"": 1, ""quantidadeHomologada"": 30.0, ""valorUnitarioHomologado"": 120.33, ""percentualDesconto"": 0.0, ""amparoLegalMargemPreferencia"": null, ""amparoLegalCriterioDesempate"": null, ""paisOrigemProdutoServico"": null, ""localidadeExterior"": null, ""ordemClassificacaoSrp"": null, ""dataResultado"": ""2025-07-22"", ""motivoCancelamento"": null, ""numeroControlePNCPCompra"": ""23066640000108-1-000002/2025"", ""situacaoCompraItemResultadoId"": 1, ""porteFornecedorNome"": ""ME"", ""situacaoCompraItemResultadoNome"": ""Informado"", ""sequencialResultado"": 1, ""naturezaJuridicaNome"": ""Sociedade Empresária Limitada"", ""localidadeFornecedor"": null, ""aplicacaoMargemPreferencia"": false, ""aplicacaoBeneficioMeEpp"": false, ""aplicacaoCriterioDesempate"": false, ""naturezaJuridicaId"": ""2062""}";2026-09-12T20:10:04.864823
23066640000108-1-000002/2025;4;1;28171519000151;B. DE C. FERREIRA LTDA;PJ;ME;15.0;49.5;742.5;1;Informado;2025-07-22;;0;sentinela/ausente sem motivo nem situacao de cancelamento -> nao cancelado;;1;Não se aplica;;"{""indicadorSubcontratacao"": false, ""dataInclusao"": ""2025-07-22T19:16:56"", ""numeroItem"": 4, ""niFornecedor"": ""28171519000151"", ""dataCancelamento"": null, ""dataAtualizacao"": ""2025-07-22T19:16:56"", ""tipoPessoa"": ""PJ"", ""nomeRazaoSocialFornecedor"": ""B. DE C. FERREIRA LTDA"", ""valorTotalHomologado"": 742.5, ""reservaRemanescente"": {""codigo"": 1, ""nome"": ""Não se aplica""}, ""timezoneCotacaoMoedaEstrangeira"": null, ""moedaEstrangeira"": null, ""valorNominalMoedaEstrangeira"": null, ""dataCotacaoMoedaEstrangeira"": null, ""codigoPais"": ""BRA"", ""porteFornecedorId"": 1, ""quantidadeHomologada"": 15.0, ""valorUnitarioHomologado"": 49.5, ""percentualDesconto"": 0.0, ""amparoLegalMargemPreferencia"": null, ""amparoLegalCriterioDesempate"": null, ""paisOrigemProdutoServico"": null, ""localidadeExterior"": null, ""ordemClassificacaoSrp"": null, ""dataResultado"": ""2025-07-22"", ""motivoCancelamento"": null, ""numeroControlePNCPCompra"": ""23066640000108-1-000002/2025"", ""situacaoCompraItemResultadoId"": 1, ""porteFornecedorNome"": ""ME"", ""situacaoCompraItemResultadoNome"": ""Informado"", ""sequencialResultado"": 1, ""naturezaJuridicaNome"": ""Sociedade Empresária Limitada"", ""localidadeFornecedor"": null, ""aplicacaoMargemPreferencia"": false, ""aplicacaoBeneficioMeEpp"": false, ""aplicacaoCriterioDesempate"": false, ""naturezaJuridicaId"": ""2062""}";2026-09-12T20:10:05.743345
34869354000199-1-000208/2024;2;1;04437177000100;A. SALOMAO DE ALMEIDA;PJ;ME;100.0;5.33;533.0;1;Informado;2025-02-05;;0;sentinela/ausente sem motivo nem situacao de cancelamento -> nao cancelado;;1;Não se aplica;1.0;"{""indicadorSubcontratacao"": false, ""numeroItem"": 2, ""dataInclusao"": ""2025-02-05T16:41:41"", ""niFornecedor"": ""04437177000100"", ""dataCancelamento"": null, ""dataAtualizacao"": ""2025-02-05T16:41:41"", ""tipoPessoa"": ""PJ"", ""nomeRazaoSocialFornecedor"": ""A. SALOMAO DE ALMEIDA"", ""valorTotalHomologado"": 533.0, ""reservaRemanescente"": {""codigo"": 1, ""nome"": ""Não se aplica""}, ""timezoneCotacaoMoedaEstrangeira"": null, ""moedaEstrangeira"": null, ""valorNominalMoedaEstrangeira"": null, ""dataCotacaoMoedaEstrangeira"": null, ""codigoPais"": ""BRA"", ""porteFornecedorId"": 1, ""quantidadeHomologada"": 100.0, ""valorUnitarioHomologado"": 5.33, ""percentualDesconto"": 0.0, ""amparoLegalMargemPreferencia"": null, ""amparoLegalCriterioDesempate"": null, ""paisOrigemProdutoServico"": null, ""localidadeExterior"": null, ""ordemClassificacaoSrp"": 1, ""dataResultado"": ""2025-02-05"", ""motivoCancelamento"": null, ""numeroControlePNCPCompra"": ""34869354000199-1-000208/2024"", ""situacaoCompraItemResultadoId"": 1, ""porteFornecedorNome"": ""ME"", ""situacaoCompraItemResultadoNome"": ""Informado"", ""sequencialResultado"": 1, ""naturezaJuridicaNome"": ""Empresário (Individual)"", ""localidadeFornecedor"": null, ""aplicacaoMargemPreferencia"": false, ""aplicacaoBeneficioMeEpp"": false, ""aplicacaoCriterioDesempate"": false, ""naturezaJuridicaId"": ""2135""}";2026-09-12T20:10:08.651189
34869354000199-1-000208/2024;4;1;04437177000100;A. SALOMAO DE ALMEIDA;PJ;ME;70.0;6.48;453.6;1;Informado;2025-02-05;;0;sentinela/ausente sem motivo nem situacao de cancelamento -> nao cancelado;;1;Não se aplica;1.0;"{""indicadorSubcontratacao"": false, ""numeroItem"": 4, ""dataInclusao"": ""2025-02-05T16:41:41"", ""niFornecedor"": ""04437177000100"", ""dataCancelamento"": null, ""dataAtualizacao"": ""2025-02-05T16:41:41"", ""tipoPessoa"": ""PJ"", ""nomeRazaoSocialFornecedor"": ""A. SALOMAO DE ALMEIDA"", ""valorTotalHomologado"": 453.6, ""reservaRemanescente"": {""codigo"": 1, ""nome"": ""Não se aplica""}, ""timezoneCotacaoMoedaEstrangeira"": null, ""moedaEstrangeira"": null, ""valorNominalMoedaEstrangeira"": null, ""dataCotacaoMoedaEstrangeira"": null, ""codigoPais"": ""BRA"", ""porteFornecedorId"": 1, ""quantidadeHomologada"": 70.0, ""valorUnitarioHomologado"": 6.48, ""percentualDesconto"": 0.0, ""amparoLegalMargemPreferencia"": null, ""amparoLegalCriterioDesempate"": null, ""paisOrigemProdutoServico"": null, ""localidadeExterior"": null, ""ordemClassificacaoSrp"": 1, ""dataResultado"": ""2025-02-05"", ""motivoCancelamento"": null, ""numeroControlePNCPCompra"": ""34869354000199-1-000208/2024"", ""situacaoCompraItemResultadoId"": 1, ""porteFornecedorNome"": ""ME"", ""situacaoCompraItemResultadoNome"": ""Informado"", ""sequencialResultado"": 1, ""naturezaJuridicaNome"": ""Empresário (Individual)"", ""localidadeFornecedor"": null, ""aplicacaoMargemPreferencia"": false, ""aplicacaoBeneficioMeEpp"": false, ""aplicacaoCriterioDesempate"": false, ""naturezaJuridicaId"": ""2135""}";2026-09-12T20:10:10.850898
34869354000199-1-000208/2024;6;1;04437177000100;A. SALOMAO DE ALMEIDA;PJ;ME;250.0;16.2;4050.0;1;Informado;2025-02-05;;0;sentinela/ausente sem motivo nem situacao de cancelamento -> nao cancelado;;1;Não se aplica;1.0;"{""indicadorSubcontratacao"": false, ""numeroItem"": 6, ""dataInclusao"": ""2025-02-05T16:41:41"", ""niFornecedor"": ""04437177000100"", ""dataCancelamento"": null, ""dataAtualizacao"": ""2025-02-05T16:41:41"", ""tipoPessoa"": ""PJ"", ""nomeRazaoSocialFornecedor"": ""A. SALOMAO DE ALMEIDA"", ""valorTotalHomologado"": 4050.0, ""reservaRemanescente"": {""codigo"": 1, ""nome"": ""Não se aplica""}, ""timezoneCotacaoMoedaEstrangeira"": null, ""moedaEstrangeira"": null, ""valorNominalMoedaEstrangeira"": null, ""dataCotacaoMoedaEstrangeira"": null, ""codigoPais"": ""BRA"", ""porteFornecedorId"": 1, ""quantidadeHomologada"": 250.0, ""valorUnitarioHomologado"": 16.2, ""percentualDesconto"": 0.0, ""amparoLegalMargemPreferencia"": null, ""amparoLegalCriterioDesempate"": null, ""paisOrigemProdutoServico"": null, ""localidadeExterior"": null, ""ordemClassificacaoSrp"": 1, ""dataResultado"": ""2025-02-05"", ""motivoCancelamento"": null, ""numeroControlePNCPCompra"": ""34869354000199-1-000208/2024"", ""situacaoCompraItemResultadoId"": 1, ""porteFornecedorNome"": ""ME"", ""situacaoCompraItemResultadoNome"": ""Informado"", ""sequencialResultado"": 1, ""naturezaJuridicaNome"": ""Empresário (Individual)"", ""localidadeFornecedor"": null, ""aplicacaoMargemPreferencia"": false, ""aplicacaoBeneficioMeEpp"": false, ""aplicacaoCriterioDesempate"": false, ""naturezaJuridicaId"": ""2135""}";2026-09-12T20:10:13.563198
34869354000199-1-000208/2024;7;1;04437177000100;A. SALOMAO DE ALMEIDA;PJ;ME;150.0;16.2;2430.0;1;Informado;2025-02-05;;0;sentinela/ausente sem motivo nem situacao de cancelamento -> nao cancelado;;1;Não se aplica;1.0;"{""indicadorSubcontratacao"": false, ""niFornecedor"": ""04437177000100"", ""dataCancelamento"": null, ""dataAtualizacao"": ""2025-02-05T16:41:41"", ""tipoPessoa"": ""PJ"", ""nomeRazaoSocialFornecedor"": ""A. SALOMAO DE ALMEIDA"", ""dataInclusao"": ""2025-02-05T16:41:41"", ""numeroItem"": 7, ""valorTotalHomologado"": 2430.0, ""reservaRemanescente"": {""codigo"": 1, ""nome"": ""Não se aplica""}, ""timezoneCotacaoMoedaEstrangeira"": null, ""moedaEstrangeira"": null, ""valorNominalMoedaEstrangeira"": null, ""dataCotacaoMoedaEstrangeira"": null, ""codigoPais"": ""BRA"", ""porteFornecedorId"": 1, ""quantidadeHomologada"": 150.0, ""valorUnitarioHomologado"": 16.2, ""percentualDesconto"": 0.0, ""amparoLegalMargemPreferencia"": null, ""amparoLegalCriterioDesempate"": null, ""paisOrigemProdutoServico"": null, ""localidadeExterior"": null, ""ordemClassificacaoSrp"": 1, ""dataResultado"": ""2025-02-05"", ""motivoCancelamento"": null, ""numeroControlePNCPCompra"": ""34869354000199-1-000208/2024"", ""aplicacaoMargemPreferencia"": false, ""aplicacaoBeneficioMeEpp"": false, ""situacaoCompraItemResultadoId"": 1, ""porteFornecedorNome"": ""ME"", ""situacaoCompraItemResultadoNome"": ""Informado"", ""sequencialResultado"": 1, ""naturezaJuridicaNome"": ""Empresário (Individual)"", ""localidadeFornecedor"": null, ""aplicacaoCriterioDesempate"": false, ""naturezaJuridicaId"": ""2135""}";2026-09-12T20:10:14.454356
34869354000199-1-000208/2024;8;1;04437177000100;A. SALOMAO DE ALMEIDA;PJ;ME;100.0;16.2;1620.0;1;Informado;2025-02-05;;0;sentinela/ausente sem motivo nem situacao de cancelamento -> nao cancelado;;1;Não se aplica;1.0;"{""indicadorSubcontratacao"": false, ""numeroItem"": 8, ""dataInclusao"": ""2025-02-05T16:41:41"", ""niFornecedor"": ""04437177000100"", ""dataCancelamento"": null, ""dataAtualizacao"": ""2025-02-05T16:41:41"", ""tipoPessoa"": ""PJ"", ""nomeRazaoSocialFornecedor"": ""A. SALOMAO DE ALMEIDA"", ""valorTotalHomologado"": 1620.0, ""reservaRemanescente"": {""codigo"": 1, ""nome"": ""Não se aplica""}, ""timezoneCotacaoMoedaEstrangeira"": null, ""moedaEstrangeira"": null, ""valorNominalMoedaEstrangeira"": null, ""dataCotacaoMoedaEstrangeira"": null, ""codigoPais"": ""BRA"", ""porteFornecedorId"": 1, ""quantidadeHomologada"": 100.0, ""valorUnitarioHomologado"": 16.2, ""percentualDesconto"": 0.0, ""amparoLegalMargemPreferencia"": null, ""amparoLegalCriterioDesempate"": null, ""paisOrigemProdutoServico"": null, ""localidadeExterior"": null, ""ordemClassificacaoSrp"": 1, ""dataResultado"": ""2025-02-05"", ""motivoCancelamento"": null, ""numeroControlePNCPCompra"": ""34869354000199-1-000208/2024"", ""situacaoCompraItemResultadoId"": 1, ""porteFornecedorNome"": ""ME"", ""situacaoCompraItemResultadoNome"": ""Informado"", ""sequencialResultado"": 1, ""naturezaJuridicaNome"": ""Empresário (Individual)"", ""localidadeFornecedor"": null, ""aplicacaoMargemPreferencia"": false, ""aplicacaoBeneficioMeEpp"": false, ""aplicacaoCriterioDesempate"": false, ""naturezaJuridicaId"": ""2135""}";2026-09-12T20:10:16.852104
23066905000160-1-000003/2025;4;1;28491434000150;DARKLE R ARAUJO;PJ;ME;2025.0;8.0;16200.0;1;Informado;2025-02-05;0001-01-01T00:00:00;0;sentinela/ausente sem motivo nem situacao de cancelamento -> nao cancelado;;1;Não se aplica;1.0;"{""indicadorSubcontratacao"": false, ""numeroItem"": 4, ""dataInclusao"": ""2025-02-05T11:14:56"", ""niFornecedor"": ""28491434000150"", ""dataCancelamento"": ""0001-01-01T00:00:00"", ""dataAtualizacao"": ""2025-02-05T11:28:18"", ""tipoPessoa"": ""PJ"", ""nomeRazaoSocialFornecedor"": ""DARKLE R ARAUJO"", ""valorTotalHomologado"": 16200.0, ""reservaRemanescente"": {""codigo"": 1, ""nome"": ""Não se aplica""}, ""timezoneCotacaoMoedaEstrangeira"": null, ""moedaEstrangeira"": null, ""valorNominalMoedaEstrangeira"": null, ""dataCotacaoMoedaEstrangeira"": null, ""codigoPais"": ""BRA"", ""porteFornecedorId"": 1, ""quantidadeHomologada"": 2025.0, ""valorUnitarioHomologado"": 8.0, ""percentualDesconto"": 0.0, ""amparoLegalMargemPreferencia"": null, ""amparoLegalCriterioDesempate"": null, ""paisOrigemProdutoServico"": null, ""localidadeExterior"": null, ""ordemClassificacaoSrp"": 1, ""dataResultado"": ""2025-02-05"", ""motivoCancelamento"": null, ""numeroControlePNCPCompra"": ""23066905000160-1-000003/2025"", ""situacaoCompraItemResultadoId"": 1, ""porteFornecedorNome"": ""ME"", ""situacaoCompraItemResultadoNome"": ""Informado"", ""sequencialResultado"": 1, ""naturezaJuridicaNome"": ""Natureza Jurídica não informada"", ""localidadeFornecedor"": null, ""aplicacaoMargemPreferencia"": false, ""aplicacaoBeneficioMeEpp"": false, ""aplicacaoCriterioDesempate"": false, ""naturezaJuridicaId"": ""0000""}";2026-09-12T20:10:19.671177
23066905000160-1-000005/2025;2;1;28491434000150;DARKLE R ARAUJO;PJ;EPP;7100.0;1.5;10650.0;1;Informado;2025-02-17;;0;sentinela/ausente sem motivo nem situacao de cancelamento -> nao cancelado;;1;Não se aplica;1.0;"{""indicadorSubcontratacao"": false, ""niFornecedor"": ""28491434000150"", ""dataCancelamento"": null, ""dataAtualizacao"": ""2025-02-17T09:42:29"", ""tipoPessoa"": ""PJ"", ""nomeRazaoSocialFornecedor"": ""DARKLE R ARAUJO"", ""dataInclusao"": ""2025-02-17T09:42:29"", ""numeroItem"": 2, ""valorTotalHomologado"": 10650.0, ""reservaRemanescente"": {""codigo"": 1, ""nome"": ""Não se aplica""}, ""timezoneCotacaoMoedaEstrangeira"": null, ""moedaEstrangeira"": null, ""valorNominalMoedaEstrangeira"": null, ""dataCotacaoMoedaEstrangeira"": null, ""codigoPais"": ""BRA"", ""porteFornecedorId"": 2, ""quantidadeHomologada"": 7100.0, ""valorUnitarioHomologado"": 1.5, ""percentualDesconto"": 0.0, ""amparoLegalMargemPreferencia"": null, ""amparoLegalCriterioDesempate"": null, ""paisOrigemProdutoServico"": null, ""localidadeExterior"": null, ""ordemClassificacaoSrp"": 1, ""dataResultado"": ""2025-02-17"", ""motivoCancelamento"": null, ""numeroControlePNCPCompra"": ""23066905000160-1-000005/2025"", ""aplicacaoMargemPreferencia"": false, ""aplicacaoBeneficioMeEpp"": false, ""situacaoCompraItemResultadoId"": 1, ""porteFornecedorNome"": ""EPP"", ""situacaoCompraItemResultadoNome"": ""Informado"", ""sequencialResultado"": 1, ""naturezaJuridicaNome"": ""Natureza Jurídica não informada"", ""localidadeFornecedor"": null, ""aplicacaoCriterioDesempate"": false, ""naturezaJuridicaId"": ""0000""}";2026-09-12T20:10:20.551985
23066905000160-1-000005/2025;6;1;28491434000150;DARKLE R ARAUJO;PJ;EPP;5300.0;22.0;116600.0;1;Informado;2025-02-17;;0;sentinela/ausente sem motivo nem situacao de cancelamento -> nao cancelado;;1;Não se aplica;1.0;"{""indicadorSubcontratacao"": false, ""numeroItem"": 6, ""dataInclusao"": ""2025-02-17T09:42:47"", ""niFornecedor"": ""28491434000150"", ""dataCancelamento"": null, ""dataAtualizacao"": ""2025-02-17T09:42:47"", ""tipoPessoa"": ""PJ"", ""nomeRazaoSocialFornecedor"": ""DARKLE R ARAUJO"", ""valorTotalHomologado"": 116600.0, ""reservaRemanescente"": {""codigo"": 1, ""nome"": ""Não se aplica""}, ""timezoneCotacaoMoedaEstrangeira"": null, ""moedaEstrangeira"": null, ""valorNominalMoedaEstrangeira"": null, ""dataCotacaoMoedaEstrangeira"": null, ""codigoPais"": ""BRA"", ""porteFornecedorId"": 2, ""quantidadeHomologada"": 5300.0, ""valorUnitarioHomologado"": 22.0, ""percentualDesconto"": 0.0, ""amparoLegalMargemPreferencia"": null, ""amparoLegalCriterioDesempate"": null, ""paisOrigemProdutoServico"": null, ""localidadeExterior"": null, ""ordemClassificacaoSrp"": 1, ""dataResultado"": ""2025-02-17"", ""motivoCancelamento"": null, ""numeroControlePNCPCompra"": ""23066905000160-1-000005/2025"", ""situacaoCompraItemResultadoId"": 1, ""porteFornecedorNome"": ""EPP"", ""situacaoCompraItemResultadoNome"": ""Informado"", ""sequencialResultado"": 1, ""naturezaJuridicaNome"": ""Natureza Jurídica não informada"", ""localidadeFornecedor"": null, ""aplicacaoMargemPreferencia"": false, ""aplicacaoBeneficioMeEpp"": false, ""aplicacaoCriterioDesempate"": false, ""naturezaJuridicaId"": ""0000""}";2026-09-12T20:10:22.961764
23066905000160-1-000005/2025;8;1;28491434000150;DARKLE R ARAUJO;PJ;EPP;14000.0;1.0;14000.0;1;Informado;2025-02-17;;0;sentinela/ausente sem motivo nem situacao de cancelamento -> nao cancelado;;1;Não se aplica;1.0;"{""indicadorSubcontratacao"": false, ""numeroItem"": 8, ""dataInclusao"": ""2025-02-17T09:42:57"", ""niFornecedor"": ""28491434000150"", ""dataCancelamento"": null, ""dataAtualizacao"": ""2025-02-17T09:42:57"", ""tipoPessoa"": ""PJ"", ""nomeRazaoSocialFornecedor"": ""DARKLE R ARAUJO"", ""valorTotalHomologado"": 14000.0, ""reservaRemanescente"": {""codigo"": 1, ""nome"": ""Não se aplica""}, ""timezoneCotacaoMoedaEstrangeira"": null, ""moedaEstrangeira"": null, ""valorNominalMoedaEstrangeira"": null, ""dataCotacaoMoedaEstrangeira"": null, ""codigoPais"": ""BRA"", ""porteFornecedorId"": 2, ""quantidadeHomologada"": 14000.0, ""valorUnitarioHomologado"": 1.0, ""percentualDesconto"": 0.0, ""amparoLegalMargemPreferencia"": null, ""amparoLegalCriterioDesempate"": null, ""paisOrigemProdutoServico"": null, ""localidadeExterior"": null, ""ordemClassificacaoSrp"": 1, ""dataResultado"": ""2025-02-17"", ""motivoCancelamento"": null, ""numeroControlePNCPCompra"": ""23066905000160-1-000005/2025"", ""situacaoCompraItemResultadoId"": 1, ""porteFornecedorNome"": ""EPP"", ""situacaoCompraItemResultadoNome"": ""Informado"", ""sequencialResultado"": 1, ""naturezaJuridicaNome"": ""Natureza Jurídica não informada"", ""localidadeFornecedor"": null, ""aplicacaoMargemPreferencia"": false, ""aplicacaoBeneficioMeEpp"": false, ""aplicacaoCriterioDesempate"": false, ""naturezaJuridicaId"": ""0000""}";2026-09-12T20:10:25.561238
23066905000160-1-000005/2025;9;1;28491434000150;DARKLE R ARAUJO;PJ;EPP;14000.0;1.0;14000.0;1;Informado;2025-02-17;;0;sentinela/ausente sem motivo nem situacao de cancelamento -> nao cancelado;;1;Não se aplica;1.0;"{""indicadorSubcontratacao"": false, ""numeroItem"": 9, ""dataInclusao"": ""2025-02-17T09:43:02"", ""niFornecedor"": ""28491434000150"", ""dataCancelamento"": null, ""dataAtualizacao"": ""2025-02-17T09:43:02"", ""tipoPessoa"": ""PJ"", ""nomeRazaoSocialFornecedor"": ""DARKLE R ARAUJO"", ""valorTotalHomologado"": 14000.0, ""reservaRemanescente"": {""codigo"": 1, ""nome"": ""Não se aplica""}, ""timezoneCotacaoMoedaEstrangeira"": null, ""moedaEstrangeira"": null, ""valorNominalMoedaEstrangeira"": null, ""dataCotacaoMoedaEstrangeira"": null, ""codigoPais"": ""BRA"", ""porteFornecedorId"": 2, ""quantidadeHomologada"": 14000.0, ""valorUnitarioHomologado"": 1.0, ""percentualDesconto"": 0.0, ""amparoLegalMargemPreferencia"": null, ""amparoLegalCriterioDesempate"": null, ""paisOrigemProdutoServico"": null, ""localidadeExterior"": null, ""ordemClassificacaoSrp"": 1, ""dataResultado"": ""2025-02-17"", ""motivoCancelamento"": null, ""numeroControlePNCPCompra"": ""23066905000160-1-000005/2025"", ""situacaoCompraItemResultadoId"": 1, ""porteFornecedorNome"": ""EPP"", ""situacaoCompraItemResultadoNome"": ""Informado"", ""sequencialResultado"": 1, ""naturezaJuridicaNome"": ""Natureza Jurídica não informada"", ""localidadeFornecedor"": null, ""aplicacaoMargemPreferencia"": false, ""aplicacaoBeneficioMeEpp"": false, ""aplicacaoCriterioDesempate"": false, ""naturezaJuridicaId"": ""0000""}";2026-09-12T20:10:28.071184
15126437000143-1-000134/2025;4;1;10505707000103;R. FIGUEIREDO DA COSTA;PJ;ME;70.0;10.0;700.0;1;Informado;2025-02-21;;0;sentinela/ausente sem motivo nem situacao de cancelamento -> nao cancelado;;1;Não se aplica;1.0;"{""naturezaJuridicaId"": ""2135"", ""reservaRemanescente"": {""codigo"": 1, ""nome"": ""Não se aplica""}, ""timezoneCotacaoMoedaEstrangeira"": null, ""moedaEstrangeira"": null, ""indicadorSubcontratacao"": false, ""dataInclusao"": ""2025-02-21T11:14:40"", ""numeroItem"": 4, ""niFornecedor"": ""10505707000103"", ""dataCancelamento"": null, ""dataAtualizacao"": ""2025-02-21T11:14:40"", ""tipoPessoa"": ""PJ"", ""nomeRazaoSocialFornecedor"": ""R. FIGUEIREDO DA COSTA"", ""valorTotalHomologado"": 700.0, ""valorNominalMoedaEstrangeira"": null, ""dataCotacaoMoedaEstrangeira"": null, ""codigoPais"": ""BRA"", ""porteFornecedorId"": 1, ""quantidadeHomologada"": 70.0, ""valorUnitarioHomologado"": 10.0, ""percentualDesconto"": 0.0, ""amparoLegalMargemPreferencia"": null, ""amparoLegalCriterioDesempate"": null, ""paisOrigemProdutoServico"": null, ""localidadeExterior"": null, ""ordemClassificacaoSrp"": 1, ""dataResultado"": ""2025-02-21"", ""motivoCancelamento"": null, ""numeroControlePNCPCompra"": ""15126437000143-1-000134/2025"", ""aplicacaoMargemPreferencia"": false, ""aplicacaoBeneficioMeEpp"": false, ""aplicacaoCriterioDesempate"": false, ""situacaoCompraItemResultadoId"": 1, ""porteFornecedorNome"": ""ME"", ""situacaoCompraItemResultadoNome"": ""Informado"", ""sequencialResultado"": 1, ""naturezaJuridicaNome"": ""Empresário (Individual)"", ""localidadeFornecedor"": null}";2026-09-12T20:10:28.961028
15126437000143-1-000134/2025;5;1;10505707000103;R. FIGUEIREDO DA COSTA;PJ;ME;50.0;16.0;800.0;1;Informado;2025-02-21;;0;sentinela/ausente sem motivo nem situacao de cancelamento -> nao cancelado;;1;Não se aplica;1.0;"{""naturezaJuridicaId"": ""2135"", ""reservaRemanescente"": {""codigo"": 1, ""nome"": ""Não se aplica""}, ""timezoneCotacaoMoedaEstrangeira"": null, ""moedaEstrangeira"": null, ""indicadorSubcontratacao"": false, ""dataInclusao"": ""2025-02-21T11:14:40"", ""numeroItem"": 5, ""niFornecedor"": ""10505707000103"", ""dataCancelamento"": null, ""dataAtualizacao"": ""2025-02-21T11:14:40"", ""tipoPessoa"": ""PJ"", ""nomeRazaoSocialFornecedor"": ""R. FIGUEIREDO DA COSTA"", ""valorTotalHomologado"": 800.0, ""valorNominalMoedaEstrangeira"": null, ""dataCotacaoMoedaEstrangeira"": null, ""codigoPais"": ""BRA"", ""porteFornecedorId"": 1, ""quantidadeHomologada"": 50.0, ""valorUnitarioHomologado"": 16.0, ""percentualDesconto"": 0.0, ""amparoLegalMargemPreferencia"": null, ""amparoLegalCriterioDesempate"": null, ""paisOrigemProdutoServico"": null, ""localidadeExterior"": null, ""ordemClassificacaoSrp"": 1, ""dataResultado"": ""2025-02-21"", ""motivoCancelamento"": null, ""numeroControlePNCPCompra"": ""15126437000143-1-000134/2025"", ""aplicacaoMargemPreferencia"": false, ""aplicacaoBeneficioMeEpp"": false, ""aplicacaoCriterioDesempate"": false, ""situacaoCompraItemResultadoId"": 1, ""porteFornecedorNome"": ""ME"", ""situacaoCompraItemResultadoNome"": ""Informado"", ""sequencialResultado"": 1, ""naturezaJuridicaNome"": ""Empresário (Individual)"", ""localidadeFornecedor"": null}";2026-09-12T20:10:29.841860
15126437000143-1-000134/2025;6;1;10505707000103;R. FIGUEIREDO DA COSTA;PJ;ME;30.0;4.0;120.0;1;Informado;2025-02-07;;0;sentinela/ausente sem motivo nem situacao de cancelamento -> nao cancelado;;1;Não se aplica;1.0;"{""indicadorSubcontratacao"": false, ""numeroItem"": 6, ""dataInclusao"": ""2025-02-07T10:41:01"", ""niFornecedor"": ""10505707000103"", ""dataCancelamento"": null, ""dataAtualizacao"": ""2025-02-07T10:41:01"", ""tipoPessoa"": ""PJ"", ""nomeRazaoSocialFornecedor"": ""R. FIGUEIREDO DA COSTA"", ""valorTotalHomologado"": 120.0, ""reservaRemanescente"": {""codigo"": 1, ""nome"": ""Não se aplica""}, ""timezoneCotacaoMoedaEstrangeira"": null, ""moedaEstrangeira"": null, ""valorNominalMoedaEstrangeira"": null, ""dataCotacaoMoedaEstrangeira"": null, ""codigoPais"": ""BRA"", ""porteFornecedorId"": 1, ""quantidadeHomologada"": 30.0, ""valorUnitarioHomologado"": 4.0, ""percentualDesconto"": 0.0, ""amparoLegalMargemPreferencia"": null, ""amparoLegalCriterioDesempate"": null, ""paisOrigemProdutoServico"": null, ""localidadeExterior"": null, ""ordemClassificacaoSrp"": 1, ""dataResultado"": ""2025-02-07"", ""motivoCancelamento"": null, ""numeroControlePNCPCompra"": ""15126437000143-1-000134/2025"", ""situacaoCompraItemResultadoId"": 1, ""porteFornecedorNome"": ""ME"", ""situacaoCompraItemResultadoNome"": ""Informado"", ""sequencialResultado"": 1, ""naturezaJuridicaNome"": ""Empresário (Individual)"", ""localidadeFornecedor"": null, ""aplicacaoMargemPreferencia"": false, ""aplicacaoBeneficioMeEpp"": false, ""aplicacaoCriterioDesempate"": false, ""naturezaJuridicaId"": ""2135""}";2026-09-12T20:10:31.872972
15126437000143-1-000134/2025;7;1;10505707000103;R. FIGUEIREDO DA COSTA;PJ;ME;5.0;10.76;53.8;1;Informado;2025-02-17;;0;sentinela/ausente sem motivo nem situacao de cancelamento -> nao cancelado;;1;Não se aplica;1.0;"{""indicadorSubcontratacao"": false, ""numeroItem"": 7, ""dataInclusao"": ""2025-02-17T14:33:18"", ""niFornecedor"": ""10505707000103"", ""dataCancelamento"": null, ""dataAtualizacao"": ""2025-02-17T14:33:18"", ""tipoPessoa"": ""PJ"", ""nomeRazaoSocialFornecedor"": ""R. FIGUEIREDO DA COSTA"", ""valorTotalHomologado"": 53.8, ""reservaRemanescente"": {""codigo"": 1, ""nome"": ""Não se aplica""}, ""timezoneCotacaoMoedaEstrangeira"": null, ""moedaEstrangeira"": null, ""valorNominalMoedaEstrangeira"": null, ""dataCotacaoMoedaEstrangeira"": null, ""codigoPais"": ""BRA"", ""porteFornecedorId"": 1, ""quantidadeHomologada"": 5.0, ""valorUnitarioHomologado"": 10.76, ""percentualDesconto"": 0.0, ""amparoLegalMargemPreferencia"": null, ""amparoLegalCriterioDesempate"": null, ""paisOrigemProdutoServico"": null, ""localidadeExterior"": null, ""ordemClassificacaoSrp"": 1, ""dataResultado"": ""2025-02-17"", ""motivoCancelamento"": null, ""numeroControlePNCPCompra"": ""15126437000143-1-000134/2025"", ""situacaoCompraItemResultadoId"": 1, ""porteFornecedorNome"": ""ME"", ""situacaoCompraItemResultadoNome"": ""Informado"", ""sequencialResultado"": 1, ""naturezaJuridicaNome"": ""Empresário (Individual)"", ""localidadeFornecedor"": null, ""aplicacaoMargemPreferencia"": false, ""aplicacaoBeneficioMeEpp"": false, ""aplicacaoCriterioDesempate"": false, ""naturezaJuridicaId"": ""2135""}";2026-09-12T20:10:33.750798
00394452000103-1-022955/2024;9;1;24603073000136;C E S ARAUJO;PJ;ME;5.0;34.0;170.0;1;Informado;2025-03-28;;0;sentinela/ausente sem motivo nem situacao de cancelamento -> nao cancelado;;1;Não se aplica;1.0;"{""indicadorSubcontratacao"": false, ""numeroItem"": 9, ""dataInclusao"": ""2025-03-28T09:52:10"", ""niFornecedor"": ""24603073000136"", ""dataCancelamento"": null, ""dataAtualizacao"": ""2025-03-28T09:52:10"", ""tipoPessoa"": ""PJ"", ""nomeRazaoSocialFornecedor"": ""C E S ARAUJO"", ""valorTotalHomologado"": 170.0, ""reservaRemanescente"": {""codigo"": 1, ""nome"": ""Não se aplica""}, ""timezoneCotacaoMoedaEstrangeira"": null, ""moedaEstrangeira"": null, ""valorNominalMoedaEstrangeira"": null, ""dataCotacaoMoedaEstrangeira"": null, ""codigoPais"": ""BRA"", ""porteFornecedorId"": 1, ""quantidadeHomologada"": 5.0, ""valorUnitarioHomologado"": 34.0, ""percentualDesconto"": 0.0, ""amparoLegalMargemPreferencia"": null, ""amparoLegalCriterioDesempate"": null, ""paisOrigemProdutoServico"": null, ""localidadeExterior"": null, ""ordemClassificacaoSrp"": 1, ""dataResultado"": ""2025-03-28"", ""motivoCancelamento"": null, ""numeroControlePNCPCompra"": ""00394452000103-1-022955/2024"", ""situacaoCompraItemResultadoId"": 1, ""porteFornecedorNome"": ""ME"", ""situacaoCompraItemResultadoNome"": ""Informado"", ""sequencialResultado"": 1, ""naturezaJuridicaNome"": ""Empresário (Individual)"", ""localidadeFornecedor"": null, ""aplicacaoMargemPreferencia"": false, ""aplicacaoBeneficioMeEpp"": false, ""aplicacaoCriterioDesempate"": false, ""naturezaJuridicaId"": ""2135""}";2026-09-12T20:10:40.880390
12456167000140-1-000005/2025;5314039;1;20475065000109;20.475.065 LTDA;PJ;EPP;200.0;28.0;5600.0;1;Informado;2025-03-25;;0;sentinela/ausente sem motivo nem situacao de cancelamento -> nao cancelado;;1;Não se aplica;1.0;"{""indicadorSubcontratacao"": false, ""dataInclusao"": ""2025-03-25T10:50:40"", ""numeroItem"": 5314039, ""niFornecedor"": ""20475065000109"", ""dataCancelamento"": null, ""dataAtualizacao"": ""2025-03-25T10:50:40"", ""tipoPessoa"": ""PJ"", ""nomeRazaoSocialFornecedor"": ""20.475.065 LTDA"", ""valorTotalHomologado"": 5600.0, ""reservaRemanescente"": {""codigo"": 1, ""nome"": ""Não se aplica""}, ""timezoneCotacaoMoedaEstrangeira"": null, ""moedaEstrangeira"": null, ""valorNominalMoedaEstrangeira"": null, ""dataCotacaoMoedaEstrangeira"": null, ""codigoPais"": ""BRA"", ""porteFornecedorId"": 2, ""quantidadeHomologada"": 200.0, ""valorUnitarioHomologado"": 28.0, ""percentualDesconto"": 99.7441, ""amparoLegalMargemPreferencia"": null, ""amparoLegalCriterioDesempate"": null, ""paisOrigemProdutoServico"": null, ""localidadeExterior"": null, ""ordemClassificacaoSrp"": 1, ""dataResultado"": ""2025-03-25"", ""motivoCancelamento"": null, ""numeroControlePNCPCompra"": ""12456167000140-1-000005/2025"", ""situacaoCompraItemResultadoId"": 1, ""porteFornecedorNome"": ""EPP"", ""situacaoCompraItemResultadoNome"": ""Informado"", ""sequencialResultado"": 1, ""naturezaJuridicaNome"": null, ""localidadeFornecedor"": null, ""aplicacaoMargemPreferencia"": false, ""aplicacaoBeneficioMeEpp"": false, ""aplicacaoCriterioDesempate"": false, ""naturezaJuridicaId"": null}";2026-09-12T20:10:42.650642
34925222000137-1-000006/2025;10001;1;24010212000118;F B MOREIRA LTDA;PJ;Não Informado;100.0;15.0;1500.0;1;Informado;2025-02-28;;0;sentinela/ausente sem motivo nem situacao de cancelamento -> nao cancelado;;1;Não se aplica;;"{""indicadorSubcontratacao"": false, ""dataInclusao"": ""2025-03-27T08:01:28"", ""numeroItem"": 10001, ""niFornecedor"": ""24010212000118"", ""dataCancelamento"": null, ""dataAtualizacao"": ""2025-03-27T08:01:28"", ""tipoPessoa"": ""PJ"", ""nomeRazaoSocialFornecedor"": ""F B MOREIRA LTDA"", ""valorTotalHomologado"": 1500.0, ""reservaRemanescente"": {""codigo"": 1, ""nome"": ""Não se aplica""}, ""timezoneCotacaoMoedaEstrangeira"": null, ""moedaEstrangeira"": null, ""valorNominalMoedaEstrangeira"": null, ""dataCotacaoMoedaEstrangeira"": null, ""codigoPais"": ""BRA"", ""porteFornecedorId"": 5, ""quantidadeHomologada"": 100.0, ""valorUnitarioHomologado"": 15.0, ""percentualDesconto"": 0.0, ""amparoLegalMargemPreferencia"": null, ""amparoLegalCriterioDesempate"": null, ""paisOrigemProdutoServico"": null, ""localidadeExterior"": null, ""ordemClassificacaoSrp"": null, ""dataResultado"": ""2025-02-28"", ""motivoCancelamento"": null, ""numeroControlePNCPCompra"": ""34925222000137-1-000006/2025"", ""situacaoCompraItemResultadoId"": 1, ""porteFornecedorNome"": ""Não Informado"", ""situacaoCompraItemResultadoNome"": ""Informado"", ""sequencialResultado"": 1, ""naturezaJuridicaNome"": null, ""localidadeFornecedor"": null, ""aplicacaoMargemPreferencia"": false, ""aplicacaoBeneficioMeEpp"": false, ""aplicacaoCriterioDesempate"": false, ""naturezaJuridicaId"": null}";2026-09-12T20:10:44.458392
34925222000137-1-000006/2025;10002;1;24010212000118;F B MOREIRA LTDA;PJ;Não Informado;60.0;36.0;2160.0;1;Informado;2025-02-28;;0;sentinela/ausente sem motivo nem situacao de cancelamento -> nao cancelado;;1;Não se aplica;;"{""indicadorSubcontratacao"": false, ""dataInclusao"": ""2025-03-27T08:01:32"", ""numeroItem"": 10002, ""niFornecedor"": ""24010212000118"", ""dataCancelamento"": null, ""dataAtualizacao"": ""2025-03-27T08:01:32"", ""tipoPessoa"": ""PJ"", ""nomeRazaoSocialFornecedor"": ""F B MOREIRA LTDA"", ""valorTotalHomologado"": 2160.0, ""reservaRemanescente"": {""codigo"": 1, ""nome"": ""Não se aplica""}, ""timezoneCotacaoMoedaEstrangeira"": null, ""moedaEstrangeira"": null, ""valorNominalMoedaEstrangeira"": null, ""dataCotacaoMoedaEstrangeira"": null, ""codigoPais"": ""BRA"", ""porteFornecedorId"": 5, ""quantidadeHomologada"": 60.0, ""valorUnitarioHomologado"": 36.0, ""percentualDesconto"": 0.0, ""amparoLegalMargemPreferencia"": null, ""amparoLegalCriterioDesempate"": null, ""paisOrigemProdutoServico"": null, ""localidadeExterior"": null, ""ordemClassificacaoSrp"": null, ""dataResultado"": ""2025-02-28"", ""motivoCancelamento"": null, ""numeroControlePNCPCompra"": ""34925222000137-1-000006/2025"", ""situacaoCompraItemResultadoId"": 1, ""porteFornecedorNome"": ""Não Informado"", ""situacaoCompraItemResultadoNome"": ""Informado"", ""sequencialResultado"": 1, ""naturezaJuridicaNome"": null, ""localidadeFornecedor"": null, ""aplicacaoMargemPreferencia"": false, ""aplicacaoBeneficioMeEpp"": false, ""aplicacaoCriterioDesempate"": false, ""naturezaJuridicaId"": null}";2026-09-12T20:10:45.430321
34925222000137-1-000006/2025;10003;1;24010212000118;F B MOREIRA LTDA;PJ;Não Informado;100.0;70.0;7000.0;1;Informado;2025-02-28;;0;sentinela/ausente sem motivo nem situacao de cancelamento -> nao cancelado;;1;Não se aplica;;"{""indicadorSubcontratacao"": false, ""dataInclusao"": ""2025-03-27T08:01:36"", ""numeroItem"": 10003, ""niFornecedor"": ""24010212000118"", ""dataCancelamento"": null, ""dataAtualizacao"": ""2025-03-27T08:01:36"", ""tipoPessoa"": ""PJ"", ""nomeRazaoSocialFornecedor"": ""F B MOREIRA LTDA"", ""valorTotalHomologado"": 7000.0, ""reservaRemanescente"": {""codigo"": 1, ""nome"": ""Não se aplica""}, ""timezoneCotacaoMoedaEstrangeira"": null, ""moedaEstrangeira"": null, ""valorNominalMoedaEstrangeira"": null, ""dataCotacaoMoedaEstrangeira"": null, ""codigoPais"": ""BRA"", ""porteFornecedorId"": 5, ""quantidadeHomologada"": 100.0, ""valorUnitarioHomologado"": 70.0, ""percentualDesconto"": 0.0, ""amparoLegalMargemPreferencia"": null, ""amparoLegalCriterioDesempate"": null, ""paisOrigemProdutoServico"": null, ""localidadeExterior"": null, ""ordemClassificacaoSrp"": null, ""dataResultado"": ""2025-02-28"", ""motivoCancelamento"": null, ""numeroControlePNCPCompra"": ""34925222000137-1-000006/2025"", ""situacaoCompraItemResultadoId"": 1, ""porteFornecedorNome"": ""Não Informado"", ""situacaoCompraItemResultadoNome"": ""Informado"", ""sequencialResultado"": 1, ""naturezaJuridicaNome"": null, ""localidadeFornecedor"": null, ""aplicacaoMargemPreferencia"": false, ""aplicacaoBeneficioMeEpp"": false, ""aplicacaoCriterioDesempate"": false, ""naturezaJuridicaId"": null}";2026-09-12T20:10:46.342451
34925222000137-1-000006/2025;10005;1;24010212000118;F B MOREIRA LTDA;PJ;Não Informado;200.0;200.0;40000.0;1;Informado;2025-02-28;;0;sentinela/ausente sem motivo nem situacao de cancelamento -> nao cancelado;;1;Não se aplica;;"{""indicadorSubcontratacao"": false, ""dataInclusao"": ""2025-03-27T08:01:46"", ""numeroItem"": 10005, ""niFornecedor"": ""24010212000118"", ""dataCancelamento"": null, ""dataAtualizacao"": ""2025-03-27T08:01:46"", ""tipoPessoa"": ""PJ"", ""nomeRazaoSocialFornecedor"": ""F B MOREIRA LTDA"", ""valorTotalHomologado"": 40000.0, ""reservaRemanescente"": {""codigo"": 1, ""nome"": ""Não se aplica""}, ""timezoneCotacaoMoedaEstrangeira"": null, ""moedaEstrangeira"": null, ""valorNominalMoedaEstrangeira"": null, ""dataCotacaoMoedaEstrangeira"": null, ""codigoPais"": ""BRA"", ""porteFornecedorId"": 5, ""quantidadeHomologada"": 200.0, ""valorUnitarioHomologado"": 200.0, ""percentualDesconto"": 0.0, ""amparoLegalMargemPreferencia"": null, ""amparoLegalCriterioDesempate"": null, ""paisOrigemProdutoServico"": null, ""localidadeExterior"": null, ""ordemClassificacaoSrp"": null, ""dataResultado"": ""2025-02-28"", ""motivoCancelamento"": null, ""numeroControlePNCPCompra"": ""34925222000137-1-000006/2025"", ""situacaoCompraItemResultadoId"": 1, ""porteFornecedorNome"": ""Não Informado"", ""situacaoCompraItemResultadoNome"": ""Informado"", ""sequencialResultado"": 1, ""naturezaJuridicaNome"": null, ""localidadeFornecedor"": null, ""aplicacaoMargemPreferencia"": false, ""aplicacaoBeneficioMeEpp"": false, ""aplicacaoCriterioDesempate"": false, ""naturezaJuridicaId"": null}";2026-09-12T20:10:47.243892
34925222000137-1-000006/2025;10006;1;24010212000118;F B MOREIRA LTDA;PJ;Não Informado;200.0;284.0;56800.0;1;Informado;2025-02-28;;0;sentinela/ausente sem motivo nem situacao de cancelamento -> nao cancelado;;1;Não se aplica;;"{""indicadorSubcontratacao"": false, ""dataInclusao"": ""2025-03-27T08:01:51"", ""numeroItem"": 10006, ""niFornecedor"": ""24010212000118"", ""dataCancelamento"": null, ""dataAtualizacao"": ""2025-03-27T08:01:51"", ""tipoPessoa"": ""PJ"", ""nomeRazaoSocialFornecedor"": ""F B MOREIRA LTDA"", ""valorTotalHomologado"": 56800.0, ""reservaRemanescente"": {""codigo"": 1, ""nome"": ""Não se aplica""}, ""timezoneCotacaoMoedaEstrangeira"": null, ""moedaEstrangeira"": null, ""valorNominalMoedaEstrangeira"": null, ""dataCotacaoMoedaEstrangeira"": null, ""codigoPais"": ""BRA"", ""porteFornecedorId"": 5, ""quantidadeHomologada"": 200.0, ""valorUnitarioHomologado"": 284.0, ""percentualDesconto"": 0.0, ""amparoLegalMargemPreferencia"": null, ""amparoLegalCriterioDesempate"": null, ""paisOrigemProdutoServico"": null, ""localidadeExterior"": null, ""ordemClassificacaoSrp"": null, ""dataResultado"": ""2025-02-28"", ""motivoCancelamento"": null, ""numeroControlePNCPCompra"": ""34925222000137-1-000006/2025"", ""situacaoCompraItemResultadoId"": 1, ""porteFornecedorNome"": ""Não Informado"", ""situacaoCompraItemResultadoNome"": ""Informado"", ""sequencialResultado"": 1, ""naturezaJuridicaNome"": null, ""localidadeFornecedor"": null, ""aplicacaoMargemPreferencia"": false, ""aplicacaoBeneficioMeEpp"": false, ""aplicacaoCriterioDesempate"": false, ""naturezaJuridicaId"": null}";2026-09-12T20:10:48.132754
34925222000137-1-000006/2025;10007;1;24010212000118;F B MOREIRA LTDA;PJ;Não Informado;200.0;240.0;48000.0;1;Informado;2025-02-28;;0;sentinela/ausente sem motivo nem situacao de cancelamento -> nao cancelado;;1;Não se aplica;;"{""indicadorSubcontratacao"": false, ""numeroItem"": 10007, ""dataInclusao"": ""2025-03-27T08:01:55"", ""niFornecedor"": ""24010212000118"", ""dataCancelamento"": null, ""dataAtualizacao"": ""2025-03-27T08:01:55"", ""tipoPessoa"": ""PJ"", ""nomeRazaoSocialFornecedor"": ""F B MOREIRA LTDA"", ""valorTotalHomologado"": 48000.0, ""reservaRemanescente"": {""codigo"": 1, ""nome"": ""Não se aplica""}, ""timezoneCotacaoMoedaEstrangeira"": null, ""moedaEstrangeira"": null, ""valorNominalMoedaEstrangeira"": null, ""dataCotacaoMoedaEstrangeira"": null, ""codigoPais"": ""BRA"", ""porteFornecedorId"": 5, ""quantidadeHomologada"": 200.0, ""valorUnitarioHomologado"": 240.0, ""percentualDesconto"": 0.0, ""amparoLegalMargemPreferencia"": null, ""amparoLegalCriterioDesempate"": null, ""paisOrigemProdutoServico"": null, ""localidadeExterior"": null, ""ordemClassificacaoSrp"": null, ""dataResultado"": ""2025-02-28"", ""motivoCancelamento"": null, ""numeroControlePNCPCompra"": ""34925222000137-1-000006/2025"", ""situacaoCompraItemResultadoId"": 1, ""porteFornecedorNome"": ""Não Informado"", ""situacaoCompraItemResultadoNome"": ""Informado"", ""sequencialResultado"": 1, ""naturezaJuridicaNome"": null, ""localidadeFornecedor"": null, ""aplicacaoMargemPreferencia"": false, ""aplicacaoBeneficioMeEpp"": false, ""aplicacaoCriterioDesempate"": false, ""naturezaJuridicaId"": null}";2026-09-12T20:10:50.770262
34925222000137-1-000006/2025;10008;1;24010212000118;F B MOREIRA LTDA;PJ;Não Informado;200.0;300.0;60000.0;1;Informado;2025-02-28;;0;sentinela/ausente sem motivo nem situacao de cancelamento -> nao cancelado;;1;Não se aplica;;"{""indicadorSubcontratacao"": false, ""dataInclusao"": ""2025-03-27T08:02:00"", ""numeroItem"": 10008, ""niFornecedor"": ""24010212000118"", ""dataCancelamento"": null, ""dataAtualizacao"": ""2025-03-27T08:02:00"", ""tipoPessoa"": ""PJ"", ""nomeRazaoSocialFornecedor"": ""F B MOREIRA LTDA"", ""valorTotalHomologado"": 60000.0, ""reservaRemanescente"": {""codigo"": 1, ""nome"": ""Não se aplica""}, ""timezoneCotacaoMoedaEstrangeira"": null, ""moedaEstrangeira"": null, ""valorNominalMoedaEstrangeira"": null, ""dataCotacaoMoedaEstrangeira"": null, ""codigoPais"": ""BRA"", ""porteFornecedorId"": 5, ""quantidadeHomologada"": 200.0, ""valorUnitarioHomologado"": 300.0, ""percentualDesconto"": 0.0, ""amparoLegalMargemPreferencia"": null, ""amparoLegalCriterioDesempate"": null, ""paisOrigemProdutoServico"": null, ""localidadeExterior"": null, ""ordemClassificacaoSrp"": null, ""dataResultado"": ""2025-02-28"", ""motivoCancelamento"": null, ""numeroControlePNCPCompra"": ""34925222000137-1-000006/2025"", ""situacaoCompraItemResultadoId"": 1, ""porteFornecedorNome"": ""Não Informado"", ""situacaoCompraItemResultadoNome"": ""Informado"", ""sequencialResultado"": 1, ""naturezaJuridicaNome"": null, ""localidadeFornecedor"": null, ""aplicacaoMargemPreferencia"": false, ""aplicacaoBeneficioMeEpp"": false, ""aplicacaoCriterioDesempate"": false, ""naturezaJuridicaId"": null}";2026-09-12T20:10:51.649556
34925222000137-1-000006/2025;10009;1;24010212000118;F B MOREIRA LTDA;PJ;Não Informado;50.0;65.0;3250.0;1;Informado;2025-02-28;;0;sentinela/ausente sem motivo nem situacao de cancelamento -> nao cancelado;;1;Não se aplica;;"{""indicadorSubcontratacao"": false, ""dataInclusao"": ""2025-03-27T08:02:04"", ""numeroItem"": 10009, ""niFornecedor"": ""24010212000118"", ""dataCancelamento"": null, ""dataAtualizacao"": ""2025-03-27T08:02:04"", ""tipoPessoa"": ""PJ"", ""nomeRazaoSocialFornecedor"": ""F B MOREIRA LTDA"", ""valorTotalHomologado"": 3250.0, ""reservaRemanescente"": {""codigo"": 1, ""nome"": ""Não se aplica""}, ""timezoneCotacaoMoedaEstrangeira"": null, ""moedaEstrangeira"": null, ""valorNominalMoedaEstrangeira"": null, ""dataCotacaoMoedaEstrangeira"": null, ""codigoPais"": ""BRA"", ""porteFornecedorId"": 5, ""quantidadeHomologada"": 50.0, ""valorUnitarioHomologado"": 65.0, ""percentualDesconto"": 0.0, ""amparoLegalMargemPreferencia"": null, ""amparoLegalCriterioDesempate"": null, ""paisOrigemProdutoServico"": null, ""localidadeExterior"": null, ""ordemClassificacaoSrp"": null, ""dataResultado"": ""2025-02-28"", ""motivoCancelamento"": null, ""numeroControlePNCPCompra"": ""34925222000137-1-000006/2025"", ""situacaoCompraItemResultadoId"": 1, ""porteFornecedorNome"": ""Não Informado"", ""situacaoCompraItemResultadoNome"": ""Informado"", ""sequencialResultado"": 1, ""naturezaJuridicaNome"": null, ""localidadeFornecedor"": null, ""aplicacaoMargemPreferencia"": false, ""aplicacaoBeneficioMeEpp"": false, ""aplicacaoCriterioDesempate"": false, ""naturezaJuridicaId"": null}";2026-09-12T20:10:52.531679
12456167000140-1-000006/2025;5397815;1;37914628000102;GRAFICA DIGITAL PRINT LTDA;PJ;EPP;300.0;17.99;5397.0;1;Informado;2025-05-16;;0;sentinela/ausente sem motivo nem situacao de cancelamento -> nao cancelado;;1;Não se aplica;1.0;"{""indicadorSubcontratacao"": false, ""numeroItem"": 5397815, ""dataInclusao"": ""2025-05-16T11:49:10"", ""niFornecedor"": ""37914628000102"", ""dataCancelamento"": null, ""dataAtualizacao"": ""2025-05-16T11:49:10"", ""tipoPessoa"": ""PJ"", ""nomeRazaoSocialFornecedor"": ""GRAFICA DIGITAL PRINT LTDA"", ""valorTotalHomologado"": 5397.0, ""reservaRemanescente"": {""codigo"": 1, ""nome"": ""Não se aplica""}, ""timezoneCotacaoMoedaEstrangeira"": null, ""moedaEstrangeira"": null, ""valorNominalMoedaEstrangeira"": null, ""dataCotacaoMoedaEstrangeira"": null, ""codigoPais"": ""BRA"", ""porteFornecedorId"": 2, ""quantidadeHomologada"": 300.0, ""valorUnitarioHomologado"": 17.99, ""percentualDesconto"": 99.8875, ""amparoLegalMargemPreferencia"": null, ""amparoLegalCriterioDesempate"": null, ""paisOrigemProdutoServico"": null, ""localidadeExterior"": null, ""ordemClassificacaoSrp"": 1, ""dataResultado"": ""2025-05-16"", ""motivoCancelamento"": null, ""numeroControlePNCPCompra"": ""12456167000140-1-000006/2025"", ""situacaoCompraItemResultadoId"": 1, ""porteFornecedorNome"": ""EPP"", ""situacaoCompraItemResultadoNome"": ""Informado"", ""sequencialResultado"": 1, ""naturezaJuridicaNome"": null, ""localidadeFornecedor"": null, ""aplicacaoMargemPreferencia"": false, ""aplicacaoBeneficioMeEpp"": false, ""aplicacaoCriterioDesempate"": false, ""naturezaJuridicaId"": null}";2026-09-12T20:10:54.750872
12456167000140-1-000006/2025;5397816;1;37914628000102;GRAFICA DIGITAL PRINT LTDA;PJ;EPP;300.0;17.99;5397.0;1;Informado;2025-05-16;;0;sentinela/ausente sem motivo nem situacao de cancelamento -> nao cancelado;;1;Não se aplica;1.0;"{""indicadorSubcontratacao"": false, ""niFornecedor"": ""37914628000102"", ""dataCancelamento"": null, ""dataAtualizacao"": ""2025-05-16T11:49:20"", ""tipoPessoa"": ""PJ"", ""nomeRazaoSocialFornecedor"": ""GRAFICA DIGITAL PRINT LTDA"", ""dataInclusao"": ""2025-05-16T11:49:20"", ""numeroItem"": 5397816, ""valorTotalHomologado"": 5397.0, ""reservaRemanescente"": {""codigo"": 1, ""nome"": ""Não se aplica""}, ""timezoneCotacaoMoedaEstrangeira"": null, ""moedaEstrangeira"": null, ""valorNominalMoedaEstrangeira"": null, ""dataCotacaoMoedaEstrangeira"": null, ""codigoPais"": ""BRA"", ""porteFornecedorId"": 2, ""quantidadeHomologada"": 300.0, ""valorUnitarioHomologado"": 17.99, ""percentualDesconto"": 99.8875, ""amparoLegalMargemPreferencia"": null, ""amparoLegalCriterioDesempate"": null, ""paisOrigemProdutoServico"": null, ""localidadeExterior"": null, ""ordemClassificacaoSrp"": 1, ""dataResultado"": ""2025-05-16"", ""motivoCancelamento"": null, ""numeroControlePNCPCompra"": ""12456167000140-1-000006/2025"", ""aplicacaoMargemPreferencia"": false, ""aplicacaoBeneficioMeEpp"": false, ""situacaoCompraItemResultadoId"": 1, ""porteFornecedorNome"": ""EPP"", ""situacaoCompraItemResultadoNome"": ""Informado"", ""sequencialResultado"": 1, ""naturezaJuridicaNome"": null, ""localidadeFornecedor"": null, ""aplicacaoCriterioDesempate"": false, ""naturezaJuridicaId"": null}";2026-09-12T20:10:55.633846
12456167000140-1-000006/2025;5397817;1;37914628000102;GRAFICA DIGITAL PRINT LTDA;PJ;EPP;300.0;17.99;5397.0;1;Informado;2025-05-16;;0;sentinela/ausente sem motivo nem situacao de cancelamento -> nao cancelado;;1;Não se aplica;1.0;"{""indicadorSubcontratacao"": false, ""numeroItem"": 5397817, ""dataInclusao"": ""2025-05-16T11:49:30"", ""niFornecedor"": ""37914628000102"", ""dataCancelamento"": null, ""dataAtualizacao"": ""2025-05-16T11:49:30"", ""tipoPessoa"": ""PJ"", ""nomeRazaoSocialFornecedor"": ""GRAFICA DIGITAL PRINT LTDA"", ""valorTotalHomologado"": 5397.0, ""reservaRemanescente"": {""codigo"": 1, ""nome"": ""Não se aplica""}, ""timezoneCotacaoMoedaEstrangeira"": null, ""moedaEstrangeira"": null, ""valorNominalMoedaEstrangeira"": null, ""dataCotacaoMoedaEstrangeira"": null, ""codigoPais"": ""BRA"", ""porteFornecedorId"": 2, ""quantidadeHomologada"": 300.0, ""valorUnitarioHomologado"": 17.99, ""percentualDesconto"": 99.8875, ""amparoLegalMargemPreferencia"": null, ""amparoLegalCriterioDesempate"": null, ""paisOrigemProdutoServico"": null, ""localidadeExterior"": null, ""ordemClassificacaoSrp"": 1, ""dataResultado"": ""2025-05-16"", ""motivoCancelamento"": null, ""numeroControlePNCPCompra"": ""12456167000140-1-000006/2025"", ""situacaoCompraItemResultadoId"": 1, ""porteFornecedorNome"": ""EPP"", ""situacaoCompraItemResultadoNome"": ""Informado"", ""sequencialResultado"": 1, ""naturezaJuridicaNome"": null, ""localidadeFornecedor"": null, ""aplicacaoMargemPreferencia"": false, ""aplicacaoBeneficioMeEpp"": false, ""aplicacaoCriterioDesempate"": false, ""naturezaJuridicaId"": null}";2026-09-12T20:10:58.262644
12456167000140-1-000006/2025;5397818;1;37914628000102;GRAFICA DIGITAL PRINT LTDA;PJ;EPP;300.0;17.99;5397.0;1;Informado;2025-05-16;;0;sentinela/ausente sem motivo nem situacao de cancelamento -> nao cancelado;;1;Não se aplica;1.0;"{""indicadorSubcontratacao"": false, ""numeroItem"": 5397818, ""dataInclusao"": ""2025-05-16T11:49:41"", ""niFornecedor"": ""37914628000102"", ""dataCancelamento"": null, ""dataAtualizacao"": ""2025-05-16T11:49:41"", ""tipoPessoa"": ""PJ"", ""nomeRazaoSocialFornecedor"": ""GRAFICA DIGITAL PRINT LTDA"", ""valorTotalHomologado"": 5397.0, ""reservaRemanescente"": {""codigo"": 1, ""nome"": ""Não se aplica""}, ""timezoneCotacaoMoedaEstrangeira"": null, ""moedaEstrangeira"": null, ""valorNominalMoedaEstrangeira"": null, ""dataCotacaoMoedaEstrangeira"": null, ""codigoPais"": ""BRA"", ""porteFornecedorId"": 2, ""quantidadeHomologada"": 300.0, ""valorUnitarioHomologado"": 17.99, ""percentualDesconto"": 99.8875, ""amparoLegalMargemPreferencia"": null, ""amparoLegalCriterioDesempate"": null, ""paisOrigemProdutoServico"": null, ""localidadeExterior"": null, ""ordemClassificacaoSrp"": 1, ""dataResultado"": ""2025-05-16"", ""motivoCancelamento"": null, ""numeroControlePNCPCompra"": ""12456167000140-1-000006/2025"", ""situacaoCompraItemResultadoId"": 1, ""porteFornecedorNome"": ""EPP"", ""situacaoCompraItemResultadoNome"": ""Informado"", ""sequencialResultado"": 1, ""naturezaJuridicaNome"": null, ""localidadeFornecedor"": null, ""aplicacaoMargemPreferencia"": false, ""aplicacaoBeneficioMeEpp"": false, ""aplicacaoCriterioDesempate"": false, ""naturezaJuridicaId"": null}";2026-09-12T20:11:01.061401
12456167000140-1-000006/2025;5397819;1;37914628000102;GRAFICA DIGITAL PRINT LTDA;PJ;EPP;300.0;17.99;5397.0;1;Informado;2025-05-16;;0;sentinela/ausente sem motivo nem situacao de cancelamento -> nao cancelado;;1;Não se aplica;1.0;"{""indicadorSubcontratacao"": false, ""numeroItem"": 5397819, ""dataInclusao"": ""2025-05-16T11:49:51"", ""niFornecedor"": ""37914628000102"", ""dataCancelamento"": null, ""dataAtualizacao"": ""2025-05-16T11:49:51"", ""tipoPessoa"": ""PJ"", ""nomeRazaoSocialFornecedor"": ""GRAFICA DIGITAL PRINT LTDA"", ""valorTotalHomologado"": 5397.0, ""reservaRemanescente"": {""codigo"": 1, ""nome"": ""Não se aplica""}, ""timezoneCotacaoMoedaEstrangeira"": null, ""moedaEstrangeira"": null, ""valorNominalMoedaEstrangeira"": null, ""dataCotacaoMoedaEstrangeira"": null, ""codigoPais"": ""BRA"", ""porteFornecedorId"": 2, ""quantidadeHomologada"": 300.0, ""valorUnitarioHomologado"": 17.99, ""percentualDesconto"": 99.8875, ""amparoLegalMargemPreferencia"": null, ""amparoLegalCriterioDesempate"": null, ""paisOrigemProdutoServico"": null, ""localidadeExterior"": null, ""ordemClassificacaoSrp"": 1, ""dataResultado"": ""2025-05-16"", ""motivoCancelamento"": null, ""numeroControlePNCPCompra"": ""12456167000140-1-000006/2025"", ""situacaoCompraItemResultadoId"": 1, ""porteFornecedorNome"": ""EPP"", ""situacaoCompraItemResultadoNome"": ""Informado"", ""sequencialResultado"": 1, ""naturezaJuridicaNome"": null, ""localidadeFornecedor"": null, ""aplicacaoMargemPreferencia"": false, ""aplicacaoBeneficioMeEpp"": false, ""aplicacaoCriterioDesempate"": false, ""naturezaJuridicaId"": null}";2026-09-12T20:11:03.252509
00394452000103-1-010162/2025;2;1;22382705000153;RMM SPORTS COMERCIO DE PRODUTOS ESPORTIVOS LTDA;PJ;ME;40.0;12.0;480.0;1;Informado;2025-06-06;;0;sentinela/ausente sem motivo nem situacao de cancelamento -> nao cancelado;;1;Não se aplica;1.0;"{""indicadorSubcontratacao"": false, ""numeroItem"": 2, ""dataInclusao"": ""2025-06-06T09:33:08"", ""niFornecedor"": ""22382705000153"", ""dataCancelamento"": null, ""dataAtualizacao"": ""2025-06-06T09:33:08"", ""tipoPessoa"": ""PJ"", ""nomeRazaoSocialFornecedor"": ""RMM SPORTS COMERCIO DE PRODUTOS ESPORTIVOS LTDA"", ""valorTotalHomologado"": 480.0, ""reservaRemanescente"": {""codigo"": 1, ""nome"": ""Não se aplica""}, ""timezoneCotacaoMoedaEstrangeira"": null, ""moedaEstrangeira"": null, ""valorNominalMoedaEstrangeira"": null, ""dataCotacaoMoedaEstrangeira"": null, ""codigoPais"": ""BRA"", ""porteFornecedorId"": 1, ""quantidadeHomologada"": 40.0, ""valorUnitarioHomologado"": 12.0, ""percentualDesconto"": 0.0, ""amparoLegalMargemPreferencia"": null, ""amparoLegalCriterioDesempate"": {""id"": 163, ""nome"": ""Lei 14.133/2021, art. 60, IV"", ""descricao"": ""Critério de desempate: Desenvolvimento pelo licitante de programa de integridade, conforme orientações dos órgãos de controle."", ""statusAtivo"": true}, ""paisOrigemProdutoServico"": null, ""localidadeExterior"": null, ""ordemClassificacaoSrp"": 1, ""dataResultado"": ""2025-06-06"", ""motivoCancelamento"": null, ""numeroControlePNCPCompra"": ""00394452000103-1-010162/2025"", ""situacaoCompraItemResultadoId"": 1, ""porteFornecedorNome"": ""ME"", ""situacaoCompraItemResultadoNome"": ""Informado"", ""sequencialResultado"": 1, ""naturezaJuridicaNome"": ""Sociedade Empresária Limitada"", ""localidadeFornecedor"": null, ""aplicacaoMargemPreferencia"": false, ""aplicacaoBeneficioMeEpp"": false, ""aplicacaoCriterioDesempate"": true, ""naturezaJuridicaId"": ""2062""}";2026-09-12T20:11:09.281498
00394452000103-1-010162/2025;3;1;31461288000125;MAGAZINE TUFICK LTDA;PJ;ME;50.0;89.9;4495.0;1;Informado;2025-06-06;;0;sentinela/ausente sem motivo nem situacao de cancelamento -> nao cancelado;;1;Não se aplica;1.0;"{""indicadorSubcontratacao"": false, ""niFornecedor"": ""31461288000125"", ""dataCancelamento"": null, ""dataAtualizacao"": ""2025-06-06T09:33:08"", ""tipoPessoa"": ""PJ"", ""nomeRazaoSocialFornecedor"": ""MAGAZINE TUFICK LTDA"", ""dataInclusao"": ""2025-06-06T09:33:08"", ""numeroItem"": 3, ""valorTotalHomologado"": 4495.0, ""reservaRemanescente"": {""codigo"": 1, ""nome"": ""Não se aplica""}, ""timezoneCotacaoMoedaEstrangeira"": null, ""moedaEstrangeira"": null, ""valorNominalMoedaEstrangeira"": null, ""dataCotacaoMoedaEstrangeira"": null, ""codigoPais"": ""BRA"", ""porteFornecedorId"": 1, ""quantidadeHomologada"": 50.0, ""valorUnitarioHomologado"": 89.9, ""percentualDesconto"": 0.0, ""amparoLegalMargemPreferencia"": null, ""amparoLegalCriterioDesempate"": null, ""paisOrigemProdutoServico"": null, ""localidadeExterior"": null, ""ordemClassificacaoSrp"": 1, ""dataResultado"": ""2025-06-06"", ""motivoCancelamento"": null, ""numeroControlePNCPCompra"": ""00394452000103-1-010162/2025"", ""aplicacaoMargemPreferencia"": false, ""aplicacaoBeneficioMeEpp"": false, ""situacaoCompraItemResultadoId"": 1, ""porteFornecedorNome"": ""ME"", ""situacaoCompraItemResultadoNome"": ""Informado"", ""sequencialResultado"": 1, ""naturezaJuridicaNome"": ""Sociedade Empresária Limitada"", ""localidadeFornecedor"": null, ""aplicacaoCriterioDesempate"": false, ""naturezaJuridicaId"": ""2062""}";2026-09-12T20:11:10.173024
00394452000103-1-010162/2025;5;1;47363565000105;L. DE NARDIN LTDA;PJ;ME;100.0;3.4;340.0;1;Informado;2025-06-06;;0;sentinela/ausente sem motivo nem situacao de cancelamento -> nao cancelado;;1;Não se aplica;1.0;"{""naturezaJuridicaId"": ""2062"", ""reservaRemanescente"": {""codigo"": 1, ""nome"": ""Não se aplica""}, ""timezoneCotacaoMoedaEstrangeira"": null, ""moedaEstrangeira"": null, ""indicadorSubcontratacao"": false, ""dataInclusao"": ""2025-06-06T09:33:08"", ""numeroItem"": 5, ""niFornecedor"": ""47363565000105"", ""dataCancelamento"": null, ""dataAtualizacao"": ""2025-06-06T09:33:08"", ""tipoPessoa"": ""PJ"", ""nomeRazaoSocialFornecedor"": ""L. DE NARDIN LTDA"", ""valorTotalHomologado"": 340.0, ""valorNominalMoedaEstrangeira"": null, ""dataCotacaoMoedaEstrangeira"": null, ""codigoPais"": ""BRA"", ""porteFornecedorId"": 1, ""quantidadeHomologada"": 100.0, ""valorUnitarioHomologado"": 3.4, ""percentualDesconto"": 0.0, ""amparoLegalMargemPreferencia"": null, ""amparoLegalCriterioDesempate"": null, ""paisOrigemProdutoServico"": null, ""localidadeExterior"": null, ""ordemClassificacaoSrp"": 1, ""dataResultado"": ""2025-06-06"", ""motivoCancelamento"": null, ""numeroControlePNCPCompra"": ""00394452000103-1-010162/2025"", ""aplicacaoMargemPreferencia"": false, ""aplicacaoBeneficioMeEpp"": false, ""aplicacaoCriterioDesempate"": false, ""situacaoCompraItemResultadoId"": 1, ""porteFornecedorNome"": ""ME"", ""situacaoCompraItemResultadoNome"": ""Informado"", ""sequencialResultado"": 1, ""naturezaJuridicaNome"": ""Sociedade Empresária Limitada"", ""localidadeFornecedor"": null}";2026-09-12T20:11:11.052632
00394452000103-1-010162/2025;6;1;54496178000102;ANSAH COMERCIO LTDA;PJ;ME;50.0;60.0;3000.0;1;Informado;2025-06-06;;0;sentinela/ausente sem motivo nem situacao de cancelamento -> nao cancelado;;1;Não se aplica;1.0;"{""naturezaJuridicaId"": ""2062"", ""reservaRemanescente"": {""codigo"": 1, ""nome"": ""Não se aplica""}, ""timezoneCotacaoMoedaEstrangeira"": null, ""moedaEstrangeira"": null, ""indicadorSubcontratacao"": false, ""dataInclusao"": ""2025-06-06T09:33:08"", ""numeroItem"": 6, ""niFornecedor"": ""54496178000102"", ""dataCancelamento"": null, ""dataAtualizacao"": ""2025-06-06T09:33:08"", ""tipoPessoa"": ""PJ"", ""nomeRazaoSocialFornecedor"": ""ANSAH COMERCIO LTDA"", ""valorTotalHomologado"": 3000.0, ""valorNominalMoedaEstrangeira"": null, ""dataCotacaoMoedaEstrangeira"": null, ""codigoPais"": ""BRA"", ""porteFornecedorId"": 1, ""quantidadeHomologada"": 50.0, ""valorUnitarioHomologado"": 60.0, ""percentualDesconto"": 0.0, ""amparoLegalMargemPreferencia"": null, ""amparoLegalCriterioDesempate"": null, ""paisOrigemProdutoServico"": null, ""localidadeExterior"": null, ""ordemClassificacaoSrp"": 1, ""dataResultado"": ""2025-06-06"", ""motivoCancelamento"": null, ""numeroControlePNCPCompra"": ""00394452000103-1-010162/2025"", ""aplicacaoMargemPreferencia"": false, ""aplicacaoBeneficioMeEpp"": false, ""aplicacaoCriterioDesempate"": false, ""situacaoCompraItemResultadoId"": 1, ""porteFornecedorNome"": ""ME"", ""situacaoCompraItemResultadoNome"": ""Informado"", ""sequencialResultado"": 1, ""naturezaJuridicaNome"": ""Sociedade Empresária Limitada"", ""localidadeFornecedor"": null}";2026-09-12T20:11:11.931033
00394452000103-1-010162/2025;7;1;54496178000102;ANSAH COMERCIO LTDA;PJ;ME;50.0;60.0;3000.0;1;Informado;2025-06-06;;0;sentinela/ausente sem motivo nem situacao de cancelamento -> nao cancelado;;1;Não se aplica;1.0;"{""indicadorSubcontratacao"": false, ""niFornecedor"": ""54496178000102"", ""dataCancelamento"": null, ""dataAtualizacao"": ""2025-06-06T09:33:08"", ""tipoPessoa"": ""PJ"", ""nomeRazaoSocialFornecedor"": ""ANSAH COMERCIO LTDA"", ""dataInclusao"": ""2025-06-06T09:33:08"", ""numeroItem"": 7, ""valorTotalHomologado"": 3000.0, ""reservaRemanescente"": {""codigo"": 1, ""nome"": ""Não se aplica""}, ""timezoneCotacaoMoedaEstrangeira"": null, ""moedaEstrangeira"": null, ""valorNominalMoedaEstrangeira"": null, ""dataCotacaoMoedaEstrangeira"": null, ""codigoPais"": ""BRA"", ""porteFornecedorId"": 1, ""quantidadeHomologada"": 50.0, ""valorUnitarioHomologado"": 60.0, ""percentualDesconto"": 0.0, ""amparoLegalMargemPreferencia"": null, ""amparoLegalCriterioDesempate"": null, ""paisOrigemProdutoServico"": null, ""localidadeExterior"": null, ""ordemClassificacaoSrp"": 1, ""dataResultado"": ""2025-06-06"", ""motivoCancelamento"": null, ""numeroControlePNCPCompra"": ""00394452000103-1-010162/2025"", ""aplicacaoMargemPreferencia"": false, ""aplicacaoBeneficioMeEpp"": false, ""situacaoCompraItemResultadoId"": 1, ""porteFornecedorNome"": ""ME"", ""situacaoCompraItemResultadoNome"": ""Informado"", ""sequencialResultado"": 1, ""naturezaJuridicaNome"": ""Sociedade Empresária Limitada"", ""localidadeFornecedor"": null, ""aplicacaoCriterioDesempate"": false, ""naturezaJuridicaId"": ""2062""}";2026-09-12T20:11:12.822563
00394452000103-1-010162/2025;8;1;54496178000102;ANSAH COMERCIO LTDA;PJ;ME;50.0;64.8;3240.0;1;Informado;2025-06-06;;0;sentinela/ausente sem motivo nem situacao de cancelamento -> nao cancelado;;1;Não se aplica;1.0;"{""indicadorSubcontratacao"": false, ""numeroItem"": 8, ""dataInclusao"": ""2025-06-06T09:33:08"", ""niFornecedor"": ""54496178000102"", ""dataCancelamento"": null, ""dataAtualizacao"": ""2025-06-06T09:33:08"", ""tipoPessoa"": ""PJ"", ""nomeRazaoSocialFornecedor"": ""ANSAH COMERCIO LTDA"", ""valorTotalHomologado"": 3240.0, ""reservaRemanescente"": {""codigo"": 1, ""nome"": ""Não se aplica""}, ""timezoneCotacaoMoedaEstrangeira"": null, ""moedaEstrangeira"": null, ""valorNominalMoedaEstrangeira"": null, ""dataCotacaoMoedaEstrangeira"": null, ""codigoPais"": ""BRA"", ""porteFornecedorId"": 1, ""quantidadeHomologada"": 50.0, ""valorUnitarioHomologado"": 64.8, ""percentualDesconto"": 0.0, ""amparoLegalMargemPreferencia"": null, ""amparoLegalCriterioDesempate"": null, ""paisOrigemProdutoServico"": null, ""localidadeExterior"": null, ""ordemClassificacaoSrp"": 1, ""dataResultado"": ""2025-06-06"", ""motivoCancelamento"": null, ""numeroControlePNCPCompra"": ""00394452000103-1-010162/2025"", ""situacaoCompraItemResultadoId"": 1, ""porteFornecedorNome"": ""ME"", ""situacaoCompraItemResultadoNome"": ""Informado"", ""sequencialResultado"": 1, ""naturezaJuridicaNome"": ""Sociedade Empresária Limitada"", ""localidadeFornecedor"": null, ""aplicacaoMargemPreferencia"": false, ""aplicacaoBeneficioMeEpp"": false, ""aplicacaoCriterioDesempate"": false, ""naturezaJuridicaId"": ""2062""}";2026-09-12T20:11:15.572324
00394452000103-1-010162/2025;9;1;54107641000179;54.107.641 FRANCO DE LIMA MORINA VAZ;PJ;ME;50.0;54.5;2725.0;1;Informado;2025-06-06;;0;sentinela/ausente sem motivo nem situacao de cancelamento -> nao cancelado;;1;Não se aplica;1.0;"{""naturezaJuridicaId"": ""2135"", ""reservaRemanescente"": {""codigo"": 1, ""nome"": ""Não se aplica""}, ""timezoneCotacaoMoedaEstrangeira"": null, ""moedaEstrangeira"": null, ""indicadorSubcontratacao"": false, ""dataInclusao"": ""2025-06-06T09:33:08"", ""numeroItem"": 9, ""niFornecedor"": ""54107641000179"", ""dataCancelamento"": null, ""dataAtualizacao"": ""2025-06-06T09:33:08"", ""tipoPessoa"": ""PJ"", ""nomeRazaoSocialFornecedor"": ""54.107.641 FRANCO DE LIMA MORINA VAZ"", ""valorTotalHomologado"": 2725.0, ""valorNominalMoedaEstrangeira"": null, ""dataCotacaoMoedaEstrangeira"": null, ""codigoPais"": ""BRA"", ""porteFornecedorId"": 1, ""quantidadeHomologada"": 50.0, ""valorUnitarioHomologado"": 54.5, ""percentualDesconto"": 0.0, ""amparoLegalMargemPreferencia"": null, ""amparoLegalCriterioDesempate"": null, ""paisOrigemProdutoServico"": null, ""localidadeExterior"": null, ""ordemClassificacaoSrp"": 1, ""dataResultado"": ""2025-06-06"", ""motivoCancelamento"": null, ""numeroControlePNCPCompra"": ""00394452000103-1-010162/2025"", ""aplicacaoMargemPreferencia"": false, ""aplicacaoBeneficioMeEpp"": false, ""aplicacaoCriterioDesempate"": false, ""situacaoCompraItemResultadoId"": 1, ""porteFornecedorNome"": ""ME"", ""situacaoCompraItemResultadoNome"": ""Informado"", ""sequencialResultado"": 1, ""naturezaJuridicaNome"": ""Empresário (Individual)"", ""localidadeFornecedor"": null}";2026-09-12T20:11:16.452545
23066905000160-1-000018/2025;2;1;51911234000121;J. C. OLIVEIRA DA COSTA LTDA;PJ;Demais;12.0;780.881;9370.572;1;Informado;2025-06-25;0001-01-01T00:00:00;0;sentinela/ausente sem motivo nem situacao de cancelamento -> nao cancelado;;1;Não se aplica;1.0;"{""indicadorSubcontratacao"": false, ""numeroItem"": 2, ""dataInclusao"": ""2025-06-25T09:50:25"", ""niFornecedor"": ""51911234000121"", ""dataCancelamento"": ""0001-01-01T00:00:00"", ""dataAtualizacao"": ""2025-06-25T09:50:38"", ""tipoPessoa"": ""PJ"", ""nomeRazaoSocialFornecedor"": ""J. C. OLIVEIRA DA COSTA LTDA"", ""valorTotalHomologado"": 9370.572, ""reservaRemanescente"": {""codigo"": 1, ""nome"": ""Não se aplica""}, ""timezoneCotacaoMoedaEstrangeira"": null, ""moedaEstrangeira"": null, ""valorNominalMoedaEstrangeira"": null, ""dataCotacaoMoedaEstrangeira"": null, ""codigoPais"": ""BRA"", ""porteFornecedorId"": 3, ""quantidadeHomologada"": 12.0, ""valorUnitarioHomologado"": 780.881, ""percentualDesconto"": 0.0, ""amparoLegalMargemPreferencia"": null, ""amparoLegalCriterioDesempate"": null, ""paisOrigemProdutoServico"": null, ""localidadeExterior"": null, ""ordemClassificacaoSrp"": 1, ""dataResultado"": ""2025-06-25"", ""motivoCancelamento"": null, ""numeroControlePNCPCompra"": ""23066905000160-1-000018/2025"", ""situacaoCompraItemResultadoId"": 1, ""porteFornecedorNome"": ""Demais"", ""situacaoCompraItemResultadoNome"": ""Informado"", ""sequencialResultado"": 1, ""naturezaJuridicaNome"": ""Natureza Jurídica não informada"", ""localidadeFornecedor"": null, ""aplicacaoMargemPreferencia"": false, ""aplicacaoBeneficioMeEpp"": false, ""aplicacaoCriterioDesempate"": false, ""naturezaJuridicaId"": ""0000""}";2026-09-12T20:11:19.272452
23066905000160-1-000018/2025;3;1;51911234000121;J. C. OLIVEIRA DA COSTA LTDA;PJ;Demais;28.0;1669.745;46752.86;1;Informado;2025-06-25;0001-01-01T00:00:00;0;sentinela/ausente sem motivo nem situacao de cancelamento -> nao cancelado;;1;Não se aplica;1.0;"{""indicadorSubcontratacao"": false, ""numeroItem"": 3, ""dataInclusao"": ""2025-06-25T09:50:34"", ""niFornecedor"": ""51911234000121"", ""dataCancelamento"": ""0001-01-01T00:00:00"", ""dataAtualizacao"": ""2025-06-25T09:50:47"", ""tipoPessoa"": ""PJ"", ""nomeRazaoSocialFornecedor"": ""J. C. OLIVEIRA DA COSTA LTDA"", ""valorTotalHomologado"": 46752.86, ""reservaRemanescente"": {""codigo"": 1, ""nome"": ""Não se aplica""}, ""timezoneCotacaoMoedaEstrangeira"": null, ""moedaEstrangeira"": null, ""valorNominalMoedaEstrangeira"": null, ""dataCotacaoMoedaEstrangeira"": null, ""codigoPais"": ""BRA"", ""porteFornecedorId"": 3, ""quantidadeHomologada"": 28.0, ""valorUnitarioHomologado"": 1669.745, ""percentualDesconto"": 0.0, ""amparoLegalMargemPreferencia"": null, ""amparoLegalCriterioDesempate"": null, ""paisOrigemProdutoServico"": null, ""localidadeExterior"": null, ""ordemClassificacaoSrp"": 1, ""dataResultado"": ""2025-06-25"", ""motivoCancelamento"": null, ""numeroControlePNCPCompra"": ""23066905000160-1-000018/2025"", ""situacaoCompraItemResultadoId"": 1, ""porteFornecedorNome"": ""Demais"", ""situacaoCompraItemResultadoNome"": ""Informado"", ""sequencialResultado"": 1, ""naturezaJuridicaNome"": ""Natureza Jurídica não informada"", ""localidadeFornecedor"": null, ""aplicacaoMargemPreferencia"": false, ""aplicacaoBeneficioMeEpp"": false, ""aplicacaoCriterioDesempate"": false, ""naturezaJuridicaId"": ""0000""}";2026-09-12T20:11:21.449992
34870246000136-1-000019/2025;8;1;23081193000158;O M BARROS;PJ;ME;25.0;18.0;450.0;1;Informado;2025-07-08;;0;sentinela/ausente sem motivo nem situacao de cancelamento -> nao cancelado;;1;Não se aplica;1.0;"{""indicadorSubcontratacao"": false, ""numeroItem"": 8, ""dataInclusao"": ""2025-07-08T12:14:43"", ""niFornecedor"": ""23081193000158"", ""dataCancelamento"": null, ""dataAtualizacao"": ""2025-07-08T12:14:43"", ""tipoPessoa"": ""PJ"", ""nomeRazaoSocialFornecedor"": ""O M BARROS"", ""valorTotalHomologado"": 450.0, ""reservaRemanescente"": {""codigo"": 1, ""nome"": ""Não se aplica""}, ""timezoneCotacaoMoedaEstrangeira"": null, ""moedaEstrangeira"": null, ""valorNominalMoedaEstrangeira"": null, ""dataCotacaoMoedaEstrangeira"": null, ""codigoPais"": ""BRA"", ""porteFornecedorId"": 1, ""quantidadeHomologada"": 25.0, ""valorUnitarioHomologado"": 18.0, ""percentualDesconto"": 0.0, ""amparoLegalMargemPreferencia"": null, ""amparoLegalCriterioDesempate"": null, ""paisOrigemProdutoServico"": null, ""localidadeExterior"": null, ""ordemClassificacaoSrp"": 1, ""dataResultado"": ""2025-07-08"", ""motivoCancelamento"": null, ""numeroControlePNCPCompra"": ""34870246000136-1-000019/2025"", ""situacaoCompraItemResultadoId"": 1, ""porteFornecedorNome"": ""ME"", ""situacaoCompraItemResultadoNome"": ""Informado"", ""sequencialResultado"": 1, ""naturezaJuridicaNome"": ""Empresário (Individual)"", ""localidadeFornecedor"": null, ""aplicacaoMargemPreferencia"": false, ""aplicacaoBeneficioMeEpp"": false, ""aplicacaoCriterioDesempate"": false, ""naturezaJuridicaId"": ""2135""}";2026-09-12T20:11:23.473436
34870246000136-1-000019/2025;9;1;23081193000158;O M BARROS;PJ;ME;15.0;16.0;240.0;1;Informado;2025-07-08;;0;sentinela/ausente sem motivo nem situacao de cancelamento -> nao cancelado;;1;Não se aplica;1.0;"{""indicadorSubcontratacao"": false, ""niFornecedor"": ""23081193000158"", ""dataCancelamento"": null, ""dataAtualizacao"": ""2025-07-08T12:14:56"", ""tipoPessoa"": ""PJ"", ""nomeRazaoSocialFornecedor"": ""O M BARROS"", ""dataInclusao"": ""2025-07-08T12:14:56"", ""numeroItem"": 9, ""valorTotalHomologado"": 240.0, ""reservaRemanescente"": {""codigo"": 1, ""nome"": ""Não se aplica""}, ""timezoneCotacaoMoedaEstrangeira"": null, ""moedaEstrangeira"": null, ""valorNominalMoedaEstrangeira"": null, ""dataCotacaoMoedaEstrangeira"": null, ""codigoPais"": ""BRA"", ""porteFornecedorId"": 1, ""quantidadeHomologada"": 15.0, ""valorUnitarioHomologado"": 16.0, ""percentualDesconto"": 0.0, ""amparoLegalMargemPreferencia"": null, ""amparoLegalCriterioDesempate"": null, ""paisOrigemProdutoServico"": null, ""localidadeExterior"": null, ""ordemClassificacaoSrp"": 1, ""dataResultado"": ""2025-07-08"", ""motivoCancelamento"": null, ""numeroControlePNCPCompra"": ""34870246000136-1-000019/2025"", ""aplicacaoMargemPreferencia"": false, ""aplicacaoBeneficioMeEpp"": false, ""situacaoCompraItemResultadoId"": 1, ""porteFornecedorNome"": ""ME"", ""situacaoCompraItemResultadoNome"": ""Informado"", ""sequencialResultado"": 1, ""naturezaJuridicaNome"": ""Empresário (Individual)"", ""localidadeFornecedor"": null, ""aplicacaoCriterioDesempate"": false, ""naturezaJuridicaId"": ""2135""}";2026-09-12T20:11:24.361096
23066632000153-1-000005/2025;5884577;1;10990394000126;TALENTO DIGITAL LTDA;PJ;EPP;5000.0;1.5;7500.0;1;Informado;2025-07-31;;0;sentinela/ausente sem motivo nem situacao de cancelamento -> nao cancelado;;1;Não se aplica;1.0;"{""indicadorSubcontratacao"": false, ""numeroItem"": 5884577, ""dataInclusao"": ""2025-07-31T09:08:25"", ""niFornecedor"": ""10990394000126"", ""dataCancelamento"": null, ""dataAtualizacao"": ""2025-07-31T09:08:25"", ""tipoPessoa"": ""PJ"", ""nomeRazaoSocialFornecedor"": ""TALENTO DIGITAL LTDA"", ""valorTotalHomologado"": 7500.0, ""reservaRemanescente"": {""codigo"": 1, ""nome"": ""Não se aplica""}, ""timezoneCotacaoMoedaEstrangeira"": null, ""moedaEstrangeira"": null, ""valorNominalMoedaEstrangeira"": null, ""dataCotacaoMoedaEstrangeira"": null, ""codigoPais"": ""BRA"", ""porteFornecedorId"": 2, ""quantidadeHomologada"": 5000.0, ""valorUnitarioHomologado"": 1.5, ""percentualDesconto"": 99.9906, ""amparoLegalMargemPreferencia"": null, ""amparoLegalCriterioDesempate"": null, ""paisOrigemProdutoServico"": null, ""localidadeExterior"": null, ""ordemClassificacaoSrp"": 1, ""dataResultado"": ""2025-07-31"", ""motivoCancelamento"": null, ""numeroControlePNCPCompra"": ""23066632000153-1-000005/2025"", ""situacaoCompraItemResultadoId"": 1, ""porteFornecedorNome"": ""EPP"", ""situacaoCompraItemResultadoNome"": ""Informado"", ""sequencialResultado"": 1, ""naturezaJuridicaNome"": null, ""localidadeFornecedor"": null, ""aplicacaoMargemPreferencia"": false, ""aplicacaoBeneficioMeEpp"": false, ""aplicacaoCriterioDesempate"": false, ""naturezaJuridicaId"": null}";2026-09-12T20:11:26.762067
34868927000160-1-000004/2025;3;1;23085871000150;C.L.C. MAUES LTDA;PJ;ME;30.0;3.0;90.0;1;Informado;2025-07-02;;0;sentinela/ausente sem motivo nem situacao de cancelamento -> nao cancelado;;1;Não se aplica;;"{""indicadorSubcontratacao"": false, ""dataInclusao"": ""2025-07-02T19:34:28"", ""numeroItem"": 3, ""niFornecedor"": ""23085871000150"", ""dataCancelamento"": null, ""dataAtualizacao"": ""2025-07-02T19:34:28"", ""tipoPessoa"": ""PJ"", ""nomeRazaoSocialFornecedor"": ""C.L.C. MAUES LTDA"", ""valorTotalHomologado"": 90.0, ""reservaRemanescente"": {""codigo"": 1, ""nome"": ""Não se aplica""}, ""timezoneCotacaoMoedaEstrangeira"": null, ""moedaEstrangeira"": null, ""valorNominalMoedaEstrangeira"": null, ""dataCotacaoMoedaEstrangeira"": null, ""codigoPais"": ""BRA"", ""porteFornecedorId"": 1, ""quantidadeHomologada"": 30.0, ""valorUnitarioHomologado"": 3.0, ""percentualDesconto"": 0.0, ""amparoLegalMargemPreferencia"": null, ""amparoLegalCriterioDesempate"": null, ""paisOrigemProdutoServico"": null, ""localidadeExterior"": null, ""ordemClassificacaoSrp"": null, ""dataResultado"": ""2025-07-02"", ""motivoCancelamento"": null, ""numeroControlePNCPCompra"": ""34868927000160-1-000004/2025"", ""situacaoCompraItemResultadoId"": 1, ""porteFornecedorNome"": ""ME"", ""situacaoCompraItemResultadoNome"": ""Informado"", ""sequencialResultado"": 1, ""naturezaJuridicaNome"": ""Sociedade Empresária Limitada"", ""localidadeFornecedor"": null, ""aplicacaoMargemPreferencia"": false, ""aplicacaoBeneficioMeEpp"": false, ""aplicacaoCriterioDesempate"": false, ""naturezaJuridicaId"": ""2062""}";2026-09-12T20:11:27.640987
10820882000195-1-000024/2025;4;1;18520187000110;SPECOLOGIA COMERCIAL IMPORTACAO E EXPORTACAO LTDA;PJ;ME;2940.0;1.74;5115.6;1;Informado;2025-07-18;;0;sentinela/ausente sem motivo nem situacao de cancelamento -> nao cancelado;;1;Não se aplica;1.0;"{""indicadorSubcontratacao"": false, ""numeroItem"": 4, ""dataInclusao"": ""2025-07-18T15:23:24"", ""niFornecedor"": ""18520187000110"", ""dataCancelamento"": null, ""dataAtualizacao"": ""2025-07-18T15:23:24"", ""tipoPessoa"": ""PJ"", ""nomeRazaoSocialFornecedor"": ""SPECOLOGIA COMERCIAL IMPORTACAO E EXPORTACAO LTDA"", ""valorTotalHomologado"": 5115.6, ""reservaRemanescente"": {""codigo"": 1, ""nome"": ""Não se aplica""}, ""timezoneCotacaoMoedaEstrangeira"": null, ""moedaEstrangeira"": null, ""valorNominalMoedaEstrangeira"": null, ""dataCotacaoMoedaEstrangeira"": null, ""codigoPais"": ""BRA"", ""porteFornecedorId"": 1, ""quantidadeHomologada"": 2940.0, ""valorUnitarioHomologado"": 1.74, ""percentualDesconto"": 0.0, ""amparoLegalMargemPreferencia"": null, ""amparoLegalCriterioDesempate"": null, ""paisOrigemProdutoServico"": null, ""localidadeExterior"": null, ""ordemClassificacaoSrp"": 1, ""dataResultado"": ""2025-07-18"", ""motivoCancelamento"": null, ""numeroControlePNCPCompra"": ""10820882000195-1-000024/2025"", ""situacaoCompraItemResultadoId"": 1, ""porteFornecedorNome"": ""ME"", ""situacaoCompraItemResultadoNome"": ""Informado"", ""sequencialResultado"": 1, ""naturezaJuridicaNome"": ""Sociedade Empresária Limitada"", ""localidadeFornecedor"": null, ""aplicacaoMargemPreferencia"": false, ""aplicacaoBeneficioMeEpp"": false, ""aplicacaoCriterioDesempate"": false, ""naturezaJuridicaId"": ""2062""}";2026-09-12T20:11:30.161751
00394452000103-1-013536/2025;5;1;17142432000130;J. E. DE OLIVEIRA RODRIGUES;PJ;ME;15.0;226.53;3397.95;1;Informado;2025-07-14;;0;sentinela/ausente sem motivo nem situacao de cancelamento -> nao cancelado;;1;Não se aplica;1.0;"{""indicadorSubcontratacao"": false, ""numeroItem"": 5, ""dataInclusao"": ""2025-07-14T10:57:37"", ""niFornecedor"": ""17142432000130"", ""dataCancelamento"": null, ""dataAtualizacao"": ""2025-07-14T10:57:37"", ""tipoPessoa"": ""PJ"", ""nomeRazaoSocialFornecedor"": ""J. E. DE OLIVEIRA RODRIGUES"", ""valorTotalHomologado"": 3397.95, ""reservaRemanescente"": {""codigo"": 1, ""nome"": ""Não se aplica""}, ""timezoneCotacaoMoedaEstrangeira"": null, ""moedaEstrangeira"": null, ""valorNominalMoedaEstrangeira"": null, ""dataCotacaoMoedaEstrangeira"": null, ""codigoPais"": ""BRA"", ""porteFornecedorId"": 1, ""quantidadeHomologada"": 15.0, ""valorUnitarioHomologado"": 226.53, ""percentualDesconto"": 0.0, ""amparoLegalMargemPreferencia"": null, ""amparoLegalCriterioDesempate"": null, ""paisOrigemProdutoServico"": null, ""localidadeExterior"": null, ""ordemClassificacaoSrp"": 1, ""dataResultado"": ""2025-07-14"", ""motivoCancelamento"": null, ""numeroControlePNCPCompra"": ""00394452000103-1-013536/2025"", ""situacaoCompraItemResultadoId"": 1, ""porteFornecedorNome"": ""ME"", ""situacaoCompraItemResultadoNome"": ""Informado"", ""sequencialResultado"": 1, ""naturezaJuridicaNome"": ""Empresário (Individual)"", ""localidadeFornecedor"": null, ""aplicacaoMargemPreferencia"": false, ""aplicacaoBeneficioMeEpp"": false, ""aplicacaoCriterioDesempate"": false, ""naturezaJuridicaId"": ""2135""}";2026-09-12T20:11:32.271050
23066632000153-1-000006/2025;6087906;1;03093776000353;MANUPA COMERCIO, EXPORTACAO, IMPORTACAO DE EQUIPAMENTOS E VEICULOS ADAPTADOS EIRELI;PJ;Demais;1.0;465000.0;465000.0;1;Informado;2025-09-03;;0;sentinela/ausente sem motivo nem situacao de cancelamento -> nao cancelado;;1;Não se aplica;1.0;"{""indicadorSubcontratacao"": false, ""numeroItem"": 6087906, ""dataInclusao"": ""2025-09-03T12:35:41"", ""niFornecedor"": ""03093776000353"", ""dataCancelamento"": null, ""dataAtualizacao"": ""2025-09-03T12:35:41"", ""tipoPessoa"": ""PJ"", ""nomeRazaoSocialFornecedor"": ""MANUPA COMERCIO, EXPORTACAO, IMPORTACAO DE EQUIPAMENTOS E VEICULOS ADAPTADOS EIRELI"", ""valorTotalHomologado"": 465000.0, ""reservaRemanescente"": {""codigo"": 1, ""nome"": ""Não se aplica""}, ""timezoneCotacaoMoedaEstrangeira"": null, ""moedaEstrangeira"": null, ""valorNominalMoedaEstrangeira"": null, ""dataCotacaoMoedaEstrangeira"": null, ""codigoPais"": ""BRA"", ""porteFornecedorId"": 3, ""quantidadeHomologada"": 1.0, ""valorUnitarioHomologado"": 465000.0, ""percentualDesconto"": 21.1904, ""amparoLegalMargemPreferencia"": null, ""amparoLegalCriterioDesempate"": null, ""paisOrigemProdutoServico"": null, ""localidadeExterior"": null, ""ordemClassificacaoSrp"": 1, ""dataResultado"": ""2025-09-03"", ""motivoCancelamento"": null, ""numeroControlePNCPCompra"": ""23066632000153-1-000006/2025"", ""situacaoCompraItemResultadoId"": 1, ""porteFornecedorNome"": ""Demais"", ""situacaoCompraItemResultadoNome"": ""Informado"", ""sequencialResultado"": 1, ""naturezaJuridicaNome"": null, ""localidadeFornecedor"": null, ""aplicacaoMargemPreferencia"": false, ""aplicacaoBeneficioMeEpp"": false, ""aplicacaoCriterioDesempate"": false, ""naturezaJuridicaId"": null}";2026-09-12T20:11:35.571376
34925222000137-1-000016/2025;10008;1;04153583000141;E. F. DE OLIVEIRA GHAMMACHI - ME;PJ;Não Informado;700.0;2.5;1750.0;1;Informado;2025-08-12;;0;sentinela/ausente sem motivo nem situacao de cancelamento -> nao cancelado;;1;Não se aplica;;"{""indicadorSubcontratacao"": false, ""niFornecedor"": ""04153583000141"", ""dataCancelamento"": null, ""dataAtualizacao"": ""2025-08-12T23:06:20"", ""tipoPessoa"": ""PJ"", ""nomeRazaoSocialFornecedor"": ""E. F. DE OLIVEIRA GHAMMACHI - ME"", ""dataInclusao"": ""2025-08-12T23:06:20"", ""numeroItem"": 10008, ""valorTotalHomologado"": 1750.0, ""reservaRemanescente"": {""codigo"": 1, ""nome"": ""Não se aplica""}, ""timezoneCotacaoMoedaEstrangeira"": null, ""moedaEstrangeira"": null, ""valorNominalMoedaEstrangeira"": null, ""dataCotacaoMoedaEstrangeira"": null, ""codigoPais"": ""BRA"", ""porteFornecedorId"": 5, ""quantidadeHomologada"": 700.0, ""valorUnitarioHomologado"": 2.5, ""percentualDesconto"": 0.0, ""amparoLegalMargemPreferencia"": null, ""amparoLegalCriterioDesempate"": null, ""paisOrigemProdutoServico"": null, ""localidadeExterior"": null, ""ordemClassificacaoSrp"": null, ""dataResultado"": ""2025-08-12"", ""motivoCancelamento"": null, ""numeroControlePNCPCompra"": ""34925222000137-1-000016/2025"", ""aplicacaoMargemPreferencia"": false, ""aplicacaoBeneficioMeEpp"": false, ""situacaoCompraItemResultadoId"": 1, ""porteFornecedorNome"": ""Não Informado"", ""situacaoCompraItemResultadoNome"": ""Informado"", ""sequencialResultado"": 1, ""naturezaJuridicaNome"": null, ""localidadeFornecedor"": null, ""aplicacaoCriterioDesempate"": false, ""naturezaJuridicaId"": null}";2026-09-12T20:11:36.460133
05990437000133-1-000027/2025;2;1;54198647000107;RAMSIG LTDA;PJ;ME;20.0;74.05;1481.0;1;Informado;2025-10-21;;0;sentinela/ausente sem motivo nem situacao de cancelamento -> nao cancelado;;1;Não se aplica;;"{""indicadorSubcontratacao"": false, ""niFornecedor"": ""54198647000107"", ""dataCancelamento"": null, ""dataAtualizacao"": ""2025-10-21T17:39:11"", ""tipoPessoa"": ""PJ"", ""nomeRazaoSocialFornecedor"": ""RAMSIG LTDA"", ""dataInclusao"": ""2025-10-21T17:39:11"", ""numeroItem"": 2, ""valorTotalHomologado"": 1481.0, ""reservaRemanescente"": {""codigo"": 1, ""nome"": ""Não se aplica""}, ""timezoneCotacaoMoedaEstrangeira"": null, ""moedaEstrangeira"": null, ""valorNominalMoedaEstrangeira"": null, ""dataCotacaoMoedaEstrangeira"": null, ""codigoPais"": ""BRA"", ""porteFornecedorId"": 1, ""quantidadeHomologada"": 20.0, ""valorUnitarioHomologado"": 74.05, ""percentualDesconto"": 0.0, ""amparoLegalMargemPreferencia"": null, ""amparoLegalCriterioDesempate"": null, ""paisOrigemProdutoServico"": null, ""localidadeExterior"": null, ""ordemClassificacaoSrp"": null, ""dataResultado"": ""2025-10-21"", ""motivoCancelamento"": null, ""numeroControlePNCPCompra"": ""05990437000133-1-000027/2025"", ""aplicacaoMargemPreferencia"": false, ""aplicacaoBeneficioMeEpp"": false, ""situacaoCompraItemResultadoId"": 1, ""porteFornecedorNome"": ""ME"", ""situacaoCompraItemResultadoNome"": ""Informado"", ""sequencialResultado"": 1, ""naturezaJuridicaNome"": ""Sociedade Empresária Limitada"", ""localidadeFornecedor"": null, ""aplicacaoCriterioDesempate"": false, ""naturezaJuridicaId"": ""2062""}";2026-09-12T20:11:37.342610
05990437000133-1-000027/2025;4;1;09443397000160;L S ARAUJO JUNIOR;PJ;ME;30.0;13.38;401.4;1;Informado;2025-10-21;;0;sentinela/ausente sem motivo nem situacao de cancelamento -> nao cancelado;;1;Não se aplica;;"{""naturezaJuridicaId"": ""2135"", ""reservaRemanescente"": {""codigo"": 1, ""nome"": ""Não se aplica""}, ""timezoneCotacaoMoedaEstrangeira"": null, ""moedaEstrangeira"": null, ""indicadorSubcontratacao"": false, ""dataInclusao"": ""2025-10-21T17:39:11"", ""numeroItem"": 4, ""niFornecedor"": ""09443397000160"", ""dataCancelamento"": null, ""dataAtualizacao"": ""2025-10-21T17:39:11"", ""tipoPessoa"": ""PJ"", ""nomeRazaoSocialFornecedor"": ""L S ARAUJO JUNIOR"", ""valorTotalHomologado"": 401.4, ""valorNominalMoedaEstrangeira"": null, ""dataCotacaoMoedaEstrangeira"": null, ""codigoPais"": ""BRA"", ""porteFornecedorId"": 1, ""quantidadeHomologada"": 30.0, ""valorUnitarioHomologado"": 13.38, ""percentualDesconto"": 0.0, ""amparoLegalMargemPreferencia"": null, ""amparoLegalCriterioDesempate"": null, ""paisOrigemProdutoServico"": null, ""localidadeExterior"": null, ""ordemClassificacaoSrp"": null, ""dataResultado"": ""2025-10-21"", ""motivoCancelamento"": null, ""numeroControlePNCPCompra"": ""05990437000133-1-000027/2025"", ""aplicacaoMargemPreferencia"": false, ""aplicacaoBeneficioMeEpp"": false, ""aplicacaoCriterioDesempate"": false, ""situacaoCompraItemResultadoId"": 1, ""porteFornecedorNome"": ""ME"", ""situacaoCompraItemResultadoNome"": ""Informado"", ""sequencialResultado"": 1, ""naturezaJuridicaNome"": ""Empresário (Individual)"", ""localidadeFornecedor"": null}";2026-09-12T20:11:38.222923
05990437000133-1-000027/2025;6;1;47959767000106;ENGECOM COMERCIO E SERVICOS LTDA;PJ;ME;200.0;5.99;1198.0;1;Informado;2025-10-21;;0;sentinela/ausente sem motivo nem situacao de cancelamento -> nao cancelado;;1;Não se aplica;;"{""indicadorSubcontratacao"": false, ""numeroItem"": 6, ""dataInclusao"": ""2025-10-21T17:39:11"", ""niFornecedor"": ""47959767000106"", ""dataCancelamento"": null, ""dataAtualizacao"": ""2025-10-21T17:39:11"", ""tipoPessoa"": ""PJ"", ""nomeRazaoSocialFornecedor"": ""ENGECOM COMERCIO E SERVICOS LTDA"", ""valorTotalHomologado"": 1198.0, ""reservaRemanescente"": {""codigo"": 1, ""nome"": ""Não se aplica""}, ""timezoneCotacaoMoedaEstrangeira"": null, ""moedaEstrangeira"": null, ""valorNominalMoedaEstrangeira"": null, ""dataCotacaoMoedaEstrangeira"": null, ""codigoPais"": ""BRA"", ""porteFornecedorId"": 1, ""quantidadeHomologada"": 200.0, ""valorUnitarioHomologado"": 5.99, ""percentualDesconto"": 0.0, ""amparoLegalMargemPreferencia"": null, ""amparoLegalCriterioDesempate"": {""id"": 145, ""nome"": ""Lei 14.133/2021, art. 60, I"", ""descricao"": ""Critério de desempate: Estipula que, em caso de empate entre propostas de licitação, os licitantes envolvidos devem participar de uma disputa final onde podem apresentar novas propostas imediatamente após a classificação, proporcionando uma chance adicional para vencer a licitação."", ""statusAtivo"": true}, ""paisOrigemProdutoServico"": null, ""localidadeExterior"": null, ""ordemClassificacaoSrp"": null, ""dataResultado"": ""2025-10-21"", ""motivoCancelamento"": null, ""numeroControlePNCPCompra"": ""05990437000133-1-000027/2025"", ""situacaoCompraItemResultadoId"": 1, ""porteFornecedorNome"": ""ME"", ""situacaoCompraItemResultadoNome"": ""Informado"", ""sequencialResultado"": 1, ""naturezaJuridicaNome"": ""Sociedade Empresária Limitada"", ""localidadeFornecedor"": null, ""aplicacaoMargemPreferencia"": false, ""aplicacaoBeneficioMeEpp"": false, ""aplicacaoCriterioDesempate"": true, ""naturezaJuridicaId"": ""2062""}";2026-09-12T20:11:41.179687
05990437000133-1-000027/2025;10;1;28171519000151;SPORT DANCE LTDA;PJ;ME;40.0;70.0;2800.0;1;Informado;2025-10-21;;0;sentinela/ausente sem motivo nem situacao de cancelamento -> nao cancelado;;1;Não se aplica;;"{""indicadorSubcontratacao"": false, ""niFornecedor"": ""28171519000151"", ""dataCancelamento"": null, ""dataAtualizacao"": ""2025-10-21T17:39:11"", ""tipoPessoa"": ""PJ"", ""nomeRazaoSocialFornecedor"": ""SPORT DANCE LTDA"", ""dataInclusao"": ""2025-10-21T17:39:11"", ""numeroItem"": 10, ""valorTotalHomologado"": 2800.0, ""reservaRemanescente"": {""codigo"": 1, ""nome"": ""Não se aplica""}, ""timezoneCotacaoMoedaEstrangeira"": null, ""moedaEstrangeira"": null, ""valorNominalMoedaEstrangeira"": null, ""dataCotacaoMoedaEstrangeira"": null, ""codigoPais"": ""BRA"", ""porteFornecedorId"": 1, ""quantidadeHomologada"": 40.0, ""valorUnitarioHomologado"": 70.0, ""percentualDesconto"": 0.0, ""amparoLegalMargemPreferencia"": null, ""amparoLegalCriterioDesempate"": null, ""paisOrigemProdutoServico"": null, ""localidadeExterior"": null, ""ordemClassificacaoSrp"": null, ""dataResultado"": ""2025-10-21"", ""motivoCancelamento"": null, ""numeroControlePNCPCompra"": ""05990437000133-1-000027/2025"", ""aplicacaoMargemPreferencia"": false, ""aplicacaoBeneficioMeEpp"": false, ""situacaoCompraItemResultadoId"": 1, ""porteFornecedorNome"": ""ME"", ""situacaoCompraItemResultadoNome"": ""Informado"", ""sequencialResultado"": 1, ""naturezaJuridicaNome"": ""Sociedade Empresária Limitada"", ""localidadeFornecedor"": null, ""aplicacaoCriterioDesempate"": false, ""naturezaJuridicaId"": ""2062""}";2026-09-12T20:11:42.051826
15126437000305-1-002276/2025;3;1;10505707000103;R. FIGUEIREDO DA COSTA;PJ;ME;5000.0;0.5;2500.0;1;Informado;2025-10-10;;0;sentinela/ausente sem motivo nem situacao de cancelamento -> nao cancelado;;1;Não se aplica;1.0;"{""indicadorSubcontratacao"": false, ""numeroItem"": 3, ""dataInclusao"": ""2025-10-10T08:32:47"", ""niFornecedor"": ""10505707000103"", ""dataCancelamento"": null, ""dataAtualizacao"": ""2025-10-10T08:32:47"", ""tipoPessoa"": ""PJ"", ""nomeRazaoSocialFornecedor"": ""R. FIGUEIREDO DA COSTA"", ""valorTotalHomologado"": 2500.0, ""reservaRemanescente"": {""codigo"": 1, ""nome"": ""Não se aplica""}, ""timezoneCotacaoMoedaEstrangeira"": null, ""moedaEstrangeira"": null, ""valorNominalMoedaEstrangeira"": null, ""dataCotacaoMoedaEstrangeira"": null, ""codigoPais"": ""BRA"", ""porteFornecedorId"": 1, ""quantidadeHomologada"": 5000.0, ""valorUnitarioHomologado"": 0.5, ""percentualDesconto"": 0.0, ""amparoLegalMargemPreferencia"": null, ""amparoLegalCriterioDesempate"": null, ""paisOrigemProdutoServico"": null, ""localidadeExterior"": null, ""ordemClassificacaoSrp"": 1, ""dataResultado"": ""2025-10-10"", ""motivoCancelamento"": null, ""numeroControlePNCPCompra"": ""15126437000305-1-002276/2025"", ""situacaoCompraItemResultadoId"": 1, ""porteFornecedorNome"": ""ME"", ""situacaoCompraItemResultadoNome"": ""Informado"", ""sequencialResultado"": 1, ""naturezaJuridicaNome"": ""Empresário (Individual)"", ""localidadeFornecedor"": null, ""aplicacaoMargemPreferencia"": false, ""aplicacaoBeneficioMeEpp"": false, ""aplicacaoCriterioDesempate"": false, ""naturezaJuridicaId"": ""2135""}";2026-09-12T20:11:44.579224
15126437000305-1-002276/2025;4;1;10505707000103;R. FIGUEIREDO DA COSTA;PJ;ME;6000.0;0.5;3000.0;1;Informado;2025-10-10;;0;sentinela/ausente sem motivo nem situacao de cancelamento -> nao cancelado;;1;Não se aplica;1.0;"{""indicadorSubcontratacao"": false, ""niFornecedor"": ""10505707000103"", ""dataCancelamento"": null, ""dataAtualizacao"": ""2025-10-10T08:32:47"", ""tipoPessoa"": ""PJ"", ""nomeRazaoSocialFornecedor"": ""R. FIGUEIREDO DA COSTA"", ""dataInclusao"": ""2025-10-10T08:32:47"", ""numeroItem"": 4, ""valorTotalHomologado"": 3000.0, ""reservaRemanescente"": {""codigo"": 1, ""nome"": ""Não se aplica""}, ""timezoneCotacaoMoedaEstrangeira"": null, ""moedaEstrangeira"": null, ""valorNominalMoedaEstrangeira"": null, ""dataCotacaoMoedaEstrangeira"": null, ""codigoPais"": ""BRA"", ""porteFornecedorId"": 1, ""quantidadeHomologada"": 6000.0, ""valorUnitarioHomologado"": 0.5, ""percentualDesconto"": 0.0, ""amparoLegalMargemPreferencia"": null, ""amparoLegalCriterioDesempate"": null, ""paisOrigemProdutoServico"": null, ""localidadeExterior"": null, ""ordemClassificacaoSrp"": 1, ""dataResultado"": ""2025-10-10"", ""motivoCancelamento"": null, ""numeroControlePNCPCompra"": ""15126437000305-1-002276/2025"", ""aplicacaoMargemPreferencia"": false, ""aplicacaoBeneficioMeEpp"": false, ""situacaoCompraItemResultadoId"": 1, ""porteFornecedorNome"": ""ME"", ""situacaoCompraItemResultadoNome"": ""Informado"", ""sequencialResultado"": 1, ""naturezaJuridicaNome"": ""Empresário (Individual)"", ""localidadeFornecedor"": null, ""aplicacaoCriterioDesempate"": false, ""naturezaJuridicaId"": ""2135""}";2026-09-12T20:11:45.472169
15126437000305-1-002276/2025;5;1;10505707000103;R. FIGUEIREDO DA COSTA;PJ;ME;6000.0;0.5;3000.0;1;Informado;2025-10-10;;0;sentinela/ausente sem motivo nem situacao de cancelamento -> nao cancelado;;1;Não se aplica;1.0;"{""indicadorSubcontratacao"": false, ""numeroItem"": 5, ""dataInclusao"": ""2025-10-10T08:32:47"", ""niFornecedor"": ""10505707000103"", ""dataCancelamento"": null, ""dataAtualizacao"": ""2025-10-10T08:32:47"", ""tipoPessoa"": ""PJ"", ""nomeRazaoSocialFornecedor"": ""R. FIGUEIREDO DA COSTA"", ""valorTotalHomologado"": 3000.0, ""reservaRemanescente"": {""codigo"": 1, ""nome"": ""Não se aplica""}, ""timezoneCotacaoMoedaEstrangeira"": null, ""moedaEstrangeira"": null, ""valorNominalMoedaEstrangeira"": null, ""dataCotacaoMoedaEstrangeira"": null, ""codigoPais"": ""BRA"", ""porteFornecedorId"": 1, ""quantidadeHomologada"": 6000.0, ""valorUnitarioHomologado"": 0.5, ""percentualDesconto"": 0.0, ""amparoLegalMargemPreferencia"": null, ""amparoLegalCriterioDesempate"": null, ""paisOrigemProdutoServico"": null, ""localidadeExterior"": null, ""ordemClassificacaoSrp"": 1, ""dataResultado"": ""2025-10-10"", ""motivoCancelamento"": null, ""numeroControlePNCPCompra"": ""15126437000305-1-002276/2025"", ""situacaoCompraItemResultadoId"": 1, ""porteFornecedorNome"": ""ME"", ""situacaoCompraItemResultadoNome"": ""Informado"", ""sequencialResultado"": 1, ""naturezaJuridicaNome"": ""Empresário (Individual)"", ""localidadeFornecedor"": null, ""aplicacaoMargemPreferencia"": false, ""aplicacaoBeneficioMeEpp"": false, ""aplicacaoCriterioDesempate"": false, ""naturezaJuridicaId"": ""2135""}";2026-09-12T20:11:47.661475
23066905000160-1-000026/2025;4;1;28491434000150;DARKLE R ARAUJO;PJ;EPP;100.0;5.89;589.0;1;Informado;2025-09-26;;0;sentinela/ausente sem motivo nem situacao de cancelamento -> nao cancelado;;1;Não se aplica;1.0;"{""indicadorSubcontratacao"": false, ""numeroItem"": 4, ""dataInclusao"": ""2025-09-26T08:44:41"", ""niFornecedor"": ""28491434000150"", ""dataCancelamento"": null, ""dataAtualizacao"": ""2025-09-26T08:44:41"", ""tipoPessoa"": ""PJ"", ""nomeRazaoSocialFornecedor"": ""DARKLE R ARAUJO"", ""valorTotalHomologado"": 589.0, ""reservaRemanescente"": {""codigo"": 1, ""nome"": ""Não se aplica""}, ""timezoneCotacaoMoedaEstrangeira"": null, ""moedaEstrangeira"": null, ""valorNominalMoedaEstrangeira"": null, ""dataCotacaoMoedaEstrangeira"": null, ""codigoPais"": ""BRA"", ""porteFornecedorId"": 2, ""quantidadeHomologada"": 100.0, ""valorUnitarioHomologado"": 5.89, ""percentualDesconto"": 0.0, ""amparoLegalMargemPreferencia"": null, ""amparoLegalCriterioDesempate"": null, ""paisOrigemProdutoServico"": null, ""localidadeExterior"": null, ""ordemClassificacaoSrp"": 1, ""dataResultado"": ""2025-09-26"", ""motivoCancelamento"": null, ""numeroControlePNCPCompra"": ""23066905000160-1-000026/2025"", ""situacaoCompraItemResultadoId"": 1, ""porteFornecedorNome"": ""EPP"", ""situacaoCompraItemResultadoNome"": ""Informado"", ""sequencialResultado"": 1, ""naturezaJuridicaNome"": ""Natureza Jurídica não informada"", ""localidadeFornecedor"": null, ""aplicacaoMargemPreferencia"": false, ""aplicacaoBeneficioMeEpp"": false, ""aplicacaoCriterioDesempate"": false, ""naturezaJuridicaId"": ""0000""}";2026-09-12T20:11:50.360587
00593411000138-1-000009/2025;8;1;34865808000234;DULCELINA C. BARBOSA LTDA;PJ;ME;3.0;35.33;105.99;1;Informado;2025-10-15;;0;sentinela/ausente sem motivo nem situacao de cancelamento -> nao cancelado;;1;Não se aplica;;"{""indicadorSubcontratacao"": false, ""numeroItem"": 8, ""dataInclusao"": ""2025-10-15T10:58:00"", ""niFornecedor"": ""34865808000234"", ""dataCancelamento"": null, ""dataAtualizacao"": ""2025-10-15T10:58:00"", ""tipoPessoa"": ""PJ"", ""nomeRazaoSocialFornecedor"": ""DULCELINA C. BARBOSA LTDA"", ""valorTotalHomologado"": 105.99, ""reservaRemanescente"": {""codigo"": 1, ""nome"": ""Não se aplica""}, ""timezoneCotacaoMoedaEstrangeira"": null, ""moedaEstrangeira"": null, ""valorNominalMoedaEstrangeira"": null, ""dataCotacaoMoedaEstrangeira"": null, ""codigoPais"": ""BRA"", ""porteFornecedorId"": 1, ""quantidadeHomologada"": 3.0, ""valorUnitarioHomologado"": 35.33, ""percentualDesconto"": 0.0, ""amparoLegalMargemPreferencia"": null, ""amparoLegalCriterioDesempate"": null, ""paisOrigemProdutoServico"": null, ""localidadeExterior"": null, ""ordemClassificacaoSrp"": null, ""dataResultado"": ""2025-10-15"", ""motivoCancelamento"": null, ""numeroControlePNCPCompra"": ""00593411000138-1-000009/2025"", ""situacaoCompraItemResultadoId"": 1, ""porteFornecedorNome"": ""ME"", ""situacaoCompraItemResultadoNome"": ""Informado"", ""sequencialResultado"": 1, ""naturezaJuridicaNome"": ""Sociedade Empresária Limitada"", ""localidadeFornecedor"": null, ""aplicacaoMargemPreferencia"": false, ""aplicacaoBeneficioMeEpp"": false, ""aplicacaoCriterioDesempate"": false, ""naturezaJuridicaId"": ""2062""}";2026-09-12T20:11:53.681746
00593411000138-1-000009/2025;9;1;34865808000234;DULCELINA C. BARBOSA LTDA;PJ;ME;3.0;35.4;106.2;1;Informado;2025-10-15;;0;sentinela/ausente sem motivo nem situacao de cancelamento -> nao cancelado;;1;Não se aplica;;"{""indicadorSubcontratacao"": false, ""numeroItem"": 9, ""dataInclusao"": ""2025-10-15T10:58:00"", ""niFornecedor"": ""34865808000234"", ""dataCancelamento"": null, ""dataAtualizacao"": ""2025-10-15T10:58:00"", ""tipoPessoa"": ""PJ"", ""nomeRazaoSocialFornecedor"": ""DULCELINA C. BARBOSA LTDA"", ""valorTotalHomologado"": 106.2, ""reservaRemanescente"": {""codigo"": 1, ""nome"": ""Não se aplica""}, ""timezoneCotacaoMoedaEstrangeira"": null, ""moedaEstrangeira"": null, ""valorNominalMoedaEstrangeira"": null, ""dataCotacaoMoedaEstrangeira"": null, ""codigoPais"": ""BRA"", ""porteFornecedorId"": 1, ""quantidadeHomologada"": 3.0, ""valorUnitarioHomologado"": 35.4, ""percentualDesconto"": 0.0, ""amparoLegalMargemPreferencia"": null, ""amparoLegalCriterioDesempate"": null, ""paisOrigemProdutoServico"": null, ""localidadeExterior"": null, ""ordemClassificacaoSrp"": null, ""dataResultado"": ""2025-10-15"", ""motivoCancelamento"": null, ""numeroControlePNCPCompra"": ""00593411000138-1-000009/2025"", ""situacaoCompraItemResultadoId"": 1, ""porteFornecedorNome"": ""ME"", ""situacaoCompraItemResultadoNome"": ""Informado"", ""sequencialResultado"": 1, ""naturezaJuridicaNome"": ""Sociedade Empresária Limitada"", ""localidadeFornecedor"": null, ""aplicacaoMargemPreferencia"": false, ""aplicacaoBeneficioMeEpp"": false, ""aplicacaoCriterioDesempate"": false, ""naturezaJuridicaId"": ""2062""}";2026-09-12T20:11:57.451692
05986427000124-1-000018/2025;1;1;16537246000137;RIO GRANDE EMPREENDIMENTOS LTDA;PJ;Não Informado;130.0;92.25;11992.5;1;Informado;2025-12-01;;0;sentinela/ausente sem motivo nem situacao de cancelamento -> nao cancelado;;1;Não se aplica;1.0;"{""indicadorSubcontratacao"": false, ""numeroItem"": 1, ""dataInclusao"": ""2025-12-01T12:01:51"", ""niFornecedor"": ""16537246000137"", ""dataCancelamento"": null, ""dataAtualizacao"": ""2025-12-01T12:01:51"", ""tipoPessoa"": ""PJ"", ""nomeRazaoSocialFornecedor"": ""RIO GRANDE EMPREENDIMENTOS LTDA"", ""valorTotalHomologado"": 11992.5, ""reservaRemanescente"": {""codigo"": 1, ""nome"": ""Não se aplica""}, ""timezoneCotacaoMoedaEstrangeira"": null, ""moedaEstrangeira"": null, ""valorNominalMoedaEstrangeira"": null, ""dataCotacaoMoedaEstrangeira"": null, ""codigoPais"": ""BRA"", ""porteFornecedorId"": 5, ""quantidadeHomologada"": 130.0, ""valorUnitarioHomologado"": 92.25, ""percentualDesconto"": 0.0, ""amparoLegalMargemPreferencia"": null, ""amparoLegalCriterioDesempate"": null, ""paisOrigemProdutoServico"": null, ""localidadeExterior"": null, ""ordemClassificacaoSrp"": 1, ""dataResultado"": ""2025-12-01"", ""motivoCancelamento"": null, ""numeroControlePNCPCompra"": ""05986427000124-1-000018/2025"", ""situacaoCompraItemResultadoId"": 1, ""porteFornecedorNome"": ""Não Informado"", ""situacaoCompraItemResultadoNome"": ""Informado"", ""sequencialResultado"": 1, ""naturezaJuridicaNome"": null, ""localidadeFornecedor"": null, ""aplicacaoMargemPreferencia"": false, ""aplicacaoBeneficioMeEpp"": false, ""aplicacaoCriterioDesempate"": false, ""naturezaJuridicaId"": null}";2026-09-12T20:12:00.775469
05986427000124-1-000018/2025;8;1;16537246000137;RIO GRANDE EMPREENDIMENTOS LTDA;PJ;Não Informado;2380.0;9.35;22253.0;1;Informado;2025-12-01;;0;sentinela/ausente sem motivo nem situacao de cancelamento -> nao cancelado;;1;Não se aplica;1.0;"{""indicadorSubcontratacao"": false, ""dataInclusao"": ""2025-12-01T12:01:51"", ""numeroItem"": 8, ""niFornecedor"": ""16537246000137"", ""dataCancelamento"": null, ""dataAtualizacao"": ""2025-12-01T12:01:51"", ""tipoPessoa"": ""PJ"", ""nomeRazaoSocialFornecedor"": ""RIO GRANDE EMPREENDIMENTOS LTDA"", ""valorTotalHomologado"": 22253.0, ""reservaRemanescente"": {""codigo"": 1, ""nome"": ""Não se aplica""}, ""timezoneCotacaoMoedaEstrangeira"": null, ""moedaEstrangeira"": null, ""valorNominalMoedaEstrangeira"": null, ""dataCotacaoMoedaEstrangeira"": null, ""codigoPais"": ""BRA"", ""porteFornecedorId"": 5, ""quantidadeHomologada"": 2380.0, ""valorUnitarioHomologado"": 9.35, ""percentualDesconto"": 0.0, ""amparoLegalMargemPreferencia"": null, ""amparoLegalCriterioDesempate"": null, ""paisOrigemProdutoServico"": null, ""localidadeExterior"": null, ""ordemClassificacaoSrp"": 1, ""dataResultado"": ""2025-12-01"", ""motivoCancelamento"": null, ""numeroControlePNCPCompra"": ""05986427000124-1-000018/2025"", ""situacaoCompraItemResultadoId"": 1, ""porteFornecedorNome"": ""Não Informado"", ""situacaoCompraItemResultadoNome"": ""Informado"", ""sequencialResultado"": 1, ""naturezaJuridicaNome"": null, ""localidadeFornecedor"": null, ""aplicacaoMargemPreferencia"": false, ""aplicacaoBeneficioMeEpp"": false, ""aplicacaoCriterioDesempate"": false, ""naturezaJuridicaId"": null}";2026-09-12T20:12:01.660591
04199826000182-1-000009/2025;10;1;21496889000110;NORT MAIS LTDA;PJ;ME;13.0;26.0;338.0;1;Informado;2025-10-16;;0;sentinela/ausente sem motivo nem situacao de cancelamento -> nao cancelado;;1;Não se aplica;1.0;"{""indicadorSubcontratacao"": false, ""numeroItem"": 10, ""dataInclusao"": ""2025-10-16T14:51:52"", ""niFornecedor"": ""21496889000110"", ""dataCancelamento"": null, ""dataAtualizacao"": ""2025-10-16T14:51:52"", ""tipoPessoa"": ""PJ"", ""nomeRazaoSocialFornecedor"": ""NORT MAIS LTDA"", ""valorTotalHomologado"": 338.0, ""reservaRemanescente"": {""codigo"": 1, ""nome"": ""Não se aplica""}, ""timezoneCotacaoMoedaEstrangeira"": null, ""moedaEstrangeira"": null, ""valorNominalMoedaEstrangeira"": null, ""dataCotacaoMoedaEstrangeira"": null, ""codigoPais"": ""BRA"", ""porteFornecedorId"": 1, ""quantidadeHomologada"": 13.0, ""valorUnitarioHomologado"": 26.0, ""percentualDesconto"": 0.0, ""amparoLegalMargemPreferencia"": null, ""amparoLegalCriterioDesempate"": null, ""paisOrigemProdutoServico"": null, ""localidadeExterior"": null, ""ordemClassificacaoSrp"": 1, ""dataResultado"": ""2025-10-16"", ""motivoCancelamento"": null, ""numeroControlePNCPCompra"": ""04199826000182-1-000009/2025"", ""situacaoCompraItemResultadoId"": 1, ""porteFornecedorNome"": ""ME"", ""situacaoCompraItemResultadoNome"": ""Informado"", ""sequencialResultado"": 1, ""naturezaJuridicaNome"": ""Sociedade Empresária Limitada"", ""localidadeFornecedor"": null, ""aplicacaoMargemPreferencia"": false, ""aplicacaoBeneficioMeEpp"": false, ""aplicacaoCriterioDesempate"": false, ""naturezaJuridicaId"": ""2062""}";2026-09-12T20:12:04.280925
03592977000133-1-000023/2025;1;1;23085871000150;C.L.C. MAUES LTDA;PJ;ME;200.0;1.62;324.0;1;Informado;2026-01-15;;0;sentinela/ausente sem motivo nem situacao de cancelamento -> nao cancelado;;1;Não se aplica;1.0;"{""indicadorSubcontratacao"": false, ""numeroItem"": 1, ""dataInclusao"": ""2026-01-15T11:23:49"", ""niFornecedor"": ""23085871000150"", ""dataCancelamento"": null, ""dataAtualizacao"": ""2026-01-15T11:23:49"", ""tipoPessoa"": ""PJ"", ""nomeRazaoSocialFornecedor"": ""C.L.C. MAUES LTDA"", ""valorTotalHomologado"": 324.0, ""reservaRemanescente"": {""codigo"": 1, ""nome"": ""Não se aplica""}, ""timezoneCotacaoMoedaEstrangeira"": null, ""moedaEstrangeira"": null, ""valorNominalMoedaEstrangeira"": null, ""dataCotacaoMoedaEstrangeira"": null, ""codigoPais"": ""BRA"", ""porteFornecedorId"": 1, ""quantidadeHomologada"": 200.0, ""valorUnitarioHomologado"": 1.62, ""percentualDesconto"": 0.0, ""amparoLegalMargemPreferencia"": null, ""amparoLegalCriterioDesempate"": null, ""paisOrigemProdutoServico"": null, ""localidadeExterior"": null, ""ordemClassificacaoSrp"": 1, ""dataResultado"": ""2026-01-15"", ""motivoCancelamento"": null, ""numeroControlePNCPCompra"": ""03592977000133-1-000023/2025"", ""situacaoCompraItemResultadoId"": 1, ""porteFornecedorNome"": ""ME"", ""situacaoCompraItemResultadoNome"": ""Informado"", ""sequencialResultado"": 1, ""naturezaJuridicaNome"": ""Sociedade Empresária Limitada"", ""localidadeFornecedor"": null, ""aplicacaoMargemPreferencia"": false, ""aplicacaoBeneficioMeEpp"": false, ""aplicacaoCriterioDesempate"": false, ""naturezaJuridicaId"": ""2062""}";2026-09-12T20:12:07.263325
03592977000133-1-000023/2025;2;1;23085871000150;C.L.C. MAUES LTDA;PJ;ME;200.0;1.62;324.0;1;Informado;2026-01-15;;0;sentinela/ausente sem motivo nem situacao de cancelamento -> nao cancelado;;1;Não se aplica;1.0;"{""indicadorSubcontratacao"": false, ""dataInclusao"": ""2026-01-15T11:23:49"", ""numeroItem"": 2, ""niFornecedor"": ""23085871000150"", ""dataCancelamento"": null, ""dataAtualizacao"": ""2026-01-15T11:23:49"", ""tipoPessoa"": ""PJ"", ""nomeRazaoSocialFornecedor"": ""C.L.C. MAUES LTDA"", ""valorTotalHomologado"": 324.0, ""reservaRemanescente"": {""codigo"": 1, ""nome"": ""Não se aplica""}, ""timezoneCotacaoMoedaEstrangeira"": null, ""moedaEstrangeira"": null, ""valorNominalMoedaEstrangeira"": null, ""dataCotacaoMoedaEstrangeira"": null, ""codigoPais"": ""BRA"", ""porteFornecedorId"": 1, ""quantidadeHomologada"": 200.0, ""valorUnitarioHomologado"": 1.62, ""percentualDesconto"": 0.0, ""amparoLegalMargemPreferencia"": null, ""amparoLegalCriterioDesempate"": null, ""paisOrigemProdutoServico"": null, ""localidadeExterior"": null, ""ordemClassificacaoSrp"": 1, ""dataResultado"": ""2026-01-15"", ""motivoCancelamento"": null, ""numeroControlePNCPCompra"": ""03592977000133-1-000023/2025"", ""situacaoCompraItemResultadoId"": 1, ""porteFornecedorNome"": ""ME"", ""situacaoCompraItemResultadoNome"": ""Informado"", ""sequencialResultado"": 1, ""naturezaJuridicaNome"": ""Sociedade Empresária Limitada"", ""localidadeFornecedor"": null, ""aplicacaoMargemPreferencia"": false, ""aplicacaoBeneficioMeEpp"": false, ""aplicacaoCriterioDesempate"": false, ""naturezaJuridicaId"": ""2062""}";2026-09-12T20:12:08.149300
03592977000133-1-000023/2025;3;1;23085871000150;C.L.C. MAUES LTDA;PJ;ME;200.0;1.62;324.0;1;Informado;2026-01-15;;0;sentinela/ausente sem motivo nem situacao de cancelamento -> nao cancelado;;1;Não se aplica;1.0;"{""indicadorSubcontratacao"": false, ""numeroItem"": 3, ""dataInclusao"": ""2026-01-15T11:23:49"", ""niFornecedor"": ""23085871000150"", ""dataCancelamento"": null, ""dataAtualizacao"": ""2026-01-15T11:23:49"", ""tipoPessoa"": ""PJ"", ""nomeRazaoSocialFornecedor"": ""C.L.C. MAUES LTDA"", ""valorTotalHomologado"": 324.0, ""reservaRemanescente"": {""codigo"": 1, ""nome"": ""Não se aplica""}, ""timezoneCotacaoMoedaEstrangeira"": null, ""moedaEstrangeira"": null, ""valorNominalMoedaEstrangeira"": null, ""dataCotacaoMoedaEstrangeira"": null, ""codigoPais"": ""BRA"", ""porteFornecedorId"": 1, ""quantidadeHomologada"": 200.0, ""valorUnitarioHomologado"": 1.62, ""percentualDesconto"": 0.0, ""amparoLegalMargemPreferencia"": null, ""amparoLegalCriterioDesempate"": null, ""paisOrigemProdutoServico"": null, ""localidadeExterior"": null, ""ordemClassificacaoSrp"": 1, ""dataResultado"": ""2026-01-15"", ""motivoCancelamento"": null, ""numeroControlePNCPCompra"": ""03592977000133-1-000023/2025"", ""situacaoCompraItemResultadoId"": 1, ""porteFornecedorNome"": ""ME"", ""situacaoCompraItemResultadoNome"": ""Informado"", ""sequencialResultado"": 1, ""naturezaJuridicaNome"": ""Sociedade Empresária Limitada"", ""localidadeFornecedor"": null, ""aplicacaoMargemPreferencia"": false, ""aplicacaoBeneficioMeEpp"": false, ""aplicacaoCriterioDesempate"": false, ""naturezaJuridicaId"": ""2062""}";2026-09-12T20:12:11.263289
03592977000133-1-000023/2025;4;1;23085871000150;C.L.C. MAUES LTDA;PJ;ME;200.0;1.62;324.0;1;Informado;2026-01-15;;0;sentinela/ausente sem motivo nem situacao de cancelamento -> nao cancelado;;1;Não se aplica;1.0;"{""indicadorSubcontratacao"": false, ""dataInclusao"": ""2026-01-15T11:23:49"", ""numeroItem"": 4, ""niFornecedor"": ""23085871000150"", ""dataCancelamento"": null, ""dataAtualizacao"": ""2026-01-15T11:23:49"", ""tipoPessoa"": ""PJ"", ""nomeRazaoSocialFornecedor"": ""C.L.C. MAUES LTDA"", ""valorTotalHomologado"": 324.0, ""reservaRemanescente"": {""codigo"": 1, ""nome"": ""Não se aplica""}, ""timezoneCotacaoMoedaEstrangeira"": null, ""moedaEstrangeira"": null, ""valorNominalMoedaEstrangeira"": null, ""dataCotacaoMoedaEstrangeira"": null, ""codigoPais"": ""BRA"", ""porteFornecedorId"": 1, ""quantidadeHomologada"": 200.0, ""valorUnitarioHomologado"": 1.62, ""percentualDesconto"": 0.0, ""amparoLegalMargemPreferencia"": null, ""amparoLegalCriterioDesempate"": null, ""paisOrigemProdutoServico"": null, ""localidadeExterior"": null, ""ordemClassificacaoSrp"": 1, ""dataResultado"": ""2026-01-15"", ""motivoCancelamento"": null, ""numeroControlePNCPCompra"": ""03592977000133-1-000023/2025"", ""situacaoCompraItemResultadoId"": 1, ""porteFornecedorNome"": ""ME"", ""situacaoCompraItemResultadoNome"": ""Informado"", ""sequencialResultado"": 1, ""naturezaJuridicaNome"": ""Sociedade Empresária Limitada"", ""localidadeFornecedor"": null, ""aplicacaoMargemPreferencia"": false, ""aplicacaoBeneficioMeEpp"": false, ""aplicacaoCriterioDesempate"": false, ""naturezaJuridicaId"": ""2062""}";2026-09-12T20:12:12.144256
03592977000133-1-000023/2025;5;1;23085871000150;C.L.C. MAUES LTDA;PJ;ME;200.0;1.62;324.0;1;Informado;2026-01-15;;0;sentinela/ausente sem motivo nem situacao de cancelamento -> nao cancelado;;1;Não se aplica;1.0;"{""indicadorSubcontratacao"": false, ""numeroItem"": 5, ""dataInclusao"": ""2026-01-15T11:23:49"", ""niFornecedor"": ""23085871000150"", ""dataCancelamento"": null, ""dataAtualizacao"": ""2026-01-15T11:23:49"", ""tipoPessoa"": ""PJ"", ""nomeRazaoSocialFornecedor"": ""C.L.C. MAUES LTDA"", ""valorTotalHomologado"": 324.0, ""reservaRemanescente"": {""codigo"": 1, ""nome"": ""Não se aplica""}, ""timezoneCotacaoMoedaEstrangeira"": null, ""moedaEstrangeira"": null, ""valorNominalMoedaEstrangeira"": null, ""dataCotacaoMoedaEstrangeira"": null, ""codigoPais"": ""BRA"", ""porteFornecedorId"": 1, ""quantidadeHomologada"": 200.0, ""valorUnitarioHomologado"": 1.62, ""percentualDesconto"": 0.0, ""amparoLegalMargemPreferencia"": null, ""amparoLegalCriterioDesempate"": null, ""paisOrigemProdutoServico"": null, ""localidadeExterior"": null, ""ordemClassificacaoSrp"": 1, ""dataResultado"": ""2026-01-15"", ""motivoCancelamento"": null, ""numeroControlePNCPCompra"": ""03592977000133-1-000023/2025"", ""situacaoCompraItemResultadoId"": 1, ""porteFornecedorNome"": ""ME"", ""situacaoCompraItemResultadoNome"": ""Informado"", ""sequencialResultado"": 1, ""naturezaJuridicaNome"": ""Sociedade Empresária Limitada"", ""localidadeFornecedor"": null, ""aplicacaoMargemPreferencia"": false, ""aplicacaoBeneficioMeEpp"": false, ""aplicacaoCriterioDesempate"": false, ""naturezaJuridicaId"": ""2062""}";2026-09-12T20:12:15.362745
34869354000199-1-000141/2025;3;1;23085871000150;C.L.C. MAUES LTDA;PJ;ME;5000.0;1.45;7250.0;1;Informado;2025-11-06;;0;sentinela/ausente sem motivo nem situacao de cancelamento -> nao cancelado;;1;Não se aplica;1.0;"{""naturezaJuridicaId"": ""2062"", ""reservaRemanescente"": {""codigo"": 1, ""nome"": ""Não se aplica""}, ""timezoneCotacaoMoedaEstrangeira"": null, ""moedaEstrangeira"": null, ""indicadorSubcontratacao"": false, ""dataInclusao"": ""2025-11-06T08:30:27"", ""numeroItem"": 3, ""niFornecedor"": ""23085871000150"", ""dataCancelamento"": null, ""dataAtualizacao"": ""2025-11-06T08:30:27"", ""tipoPessoa"": ""PJ"", ""nomeRazaoSocialFornecedor"": ""C.L.C. MAUES LTDA"", ""valorTotalHomologado"": 7250.0, ""valorNominalMoedaEstrangeira"": null, ""dataCotacaoMoedaEstrangeira"": null, ""codigoPais"": ""BRA"", ""porteFornecedorId"": 1, ""quantidadeHomologada"": 5000.0, ""valorUnitarioHomologado"": 1.45, ""percentualDesconto"": 0.0, ""amparoLegalMargemPreferencia"": null, ""amparoLegalCriterioDesempate"": null, ""paisOrigemProdutoServico"": null, ""localidadeExterior"": null, ""ordemClassificacaoSrp"": 1, ""dataResultado"": ""2025-11-06"", ""motivoCancelamento"": null, ""numeroControlePNCPCompra"": ""34869354000199-1-000141/2025"", ""aplicacaoMargemPreferencia"": false, ""aplicacaoBeneficioMeEpp"": false, ""aplicacaoCriterioDesempate"": false, ""situacaoCompraItemResultadoId"": 1, ""porteFornecedorNome"": ""ME"", ""situacaoCompraItemResultadoNome"": ""Informado"", ""sequencialResultado"": 1, ""naturezaJuridicaNome"": ""Sociedade Empresária Limitada"", ""localidadeFornecedor"": null}";2026-09-12T20:12:16.251545
34869354000199-1-000141/2025;4;1;23085871000150;C.L.C. MAUES LTDA;PJ;ME;5000.0;1.35;6750.0;1;Informado;2025-11-06;;0;sentinela/ausente sem motivo nem situacao de cancelamento -> nao cancelado;;1;Não se aplica;1.0;"{""naturezaJuridicaId"": ""2062"", ""reservaRemanescente"": {""codigo"": 1, ""nome"": ""Não se aplica""}, ""timezoneCotacaoMoedaEstrangeira"": null, ""moedaEstrangeira"": null, ""indicadorSubcontratacao"": false, ""dataInclusao"": ""2025-11-06T08:30:27"", ""numeroItem"": 4, ""niFornecedor"": ""23085871000150"", ""dataCancelamento"": null, ""dataAtualizacao"": ""2025-11-06T08:30:27"", ""tipoPessoa"": ""PJ"", ""nomeRazaoSocialFornecedor"": ""C.L.C. MAUES LTDA"", ""valorTotalHomologado"": 6750.0, ""valorNominalMoedaEstrangeira"": null, ""dataCotacaoMoedaEstrangeira"": null, ""codigoPais"": ""BRA"", ""porteFornecedorId"": 1, ""quantidadeHomologada"": 5000.0, ""valorUnitarioHomologado"": 1.35, ""percentualDesconto"": 0.0, ""amparoLegalMargemPreferencia"": null, ""amparoLegalCriterioDesempate"": null, ""paisOrigemProdutoServico"": null, ""localidadeExterior"": null, ""ordemClassificacaoSrp"": 1, ""dataResultado"": ""2025-11-06"", ""motivoCancelamento"": null, ""numeroControlePNCPCompra"": ""34869354000199-1-000141/2025"", ""aplicacaoMargemPreferencia"": false, ""aplicacaoBeneficioMeEpp"": false, ""aplicacaoCriterioDesempate"": false, ""situacaoCompraItemResultadoId"": 1, ""porteFornecedorNome"": ""ME"", ""situacaoCompraItemResultadoNome"": ""Informado"", ""sequencialResultado"": 1, ""naturezaJuridicaNome"": ""Sociedade Empresária Limitada"", ""localidadeFornecedor"": null}";2026-09-12T20:12:17.136493
00394452000103-1-021772/2025;2;1;33101460000165;CASA VAREJAO ARTIGOS DESPORTIVOS LTDA;PJ;ME;95.0;24.0;2280.0;1;Informado;2026-02-24;;0;sentinela/ausente sem motivo nem situacao de cancelamento -> nao cancelado;;1;Não se aplica;1.0;"{""indicadorSubcontratacao"": false, ""dataInclusao"": ""2026-02-24T09:46:42"", ""numeroItem"": 2, ""niFornecedor"": ""33101460000165"", ""dataCancelamento"": null, ""dataAtualizacao"": ""2026-02-24T09:46:42"", ""tipoPessoa"": ""PJ"", ""nomeRazaoSocialFornecedor"": ""CASA VAREJAO ARTIGOS DESPORTIVOS LTDA"", ""valorTotalHomologado"": 2280.0, ""reservaRemanescente"": {""codigo"": 1, ""nome"": ""Não se aplica""}, ""timezoneCotacaoMoedaEstrangeira"": null, ""moedaEstrangeira"": null, ""valorNominalMoedaEstrangeira"": null, ""dataCotacaoMoedaEstrangeira"": null, ""codigoPais"": ""BRA"", ""porteFornecedorId"": 1, ""quantidadeHomologada"": 95.0, ""valorUnitarioHomologado"": 24.0, ""percentualDesconto"": 0.0, ""amparoLegalMargemPreferencia"": null, ""amparoLegalCriterioDesempate"": null, ""paisOrigemProdutoServico"": null, ""localidadeExterior"": null, ""ordemClassificacaoSrp"": 1, ""dataResultado"": ""2026-02-24"", ""motivoCancelamento"": null, ""numeroControlePNCPCompra"": ""00394452000103-1-021772/2025"", ""situacaoCompraItemResultadoId"": 1, ""porteFornecedorNome"": ""ME"", ""situacaoCompraItemResultadoNome"": ""Informado"", ""sequencialResultado"": 1, ""naturezaJuridicaNome"": ""Sociedade Empresária Limitada"", ""localidadeFornecedor"": null, ""aplicacaoMargemPreferencia"": false, ""aplicacaoBeneficioMeEpp"": false, ""aplicacaoCriterioDesempate"": false, ""naturezaJuridicaId"": ""2062""}";2026-09-12T20:12:18.022659
00394502000144-1-013755/2025;1;1;35338366000150;HF7 COMERCIO E SERVICOS LTDA;PJ;ME;50.0;29.65;1482.5;1;Informado;2026-01-19;;0;sentinela/ausente sem motivo nem situacao de cancelamento -> nao cancelado;;1;Não se aplica;1.0;"{""indicadorSubcontratacao"": false, ""niFornecedor"": ""35338366000150"", ""dataCancelamento"": null, ""dataAtualizacao"": ""2026-01-19T09:28:31"", ""tipoPessoa"": ""PJ"", ""nomeRazaoSocialFornecedor"": ""HF7 COMERCIO E SERVICOS LTDA"", ""dataInclusao"": ""2026-01-19T09:28:31"", ""numeroItem"": 1, ""valorTotalHomologado"": 1482.5, ""reservaRemanescente"": {""codigo"": 1, ""nome"": ""Não se aplica""}, ""timezoneCotacaoMoedaEstrangeira"": null, ""moedaEstrangeira"": null, ""valorNominalMoedaEstrangeira"": null, ""dataCotacaoMoedaEstrangeira"": null, ""codigoPais"": ""BRA"", ""porteFornecedorId"": 1, ""quantidadeHomologada"": 50.0, ""valorUnitarioHomologado"": 29.65, ""percentualDesconto"": 0.0, ""amparoLegalMargemPreferencia"": null, ""amparoLegalCriterioDesempate"": null, ""paisOrigemProdutoServico"": null, ""localidadeExterior"": null, ""ordemClassificacaoSrp"": 1, ""dataResultado"": ""2026-01-19"", ""motivoCancelamento"": null, ""numeroControlePNCPCompra"": ""00394502000144-1-013755/2025"", ""aplicacaoMargemPreferencia"": false, ""aplicacaoBeneficioMeEpp"": false, ""situacaoCompraItemResultadoId"": 1, ""porteFornecedorNome"": ""ME"", ""situacaoCompraItemResultadoNome"": ""Informado"", ""sequencialResultado"": 1, ""naturezaJuridicaNome"": ""Sociedade Empresária Limitada"", ""localidadeFornecedor"": null, ""aplicacaoCriterioDesempate"": false, ""naturezaJuridicaId"": ""2062""}";2026-09-12T20:12:21.832782
00394502000144-1-013755/2025;4;1;04437177000100;A. SALOMAO DE ALMEIDA;PJ;ME;50.0;39.9;1995.0;1;Informado;2026-01-19;;0;sentinela/ausente sem motivo nem situacao de cancelamento -> nao cancelado;;1;Não se aplica;1.0;"{""naturezaJuridicaId"": ""2135"", ""reservaRemanescente"": {""codigo"": 1, ""nome"": ""Não se aplica""}, ""timezoneCotacaoMoedaEstrangeira"": null, ""moedaEstrangeira"": null, ""indicadorSubcontratacao"": false, ""dataInclusao"": ""2026-01-19T09:28:31"", ""numeroItem"": 4, ""niFornecedor"": ""04437177000100"", ""dataCancelamento"": null, ""dataAtualizacao"": ""2026-01-19T09:28:31"", ""tipoPessoa"": ""PJ"", ""nomeRazaoSocialFornecedor"": ""A. SALOMAO DE ALMEIDA"", ""valorTotalHomologado"": 1995.0, ""valorNominalMoedaEstrangeira"": null, ""dataCotacaoMoedaEstrangeira"": null, ""codigoPais"": ""BRA"", ""porteFornecedorId"": 1, ""quantidadeHomologada"": 50.0, ""valorUnitarioHomologado"": 39.9, ""percentualDesconto"": 0.0, ""amparoLegalMargemPreferencia"": null, ""amparoLegalCriterioDesempate"": null, ""paisOrigemProdutoServico"": null, ""localidadeExterior"": null, ""ordemClassificacaoSrp"": 1, ""dataResultado"": ""2026-01-19"", ""motivoCancelamento"": null, ""numeroControlePNCPCompra"": ""00394502000144-1-013755/2025"", ""aplicacaoMargemPreferencia"": false, ""aplicacaoBeneficioMeEpp"": false, ""aplicacaoCriterioDesempate"": false, ""situacaoCompraItemResultadoId"": 1, ""porteFornecedorNome"": ""ME"", ""situacaoCompraItemResultadoNome"": ""Informado"", ""sequencialResultado"": 1, ""naturezaJuridicaNome"": ""Empresário (Individual)"", ""localidadeFornecedor"": null}";2026-09-12T20:12:22.701522
23066814000124-1-000029/2025;4;1;28491434000150;DARKLE R ARAUJO - ME;PJ;ME;2024.0;5.95;12042.8;1;Informado;2025-12-12;;0;sentinela/ausente sem motivo nem situacao de cancelamento -> nao cancelado;;1;Não se aplica;1.0;"{""indicadorSubcontratacao"": false, ""numeroItem"": 4, ""dataInclusao"": ""2025-12-12T10:58:51"", ""niFornecedor"": ""28491434000150"", ""dataCancelamento"": null, ""dataAtualizacao"": ""2025-12-12T10:58:51"", ""tipoPessoa"": ""PJ"", ""nomeRazaoSocialFornecedor"": ""DARKLE R ARAUJO - ME"", ""valorTotalHomologado"": 12042.8, ""reservaRemanescente"": {""codigo"": 1, ""nome"": ""Não se aplica""}, ""timezoneCotacaoMoedaEstrangeira"": null, ""moedaEstrangeira"": null, ""valorNominalMoedaEstrangeira"": null, ""dataCotacaoMoedaEstrangeira"": null, ""codigoPais"": ""BRA"", ""porteFornecedorId"": 1, ""quantidadeHomologada"": 2024.0, ""valorUnitarioHomologado"": 5.95, ""percentualDesconto"": 0.0, ""amparoLegalMargemPreferencia"": null, ""amparoLegalCriterioDesempate"": null, ""paisOrigemProdutoServico"": null, ""localidadeExterior"": null, ""ordemClassificacaoSrp"": 1, ""dataResultado"": ""2025-12-12"", ""motivoCancelamento"": null, ""numeroControlePNCPCompra"": ""23066814000124-1-000029/2025"", ""situacaoCompraItemResultadoId"": 1, ""porteFornecedorNome"": ""ME"", ""situacaoCompraItemResultadoNome"": ""Informado"", ""sequencialResultado"": 1, ""naturezaJuridicaNome"": null, ""localidadeFornecedor"": null, ""aplicacaoMargemPreferencia"": false, ""aplicacaoBeneficioMeEpp"": false, ""aplicacaoCriterioDesempate"": false, ""naturezaJuridicaId"": null}";2026-09-12T20:12:25.551569
10820882000195-1-000001/2026;1;1;58413536000119;58.413.536 MARCIO MESSIAS SIMAO NEVES;PJ;ME;710.0;3.7;2627.0;1;Informado;2026-01-26;;0;sentinela/ausente sem motivo nem situacao de cancelamento -> nao cancelado;;1;Não se aplica;1.0;"{""indicadorSubcontratacao"": false, ""numeroItem"": 1, ""dataInclusao"": ""2026-01-26T14:18:52"", ""niFornecedor"": ""58413536000119"", ""dataCancelamento"": null, ""dataAtualizacao"": ""2026-01-26T14:18:52"", ""tipoPessoa"": ""PJ"", ""nomeRazaoSocialFornecedor"": ""58.413.536 MARCIO MESSIAS SIMAO NEVES"", ""valorTotalHomologado"": 2627.0, ""reservaRemanescente"": {""codigo"": 1, ""nome"": ""Não se aplica""}, ""timezoneCotacaoMoedaEstrangeira"": null, ""moedaEstrangeira"": null, ""valorNominalMoedaEstrangeira"": null, ""dataCotacaoMoedaEstrangeira"": null, ""codigoPais"": ""BRA"", ""porteFornecedorId"": 1, ""quantidadeHomologada"": 710.0, ""valorUnitarioHomologado"": 3.7, ""percentualDesconto"": 0.0, ""amparoLegalMargemPreferencia"": null, ""amparoLegalCriterioDesempate"": null, ""paisOrigemProdutoServico"": null, ""localidadeExterior"": null, ""ordemClassificacaoSrp"": 1, ""dataResultado"": ""2026-01-26"", ""motivoCancelamento"": null, ""numeroControlePNCPCompra"": ""10820882000195-1-000001/2026"", ""situacaoCompraItemResultadoId"": 1, ""porteFornecedorNome"": ""ME"", ""situacaoCompraItemResultadoNome"": ""Informado"", ""sequencialResultado"": 1, ""naturezaJuridicaNome"": ""Empresário (Individual)"", ""localidadeFornecedor"": null, ""aplicacaoMargemPreferencia"": false, ""aplicacaoBeneficioMeEpp"": false, ""aplicacaoCriterioDesempate"": false, ""naturezaJuridicaId"": ""2135""}";2026-09-12T20:12:29.344523
10820882000195-1-000001/2026;10;1;54494740000150;M3. BUSINESS GROUP LTDA;PJ;ME;1600.0;0.49;784.0;1;Informado;2026-01-26;;0;sentinela/ausente sem motivo nem situacao de cancelamento -> nao cancelado;;1;Não se aplica;1.0;"{""indicadorSubcontratacao"": false, ""numeroItem"": 10, ""dataInclusao"": ""2026-01-26T14:18:53"", ""niFornecedor"": ""54494740000150"", ""dataCancelamento"": null, ""dataAtualizacao"": ""2026-01-26T14:18:53"", ""tipoPessoa"": ""PJ"", ""nomeRazaoSocialFornecedor"": ""M3. BUSINESS GROUP LTDA"", ""valorTotalHomologado"": 784.0, ""reservaRemanescente"": {""codigo"": 1, ""nome"": ""Não se aplica""}, ""timezoneCotacaoMoedaEstrangeira"": null, ""moedaEstrangeira"": null, ""valorNominalMoedaEstrangeira"": null, ""dataCotacaoMoedaEstrangeira"": null, ""codigoPais"": ""BRA"", ""porteFornecedorId"": 1, ""quantidadeHomologada"": 1600.0, ""valorUnitarioHomologado"": 0.49, ""percentualDesconto"": 0.0, ""amparoLegalMargemPreferencia"": null, ""amparoLegalCriterioDesempate"": null, ""paisOrigemProdutoServico"": null, ""localidadeExterior"": null, ""ordemClassificacaoSrp"": 1, ""dataResultado"": ""2026-01-26"", ""motivoCancelamento"": null, ""numeroControlePNCPCompra"": ""10820882000195-1-000001/2026"", ""situacaoCompraItemResultadoId"": 1, ""porteFornecedorNome"": ""ME"", ""situacaoCompraItemResultadoNome"": ""Informado"", ""sequencialResultado"": 1, ""naturezaJuridicaNome"": ""Sociedade Empresária Limitada"", ""localidadeFornecedor"": null, ""aplicacaoMargemPreferencia"": false, ""aplicacaoBeneficioMeEpp"": false, ""aplicacaoCriterioDesempate"": false, ""naturezaJuridicaId"": ""2062""}";2026-09-12T20:12:34.981803
23066814000124-1-000033/2025;1;1;53425573000123;L. S. CUNHA LTDA;PJ;ME;100.0;32.0;3200.0;1;Informado;2026-01-21;;0;sentinela/ausente sem motivo nem situacao de cancelamento -> nao cancelado;;1;Não se aplica;1.0;"{""indicadorSubcontratacao"": false, ""numeroItem"": 1, ""dataInclusao"": ""2026-01-21T11:58:36"", ""niFornecedor"": ""53425573000123"", ""dataCancelamento"": null, ""dataAtualizacao"": ""2026-01-21T11:58:36"", ""tipoPessoa"": ""PJ"", ""nomeRazaoSocialFornecedor"": ""L. S. CUNHA LTDA"", ""valorTotalHomologado"": 3200.0, ""reservaRemanescente"": {""codigo"": 1, ""nome"": ""Não se aplica""}, ""timezoneCotacaoMoedaEstrangeira"": null, ""moedaEstrangeira"": null, ""valorNominalMoedaEstrangeira"": null, ""dataCotacaoMoedaEstrangeira"": null, ""codigoPais"": ""BRA"", ""porteFornecedorId"": 1, ""quantidadeHomologada"": 100.0, ""valorUnitarioHomologado"": 32.0, ""percentualDesconto"": 0.0, ""amparoLegalMargemPreferencia"": null, ""amparoLegalCriterioDesempate"": null, ""paisOrigemProdutoServico"": null, ""localidadeExterior"": null, ""ordemClassificacaoSrp"": 1, ""dataResultado"": ""2026-01-21"", ""motivoCancelamento"": null, ""numeroControlePNCPCompra"": ""23066814000124-1-000033/2025"", ""situacaoCompraItemResultadoId"": 1, ""porteFornecedorNome"": ""ME"", ""situacaoCompraItemResultadoNome"": ""Informado"", ""sequencialResultado"": 1, ""naturezaJuridicaNome"": null, ""localidadeFornecedor"": null, ""aplicacaoMargemPreferencia"": false, ""aplicacaoBeneficioMeEpp"": false, ""aplicacaoCriterioDesempate"": false, ""naturezaJuridicaId"": null}";2026-09-12T20:12:38.052214
23066814000124-1-000033/2025;2;1;53425573000123;L. S. CUNHA LTDA;PJ;ME;60.0;43.2;2592.0;1;Informado;2026-01-21;;0;sentinela/ausente sem motivo nem situacao de cancelamento -> nao cancelado;;1;Não se aplica;1.0;"{""naturezaJuridicaId"": null, ""reservaRemanescente"": {""codigo"": 1, ""nome"": ""Não se aplica""}, ""timezoneCotacaoMoedaEstrangeira"": null, ""moedaEstrangeira"": null, ""indicadorSubcontratacao"": false, ""dataInclusao"": ""2026-01-21T11:58:37"", ""numeroItem"": 2, ""niFornecedor"": ""53425573000123"", ""dataCancelamento"": null, ""dataAtualizacao"": ""2026-01-21T11:58:37"", ""tipoPessoa"": ""PJ"", ""nomeRazaoSocialFornecedor"": ""L. S. CUNHA LTDA"", ""valorTotalHomologado"": 2592.0, ""valorNominalMoedaEstrangeira"": null, ""dataCotacaoMoedaEstrangeira"": null, ""codigoPais"": ""BRA"", ""porteFornecedorId"": 1, ""quantidadeHomologada"": 60.0, ""valorUnitarioHomologado"": 43.2, ""percentualDesconto"": 0.0, ""amparoLegalMargemPreferencia"": null, ""amparoLegalCriterioDesempate"": null, ""paisOrigemProdutoServico"": null, ""localidadeExterior"": null, ""ordemClassificacaoSrp"": 1, ""dataResultado"": ""2026-01-21"", ""motivoCancelamento"": null, ""numeroControlePNCPCompra"": ""23066814000124-1-000033/2025"", ""aplicacaoMargemPreferencia"": false, ""aplicacaoBeneficioMeEpp"": false, ""aplicacaoCriterioDesempate"": false, ""situacaoCompraItemResultadoId"": 1, ""porteFornecedorNome"": ""ME"", ""situacaoCompraItemResultadoNome"": ""Informado"", ""sequencialResultado"": 1, ""naturezaJuridicaNome"": null, ""localidadeFornecedor"": null}";2026-09-12T20:12:38.946685
23066814000124-1-000033/2025;3;1;53425573000123;L. S. CUNHA LTDA;PJ;ME;100.0;68.6;6860.0;1;Informado;2026-01-21;;0;sentinela/ausente sem motivo nem situacao de cancelamento -> nao cancelado;;1;Não se aplica;1.0;"{""indicadorSubcontratacao"": false, ""dataInclusao"": ""2026-01-21T11:58:38"", ""numeroItem"": 3, ""niFornecedor"": ""53425573000123"", ""dataCancelamento"": null, ""dataAtualizacao"": ""2026-01-21T11:58:38"", ""tipoPessoa"": ""PJ"", ""nomeRazaoSocialFornecedor"": ""L. S. CUNHA LTDA"", ""valorTotalHomologado"": 6860.0, ""reservaRemanescente"": {""codigo"": 1, ""nome"": ""Não se aplica""}, ""timezoneCotacaoMoedaEstrangeira"": null, ""moedaEstrangeira"": null, ""valorNominalMoedaEstrangeira"": null, ""dataCotacaoMoedaEstrangeira"": null, ""codigoPais"": ""BRA"", ""porteFornecedorId"": 1, ""quantidadeHomologada"": 100.0, ""valorUnitarioHomologado"": 68.6, ""percentualDesconto"": 0.0, ""amparoLegalMargemPreferencia"": null, ""amparoLegalCriterioDesempate"": null, ""paisOrigemProdutoServico"": null, ""localidadeExterior"": null, ""ordemClassificacaoSrp"": 1, ""dataResultado"": ""2026-01-21"", ""motivoCancelamento"": null, ""numeroControlePNCPCompra"": ""23066814000124-1-000033/2025"", ""situacaoCompraItemResultadoId"": 1, ""porteFornecedorNome"": ""ME"", ""situacaoCompraItemResultadoNome"": ""Informado"", ""sequencialResultado"": 1, ""naturezaJuridicaNome"": null, ""localidadeFornecedor"": null, ""aplicacaoMargemPreferencia"": false, ""aplicacaoBeneficioMeEpp"": false, ""aplicacaoCriterioDesempate"": false, ""naturezaJuridicaId"": null}";2026-09-12T20:12:39.822469
23066814000124-1-000033/2025;5;1;53425573000123;L. S. CUNHA LTDA;PJ;ME;200.0;201.3;40260.0;1;Informado;2026-01-21;;0;sentinela/ausente sem motivo nem situacao de cancelamento -> nao cancelado;;1;Não se aplica;1.0;"{""indicadorSubcontratacao"": false, ""numeroItem"": 5, ""dataInclusao"": ""2026-01-21T11:58:39"", ""niFornecedor"": ""53425573000123"", ""dataCancelamento"": null, ""dataAtualizacao"": ""2026-01-21T11:58:39"", ""tipoPessoa"": ""PJ"", ""nomeRazaoSocialFornecedor"": ""L. S. CUNHA LTDA"", ""valorTotalHomologado"": 40260.0, ""reservaRemanescente"": {""codigo"": 1, ""nome"": ""Não se aplica""}, ""timezoneCotacaoMoedaEstrangeira"": null, ""moedaEstrangeira"": null, ""valorNominalMoedaEstrangeira"": null, ""dataCotacaoMoedaEstrangeira"": null, ""codigoPais"": ""BRA"", ""porteFornecedorId"": 1, ""quantidadeHomologada"": 200.0, ""valorUnitarioHomologado"": 201.3, ""percentualDesconto"": 0.0, ""amparoLegalMargemPreferencia"": null, ""amparoLegalCriterioDesempate"": null, ""paisOrigemProdutoServico"": null, ""localidadeExterior"": null, ""ordemClassificacaoSrp"": 1, ""dataResultado"": ""2026-01-21"", ""motivoCancelamento"": null, ""numeroControlePNCPCompra"": ""23066814000124-1-000033/2025"", ""situacaoCompraItemResultadoId"": 1, ""porteFornecedorNome"": ""ME"", ""situacaoCompraItemResultadoNome"": ""Informado"", ""sequencialResultado"": 1, ""naturezaJuridicaNome"": null, ""localidadeFornecedor"": null, ""aplicacaoMargemPreferencia"": false, ""aplicacaoBeneficioMeEpp"": false, ""aplicacaoCriterioDesempate"": false, ""naturezaJuridicaId"": null}";2026-09-12T20:12:42.652232
23066814000124-1-000033/2025;6;1;53425573000123;L. S. CUNHA LTDA;PJ;ME;200.0;500.66;100132.0;1;Informado;2026-01-21;;0;sentinela/ausente sem motivo nem situacao de cancelamento -> nao cancelado;;1;Não se aplica;1.0;"{""indicadorSubcontratacao"": false, ""numeroItem"": 6, ""dataInclusao"": ""2026-01-21T11:58:40"", ""niFornecedor"": ""53425573000123"", ""dataCancelamento"": null, ""dataAtualizacao"": ""2026-01-21T11:58:40"", ""tipoPessoa"": ""PJ"", ""nomeRazaoSocialFornecedor"": ""L. S. CUNHA LTDA"", ""valorTotalHomologado"": 100132.0, ""reservaRemanescente"": {""codigo"": 1, ""nome"": ""Não se aplica""}, ""timezoneCotacaoMoedaEstrangeira"": null, ""moedaEstrangeira"": null, ""valorNominalMoedaEstrangeira"": null, ""dataCotacaoMoedaEstrangeira"": null, ""codigoPais"": ""BRA"", ""porteFornecedorId"": 1, ""quantidadeHomologada"": 200.0, ""valorUnitarioHomologado"": 500.66, ""percentualDesconto"": 0.0, ""amparoLegalMargemPreferencia"": null, ""amparoLegalCriterioDesempate"": null, ""paisOrigemProdutoServico"": null, ""localidadeExterior"": null, ""ordemClassificacaoSrp"": 1, ""dataResultado"": ""2026-01-21"", ""motivoCancelamento"": null, ""numeroControlePNCPCompra"": ""23066814000124-1-000033/2025"", ""situacaoCompraItemResultadoId"": 1, ""porteFornecedorNome"": ""ME"", ""situacaoCompraItemResultadoNome"": ""Informado"", ""sequencialResultado"": 1, ""naturezaJuridicaNome"": null, ""localidadeFornecedor"": null, ""aplicacaoMargemPreferencia"": false, ""aplicacaoBeneficioMeEpp"": false, ""aplicacaoCriterioDesempate"": false, ""naturezaJuridicaId"": null}";2026-09-12T20:12:45.871654
23066814000124-1-000033/2025;7;1;53425573000123;L. S. CUNHA LTDA;PJ;ME;200.0;268.8;53760.0;1;Informado;2026-01-21;;0;sentinela/ausente sem motivo nem situacao de cancelamento -> nao cancelado;;1;Não se aplica;1.0;"{""indicadorSubcontratacao"": false, ""niFornecedor"": ""53425573000123"", ""dataCancelamento"": null, ""dataAtualizacao"": ""2026-01-21T11:58:41"", ""tipoPessoa"": ""PJ"", ""nomeRazaoSocialFornecedor"": ""L. S. CUNHA LTDA"", ""dataInclusao"": ""2026-01-21T11:58:41"", ""numeroItem"": 7, ""valorTotalHomologado"": 53760.0, ""reservaRemanescente"": {""codigo"": 1, ""nome"": ""Não se aplica""}, ""timezoneCotacaoMoedaEstrangeira"": null, ""moedaEstrangeira"": null, ""valorNominalMoedaEstrangeira"": null, ""dataCotacaoMoedaEstrangeira"": null, ""codigoPais"": ""BRA"", ""porteFornecedorId"": 1, ""quantidadeHomologada"": 200.0, ""valorUnitarioHomologado"": 268.8, ""percentualDesconto"": 0.0, ""amparoLegalMargemPreferencia"": null, ""amparoLegalCriterioDesempate"": null, ""paisOrigemProdutoServico"": null, ""localidadeExterior"": null, ""ordemClassificacaoSrp"": 1, ""dataResultado"": ""2026-01-21"", ""motivoCancelamento"": null, ""numeroControlePNCPCompra"": ""23066814000124-1-000033/2025"", ""aplicacaoMargemPreferencia"": false, ""aplicacaoBeneficioMeEpp"": false, ""situacaoCompraItemResultadoId"": 1, ""porteFornecedorNome"": ""ME"", ""situacaoCompraItemResultadoNome"": ""Informado"", ""sequencialResultado"": 1, ""naturezaJuridicaNome"": null, ""localidadeFornecedor"": null, ""aplicacaoCriterioDesempate"": false, ""naturezaJuridicaId"": null}";2026-09-12T20:12:46.752014
23066814000124-1-000033/2025;8;1;53425573000123;L. S. CUNHA LTDA;PJ;ME;200.0;299.0;59800.0;1;Informado;2026-01-21;;0;sentinela/ausente sem motivo nem situacao de cancelamento -> nao cancelado;;1;Não se aplica;1.0;"{""indicadorSubcontratacao"": false, ""numeroItem"": 8, ""dataInclusao"": ""2026-01-21T11:58:41"", ""niFornecedor"": ""53425573000123"", ""dataCancelamento"": null, ""dataAtualizacao"": ""2026-01-21T11:58:41"", ""tipoPessoa"": ""PJ"", ""nomeRazaoSocialFornecedor"": ""L. S. CUNHA LTDA"", ""valorTotalHomologado"": 59800.0, ""reservaRemanescente"": {""codigo"": 1, ""nome"": ""Não se aplica""}, ""timezoneCotacaoMoedaEstrangeira"": null, ""moedaEstrangeira"": null, ""valorNominalMoedaEstrangeira"": null, ""dataCotacaoMoedaEstrangeira"": null, ""codigoPais"": ""BRA"", ""porteFornecedorId"": 1, ""quantidadeHomologada"": 200.0, ""valorUnitarioHomologado"": 299.0, ""percentualDesconto"": 0.0, ""amparoLegalMargemPreferencia"": null, ""amparoLegalCriterioDesempate"": null, ""paisOrigemProdutoServico"": null, ""localidadeExterior"": null, ""ordemClassificacaoSrp"": 1, ""dataResultado"": ""2026-01-21"", ""motivoCancelamento"": null, ""numeroControlePNCPCompra"": ""23066814000124-1-000033/2025"", ""situacaoCompraItemResultadoId"": 1, ""porteFornecedorNome"": ""ME"", ""situacaoCompraItemResultadoNome"": ""Informado"", ""sequencialResultado"": 1, ""naturezaJuridicaNome"": null, ""localidadeFornecedor"": null, ""aplicacaoMargemPreferencia"": false, ""aplicacaoBeneficioMeEpp"": false, ""aplicacaoCriterioDesempate"": false, ""naturezaJuridicaId"": null}";2026-09-12T20:12:50.572041
23066814000124-1-000033/2025;9;1;53425573000123;L. S. CUNHA LTDA;PJ;ME;50.0;47.2;2360.0;1;Informado;2026-01-21;;0;sentinela/ausente sem motivo nem situacao de cancelamento -> nao cancelado;;1;Não se aplica;1.0;"{""indicadorSubcontratacao"": false, ""numeroItem"": 9, ""dataInclusao"": ""2026-01-21T11:58:42"", ""niFornecedor"": ""53425573000123"", ""dataCancelamento"": null, ""dataAtualizacao"": ""2026-01-21T11:58:42"", ""tipoPessoa"": ""PJ"", ""nomeRazaoSocialFornecedor"": ""L. S. CUNHA LTDA"", ""valorTotalHomologado"": 2360.0, ""reservaRemanescente"": {""codigo"": 1, ""nome"": ""Não se aplica""}, ""timezoneCotacaoMoedaEstrangeira"": null, ""moedaEstrangeira"": null, ""valorNominalMoedaEstrangeira"": null, ""dataCotacaoMoedaEstrangeira"": null, ""codigoPais"": ""BRA"", ""porteFornecedorId"": 1, ""quantidadeHomologada"": 50.0, ""valorUnitarioHomologado"": 47.2, ""percentualDesconto"": 0.0, ""amparoLegalMargemPreferencia"": null, ""amparoLegalCriterioDesempate"": null, ""paisOrigemProdutoServico"": null, ""localidadeExterior"": null, ""ordemClassificacaoSrp"": 1, ""dataResultado"": ""2026-01-21"", ""motivoCancelamento"": null, ""numeroControlePNCPCompra"": ""23066814000124-1-000033/2025"", ""situacaoCompraItemResultadoId"": 1, ""porteFornecedorNome"": ""ME"", ""situacaoCompraItemResultadoNome"": ""Informado"", ""sequencialResultado"": 1, ""naturezaJuridicaNome"": null, ""localidadeFornecedor"": null, ""aplicacaoMargemPreferencia"": false, ""aplicacaoBeneficioMeEpp"": false, ""aplicacaoCriterioDesempate"": false, ""naturezaJuridicaId"": null}";2026-09-12T20:12:54.470716
00509018000113-1-000186/2026;3;1;09443397000160;L S ARAUJO JUNIOR;PJ;ME;600.0;0.85;510.0;1;Informado;2026-03-12;;0;sentinela/ausente sem motivo nem situacao de cancelamento -> nao cancelado;;1;Não se aplica;1.0;"{""indicadorSubcontratacao"": false, ""dataInclusao"": ""2026-03-12T17:21:48"", ""numeroItem"": 3, ""niFornecedor"": ""09443397000160"", ""dataCancelamento"": null, ""dataAtualizacao"": ""2026-03-12T17:21:48"", ""tipoPessoa"": ""PJ"", ""nomeRazaoSocialFornecedor"": ""L S ARAUJO JUNIOR"", ""valorTotalHomologado"": 510.0, ""reservaRemanescente"": {""codigo"": 1, ""nome"": ""Não se aplica""}, ""timezoneCotacaoMoedaEstrangeira"": null, ""moedaEstrangeira"": null, ""valorNominalMoedaEstrangeira"": null, ""dataCotacaoMoedaEstrangeira"": null, ""codigoPais"": ""BRA"", ""porteFornecedorId"": 1, ""quantidadeHomologada"": 600.0, ""valorUnitarioHomologado"": 0.85, ""percentualDesconto"": 0.0, ""amparoLegalMargemPreferencia"": null, ""amparoLegalCriterioDesempate"": null, ""paisOrigemProdutoServico"": null, ""localidadeExterior"": null, ""ordemClassificacaoSrp"": 1, ""dataResultado"": ""2026-03-12"", ""motivoCancelamento"": null, ""numeroControlePNCPCompra"": ""00509018000113-1-000186/2026"", ""situacaoCompraItemResultadoId"": 1, ""porteFornecedorNome"": ""ME"", ""situacaoCompraItemResultadoNome"": ""Informado"", ""sequencialResultado"": 1, ""naturezaJuridicaNome"": ""Empresário (Individual)"", ""localidadeFornecedor"": null, ""aplicacaoMargemPreferencia"": false, ""aplicacaoBeneficioMeEpp"": false, ""aplicacaoCriterioDesempate"": false, ""naturezaJuridicaId"": ""2135""}";2026-09-12T20:12:56.242752
00509018000113-1-000186/2026;4;1;09443397000160;L S ARAUJO JUNIOR;PJ;ME;6000.0;0.99;5940.0;1;Informado;2026-03-12;;0;sentinela/ausente sem motivo nem situacao de cancelamento -> nao cancelado;;1;Não se aplica;1.0;"{""indicadorSubcontratacao"": false, ""numeroItem"": 4, ""dataInclusao"": ""2026-03-12T17:21:48"", ""niFornecedor"": ""09443397000160"", ""dataCancelamento"": null, ""dataAtualizacao"": ""2026-03-12T17:21:48"", ""tipoPessoa"": ""PJ"", ""nomeRazaoSocialFornecedor"": ""L S ARAUJO JUNIOR"", ""valorTotalHomologado"": 5940.0, ""reservaRemanescente"": {""codigo"": 1, ""nome"": ""Não se aplica""}, ""timezoneCotacaoMoedaEstrangeira"": null, ""moedaEstrangeira"": null, ""valorNominalMoedaEstrangeira"": null, ""dataCotacaoMoedaEstrangeira"": null, ""codigoPais"": ""BRA"", ""porteFornecedorId"": 1, ""quantidadeHomologada"": 6000.0, ""valorUnitarioHomologado"": 0.99, ""percentualDesconto"": 0.0, ""amparoLegalMargemPreferencia"": null, ""amparoLegalCriterioDesempate"": null, ""paisOrigemProdutoServico"": null, ""localidadeExterior"": null, ""ordemClassificacaoSrp"": 1, ""dataResultado"": ""2026-03-12"", ""motivoCancelamento"": null, ""numeroControlePNCPCompra"": ""00509018000113-1-000186/2026"", ""situacaoCompraItemResultadoId"": 1, ""porteFornecedorNome"": ""ME"", ""situacaoCompraItemResultadoNome"": ""Informado"", ""sequencialResultado"": 1, ""naturezaJuridicaNome"": ""Empresário (Individual)"", ""localidadeFornecedor"": null, ""aplicacaoMargemPreferencia"": false, ""aplicacaoBeneficioMeEpp"": false, ""aplicacaoCriterioDesempate"": false, ""naturezaJuridicaId"": ""2135""}";2026-09-12T20:12:59.553076
00509018000113-1-000186/2026;5;1;09443397000160;L S ARAUJO JUNIOR;PJ;ME;1000.0;0.99;990.0;1;Informado;2026-03-12;;0;sentinela/ausente sem motivo nem situacao de cancelamento -> nao cancelado;;1;Não se aplica;1.0;"{""indicadorSubcontratacao"": false, ""dataInclusao"": ""2026-03-12T17:21:48"", ""numeroItem"": 5, ""niFornecedor"": ""09443397000160"", ""dataCancelamento"": null, ""dataAtualizacao"": ""2026-03-12T17:21:48"", ""tipoPessoa"": ""PJ"", ""nomeRazaoSocialFornecedor"": ""L S ARAUJO JUNIOR"", ""valorTotalHomologado"": 990.0, ""reservaRemanescente"": {""codigo"": 1, ""nome"": ""Não se aplica""}, ""timezoneCotacaoMoedaEstrangeira"": null, ""moedaEstrangeira"": null, ""valorNominalMoedaEstrangeira"": null, ""dataCotacaoMoedaEstrangeira"": null, ""codigoPais"": ""BRA"", ""porteFornecedorId"": 1, ""quantidadeHomologada"": 1000.0, ""valorUnitarioHomologado"": 0.99, ""percentualDesconto"": 0.0, ""amparoLegalMargemPreferencia"": null, ""amparoLegalCriterioDesempate"": null, ""paisOrigemProdutoServico"": null, ""localidadeExterior"": null, ""ordemClassificacaoSrp"": 1, ""dataResultado"": ""2026-03-12"", ""motivoCancelamento"": null, ""numeroControlePNCPCompra"": ""00509018000113-1-000186/2026"", ""situacaoCompraItemResultadoId"": 1, ""porteFornecedorNome"": ""ME"", ""situacaoCompraItemResultadoNome"": ""Informado"", ""sequencialResultado"": 1, ""naturezaJuridicaNome"": ""Empresário (Individual)"", ""localidadeFornecedor"": null, ""aplicacaoMargemPreferencia"": false, ""aplicacaoBeneficioMeEpp"": false, ""aplicacaoCriterioDesempate"": false, ""naturezaJuridicaId"": ""2135""}";2026-09-12T20:13:00.441914
30144641000180-1-000001/2026;7015263;1;29470221000105;P C Silva Nunes LTDA;PJ;EPP;18.0;83.0;1494.0;1;Informado;2026-02-25;;0;sentinela/ausente sem motivo nem situacao de cancelamento -> nao cancelado;;1;Não se aplica;1.0;"{""indicadorSubcontratacao"": false, ""numeroItem"": 7015263, ""dataInclusao"": ""2026-02-25T09:31:28"", ""niFornecedor"": ""29470221000105"", ""dataCancelamento"": null, ""dataAtualizacao"": ""2026-02-25T09:31:28"", ""tipoPessoa"": ""PJ"", ""nomeRazaoSocialFornecedor"": ""P C Silva Nunes LTDA"", ""valorTotalHomologado"": 1494.0, ""reservaRemanescente"": {""codigo"": 1, ""nome"": ""Não se aplica""}, ""timezoneCotacaoMoedaEstrangeira"": null, ""moedaEstrangeira"": null, ""valorNominalMoedaEstrangeira"": null, ""dataCotacaoMoedaEstrangeira"": null, ""codigoPais"": ""BRA"", ""porteFornecedorId"": 2, ""quantidadeHomologada"": 18.0, ""valorUnitarioHomologado"": 83.0, ""percentualDesconto"": 94.4909, ""amparoLegalMargemPreferencia"": null, ""amparoLegalCriterioDesempate"": null, ""paisOrigemProdutoServico"": null, ""localidadeExterior"": null, ""ordemClassificacaoSrp"": 1, ""dataResultado"": ""2026-02-25"", ""motivoCancelamento"": null, ""numeroControlePNCPCompra"": ""30144641000180-1-000001/2026"", ""situacaoCompraItemResultadoId"": 1, ""porteFornecedorNome"": ""EPP"", ""situacaoCompraItemResultadoNome"": ""Informado"", ""sequencialResultado"": 1, ""naturezaJuridicaNome"": null, ""localidadeFornecedor"": null, ""aplicacaoMargemPreferencia"": false, ""aplicacaoBeneficioMeEpp"": false, ""aplicacaoCriterioDesempate"": false, ""naturezaJuridicaId"": null}";2026-09-12T20:13:06.159926
00394452000103-1-025161/2025;5;1;34642561000106;A. N. GOMES LTDA;PJ;ME;60.0;3.48;208.8;1;Informado;2026-03-24;;0;sentinela/ausente sem motivo nem situacao de cancelamento -> nao cancelado;;1;Não se aplica;1.0;"{""indicadorSubcontratacao"": false, ""numeroItem"": 5, ""dataInclusao"": ""2026-03-24T14:36:12"", ""niFornecedor"": ""34642561000106"", ""dataCancelamento"": null, ""dataAtualizacao"": ""2026-03-24T14:36:12"", ""tipoPessoa"": ""PJ"", ""nomeRazaoSocialFornecedor"": ""A. N. GOMES LTDA"", ""valorTotalHomologado"": 208.8, ""reservaRemanescente"": {""codigo"": 1, ""nome"": ""Não se aplica""}, ""timezoneCotacaoMoedaEstrangeira"": null, ""moedaEstrangeira"": null, ""valorNominalMoedaEstrangeira"": null, ""dataCotacaoMoedaEstrangeira"": null, ""codigoPais"": ""BRA"", ""porteFornecedorId"": 1, ""quantidadeHomologada"": 60.0, ""valorUnitarioHomologado"": 3.48, ""percentualDesconto"": 0.0, ""amparoLegalMargemPreferencia"": null, ""amparoLegalCriterioDesempate"": null, ""paisOrigemProdutoServico"": null, ""localidadeExterior"": null, ""ordemClassificacaoSrp"": 1, ""dataResultado"": ""2026-03-24"", ""motivoCancelamento"": null, ""numeroControlePNCPCompra"": ""00394452000103-1-025161/2025"", ""situacaoCompraItemResultadoId"": 1, ""porteFornecedorNome"": ""ME"", ""situacaoCompraItemResultadoNome"": ""Informado"", ""sequencialResultado"": 1, ""naturezaJuridicaNome"": ""Sociedade Empresária Limitada"", ""localidadeFornecedor"": null, ""aplicacaoMargemPreferencia"": false, ""aplicacaoBeneficioMeEpp"": false, ""aplicacaoCriterioDesempate"": false, ""naturezaJuridicaId"": ""2062""}";2026-09-12T20:13:10.362503
55515312000120-1-000015/2026;7;1;41835803000143;CARVALHO COMERCIO & SERVICOS LTDA;PJ;ME;4050.0;8.39;33979.5;1;Informado;2026-06-08;;0;sentinela/ausente sem motivo nem situacao de cancelamento -> nao cancelado;;1;Não se aplica;1.0;"{""indicadorSubcontratacao"": false, ""numeroItem"": 7, ""dataInclusao"": ""2026-06-08T12:20:35"", ""niFornecedor"": ""41835803000143"", ""dataCancelamento"": null, ""dataAtualizacao"": ""2026-06-17T22:42:46"", ""tipoPessoa"": ""PJ"", ""nomeRazaoSocialFornecedor"": ""CARVALHO COMERCIO & SERVICOS LTDA"", ""valorTotalHomologado"": 33979.5, ""reservaRemanescente"": {""codigo"": 1, ""nome"": ""Não se aplica""}, ""timezoneCotacaoMoedaEstrangeira"": null, ""moedaEstrangeira"": null, ""valorNominalMoedaEstrangeira"": null, ""dataCotacaoMoedaEstrangeira"": null, ""codigoPais"": ""BRA"", ""porteFornecedorId"": 1, ""quantidadeHomologada"": 4050.0, ""valorUnitarioHomologado"": 8.39, ""percentualDesconto"": 43.9919, ""amparoLegalMargemPreferencia"": null, ""amparoLegalCriterioDesempate"": null, ""paisOrigemProdutoServico"": null, ""localidadeExterior"": null, ""ordemClassificacaoSrp"": 1, ""dataResultado"": ""2026-06-08"", ""motivoCancelamento"": null, ""numeroControlePNCPCompra"": ""55515312000120-1-000015/2026"", ""situacaoCompraItemResultadoId"": 1, ""porteFornecedorNome"": ""ME"", ""situacaoCompraItemResultadoNome"": ""Informado"", ""sequencialResultado"": 1, ""naturezaJuridicaNome"": ""Natureza Jurídica não informada"", ""localidadeFornecedor"": null, ""aplicacaoMargemPreferencia"": false, ""aplicacaoBeneficioMeEpp"": false, ""aplicacaoCriterioDesempate"": false, ""naturezaJuridicaId"": ""8885""}";2026-09-12T20:13:29.162207
12456167000140-1-000005/2026;7321371;1;37914628000102;GRAFICA DIGITAL PRINT LTDA;PJ;EPP;300.0;14.0;4200.0;1;Informado;2026-05-25;;0;sentinela/ausente sem motivo nem situacao de cancelamento -> nao cancelado;;1;Não se aplica;1.0;"{""indicadorSubcontratacao"": false, ""numeroItem"": 7321371, ""dataInclusao"": ""2026-05-25T09:09:13"", ""niFornecedor"": ""37914628000102"", ""dataCancelamento"": null, ""dataAtualizacao"": ""2026-05-25T09:09:13"", ""tipoPessoa"": ""PJ"", ""nomeRazaoSocialFornecedor"": ""GRAFICA DIGITAL PRINT LTDA"", ""valorTotalHomologado"": 4200.0, ""reservaRemanescente"": {""codigo"": 1, ""nome"": ""Não se aplica""}, ""timezoneCotacaoMoedaEstrangeira"": null, ""moedaEstrangeira"": null, ""valorNominalMoedaEstrangeira"": null, ""dataCotacaoMoedaEstrangeira"": null, ""codigoPais"": ""BRA"", ""porteFornecedorId"": 2, ""quantidadeHomologada"": 300.0, ""valorUnitarioHomologado"": 14.0, ""percentualDesconto"": 99.8922, ""amparoLegalMargemPreferencia"": null, ""amparoLegalCriterioDesempate"": null, ""paisOrigemProdutoServico"": null, ""localidadeExterior"": null, ""ordemClassificacaoSrp"": 1, ""dataResultado"": ""2026-05-25"", ""motivoCancelamento"": null, ""numeroControlePNCPCompra"": ""12456167000140-1-000005/2026"", ""situacaoCompraItemResultadoId"": 1, ""porteFornecedorNome"": ""EPP"", ""situacaoCompraItemResultadoNome"": ""Informado"", ""sequencialResultado"": 1, ""naturezaJuridicaNome"": null, ""localidadeFornecedor"": null, ""aplicacaoMargemPreferencia"": false, ""aplicacaoBeneficioMeEpp"": false, ""aplicacaoCriterioDesempate"": false, ""naturezaJuridicaId"": null}";2026-09-12T20:13:32.470150
12456167000140-1-000005/2026;7321372;1;37914628000102;GRAFICA DIGITAL PRINT LTDA;PJ;EPP;300.0;14.0;4200.0;1;Informado;2026-05-25;;0;sentinela/ausente sem motivo nem situacao de cancelamento -> nao cancelado;;1;Não se aplica;1.0;"{""indicadorSubcontratacao"": false, ""niFornecedor"": ""37914628000102"", ""dataCancelamento"": null, ""dataAtualizacao"": ""2026-05-25T09:09:15"", ""tipoPessoa"": ""PJ"", ""nomeRazaoSocialFornecedor"": ""GRAFICA DIGITAL PRINT LTDA"", ""dataInclusao"": ""2026-05-25T09:09:15"", ""numeroItem"": 7321372, ""valorTotalHomologado"": 4200.0, ""reservaRemanescente"": {""codigo"": 1, ""nome"": ""Não se aplica""}, ""timezoneCotacaoMoedaEstrangeira"": null, ""moedaEstrangeira"": null, ""valorNominalMoedaEstrangeira"": null, ""dataCotacaoMoedaEstrangeira"": null, ""codigoPais"": ""BRA"", ""porteFornecedorId"": 2, ""quantidadeHomologada"": 300.0, ""valorUnitarioHomologado"": 14.0, ""percentualDesconto"": 99.8922, ""amparoLegalMargemPreferencia"": null, ""amparoLegalCriterioDesempate"": null, ""paisOrigemProdutoServico"": null, ""localidadeExterior"": null, ""ordemClassificacaoSrp"": 1, ""dataResultado"": ""2026-05-25"", ""motivoCancelamento"": null, ""numeroControlePNCPCompra"": ""12456167000140-1-000005/2026"", ""aplicacaoMargemPreferencia"": false, ""aplicacaoBeneficioMeEpp"": false, ""situacaoCompraItemResultadoId"": 1, ""porteFornecedorNome"": ""EPP"", ""situacaoCompraItemResultadoNome"": ""Informado"", ""sequencialResultado"": 1, ""naturezaJuridicaNome"": null, ""localidadeFornecedor"": null, ""aplicacaoCriterioDesempate"": false, ""naturezaJuridicaId"": null}";2026-09-12T20:13:33.361543
12456167000140-1-000005/2026;7321373;1;37914628000102;GRAFICA DIGITAL PRINT LTDA;PJ;EPP;300.0;14.0;4200.0;1;Informado;2026-05-25;;0;sentinela/ausente sem motivo nem situacao de cancelamento -> nao cancelado;;1;Não se aplica;1.0;"{""indicadorSubcontratacao"": false, ""numeroItem"": 7321373, ""dataInclusao"": ""2026-05-25T09:09:17"", ""niFornecedor"": ""37914628000102"", ""dataCancelamento"": null, ""dataAtualizacao"": ""2026-05-25T09:09:17"", ""tipoPessoa"": ""PJ"", ""nomeRazaoSocialFornecedor"": ""GRAFICA DIGITAL PRINT LTDA"", ""valorTotalHomologado"": 4200.0, ""reservaRemanescente"": {""codigo"": 1, ""nome"": ""Não se aplica""}, ""timezoneCotacaoMoedaEstrangeira"": null, ""moedaEstrangeira"": null, ""valorNominalMoedaEstrangeira"": null, ""dataCotacaoMoedaEstrangeira"": null, ""codigoPais"": ""BRA"", ""porteFornecedorId"": 2, ""quantidadeHomologada"": 300.0, ""valorUnitarioHomologado"": 14.0, ""percentualDesconto"": 99.8922, ""amparoLegalMargemPreferencia"": null, ""amparoLegalCriterioDesempate"": null, ""paisOrigemProdutoServico"": null, ""localidadeExterior"": null, ""ordemClassificacaoSrp"": 1, ""dataResultado"": ""2026-05-25"", ""motivoCancelamento"": null, ""numeroControlePNCPCompra"": ""12456167000140-1-000005/2026"", ""situacaoCompraItemResultadoId"": 1, ""porteFornecedorNome"": ""EPP"", ""situacaoCompraItemResultadoNome"": ""Informado"", ""sequencialResultado"": 1, ""naturezaJuridicaNome"": null, ""localidadeFornecedor"": null, ""aplicacaoMargemPreferencia"": false, ""aplicacaoBeneficioMeEpp"": false, ""aplicacaoCriterioDesempate"": false, ""naturezaJuridicaId"": null}";2026-09-12T20:13:36.151564
12456167000140-1-000005/2026;7321374;1;37914628000102;GRAFICA DIGITAL PRINT LTDA;PJ;EPP;300.0;14.0;4200.0;1;Informado;2026-05-25;;0;sentinela/ausente sem motivo nem situacao de cancelamento -> nao cancelado;;1;Não se aplica;1.0;"{""indicadorSubcontratacao"": false, ""numeroItem"": 7321374, ""dataInclusao"": ""2026-05-25T09:09:19"", ""niFornecedor"": ""37914628000102"", ""dataCancelamento"": null, ""dataAtualizacao"": ""2026-05-25T09:09:19"", ""tipoPessoa"": ""PJ"", ""nomeRazaoSocialFornecedor"": ""GRAFICA DIGITAL PRINT LTDA"", ""valorTotalHomologado"": 4200.0, ""reservaRemanescente"": {""codigo"": 1, ""nome"": ""Não se aplica""}, ""timezoneCotacaoMoedaEstrangeira"": null, ""moedaEstrangeira"": null, ""valorNominalMoedaEstrangeira"": null, ""dataCotacaoMoedaEstrangeira"": null, ""codigoPais"": ""BRA"", ""porteFornecedorId"": 2, ""quantidadeHomologada"": 300.0, ""valorUnitarioHomologado"": 14.0, ""percentualDesconto"": 99.8922, ""amparoLegalMargemPreferencia"": null, ""amparoLegalCriterioDesempate"": null, ""paisOrigemProdutoServico"": null, ""localidadeExterior"": null, ""ordemClassificacaoSrp"": 1, ""dataResultado"": ""2026-05-25"", ""motivoCancelamento"": null, ""numeroControlePNCPCompra"": ""12456167000140-1-000005/2026"", ""situacaoCompraItemResultadoId"": 1, ""porteFornecedorNome"": ""EPP"", ""situacaoCompraItemResultadoNome"": ""Informado"", ""sequencialResultado"": 1, ""naturezaJuridicaNome"": null, ""localidadeFornecedor"": null, ""aplicacaoMargemPreferencia"": false, ""aplicacaoBeneficioMeEpp"": false, ""aplicacaoCriterioDesempate"": false, ""naturezaJuridicaId"": null}";2026-09-12T20:13:39.863157
12456167000140-1-000005/2026;7321375;1;37914628000102;GRAFICA DIGITAL PRINT LTDA;PJ;EPP;300.0;14.0;4200.0;1;Informado;2026-05-25;;0;sentinela/ausente sem motivo nem situacao de cancelamento -> nao cancelado;;1;Não se aplica;1.0;"{""indicadorSubcontratacao"": false, ""numeroItem"": 7321375, ""dataInclusao"": ""2026-05-25T09:09:21"", ""niFornecedor"": ""37914628000102"", ""dataCancelamento"": null, ""dataAtualizacao"": ""2026-05-25T09:09:21"", ""tipoPessoa"": ""PJ"", ""nomeRazaoSocialFornecedor"": ""GRAFICA DIGITAL PRINT LTDA"", ""valorTotalHomologado"": 4200.0, ""reservaRemanescente"": {""codigo"": 1, ""nome"": ""Não se aplica""}, ""timezoneCotacaoMoedaEstrangeira"": null, ""moedaEstrangeira"": null, ""valorNominalMoedaEstrangeira"": null, ""dataCotacaoMoedaEstrangeira"": null, ""codigoPais"": ""BRA"", ""porteFornecedorId"": 2, ""quantidadeHomologada"": 300.0, ""valorUnitarioHomologado"": 14.0, ""percentualDesconto"": 99.8922, ""amparoLegalMargemPreferencia"": null, ""amparoLegalCriterioDesempate"": null, ""paisOrigemProdutoServico"": null, ""localidadeExterior"": null, ""ordemClassificacaoSrp"": 1, ""dataResultado"": ""2026-05-25"", ""motivoCancelamento"": null, ""numeroControlePNCPCompra"": ""12456167000140-1-000005/2026"", ""situacaoCompraItemResultadoId"": 1, ""porteFornecedorNome"": ""EPP"", ""situacaoCompraItemResultadoNome"": ""Informado"", ""sequencialResultado"": 1, ""naturezaJuridicaNome"": null, ""localidadeFornecedor"": null, ""aplicacaoMargemPreferencia"": false, ""aplicacaoBeneficioMeEpp"": false, ""aplicacaoCriterioDesempate"": false, ""naturezaJuridicaId"": null}";2026-09-12T20:13:43.752402
10820882000195-1-000013/2026;1;1;49958380000160;49.958.380 EMERSON MEDEIROS SANTOS;PJ;ME;32.0;189.9;6076.8;1;Informado;2026-07-16;;0;sentinela/ausente sem motivo nem situacao de cancelamento -> nao cancelado;;1;Não se aplica;1.0;"{""indicadorSubcontratacao"": false, ""numeroItem"": 1, ""dataInclusao"": ""2026-07-16T10:34:37"", ""niFornecedor"": ""49958380000160"", ""dataCancelamento"": null, ""dataAtualizacao"": ""2026-07-16T10:34:37"", ""tipoPessoa"": ""PJ"", ""nomeRazaoSocialFornecedor"": ""49.958.380 EMERSON MEDEIROS SANTOS"", ""valorTotalHomologado"": 6076.8, ""reservaRemanescente"": {""codigo"": 1, ""nome"": ""Não se aplica""}, ""timezoneCotacaoMoedaEstrangeira"": null, ""moedaEstrangeira"": null, ""valorNominalMoedaEstrangeira"": null, ""dataCotacaoMoedaEstrangeira"": null, ""codigoPais"": ""BRA"", ""porteFornecedorId"": 1, ""quantidadeHomologada"": 32.0, ""valorUnitarioHomologado"": 189.9, ""percentualDesconto"": 0.0, ""amparoLegalMargemPreferencia"": null, ""amparoLegalCriterioDesempate"": null, ""paisOrigemProdutoServico"": null, ""localidadeExterior"": null, ""ordemClassificacaoSrp"": 1, ""dataResultado"": ""2026-07-16"", ""motivoCancelamento"": null, ""numeroControlePNCPCompra"": ""10820882000195-1-000013/2026"", ""situacaoCompraItemResultadoId"": 1, ""porteFornecedorNome"": ""ME"", ""situacaoCompraItemResultadoNome"": ""Informado"", ""sequencialResultado"": 1, ""naturezaJuridicaNome"": ""Empresário (Individual)"", ""localidadeFornecedor"": null, ""aplicacaoMargemPreferencia"": false, ""aplicacaoBeneficioMeEpp"": false, ""aplicacaoCriterioDesempate"": false, ""naturezaJuridicaId"": ""2135""}";2026-09-12T20:13:47.060140
10820882000195-1-000013/2026;2;1;22382705000153;RMM SPORTS COMERCIO DE PRODUTOS ESPORTIVOS LTDA;PJ;ME;2.0;124.61;249.22;1;Informado;2026-07-16;;0;sentinela/ausente sem motivo nem situacao de cancelamento -> nao cancelado;;1;Não se aplica;1.0;"{""naturezaJuridicaId"": ""2062"", ""reservaRemanescente"": {""codigo"": 1, ""nome"": ""Não se aplica""}, ""timezoneCotacaoMoedaEstrangeira"": null, ""moedaEstrangeira"": null, ""indicadorSubcontratacao"": false, ""dataInclusao"": ""2026-07-16T10:34:37"", ""numeroItem"": 2, ""niFornecedor"": ""22382705000153"", ""dataCancelamento"": null, ""dataAtualizacao"": ""2026-07-16T10:34:37"", ""tipoPessoa"": ""PJ"", ""nomeRazaoSocialFornecedor"": ""RMM SPORTS COMERCIO DE PRODUTOS ESPORTIVOS LTDA"", ""valorTotalHomologado"": 249.22, ""valorNominalMoedaEstrangeira"": null, ""dataCotacaoMoedaEstrangeira"": null, ""codigoPais"": ""BRA"", ""porteFornecedorId"": 1, ""quantidadeHomologada"": 2.0, ""valorUnitarioHomologado"": 124.61, ""percentualDesconto"": 0.0, ""amparoLegalMargemPreferencia"": null, ""amparoLegalCriterioDesempate"": null, ""paisOrigemProdutoServico"": null, ""localidadeExterior"": null, ""ordemClassificacaoSrp"": 1, ""dataResultado"": ""2026-07-16"", ""motivoCancelamento"": null, ""numeroControlePNCPCompra"": ""10820882000195-1-000013/2026"", ""aplicacaoMargemPreferencia"": false, ""aplicacaoBeneficioMeEpp"": false, ""aplicacaoCriterioDesempate"": false, ""situacaoCompraItemResultadoId"": 1, ""porteFornecedorNome"": ""ME"", ""situacaoCompraItemResultadoNome"": ""Informado"", ""sequencialResultado"": 1, ""naturezaJuridicaNome"": ""Sociedade Empresária Limitada"", ""localidadeFornecedor"": null}";2026-09-12T20:13:47.951729
10820882000195-1-000013/2026;5;1;56042208000128;L. V. PINTO LTDA;PJ;ME;44.0;214.76;9449.44;1;Informado;2026-07-16;;0;sentinela/ausente sem motivo nem situacao de cancelamento -> nao cancelado;;1;Não se aplica;1.0;"{""indicadorSubcontratacao"": false, ""numeroItem"": 5, ""dataInclusao"": ""2026-07-16T10:34:37"", ""niFornecedor"": ""56042208000128"", ""dataCancelamento"": null, ""dataAtualizacao"": ""2026-07-16T10:34:37"", ""tipoPessoa"": ""PJ"", ""nomeRazaoSocialFornecedor"": ""L. V. PINTO LTDA"", ""valorTotalHomologado"": 9449.44, ""reservaRemanescente"": {""codigo"": 1, ""nome"": ""Não se aplica""}, ""timezoneCotacaoMoedaEstrangeira"": null, ""moedaEstrangeira"": null, ""valorNominalMoedaEstrangeira"": null, ""dataCotacaoMoedaEstrangeira"": null, ""codigoPais"": ""BRA"", ""porteFornecedorId"": 1, ""quantidadeHomologada"": 44.0, ""valorUnitarioHomologado"": 214.76, ""percentualDesconto"": 0.0, ""amparoLegalMargemPreferencia"": null, ""amparoLegalCriterioDesempate"": null, ""paisOrigemProdutoServico"": null, ""localidadeExterior"": null, ""ordemClassificacaoSrp"": 1, ""dataResultado"": ""2026-07-16"", ""motivoCancelamento"": null, ""numeroControlePNCPCompra"": ""10820882000195-1-000013/2026"", ""situacaoCompraItemResultadoId"": 1, ""porteFornecedorNome"": ""ME"", ""situacaoCompraItemResultadoNome"": ""Informado"", ""sequencialResultado"": 1, ""naturezaJuridicaNome"": ""Sociedade Empresária Limitada"", ""localidadeFornecedor"": null, ""aplicacaoMargemPreferencia"": false, ""aplicacaoBeneficioMeEpp"": false, ""aplicacaoCriterioDesempate"": false, ""naturezaJuridicaId"": ""2062""}";2026-09-12T20:13:51.264031
10820882000195-1-000013/2026;6;1;02441945000174;TRAUM ARTIGOS ESPORTIVOS LTDA;PJ;ME;3.0;147.41;442.23;1;Informado;2026-07-16;;0;sentinela/ausente sem motivo nem situacao de cancelamento -> nao cancelado;;1;Não se aplica;1.0;"{""naturezaJuridicaId"": ""2062"", ""reservaRemanescente"": {""codigo"": 1, ""nome"": ""Não se aplica""}, ""timezoneCotacaoMoedaEstrangeira"": null, ""moedaEstrangeira"": null, ""indicadorSubcontratacao"": false, ""dataInclusao"": ""2026-07-16T10:34:37"", ""numeroItem"": 6, ""niFornecedor"": ""02441945000174"", ""dataCancelamento"": null, ""dataAtualizacao"": ""2026-07-16T10:34:37"", ""tipoPessoa"": ""PJ"", ""nomeRazaoSocialFornecedor"": ""TRAUM ARTIGOS ESPORTIVOS LTDA"", ""valorTotalHomologado"": 442.23, ""valorNominalMoedaEstrangeira"": null, ""dataCotacaoMoedaEstrangeira"": null, ""codigoPais"": ""BRA"", ""porteFornecedorId"": 1, ""quantidadeHomologada"": 3.0, ""valorUnitarioHomologado"": 147.41, ""percentualDesconto"": 0.0, ""amparoLegalMargemPreferencia"": null, ""amparoLegalCriterioDesempate"": null, ""paisOrigemProdutoServico"": null, ""localidadeExterior"": null, ""ordemClassificacaoSrp"": 1, ""dataResultado"": ""2026-07-16"", ""motivoCancelamento"": null, ""numeroControlePNCPCompra"": ""10820882000195-1-000013/2026"", ""aplicacaoMargemPreferencia"": false, ""aplicacaoBeneficioMeEpp"": false, ""aplicacaoCriterioDesempate"": false, ""situacaoCompraItemResultadoId"": 1, ""porteFornecedorNome"": ""ME"", ""situacaoCompraItemResultadoNome"": ""Informado"", ""sequencialResultado"": 1, ""naturezaJuridicaNome"": ""Sociedade Empresária Limitada"", ""localidadeFornecedor"": null}";2026-09-12T20:13:52.143307
10820882000195-1-000013/2026;7;1;02441945000174;TRAUM ARTIGOS ESPORTIVOS LTDA;PJ;ME;3.0;147.33;441.99;1;Informado;2026-07-16;;0;sentinela/ausente sem motivo nem situacao de cancelamento -> nao cancelado;;1;Não se aplica;1.0;"{""indicadorSubcontratacao"": false, ""numeroItem"": 7, ""dataInclusao"": ""2026-07-16T10:34:37"", ""niFornecedor"": ""02441945000174"", ""dataCancelamento"": null, ""dataAtualizacao"": ""2026-07-16T10:34:37"", ""tipoPessoa"": ""PJ"", ""nomeRazaoSocialFornecedor"": ""TRAUM ARTIGOS ESPORTIVOS LTDA"", ""valorTotalHomologado"": 441.99, ""reservaRemanescente"": {""codigo"": 1, ""nome"": ""Não se aplica""}, ""timezoneCotacaoMoedaEstrangeira"": null, ""moedaEstrangeira"": null, ""valorNominalMoedaEstrangeira"": null, ""dataCotacaoMoedaEstrangeira"": null, ""codigoPais"": ""BRA"", ""porteFornecedorId"": 1, ""quantidadeHomologada"": 3.0, ""valorUnitarioHomologado"": 147.33, ""percentualDesconto"": 0.0, ""amparoLegalMargemPreferencia"": null, ""amparoLegalCriterioDesempate"": {""id"": 157, ""nome"": ""Instrução normativa de critério de julgamento e/ou edital (Sorteio)"", ""descricao"": ""Critério de desempate: Realização de sorteio."", ""statusAtivo"": true}, ""paisOrigemProdutoServico"": null, ""localidadeExterior"": null, ""ordemClassificacaoSrp"": 1, ""dataResultado"": ""2026-07-16"", ""motivoCancelamento"": null, ""numeroControlePNCPCompra"": ""10820882000195-1-000013/2026"", ""situacaoCompraItemResultadoId"": 1, ""porteFornecedorNome"": ""ME"", ""situacaoCompraItemResultadoNome"": ""Informado"", ""sequencialResultado"": 1, ""naturezaJuridicaNome"": ""Sociedade Empresária Limitada"", ""localidadeFornecedor"": null, ""aplicacaoMargemPreferencia"": false, ""aplicacaoBeneficioMeEpp"": false, ""aplicacaoCriterioDesempate"": true, ""naturezaJuridicaId"": ""2062""}";2026-09-12T20:13:55.181689
10820882000195-1-000013/2026;9;1;02441945000174;TRAUM ARTIGOS ESPORTIVOS LTDA;PJ;ME;53.0;128.74;6823.22;1;Informado;2026-07-16;;0;sentinela/ausente sem motivo nem situacao de cancelamento -> nao cancelado;;1;Não se aplica;1.0;"{""indicadorSubcontratacao"": false, ""numeroItem"": 9, ""dataInclusao"": ""2026-07-16T10:34:37"", ""niFornecedor"": ""02441945000174"", ""dataCancelamento"": null, ""dataAtualizacao"": ""2026-07-16T10:34:37"", ""tipoPessoa"": ""PJ"", ""nomeRazaoSocialFornecedor"": ""TRAUM ARTIGOS ESPORTIVOS LTDA"", ""valorTotalHomologado"": 6823.22, ""reservaRemanescente"": {""codigo"": 1, ""nome"": ""Não se aplica""}, ""timezoneCotacaoMoedaEstrangeira"": null, ""moedaEstrangeira"": null, ""valorNominalMoedaEstrangeira"": null, ""dataCotacaoMoedaEstrangeira"": null, ""codigoPais"": ""BRA"", ""porteFornecedorId"": 1, ""quantidadeHomologada"": 53.0, ""valorUnitarioHomologado"": 128.74, ""percentualDesconto"": 0.0, ""amparoLegalMargemPreferencia"": null, ""amparoLegalCriterioDesempate"": null, ""paisOrigemProdutoServico"": null, ""localidadeExterior"": null, ""ordemClassificacaoSrp"": 1, ""dataResultado"": ""2026-07-16"", ""motivoCancelamento"": null, ""numeroControlePNCPCompra"": ""10820882000195-1-000013/2026"", ""situacaoCompraItemResultadoId"": 1, ""porteFornecedorNome"": ""ME"", ""situacaoCompraItemResultadoNome"": ""Informado"", ""sequencialResultado"": 1, ""naturezaJuridicaNome"": ""Sociedade Empresária Limitada"", ""localidadeFornecedor"": null, ""aplicacaoMargemPreferencia"": false, ""aplicacaoBeneficioMeEpp"": false, ""aplicacaoCriterioDesempate"": false, ""naturezaJuridicaId"": ""2062""}";2026-09-12T20:13:58.170016
10820882000195-1-000013/2026;10;1;03703336000109;ORBY SUPPLY COMERCIAL LTDA;PJ;ME;40.0;52.0;2080.0;1;Informado;2026-07-16;;0;sentinela/ausente sem motivo nem situacao de cancelamento -> nao cancelado;;1;Não se aplica;1.0;"{""indicadorSubcontratacao"": false, ""numeroItem"": 10, ""dataInclusao"": ""2026-07-16T10:34:37"", ""niFornecedor"": ""03703336000109"", ""dataCancelamento"": null, ""dataAtualizacao"": ""2026-07-16T10:34:37"", ""tipoPessoa"": ""PJ"", ""nomeRazaoSocialFornecedor"": ""ORBY SUPPLY COMERCIAL LTDA"", ""valorTotalHomologado"": 2080.0, ""reservaRemanescente"": {""codigo"": 1, ""nome"": ""Não se aplica""}, ""timezoneCotacaoMoedaEstrangeira"": null, ""moedaEstrangeira"": null, ""valorNominalMoedaEstrangeira"": null, ""dataCotacaoMoedaEstrangeira"": null, ""codigoPais"": ""BRA"", ""porteFornecedorId"": 1, ""quantidadeHomologada"": 40.0, ""valorUnitarioHomologado"": 52.0, ""percentualDesconto"": 0.0, ""amparoLegalMargemPreferencia"": null, ""amparoLegalCriterioDesempate"": null, ""paisOrigemProdutoServico"": null, ""localidadeExterior"": null, ""ordemClassificacaoSrp"": 1, ""dataResultado"": ""2026-07-16"", ""motivoCancelamento"": null, ""numeroControlePNCPCompra"": ""10820882000195-1-000013/2026"", ""situacaoCompraItemResultadoId"": 1, ""porteFornecedorNome"": ""ME"", ""situacaoCompraItemResultadoNome"": ""Informado"", ""sequencialResultado"": 1, ""naturezaJuridicaNome"": ""Sociedade Empresária Limitada"", ""localidadeFornecedor"": null, ""aplicacaoMargemPreferencia"": false, ""aplicacaoBeneficioMeEpp"": false, ""aplicacaoCriterioDesempate"": false, ""naturezaJuridicaId"": ""2062""}";2026-09-12T20:14:01.850767
34870576000121-1-000037/2026;1;1;05522035000104;O. L. LIMA JUNIOR LTDA;PJ;ME;6000.0;0.51;3060.0;1;Informado;2026-05-18;;0;sentinela/ausente sem motivo nem situacao de cancelamento -> nao cancelado;;1;Não se aplica;1.0;"{""indicadorSubcontratacao"": false, ""numeroItem"": 1, ""dataInclusao"": ""2026-05-18T12:49:10"", ""niFornecedor"": ""05522035000104"", ""dataCancelamento"": null, ""dataAtualizacao"": ""2026-05-18T12:49:10"", ""tipoPessoa"": ""PJ"", ""nomeRazaoSocialFornecedor"": ""O. L. LIMA JUNIOR LTDA"", ""valorTotalHomologado"": 3060.0, ""reservaRemanescente"": {""codigo"": 1, ""nome"": ""Não se aplica""}, ""timezoneCotacaoMoedaEstrangeira"": null, ""moedaEstrangeira"": null, ""valorNominalMoedaEstrangeira"": null, ""dataCotacaoMoedaEstrangeira"": null, ""codigoPais"": ""BRA"", ""porteFornecedorId"": 1, ""quantidadeHomologada"": 6000.0, ""valorUnitarioHomologado"": 0.51, ""percentualDesconto"": 0.0, ""amparoLegalMargemPreferencia"": null, ""amparoLegalCriterioDesempate"": null, ""paisOrigemProdutoServico"": null, ""localidadeExterior"": null, ""ordemClassificacaoSrp"": 1, ""dataResultado"": ""2026-05-18"", ""motivoCancelamento"": null, ""numeroControlePNCPCompra"": ""34870576000121-1-000037/2026"", ""situacaoCompraItemResultadoId"": 1, ""porteFornecedorNome"": ""ME"", ""situacaoCompraItemResultadoNome"": ""Informado"", ""sequencialResultado"": 1, ""naturezaJuridicaNome"": ""Sociedade Empresária Limitada"", ""localidadeFornecedor"": null, ""aplicacaoMargemPreferencia"": false, ""aplicacaoBeneficioMeEpp"": false, ""aplicacaoCriterioDesempate"": false, ""naturezaJuridicaId"": ""2062""}";2026-09-12T20:14:05.649584
34925214000190-1-000009/2026;60001;1;49212231000158;JS DISTRIBUIDORA HOSPITALAR LTDA;PJ;Não Informado;150.0;139.46;20919.0;1;Informado;2026-05-22;;0;sentinela/ausente sem motivo nem situacao de cancelamento -> nao cancelado;;1;Não se aplica;;"{""indicadorSubcontratacao"": false, ""numeroItem"": 60001, ""dataInclusao"": ""2026-06-01T10:28:49"", ""niFornecedor"": ""49212231000158"", ""dataCancelamento"": null, ""dataAtualizacao"": ""2026-06-01T10:28:49"", ""tipoPessoa"": ""PJ"", ""nomeRazaoSocialFornecedor"": ""JS DISTRIBUIDORA HOSPITALAR LTDA"", ""valorTotalHomologado"": 20919.0, ""reservaRemanescente"": {""codigo"": 1, ""nome"": ""Não se aplica""}, ""timezoneCotacaoMoedaEstrangeira"": null, ""moedaEstrangeira"": null, ""valorNominalMoedaEstrangeira"": null, ""dataCotacaoMoedaEstrangeira"": null, ""codigoPais"": ""BRA"", ""porteFornecedorId"": 5, ""quantidadeHomologada"": 150.0, ""valorUnitarioHomologado"": 139.46, ""percentualDesconto"": 0.0, ""amparoLegalMargemPreferencia"": null, ""amparoLegalCriterioDesempate"": null, ""paisOrigemProdutoServico"": null, ""localidadeExterior"": null, ""ordemClassificacaoSrp"": null, ""dataResultado"": ""2026-05-22"", ""motivoCancelamento"": null, ""numeroControlePNCPCompra"": ""34925214000190-1-000009/2026"", ""situacaoCompraItemResultadoId"": 1, ""porteFornecedorNome"": ""Não Informado"", ""situacaoCompraItemResultadoNome"": ""Informado"", ""sequencialResultado"": 1, ""naturezaJuridicaNome"": null, ""localidadeFornecedor"": null, ""aplicacaoMargemPreferencia"": false, ""aplicacaoBeneficioMeEpp"": false, ""aplicacaoCriterioDesempate"": false, ""naturezaJuridicaId"": null}";2026-09-12T20:14:08.973232
00508903000188-1-000602/2025;1;1;58701999000186;58.701.999 SAMANTHA ROCHA LIMA MIGUEL;PJ;Demais;1.0;7900.01;7900.01;1;Informado;2025-04-30;;0;sentinela/ausente sem motivo nem situacao de cancelamento -> nao cancelado;;1;Não se aplica;1.0;"{""indicadorSubcontratacao"": false, ""numeroItem"": 1, ""dataInclusao"": ""2025-04-30T08:05:30"", ""niFornecedor"": ""58701999000186"", ""dataCancelamento"": null, ""dataAtualizacao"": ""2025-04-30T08:05:30"", ""tipoPessoa"": ""PJ"", ""nomeRazaoSocialFornecedor"": ""58.701.999 SAMANTHA ROCHA LIMA MIGUEL"", ""valorTotalHomologado"": 7900.01, ""reservaRemanescente"": {""codigo"": 1, ""nome"": ""Não se aplica""}, ""timezoneCotacaoMoedaEstrangeira"": null, ""moedaEstrangeira"": null, ""valorNominalMoedaEstrangeira"": null, ""dataCotacaoMoedaEstrangeira"": null, ""codigoPais"": ""BRA"", ""porteFornecedorId"": 3, ""quantidadeHomologada"": 1.0, ""valorUnitarioHomologado"": 7900.01, ""percentualDesconto"": 0.0, ""amparoLegalMargemPreferencia"": null, ""amparoLegalCriterioDesempate"": null, ""paisOrigemProdutoServico"": null, ""localidadeExterior"": null, ""ordemClassificacaoSrp"": 1, ""dataResultado"": ""2025-04-30"", ""motivoCancelamento"": null, ""numeroControlePNCPCompra"": ""00508903000188-1-000602/2025"", ""situacaoCompraItemResultadoId"": 1, ""porteFornecedorNome"": ""Demais"", ""situacaoCompraItemResultadoNome"": ""Informado"", ""sequencialResultado"": 1, ""naturezaJuridicaNome"": null, ""localidadeFornecedor"": null, ""aplicacaoMargemPreferencia"": false, ""aplicacaoBeneficioMeEpp"": false, ""aplicacaoCriterioDesempate"": false, ""naturezaJuridicaId"": null}";2026-09-12T20:15:44.672598
00508903000188-1-000602/2025;2;1;56135044000183;56.135.044 DOUGLAS BUENO DE BASTOS;PJ;Demais;1.0;1400.0;1400.0;1;Informado;2025-04-30;;0;sentinela/ausente sem motivo nem situacao de cancelamento -> nao cancelado;;1;Não se aplica;1.0;"{""naturezaJuridicaId"": null, ""reservaRemanescente"": {""codigo"": 1, ""nome"": ""Não se aplica""}, ""timezoneCotacaoMoedaEstrangeira"": null, ""moedaEstrangeira"": null, ""indicadorSubcontratacao"": false, ""dataInclusao"": ""2025-04-30T08:05:36"", ""numeroItem"": 2, ""niFornecedor"": ""56135044000183"", ""dataCancelamento"": null, ""dataAtualizacao"": ""2025-04-30T08:05:36"", ""tipoPessoa"": ""PJ"", ""nomeRazaoSocialFornecedor"": ""56.135.044 DOUGLAS BUENO DE BASTOS"", ""valorTotalHomologado"": 1400.0, ""valorNominalMoedaEstrangeira"": null, ""dataCotacaoMoedaEstrangeira"": null, ""codigoPais"": ""BRA"", ""porteFornecedorId"": 3, ""quantidadeHomologada"": 1.0, ""valorUnitarioHomologado"": 1400.0, ""percentualDesconto"": 0.0, ""amparoLegalMargemPreferencia"": null, ""amparoLegalCriterioDesempate"": null, ""paisOrigemProdutoServico"": null, ""localidadeExterior"": null, ""ordemClassificacaoSrp"": 1, ""dataResultado"": ""2025-04-30"", ""motivoCancelamento"": null, ""numeroControlePNCPCompra"": ""00508903000188-1-000602/2025"", ""aplicacaoMargemPreferencia"": false, ""aplicacaoBeneficioMeEpp"": false, ""aplicacaoCriterioDesempate"": false, ""situacaoCompraItemResultadoId"": 1, ""porteFornecedorNome"": ""Demais"", ""situacaoCompraItemResultadoNome"": ""Informado"", ""sequencialResultado"": 1, ""naturezaJuridicaNome"": null, ""localidadeFornecedor"": null}";2026-09-12T20:15:45.550268
25002757000145-1-000004/2025;3302;1;47251777000192;M T DOS SANTOS LTDA;PJ;ME;5.0;243.0;1215.0;1;Informado;2025-04-15;;0;sentinela/ausente sem motivo nem situacao de cancelamento -> nao cancelado;;1;Não se aplica;3.0;"{""indicadorSubcontratacao"": false, ""niFornecedor"": ""47251777000192"", ""dataCancelamento"": null, ""dataAtualizacao"": ""2025-04-15T11:45:00"", ""tipoPessoa"": ""PJ"", ""nomeRazaoSocialFornecedor"": ""M T DOS SANTOS LTDA"", ""dataInclusao"": ""2025-04-15T11:45:00"", ""numeroItem"": 3302, ""valorTotalHomologado"": 1215.0, ""reservaRemanescente"": {""codigo"": 1, ""nome"": ""Não se aplica""}, ""timezoneCotacaoMoedaEstrangeira"": null, ""moedaEstrangeira"": null, ""valorNominalMoedaEstrangeira"": null, ""dataCotacaoMoedaEstrangeira"": null, ""codigoPais"": ""BRA"", ""porteFornecedorId"": 1, ""quantidadeHomologada"": 5.0, ""valorUnitarioHomologado"": 243.0, ""percentualDesconto"": 40.7317, ""amparoLegalMargemPreferencia"": null, ""amparoLegalCriterioDesempate"": null, ""paisOrigemProdutoServico"": null, ""localidadeExterior"": null, ""ordemClassificacaoSrp"": 3, ""dataResultado"": ""2025-04-15"", ""motivoCancelamento"": null, ""numeroControlePNCPCompra"": ""25002757000145-1-000004/2025"", ""aplicacaoMargemPreferencia"": false, ""aplicacaoBeneficioMeEpp"": true, ""situacaoCompraItemResultadoId"": 1, ""porteFornecedorNome"": ""ME"", ""situacaoCompraItemResultadoNome"": ""Informado"", ""sequencialResultado"": 1, ""naturezaJuridicaNome"": null, ""localidadeFornecedor"": null, ""aplicacaoCriterioDesempate"": false, ""naturezaJuridicaId"": null}";2026-09-12T20:15:46.429994
00394502001205-1-000471/2025;3;1;52967093000121;COMERCIAL GOBER LTDA;PJ;Demais;1.0;0.0;0.0;2;Cancelado;2025-10-02;;0;"evidencia insuficiente para cancelamento; tratado como nao cancelado (revisar manualmente)";;1;Não se aplica;1.0;"{""naturezaJuridicaId"": null, ""reservaRemanescente"": {""codigo"": 1, ""nome"": ""Não se aplica""}, ""timezoneCotacaoMoedaEstrangeira"": null, ""moedaEstrangeira"": null, ""indicadorSubcontratacao"": false, ""dataInclusao"": ""2025-06-10T15:26:40"", ""numeroItem"": 3, ""niFornecedor"": ""52967093000121"", ""dataCancelamento"": null, ""dataAtualizacao"": ""2025-10-02T15:18:21"", ""tipoPessoa"": ""PJ"", ""nomeRazaoSocialFornecedor"": ""COMERCIAL GOBER LTDA"", ""valorTotalHomologado"": 0.0, ""valorNominalMoedaEstrangeira"": null, ""dataCotacaoMoedaEstrangeira"": null, ""codigoPais"": ""BRA"", ""porteFornecedorId"": 3, ""quantidadeHomologada"": 1.0, ""valorUnitarioHomologado"": 0.0, ""percentualDesconto"": 0.0, ""amparoLegalMargemPreferencia"": null, ""amparoLegalCriterioDesempate"": null, ""paisOrigemProdutoServico"": null, ""localidadeExterior"": null, ""ordemClassificacaoSrp"": 1, ""dataResultado"": ""2025-10-02"", ""motivoCancelamento"": null, ""numeroControlePNCPCompra"": ""00394502001205-1-000471/2025"", ""aplicacaoMargemPreferencia"": false, ""aplicacaoBeneficioMeEpp"": false, ""aplicacaoCriterioDesempate"": false, ""situacaoCompraItemResultadoId"": 2, ""porteFornecedorNome"": ""Demais"", ""situacaoCompraItemResultadoNome"": ""Cancelado"", ""sequencialResultado"": 1, ""naturezaJuridicaNome"": null, ""localidadeFornecedor"": null}";2026-09-12T20:15:52.561567
00394502001205-1-000471/2025;3;2;42374468000196;GRUPO CONNECT EMPREENDIMENTOS LTDA;PJ;Demais;1.0;1480.0;1480.0;1;Informado;2025-10-08;;0;sentinela/ausente sem motivo nem situacao de cancelamento -> nao cancelado;;1;Não se aplica;1.0;"{""naturezaJuridicaId"": null, ""reservaRemanescente"": {""codigo"": 1, ""nome"": ""Não se aplica""}, ""timezoneCotacaoMoedaEstrangeira"": null, ""moedaEstrangeira"": null, ""indicadorSubcontratacao"": false, ""dataInclusao"": ""2025-10-08T16:45:01"", ""numeroItem"": 3, ""niFornecedor"": ""42374468000196"", ""dataCancelamento"": null, ""dataAtualizacao"": ""2025-10-08T16:45:01"", ""tipoPessoa"": ""PJ"", ""nomeRazaoSocialFornecedor"": ""GRUPO CONNECT EMPREENDIMENTOS LTDA"", ""valorTotalHomologado"": 1480.0, ""valorNominalMoedaEstrangeira"": null, ""dataCotacaoMoedaEstrangeira"": null, ""codigoPais"": ""BRA"", ""porteFornecedorId"": 3, ""quantidadeHomologada"": 1.0, ""valorUnitarioHomologado"": 1480.0, ""percentualDesconto"": 0.0, ""amparoLegalMargemPreferencia"": null, ""amparoLegalCriterioDesempate"": null, ""paisOrigemProdutoServico"": null, ""localidadeExterior"": null, ""ordemClassificacaoSrp"": 1, ""dataResultado"": ""2025-10-08"", ""motivoCancelamento"": null, ""numeroControlePNCPCompra"": ""00394502001205-1-000471/2025"", ""aplicacaoMargemPreferencia"": false, ""aplicacaoBeneficioMeEpp"": false, ""aplicacaoCriterioDesempate"": false, ""situacaoCompraItemResultadoId"": 1, ""porteFornecedorNome"": ""Demais"", ""situacaoCompraItemResultadoNome"": ""Informado"", ""sequencialResultado"": 2, ""naturezaJuridicaNome"": null, ""localidadeFornecedor"": null}";2026-09-12T20:15:52.561567
05990437000133-1-000014/2025;1;1;57526686000176;B. S. MACIEL LTDA;PJ;Demais;15.0;37.5;562.5;1;Informado;2025-06-17;;0;sentinela/ausente sem motivo nem situacao de cancelamento -> nao cancelado;;1;Não se aplica;1.0;"{""indicadorSubcontratacao"": false, ""numeroItem"": 1, ""dataInclusao"": ""2025-06-18T06:41:18"", ""niFornecedor"": ""57526686000176"", ""dataCancelamento"": null, ""dataAtualizacao"": ""2025-06-18T06:41:18"", ""tipoPessoa"": ""PJ"", ""nomeRazaoSocialFornecedor"": ""B. S. MACIEL LTDA"", ""valorTotalHomologado"": 562.5, ""reservaRemanescente"": {""codigo"": 1, ""nome"": ""Não se aplica""}, ""timezoneCotacaoMoedaEstrangeira"": null, ""moedaEstrangeira"": null, ""valorNominalMoedaEstrangeira"": null, ""dataCotacaoMoedaEstrangeira"": null, ""codigoPais"": ""BRA"", ""porteFornecedorId"": 3, ""quantidadeHomologada"": 15.0, ""valorUnitarioHomologado"": 37.5, ""percentualDesconto"": 0.0, ""amparoLegalMargemPreferencia"": null, ""amparoLegalCriterioDesempate"": null, ""paisOrigemProdutoServico"": null, ""localidadeExterior"": null, ""ordemClassificacaoSrp"": 1, ""dataResultado"": ""2025-06-17"", ""motivoCancelamento"": null, ""numeroControlePNCPCompra"": ""05990437000133-1-000014/2025"", ""situacaoCompraItemResultadoId"": 1, ""porteFornecedorNome"": ""Demais"", ""situacaoCompraItemResultadoNome"": ""Informado"", ""sequencialResultado"": 1, ""naturezaJuridicaNome"": ""Sociedade Empresária Limitada"", ""localidadeFornecedor"": null, ""aplicacaoMargemPreferencia"": false, ""aplicacaoBeneficioMeEpp"": false, ""aplicacaoCriterioDesempate"": false, ""naturezaJuridicaId"": ""2062""}";2026-09-12T20:15:58.561814
05990437000133-1-000014/2025;5;1;57526686000176;B. S. MACIEL LTDA;PJ;Demais;40.0;78.56;3142.4;1;Informado;2025-06-17;;0;sentinela/ausente sem motivo nem situacao de cancelamento -> nao cancelado;;1;Não se aplica;1.0;"{""indicadorSubcontratacao"": false, ""numeroItem"": 5, ""dataInclusao"": ""2025-06-18T06:41:51"", ""niFornecedor"": ""57526686000176"", ""dataCancelamento"": null, ""dataAtualizacao"": ""2025-06-18T06:41:51"", ""tipoPessoa"": ""PJ"", ""nomeRazaoSocialFornecedor"": ""B. S. MACIEL LTDA"", ""valorTotalHomologado"": 3142.4, ""reservaRemanescente"": {""codigo"": 1, ""nome"": ""Não se aplica""}, ""timezoneCotacaoMoedaEstrangeira"": null, ""moedaEstrangeira"": null, ""valorNominalMoedaEstrangeira"": null, ""dataCotacaoMoedaEstrangeira"": null, ""codigoPais"": ""BRA"", ""porteFornecedorId"": 3, ""quantidadeHomologada"": 40.0, ""valorUnitarioHomologado"": 78.56, ""percentualDesconto"": 0.0, ""amparoLegalMargemPreferencia"": null, ""amparoLegalCriterioDesempate"": null, ""paisOrigemProdutoServico"": null, ""localidadeExterior"": null, ""ordemClassificacaoSrp"": 1, ""dataResultado"": ""2025-06-17"", ""motivoCancelamento"": null, ""numeroControlePNCPCompra"": ""05990437000133-1-000014/2025"", ""situacaoCompraItemResultadoId"": 1, ""porteFornecedorNome"": ""Demais"", ""situacaoCompraItemResultadoNome"": ""Informado"", ""sequencialResultado"": 1, ""naturezaJuridicaNome"": ""Sociedade Empresária Limitada"", ""localidadeFornecedor"": null, ""aplicacaoMargemPreferencia"": false, ""aplicacaoBeneficioMeEpp"": false, ""aplicacaoCriterioDesempate"": false, ""naturezaJuridicaId"": ""2062""}";2026-09-12T20:16:02.974088
05990437000133-1-000014/2025;6;1;57526686000176;B. S. MACIEL LTDA;PJ;Demais;15.0;40.54;608.1;1;Informado;2025-06-17;;0;sentinela/ausente sem motivo nem situacao de cancelamento -> nao cancelado;;1;Não se aplica;1.0;"{""indicadorSubcontratacao"": false, ""numeroItem"": 6, ""dataInclusao"": ""2025-06-18T06:42:03"", ""niFornecedor"": ""57526686000176"", ""dataCancelamento"": null, ""dataAtualizacao"": ""2025-06-18T06:42:03"", ""tipoPessoa"": ""PJ"", ""nomeRazaoSocialFornecedor"": ""B. S. MACIEL LTDA"", ""valorTotalHomologado"": 608.1, ""reservaRemanescente"": {""codigo"": 1, ""nome"": ""Não se aplica""}, ""timezoneCotacaoMoedaEstrangeira"": null, ""moedaEstrangeira"": null, ""valorNominalMoedaEstrangeira"": null, ""dataCotacaoMoedaEstrangeira"": null, ""codigoPais"": ""BRA"", ""porteFornecedorId"": 3, ""quantidadeHomologada"": 15.0, ""valorUnitarioHomologado"": 40.54, ""percentualDesconto"": 0.0, ""amparoLegalMargemPreferencia"": null, ""amparoLegalCriterioDesempate"": null, ""paisOrigemProdutoServico"": null, ""localidadeExterior"": null, ""ordemClassificacaoSrp"": 1, ""dataResultado"": ""2025-06-17"", ""motivoCancelamento"": null, ""numeroControlePNCPCompra"": ""05990437000133-1-000014/2025"", ""situacaoCompraItemResultadoId"": 1, ""porteFornecedorNome"": ""Demais"", ""situacaoCompraItemResultadoNome"": ""Informado"", ""sequencialResultado"": 1, ""naturezaJuridicaNome"": ""Sociedade Empresária Limitada"", ""localidadeFornecedor"": null, ""aplicacaoMargemPreferencia"": false, ""aplicacaoBeneficioMeEpp"": false, ""aplicacaoCriterioDesempate"": false, ""naturezaJuridicaId"": ""2062""}";2026-09-12T20:16:07.771985
01762561000190-1-000011/2025;3555;1;10505707000103;R.FIGUEIREDO DA COSTA;PJ;ME;60.0;10.33;619.8;1;Informado;2025-07-28;;0;sentinela/ausente sem motivo nem situacao de cancelamento -> nao cancelado;;1;Não se aplica;2.0;"{""indicadorSubcontratacao"": false, ""niFornecedor"": ""10505707000103"", ""dataCancelamento"": null, ""dataAtualizacao"": ""2025-07-28T10:08:47"", ""tipoPessoa"": ""PJ"", ""nomeRazaoSocialFornecedor"": ""R.FIGUEIREDO DA COSTA"", ""dataInclusao"": ""2025-07-28T10:08:47"", ""numeroItem"": 3555, ""valorTotalHomologado"": 619.8, ""reservaRemanescente"": {""codigo"": 1, ""nome"": ""Não se aplica""}, ""timezoneCotacaoMoedaEstrangeira"": null, ""moedaEstrangeira"": null, ""valorNominalMoedaEstrangeira"": null, ""dataCotacaoMoedaEstrangeira"": null, ""codigoPais"": ""BRA"", ""porteFornecedorId"": 1, ""quantidadeHomologada"": 60.0, ""valorUnitarioHomologado"": 10.33, ""percentualDesconto"": 6.0909, ""amparoLegalMargemPreferencia"": null, ""amparoLegalCriterioDesempate"": null, ""paisOrigemProdutoServico"": null, ""localidadeExterior"": null, ""ordemClassificacaoSrp"": 2, ""dataResultado"": ""2025-07-28"", ""motivoCancelamento"": null, ""numeroControlePNCPCompra"": ""01762561000190-1-000011/2025"", ""aplicacaoMargemPreferencia"": false, ""aplicacaoBeneficioMeEpp"": true, ""situacaoCompraItemResultadoId"": 1, ""porteFornecedorNome"": ""ME"", ""situacaoCompraItemResultadoNome"": ""Informado"", ""sequencialResultado"": 1, ""naturezaJuridicaNome"": null, ""localidadeFornecedor"": null, ""aplicacaoCriterioDesempate"": false, ""naturezaJuridicaId"": null}";2026-09-12T20:16:08.654235
00394502002864-1-001926/2025;5;1;37685672000198;RCK SOLUCOES E NEGOCIOS LTDA;PJ;Demais;1.0;328.8;328.8;1;Informado;2025-07-30;;0;sentinela/ausente sem motivo nem situacao de cancelamento -> nao cancelado;;1;Não se aplica;1.0;"{""indicadorSubcontratacao"": false, ""numeroItem"": 5, ""dataInclusao"": ""2025-07-30T11:15:45"", ""niFornecedor"": ""37685672000198"", ""dataCancelamento"": null, ""dataAtualizacao"": ""2025-07-30T11:15:45"", ""tipoPessoa"": ""PJ"", ""nomeRazaoSocialFornecedor"": ""RCK SOLUCOES E NEGOCIOS LTDA"", ""valorTotalHomologado"": 328.8, ""reservaRemanescente"": {""codigo"": 1, ""nome"": ""Não se aplica""}, ""timezoneCotacaoMoedaEstrangeira"": null, ""moedaEstrangeira"": null, ""valorNominalMoedaEstrangeira"": null, ""dataCotacaoMoedaEstrangeira"": null, ""codigoPais"": ""BRA"", ""porteFornecedorId"": 3, ""quantidadeHomologada"": 1.0, ""valorUnitarioHomologado"": 328.8, ""percentualDesconto"": 0.0, ""amparoLegalMargemPreferencia"": null, ""amparoLegalCriterioDesempate"": null, ""paisOrigemProdutoServico"": null, ""localidadeExterior"": null, ""ordemClassificacaoSrp"": 1, ""dataResultado"": ""2025-07-30"", ""motivoCancelamento"": null, ""numeroControlePNCPCompra"": ""00394502002864-1-001926/2025"", ""situacaoCompraItemResultadoId"": 1, ""porteFornecedorNome"": ""Demais"", ""situacaoCompraItemResultadoNome"": ""Informado"", ""sequencialResultado"": 1, ""naturezaJuridicaNome"": null, ""localidadeFornecedor"": null, ""aplicacaoMargemPreferencia"": false, ""aplicacaoBeneficioMeEpp"": false, ""aplicacaoCriterioDesempate"": false, ""naturezaJuridicaId"": null}";2026-09-12T20:16:13.761954
04892707002588-1-000002/2025;8;1;35338366000150;HF7 COMERCIO E SERVICOS LTDA;PJ;Demais;10.0;37.8;378.0;1;Informado;2025-10-28;;0;sentinela/ausente sem motivo nem situacao de cancelamento -> nao cancelado;;1;Não se aplica;1.0;"{""indicadorSubcontratacao"": false, ""niFornecedor"": ""35338366000150"", ""dataCancelamento"": null, ""dataAtualizacao"": ""2025-10-28T12:44:17"", ""tipoPessoa"": ""PJ"", ""nomeRazaoSocialFornecedor"": ""HF7 COMERCIO E SERVICOS LTDA"", ""dataInclusao"": ""2025-10-28T12:44:17"", ""numeroItem"": 8, ""valorTotalHomologado"": 378.0, ""reservaRemanescente"": {""codigo"": 1, ""nome"": ""Não se aplica""}, ""timezoneCotacaoMoedaEstrangeira"": null, ""moedaEstrangeira"": null, ""valorNominalMoedaEstrangeira"": null, ""dataCotacaoMoedaEstrangeira"": null, ""codigoPais"": ""BRA"", ""porteFornecedorId"": 3, ""quantidadeHomologada"": 10.0, ""valorUnitarioHomologado"": 37.8, ""percentualDesconto"": 0.0, ""amparoLegalMargemPreferencia"": null, ""amparoLegalCriterioDesempate"": null, ""paisOrigemProdutoServico"": null, ""localidadeExterior"": null, ""ordemClassificacaoSrp"": 1, ""dataResultado"": ""2025-10-28"", ""motivoCancelamento"": null, ""numeroControlePNCPCompra"": ""04892707002588-1-000002/2025"", ""aplicacaoMargemPreferencia"": false, ""aplicacaoBeneficioMeEpp"": false, ""situacaoCompraItemResultadoId"": 1, ""porteFornecedorNome"": ""Demais"", ""situacaoCompraItemResultadoNome"": ""Informado"", ""sequencialResultado"": 1, ""naturezaJuridicaNome"": null, ""localidadeFornecedor"": null, ""aplicacaoCriterioDesempate"": false, ""naturezaJuridicaId"": null}";2026-09-12T20:16:14.650446
04892707002588-1-000002/2025;9;1;59024064000175;H. T. C. DO VALE;PJ;Demais;10.0;37.5;375.0;1;Informado;2025-10-28;;0;sentinela/ausente sem motivo nem situacao de cancelamento -> nao cancelado;;1;Não se aplica;1.0;"{""indicadorSubcontratacao"": false, ""niFornecedor"": ""59024064000175"", ""dataCancelamento"": null, ""dataAtualizacao"": ""2025-10-28T12:44:19"", ""tipoPessoa"": ""PJ"", ""nomeRazaoSocialFornecedor"": ""H. T. C. DO VALE"", ""dataInclusao"": ""2025-10-28T12:44:19"", ""numeroItem"": 9, ""valorTotalHomologado"": 375.0, ""reservaRemanescente"": {""codigo"": 1, ""nome"": ""Não se aplica""}, ""timezoneCotacaoMoedaEstrangeira"": null, ""moedaEstrangeira"": null, ""valorNominalMoedaEstrangeira"": null, ""dataCotacaoMoedaEstrangeira"": null, ""codigoPais"": ""BRA"", ""porteFornecedorId"": 3, ""quantidadeHomologada"": 10.0, ""valorUnitarioHomologado"": 37.5, ""percentualDesconto"": 0.0, ""amparoLegalMargemPreferencia"": null, ""amparoLegalCriterioDesempate"": null, ""paisOrigemProdutoServico"": null, ""localidadeExterior"": null, ""ordemClassificacaoSrp"": 1, ""dataResultado"": ""2025-10-28"", ""motivoCancelamento"": null, ""numeroControlePNCPCompra"": ""04892707002588-1-000002/2025"", ""aplicacaoMargemPreferencia"": false, ""aplicacaoBeneficioMeEpp"": false, ""situacaoCompraItemResultadoId"": 1, ""porteFornecedorNome"": ""Demais"", ""situacaoCompraItemResultadoNome"": ""Informado"", ""sequencialResultado"": 1, ""naturezaJuridicaNome"": null, ""localidadeFornecedor"": null, ""aplicacaoCriterioDesempate"": false, ""naturezaJuridicaId"": null}";2026-09-12T20:16:15.532038
04892707002588-1-000002/2025;10;1;59024064000175;H. T. C. DO VALE;PJ;Demais;5.0;39.0;195.0;1;Informado;2025-10-28;;0;sentinela/ausente sem motivo nem situacao de cancelamento -> nao cancelado;;1;Não se aplica;1.0;"{""indicadorSubcontratacao"": false, ""numeroItem"": 10, ""dataInclusao"": ""2025-10-28T12:44:20"", ""niFornecedor"": ""59024064000175"", ""dataCancelamento"": null, ""dataAtualizacao"": ""2025-10-28T12:44:20"", ""tipoPessoa"": ""PJ"", ""nomeRazaoSocialFornecedor"": ""H. T. C. DO VALE"", ""valorTotalHomologado"": 195.0, ""reservaRemanescente"": {""codigo"": 1, ""nome"": ""Não se aplica""}, ""timezoneCotacaoMoedaEstrangeira"": null, ""moedaEstrangeira"": null, ""valorNominalMoedaEstrangeira"": null, ""dataCotacaoMoedaEstrangeira"": null, ""codigoPais"": ""BRA"", ""porteFornecedorId"": 3, ""quantidadeHomologada"": 5.0, ""valorUnitarioHomologado"": 39.0, ""percentualDesconto"": 0.0, ""amparoLegalMargemPreferencia"": null, ""amparoLegalCriterioDesempate"": null, ""paisOrigemProdutoServico"": null, ""localidadeExterior"": null, ""ordemClassificacaoSrp"": 1, ""dataResultado"": ""2025-10-28"", ""motivoCancelamento"": null, ""numeroControlePNCPCompra"": ""04892707002588-1-000002/2025"", ""situacaoCompraItemResultadoId"": 1, ""porteFornecedorNome"": ""Demais"", ""situacaoCompraItemResultadoNome"": ""Informado"", ""sequencialResultado"": 1, ""naturezaJuridicaNome"": null, ""localidadeFornecedor"": null, ""aplicacaoMargemPreferencia"": false, ""aplicacaoBeneficioMeEpp"": false, ""aplicacaoCriterioDesempate"": false, ""naturezaJuridicaId"": null}";2026-09-12T20:16:20.671083
34870246000136-1-000050/2025;2;1;02747184000183;R M R DE ALMEIDA LTDA;PJ;ME;400.0;5.6;2240.0;1;Informado;2025-08-18;;0;sentinela/ausente sem motivo nem situacao de cancelamento -> nao cancelado;;1;Não se aplica;1.0;"{""indicadorSubcontratacao"": false, ""numeroItem"": 2, ""dataInclusao"": ""2025-08-18T09:50:20"", ""niFornecedor"": ""02747184000183"", ""dataCancelamento"": null, ""dataAtualizacao"": ""2025-08-18T09:50:20"", ""tipoPessoa"": ""PJ"", ""nomeRazaoSocialFornecedor"": ""R M R DE ALMEIDA LTDA"", ""valorTotalHomologado"": 2240.0, ""reservaRemanescente"": {""codigo"": 1, ""nome"": ""Não se aplica""}, ""timezoneCotacaoMoedaEstrangeira"": null, ""moedaEstrangeira"": null, ""valorNominalMoedaEstrangeira"": null, ""dataCotacaoMoedaEstrangeira"": null, ""codigoPais"": ""BRA"", ""porteFornecedorId"": 1, ""quantidadeHomologada"": 400.0, ""valorUnitarioHomologado"": 5.6, ""percentualDesconto"": 0.0, ""amparoLegalMargemPreferencia"": null, ""amparoLegalCriterioDesempate"": null, ""paisOrigemProdutoServico"": null, ""localidadeExterior"": null, ""ordemClassificacaoSrp"": 1, ""dataResultado"": ""2025-08-18"", ""motivoCancelamento"": null, ""numeroControlePNCPCompra"": ""34870246000136-1-000050/2025"", ""situacaoCompraItemResultadoId"": 1, ""porteFornecedorNome"": ""ME"", ""situacaoCompraItemResultadoNome"": ""Informado"", ""sequencialResultado"": 1, ""naturezaJuridicaNome"": ""Sociedade Empresária Limitada"", ""localidadeFornecedor"": null, ""aplicacaoMargemPreferencia"": false, ""aplicacaoBeneficioMeEpp"": false, ""aplicacaoCriterioDesempate"": false, ""naturezaJuridicaId"": ""2062""}";2026-09-12T20:16:39.750818
34870246000136-1-000060/2025;6;1;51565808000157;JONAS A. FERNANDES;PJ;ME;16.0;4.5;72.0;1;Informado;2025-09-16;;0;sentinela/ausente sem motivo nem situacao de cancelamento -> nao cancelado;;1;Não se aplica;1.0;"{""indicadorSubcontratacao"": false, ""numeroItem"": 6, ""dataInclusao"": ""2025-09-16T13:14:19"", ""niFornecedor"": ""51565808000157"", ""dataCancelamento"": null, ""dataAtualizacao"": ""2025-09-16T13:14:19"", ""tipoPessoa"": ""PJ"", ""nomeRazaoSocialFornecedor"": ""JONAS A. FERNANDES"", ""valorTotalHomologado"": 72.0, ""reservaRemanescente"": {""codigo"": 1, ""nome"": ""Não se aplica""}, ""timezoneCotacaoMoedaEstrangeira"": null, ""moedaEstrangeira"": null, ""valorNominalMoedaEstrangeira"": null, ""dataCotacaoMoedaEstrangeira"": null, ""codigoPais"": ""BRA"", ""porteFornecedorId"": 1, ""quantidadeHomologada"": 16.0, ""valorUnitarioHomologado"": 4.5, ""percentualDesconto"": 0.0, ""amparoLegalMargemPreferencia"": null, ""amparoLegalCriterioDesempate"": null, ""paisOrigemProdutoServico"": null, ""localidadeExterior"": null, ""ordemClassificacaoSrp"": 1, ""dataResultado"": ""2025-09-16"", ""motivoCancelamento"": null, ""numeroControlePNCPCompra"": ""34870246000136-1-000060/2025"", ""situacaoCompraItemResultadoId"": 1, ""porteFornecedorNome"": ""ME"", ""situacaoCompraItemResultadoNome"": ""Informado"", ""sequencialResultado"": 1, ""naturezaJuridicaNome"": ""Empresário (Individual)"", ""localidadeFornecedor"": null, ""aplicacaoMargemPreferencia"": false, ""aplicacaoBeneficioMeEpp"": false, ""aplicacaoCriterioDesempate"": false, ""naturezaJuridicaId"": ""2135""}";2026-09-12T20:16:45.552207
05194039000100-1-000018/2025;3944;1;55879527000120;SOLUCOES DIRETAS COMERCIO E SERVIÇOS LTDA;PJ;ME;120.0;99.89;11986.8;1;Informado;2025-10-07;;0;sentinela/ausente sem motivo nem situacao de cancelamento -> nao cancelado;;1;Não se aplica;1.0;"{""indicadorSubcontratacao"": false, ""numeroItem"": 3944, ""dataInclusao"": ""2025-10-07T11:50:00"", ""niFornecedor"": ""55879527000120"", ""dataCancelamento"": null, ""dataAtualizacao"": ""2025-10-07T11:50:00"", ""tipoPessoa"": ""PJ"", ""nomeRazaoSocialFornecedor"": ""SOLUCOES DIRETAS COMERCIO E SERVIÇOS LTDA"", ""valorTotalHomologado"": 11986.8, ""reservaRemanescente"": {""codigo"": 1, ""nome"": ""Não se aplica""}, ""timezoneCotacaoMoedaEstrangeira"": null, ""moedaEstrangeira"": null, ""valorNominalMoedaEstrangeira"": null, ""dataCotacaoMoedaEstrangeira"": null, ""codigoPais"": ""BRA"", ""porteFornecedorId"": 1, ""quantidadeHomologada"": 120.0, ""valorUnitarioHomologado"": 99.89, ""percentualDesconto"": 12.5229, ""amparoLegalMargemPreferencia"": null, ""amparoLegalCriterioDesempate"": null, ""paisOrigemProdutoServico"": null, ""localidadeExterior"": null, ""ordemClassificacaoSrp"": 1, ""dataResultado"": ""2025-10-07"", ""motivoCancelamento"": null, ""numeroControlePNCPCompra"": ""05194039000100-1-000018/2025"", ""situacaoCompraItemResultadoId"": 1, ""porteFornecedorNome"": ""ME"", ""situacaoCompraItemResultadoNome"": ""Informado"", ""sequencialResultado"": 1, ""naturezaJuridicaNome"": null, ""localidadeFornecedor"": null, ""aplicacaoMargemPreferencia"": false, ""aplicacaoBeneficioMeEpp"": true, ""aplicacaoCriterioDesempate"": false, ""naturezaJuridicaId"": null}";2026-09-12T20:16:52.850059
22918796000107-1-000011/2025;3957;1;55234831000110;AIROD COMERCIO E SERVIÇOS LTDA;PJ;ME;10.0;33.5;335.0;1;Informado;2025-10-17;;0;sentinela/ausente sem motivo nem situacao de cancelamento -> nao cancelado;;1;Não se aplica;1.0;"{""indicadorSubcontratacao"": false, ""numeroItem"": 3957, ""dataInclusao"": ""2025-10-17T09:05:00"", ""niFornecedor"": ""55234831000110"", ""dataCancelamento"": null, ""dataAtualizacao"": ""2025-10-17T09:05:00"", ""tipoPessoa"": ""PJ"", ""nomeRazaoSocialFornecedor"": ""AIROD COMERCIO E SERVIÇOS LTDA"", ""valorTotalHomologado"": 335.0, ""reservaRemanescente"": {""codigo"": 1, ""nome"": ""Não se aplica""}, ""timezoneCotacaoMoedaEstrangeira"": null, ""moedaEstrangeira"": null, ""valorNominalMoedaEstrangeira"": null, ""dataCotacaoMoedaEstrangeira"": null, ""codigoPais"": ""BRA"", ""porteFornecedorId"": 1, ""quantidadeHomologada"": 10.0, ""valorUnitarioHomologado"": 33.5, ""percentualDesconto"": 38.3738, ""amparoLegalMargemPreferencia"": null, ""amparoLegalCriterioDesempate"": null, ""paisOrigemProdutoServico"": null, ""localidadeExterior"": null, ""ordemClassificacaoSrp"": 1, ""dataResultado"": ""2025-10-17"", ""motivoCancelamento"": null, ""numeroControlePNCPCompra"": ""22918796000107-1-000011/2025"", ""situacaoCompraItemResultadoId"": 1, ""porteFornecedorNome"": ""ME"", ""situacaoCompraItemResultadoNome"": ""Informado"", ""sequencialResultado"": 1, ""naturezaJuridicaNome"": null, ""localidadeFornecedor"": null, ""aplicacaoMargemPreferencia"": false, ""aplicacaoBeneficioMeEpp"": false, ""aplicacaoCriterioDesempate"": false, ""naturezaJuridicaId"": null}";2026-09-12T20:16:59.270534
22918796000107-1-000011/2025;3958;1;55234831000110;AIROD COMERCIO E SERVIÇOS LTDA;PJ;ME;10.0;33.5;335.0;1;Informado;2025-10-17;;0;sentinela/ausente sem motivo nem situacao de cancelamento -> nao cancelado;;1;Não se aplica;1.0;"{""indicadorSubcontratacao"": false, ""numeroItem"": 3958, ""dataInclusao"": ""2025-10-17T09:15:00"", ""niFornecedor"": ""55234831000110"", ""dataCancelamento"": null, ""dataAtualizacao"": ""2025-10-17T09:15:00"", ""tipoPessoa"": ""PJ"", ""nomeRazaoSocialFornecedor"": ""AIROD COMERCIO E SERVIÇOS LTDA"", ""valorTotalHomologado"": 335.0, ""reservaRemanescente"": {""codigo"": 1, ""nome"": ""Não se aplica""}, ""timezoneCotacaoMoedaEstrangeira"": null, ""moedaEstrangeira"": null, ""valorNominalMoedaEstrangeira"": null, ""dataCotacaoMoedaEstrangeira"": null, ""codigoPais"": ""BRA"", ""porteFornecedorId"": 1, ""quantidadeHomologada"": 10.0, ""valorUnitarioHomologado"": 33.5, ""percentualDesconto"": 38.3738, ""amparoLegalMargemPreferencia"": null, ""amparoLegalCriterioDesempate"": null, ""paisOrigemProdutoServico"": null, ""localidadeExterior"": null, ""ordemClassificacaoSrp"": 1, ""dataResultado"": ""2025-10-17"", ""motivoCancelamento"": null, ""numeroControlePNCPCompra"": ""22918796000107-1-000011/2025"", ""situacaoCompraItemResultadoId"": 1, ""porteFornecedorNome"": ""ME"", ""situacaoCompraItemResultadoNome"": ""Informado"", ""sequencialResultado"": 1, ""naturezaJuridicaNome"": null, ""localidadeFornecedor"": null, ""aplicacaoMargemPreferencia"": false, ""aplicacaoBeneficioMeEpp"": false, ""aplicacaoCriterioDesempate"": false, ""naturezaJuridicaId"": null}";2026-09-12T20:17:04.562787
01002322000132-1-000032/2025;3991;1;10505707000103;R.FIGUEIREDO DA COSTA;PJ;ME;20.0;30.0;600.0;1;Informado;2025-10-14;;0;sentinela/ausente sem motivo nem situacao de cancelamento -> nao cancelado;;1;Não se aplica;1.0;"{""indicadorSubcontratacao"": false, ""numeroItem"": 3991, ""dataInclusao"": ""2025-10-14T13:00:00"", ""niFornecedor"": ""10505707000103"", ""dataCancelamento"": null, ""dataAtualizacao"": ""2025-10-14T13:00:00"", ""tipoPessoa"": ""PJ"", ""nomeRazaoSocialFornecedor"": ""R.FIGUEIREDO DA COSTA"", ""valorTotalHomologado"": 600.0, ""reservaRemanescente"": {""codigo"": 1, ""nome"": ""Não se aplica""}, ""timezoneCotacaoMoedaEstrangeira"": null, ""moedaEstrangeira"": null, ""valorNominalMoedaEstrangeira"": null, ""dataCotacaoMoedaEstrangeira"": null, ""codigoPais"": ""BRA"", ""porteFornecedorId"": 1, ""quantidadeHomologada"": 20.0, ""valorUnitarioHomologado"": 30.0, ""percentualDesconto"": 7.2069, ""amparoLegalMargemPreferencia"": null, ""amparoLegalCriterioDesempate"": null, ""paisOrigemProdutoServico"": null, ""localidadeExterior"": null, ""ordemClassificacaoSrp"": 1, ""dataResultado"": ""2025-10-14"", ""motivoCancelamento"": null, ""numeroControlePNCPCompra"": ""01002322000132-1-000032/2025"", ""situacaoCompraItemResultadoId"": 1, ""porteFornecedorNome"": ""ME"", ""situacaoCompraItemResultadoNome"": ""Informado"", ""sequencialResultado"": 1, ""naturezaJuridicaNome"": null, ""localidadeFornecedor"": null, ""aplicacaoMargemPreferencia"": false, ""aplicacaoBeneficioMeEpp"": true, ""aplicacaoCriterioDesempate"": false, ""naturezaJuridicaId"": null}";2026-09-12T20:17:11.160542
01002322000132-1-000032/2025;3994;1;55234831000110;AIROD COMERCIO E SERVIÇOS LTDA;PJ;ME;60.0;3.85;231.0;1;Informado;2025-10-14;;0;sentinela/ausente sem motivo nem situacao de cancelamento -> nao cancelado;;1;Não se aplica;1.0;"{""indicadorSubcontratacao"": false, ""numeroItem"": 3994, ""dataInclusao"": ""2025-10-14T12:25:00"", ""niFornecedor"": ""55234831000110"", ""dataCancelamento"": null, ""dataAtualizacao"": ""2025-10-14T12:25:00"", ""tipoPessoa"": ""PJ"", ""nomeRazaoSocialFornecedor"": ""AIROD COMERCIO E SERVIÇOS LTDA"", ""valorTotalHomologado"": 231.0, ""reservaRemanescente"": {""codigo"": 1, ""nome"": ""Não se aplica""}, ""timezoneCotacaoMoedaEstrangeira"": null, ""moedaEstrangeira"": null, ""valorNominalMoedaEstrangeira"": null, ""dataCotacaoMoedaEstrangeira"": null, ""codigoPais"": ""BRA"", ""porteFornecedorId"": 1, ""quantidadeHomologada"": 60.0, ""valorUnitarioHomologado"": 3.85, ""percentualDesconto"": 24.9512, ""amparoLegalMargemPreferencia"": null, ""amparoLegalCriterioDesempate"": null, ""paisOrigemProdutoServico"": null, ""localidadeExterior"": null, ""ordemClassificacaoSrp"": 1, ""dataResultado"": ""2025-10-14"", ""motivoCancelamento"": null, ""numeroControlePNCPCompra"": ""01002322000132-1-000032/2025"", ""situacaoCompraItemResultadoId"": 1, ""porteFornecedorNome"": ""ME"", ""situacaoCompraItemResultadoNome"": ""Informado"", ""sequencialResultado"": 1, ""naturezaJuridicaNome"": null, ""localidadeFornecedor"": null, ""aplicacaoMargemPreferencia"": false, ""aplicacaoBeneficioMeEpp"": true, ""aplicacaoCriterioDesempate"": false, ""naturezaJuridicaId"": null}";2026-09-12T20:17:16.642516
01002322000132-1-000032/2025;3997;1;41835803000143;CARVALHO COMERCIO & SERVICOS LTDA;PJ;ME;30.0;239.0;7170.0;1;Informado;2025-10-14;;0;sentinela/ausente sem motivo nem situacao de cancelamento -> nao cancelado;;1;Não se aplica;1.0;"{""indicadorSubcontratacao"": false, ""numeroItem"": 3997, ""dataInclusao"": ""2025-10-14T17:20:00"", ""niFornecedor"": ""41835803000143"", ""dataCancelamento"": null, ""dataAtualizacao"": ""2025-10-14T17:20:00"", ""tipoPessoa"": ""PJ"", ""nomeRazaoSocialFornecedor"": ""CARVALHO COMERCIO & SERVICOS LTDA"", ""valorTotalHomologado"": 7170.0, ""reservaRemanescente"": {""codigo"": 1, ""nome"": ""Não se aplica""}, ""timezoneCotacaoMoedaEstrangeira"": null, ""moedaEstrangeira"": null, ""valorNominalMoedaEstrangeira"": null, ""dataCotacaoMoedaEstrangeira"": null, ""codigoPais"": ""BRA"", ""porteFornecedorId"": 1, ""quantidadeHomologada"": 30.0, ""valorUnitarioHomologado"": 239.0, ""percentualDesconto"": 2.4489, ""amparoLegalMargemPreferencia"": null, ""amparoLegalCriterioDesempate"": null, ""paisOrigemProdutoServico"": null, ""localidadeExterior"": null, ""ordemClassificacaoSrp"": 1, ""dataResultado"": ""2025-10-14"", ""motivoCancelamento"": null, ""numeroControlePNCPCompra"": ""01002322000132-1-000032/2025"", ""situacaoCompraItemResultadoId"": 1, ""porteFornecedorNome"": ""ME"", ""situacaoCompraItemResultadoNome"": ""Informado"", ""sequencialResultado"": 1, ""naturezaJuridicaNome"": null, ""localidadeFornecedor"": null, ""aplicacaoMargemPreferencia"": false, ""aplicacaoBeneficioMeEpp"": true, ""aplicacaoCriterioDesempate"": false, ""naturezaJuridicaId"": null}";2026-09-12T20:17:22.072572
11762155000181-1-000001/2025;4030;1;37429124000105;F. G. DE SOUSA LTDA;PJ;ME;2600.0;17.0;44200.0;1;Informado;2025-10-17;;0;sentinela/ausente sem motivo nem situacao de cancelamento -> nao cancelado;;1;Não se aplica;1.0;"{""indicadorSubcontratacao"": false, ""numeroItem"": 4030, ""dataInclusao"": ""2025-10-17T12:00:00"", ""niFornecedor"": ""37429124000105"", ""dataCancelamento"": null, ""dataAtualizacao"": ""2025-10-17T12:00:00"", ""tipoPessoa"": ""PJ"", ""nomeRazaoSocialFornecedor"": ""F. G. DE SOUSA LTDA"", ""valorTotalHomologado"": 44200.0, ""reservaRemanescente"": {""codigo"": 1, ""nome"": ""Não se aplica""}, ""timezoneCotacaoMoedaEstrangeira"": null, ""moedaEstrangeira"": null, ""valorNominalMoedaEstrangeira"": null, ""dataCotacaoMoedaEstrangeira"": null, ""codigoPais"": ""BRA"", ""porteFornecedorId"": 1, ""quantidadeHomologada"": 2600.0, ""valorUnitarioHomologado"": 17.0, ""percentualDesconto"": 11.5044, ""amparoLegalMargemPreferencia"": null, ""amparoLegalCriterioDesempate"": null, ""paisOrigemProdutoServico"": null, ""localidadeExterior"": null, ""ordemClassificacaoSrp"": 1, ""dataResultado"": ""2025-10-17"", ""motivoCancelamento"": null, ""numeroControlePNCPCompra"": ""11762155000181-1-000001/2025"", ""situacaoCompraItemResultadoId"": 1, ""porteFornecedorNome"": ""ME"", ""situacaoCompraItemResultadoNome"": ""Informado"", ""sequencialResultado"": 1, ""naturezaJuridicaNome"": null, ""localidadeFornecedor"": null, ""aplicacaoMargemPreferencia"": false, ""aplicacaoBeneficioMeEpp"": true, ""aplicacaoCriterioDesempate"": false, ""naturezaJuridicaId"": null}";2026-09-12T20:17:28.554522
01249331000122-1-000006/2025;4069;1;55234831000110;AIROD COMERCIO E SERVIÇOS LTDA;PJ;ME;10.0;57.0;570.0;1;Informado;2025-10-31;;0;sentinela/ausente sem motivo nem situacao de cancelamento -> nao cancelado;;1;Não se aplica;1.0;"{""indicadorSubcontratacao"": false, ""numeroItem"": 4069, ""dataInclusao"": ""2025-10-31T13:20:00"", ""niFornecedor"": ""55234831000110"", ""dataCancelamento"": null, ""dataAtualizacao"": ""2025-10-31T13:20:00"", ""tipoPessoa"": ""PJ"", ""nomeRazaoSocialFornecedor"": ""AIROD COMERCIO E SERVIÇOS LTDA"", ""valorTotalHomologado"": 570.0, ""reservaRemanescente"": {""codigo"": 1, ""nome"": ""Não se aplica""}, ""timezoneCotacaoMoedaEstrangeira"": null, ""moedaEstrangeira"": null, ""valorNominalMoedaEstrangeira"": null, ""dataCotacaoMoedaEstrangeira"": null, ""codigoPais"": ""BRA"", ""porteFornecedorId"": 1, ""quantidadeHomologada"": 10.0, ""valorUnitarioHomologado"": 57.0, ""percentualDesconto"": 24.0, ""amparoLegalMargemPreferencia"": null, ""amparoLegalCriterioDesempate"": null, ""paisOrigemProdutoServico"": null, ""localidadeExterior"": null, ""ordemClassificacaoSrp"": 1, ""dataResultado"": ""2025-10-31"", ""motivoCancelamento"": null, ""numeroControlePNCPCompra"": ""01249331000122-1-000006/2025"", ""situacaoCompraItemResultadoId"": 1, ""porteFornecedorNome"": ""ME"", ""situacaoCompraItemResultadoNome"": ""Informado"", ""sequencialResultado"": 1, ""naturezaJuridicaNome"": null, ""localidadeFornecedor"": null, ""aplicacaoMargemPreferencia"": false, ""aplicacaoBeneficioMeEpp"": true, ""aplicacaoCriterioDesempate"": false, ""naturezaJuridicaId"": null}";2026-09-12T20:17:35.060813
23612685000122-1-000025/2025;4;1;36692856000112;J. V. CUMARU DOS SANTOS LTDA;PJ;ME;4.0;35.5;142.0;1;Informado;2025-11-14;;0;sentinela/ausente sem motivo nem situacao de cancelamento -> nao cancelado;;1;Não se aplica;;"{""indicadorSubcontratacao"": false, ""numeroItem"": 4, ""dataInclusao"": ""2025-11-14T09:27:07"", ""niFornecedor"": ""36692856000112"", ""dataCancelamento"": null, ""dataAtualizacao"": ""2025-11-14T09:27:07"", ""tipoPessoa"": ""PJ"", ""nomeRazaoSocialFornecedor"": ""J. V. CUMARU DOS SANTOS LTDA"", ""valorTotalHomologado"": 142.0, ""reservaRemanescente"": {""codigo"": 1, ""nome"": ""Não se aplica""}, ""timezoneCotacaoMoedaEstrangeira"": null, ""moedaEstrangeira"": null, ""valorNominalMoedaEstrangeira"": null, ""dataCotacaoMoedaEstrangeira"": null, ""codigoPais"": ""BRA"", ""porteFornecedorId"": 1, ""quantidadeHomologada"": 4.0, ""valorUnitarioHomologado"": 35.5, ""percentualDesconto"": 0.0, ""amparoLegalMargemPreferencia"": null, ""amparoLegalCriterioDesempate"": null, ""paisOrigemProdutoServico"": null, ""localidadeExterior"": null, ""ordemClassificacaoSrp"": null, ""dataResultado"": ""2025-11-14"", ""motivoCancelamento"": null, ""numeroControlePNCPCompra"": ""23612685000122-1-000025/2025"", ""situacaoCompraItemResultadoId"": 1, ""porteFornecedorNome"": ""ME"", ""situacaoCompraItemResultadoNome"": ""Informado"", ""sequencialResultado"": 1, ""naturezaJuridicaNome"": ""Sociedade Empresária Limitada"", ""localidadeFornecedor"": null, ""aplicacaoMargemPreferencia"": false, ""aplicacaoBeneficioMeEpp"": false, ""aplicacaoCriterioDesempate"": false, ""naturezaJuridicaId"": ""2062""}";2026-09-12T20:17:40.450918
23612685000122-1-000025/2025;5;1;36692856000112;J. V. CUMARU DOS SANTOS LTDA;PJ;ME;2.0;44.5;89.0;1;Informado;2025-11-14;;0;sentinela/ausente sem motivo nem situacao de cancelamento -> nao cancelado;;1;Não se aplica;;"{""indicadorSubcontratacao"": false, ""numeroItem"": 5, ""dataInclusao"": ""2025-11-14T09:27:39"", ""niFornecedor"": ""36692856000112"", ""dataCancelamento"": null, ""dataAtualizacao"": ""2025-11-14T09:27:39"", ""tipoPessoa"": ""PJ"", ""nomeRazaoSocialFornecedor"": ""J. V. CUMARU DOS SANTOS LTDA"", ""valorTotalHomologado"": 89.0, ""reservaRemanescente"": {""codigo"": 1, ""nome"": ""Não se aplica""}, ""timezoneCotacaoMoedaEstrangeira"": null, ""moedaEstrangeira"": null, ""valorNominalMoedaEstrangeira"": null, ""dataCotacaoMoedaEstrangeira"": null, ""codigoPais"": ""BRA"", ""porteFornecedorId"": 1, ""quantidadeHomologada"": 2.0, ""valorUnitarioHomologado"": 44.5, ""percentualDesconto"": 0.0, ""amparoLegalMargemPreferencia"": null, ""amparoLegalCriterioDesempate"": null, ""paisOrigemProdutoServico"": null, ""localidadeExterior"": null, ""ordemClassificacaoSrp"": null, ""dataResultado"": ""2025-11-14"", ""motivoCancelamento"": null, ""numeroControlePNCPCompra"": ""23612685000122-1-000025/2025"", ""situacaoCompraItemResultadoId"": 1, ""porteFornecedorNome"": ""ME"", ""situacaoCompraItemResultadoNome"": ""Informado"", ""sequencialResultado"": 1, ""naturezaJuridicaNome"": ""Sociedade Empresária Limitada"", ""localidadeFornecedor"": null, ""aplicacaoMargemPreferencia"": false, ""aplicacaoBeneficioMeEpp"": false, ""aplicacaoCriterioDesempate"": false, ""naturezaJuridicaId"": ""2062""}";2026-09-12T20:17:47.060138
23612685000122-1-000025/2025;6;1;36692856000112;J. V. CUMARU DOS SANTOS LTDA;PJ;ME;4.0;44.5;178.0;1;Informado;2025-11-14;;0;sentinela/ausente sem motivo nem situacao de cancelamento -> nao cancelado;;1;Não se aplica;;"{""indicadorSubcontratacao"": false, ""numeroItem"": 6, ""dataInclusao"": ""2025-11-14T09:28:00"", ""niFornecedor"": ""36692856000112"", ""dataCancelamento"": null, ""dataAtualizacao"": ""2025-11-14T09:28:00"", ""tipoPessoa"": ""PJ"", ""nomeRazaoSocialFornecedor"": ""J. V. CUMARU DOS SANTOS LTDA"", ""valorTotalHomologado"": 178.0, ""reservaRemanescente"": {""codigo"": 1, ""nome"": ""Não se aplica""}, ""timezoneCotacaoMoedaEstrangeira"": null, ""moedaEstrangeira"": null, ""valorNominalMoedaEstrangeira"": null, ""dataCotacaoMoedaEstrangeira"": null, ""codigoPais"": ""BRA"", ""porteFornecedorId"": 1, ""quantidadeHomologada"": 4.0, ""valorUnitarioHomologado"": 44.5, ""percentualDesconto"": 0.0, ""amparoLegalMargemPreferencia"": null, ""amparoLegalCriterioDesempate"": null, ""paisOrigemProdutoServico"": null, ""localidadeExterior"": null, ""ordemClassificacaoSrp"": null, ""dataResultado"": ""2025-11-14"", ""motivoCancelamento"": null, ""numeroControlePNCPCompra"": ""23612685000122-1-000025/2025"", ""situacaoCompraItemResultadoId"": 1, ""porteFornecedorNome"": ""ME"", ""situacaoCompraItemResultadoNome"": ""Informado"", ""sequencialResultado"": 1, ""naturezaJuridicaNome"": ""Sociedade Empresária Limitada"", ""localidadeFornecedor"": null, ""aplicacaoMargemPreferencia"": false, ""aplicacaoBeneficioMeEpp"": false, ""aplicacaoCriterioDesempate"": false, ""naturezaJuridicaId"": ""2062""}";2026-09-12T20:17:52.442127
23066640000108-1-000052/2025;1;1;28171519000151;SPORT DANCE LTDA;PJ;ME;96.0;172.0;16512.0;1;Informado;2026-01-10;;0;sentinela/ausente sem motivo nem situacao de cancelamento -> nao cancelado;;1;Não se aplica;;"{""indicadorSubcontratacao"": false, ""numeroItem"": 1, ""dataInclusao"": ""2026-01-10T12:37:54"", ""niFornecedor"": ""28171519000151"", ""dataCancelamento"": null, ""dataAtualizacao"": ""2026-01-10T12:37:54"", ""tipoPessoa"": ""PJ"", ""nomeRazaoSocialFornecedor"": ""SPORT DANCE LTDA"", ""valorTotalHomologado"": 16512.0, ""reservaRemanescente"": {""codigo"": 1, ""nome"": ""Não se aplica""}, ""timezoneCotacaoMoedaEstrangeira"": null, ""moedaEstrangeira"": null, ""valorNominalMoedaEstrangeira"": null, ""dataCotacaoMoedaEstrangeira"": null, ""codigoPais"": ""BRA"", ""porteFornecedorId"": 1, ""quantidadeHomologada"": 96.0, ""valorUnitarioHomologado"": 172.0, ""percentualDesconto"": 0.0, ""amparoLegalMargemPreferencia"": null, ""amparoLegalCriterioDesempate"": null, ""paisOrigemProdutoServico"": null, ""localidadeExterior"": null, ""ordemClassificacaoSrp"": null, ""dataResultado"": ""2026-01-10"", ""motivoCancelamento"": null, ""numeroControlePNCPCompra"": ""23066640000108-1-000052/2025"", ""situacaoCompraItemResultadoId"": 1, ""porteFornecedorNome"": ""ME"", ""situacaoCompraItemResultadoNome"": ""Informado"", ""sequencialResultado"": 1, ""naturezaJuridicaNome"": ""Sociedade Empresária Limitada"", ""localidadeFornecedor"": null, ""aplicacaoMargemPreferencia"": false, ""aplicacaoBeneficioMeEpp"": false, ""aplicacaoCriterioDesempate"": false, ""naturezaJuridicaId"": ""2062""}";2026-09-12T20:17:59.174468
23066640000108-1-000052/2025;2;1;28171519000151;SPORT DANCE LTDA;PJ;ME;5.0;417.0;2085.0;1;Informado;2026-01-10;;0;sentinela/ausente sem motivo nem situacao de cancelamento -> nao cancelado;;1;Não se aplica;;"{""indicadorSubcontratacao"": false, ""niFornecedor"": ""28171519000151"", ""dataCancelamento"": null, ""dataAtualizacao"": ""2026-01-10T12:37:57"", ""tipoPessoa"": ""PJ"", ""nomeRazaoSocialFornecedor"": ""SPORT DANCE LTDA"", ""dataInclusao"": ""2026-01-10T12:37:57"", ""numeroItem"": 2, ""valorTotalHomologado"": 2085.0, ""reservaRemanescente"": {""codigo"": 1, ""nome"": ""Não se aplica""}, ""timezoneCotacaoMoedaEstrangeira"": null, ""moedaEstrangeira"": null, ""valorNominalMoedaEstrangeira"": null, ""dataCotacaoMoedaEstrangeira"": null, ""codigoPais"": ""BRA"", ""porteFornecedorId"": 1, ""quantidadeHomologada"": 5.0, ""valorUnitarioHomologado"": 417.0, ""percentualDesconto"": 0.0, ""amparoLegalMargemPreferencia"": null, ""amparoLegalCriterioDesempate"": null, ""paisOrigemProdutoServico"": null, ""localidadeExterior"": null, ""ordemClassificacaoSrp"": null, ""dataResultado"": ""2026-01-10"", ""motivoCancelamento"": null, ""numeroControlePNCPCompra"": ""23066640000108-1-000052/2025"", ""aplicacaoMargemPreferencia"": false, ""aplicacaoBeneficioMeEpp"": false, ""situacaoCompraItemResultadoId"": 1, ""porteFornecedorNome"": ""ME"", ""situacaoCompraItemResultadoNome"": ""Informado"", ""sequencialResultado"": 1, ""naturezaJuridicaNome"": ""Sociedade Empresária Limitada"", ""localidadeFornecedor"": null, ""aplicacaoCriterioDesempate"": false, ""naturezaJuridicaId"": ""2062""}";2026-09-12T20:18:00.061814
23066640000108-1-000052/2025;3;1;28171519000151;SPORT DANCE LTDA;PJ;ME;4.0;263.0;1052.0;1;Informado;2026-01-10;;0;sentinela/ausente sem motivo nem situacao de cancelamento -> nao cancelado;;1;Não se aplica;;"{""indicadorSubcontratacao"": false, ""niFornecedor"": ""28171519000151"", ""dataCancelamento"": null, ""dataAtualizacao"": ""2026-01-10T12:37:58"", ""tipoPessoa"": ""PJ"", ""nomeRazaoSocialFornecedor"": ""SPORT DANCE LTDA"", ""dataInclusao"": ""2026-01-10T12:37:58"", ""numeroItem"": 3, ""valorTotalHomologado"": 1052.0, ""reservaRemanescente"": {""codigo"": 1, ""nome"": ""Não se aplica""}, ""timezoneCotacaoMoedaEstrangeira"": null, ""moedaEstrangeira"": null, ""valorNominalMoedaEstrangeira"": null, ""dataCotacaoMoedaEstrangeira"": null, ""codigoPais"": ""BRA"", ""porteFornecedorId"": 1, ""quantidadeHomologada"": 4.0, ""valorUnitarioHomologado"": 263.0, ""percentualDesconto"": 0.0, ""amparoLegalMargemPreferencia"": null, ""amparoLegalCriterioDesempate"": null, ""paisOrigemProdutoServico"": null, ""localidadeExterior"": null, ""ordemClassificacaoSrp"": null, ""dataResultado"": ""2026-01-10"", ""motivoCancelamento"": null, ""numeroControlePNCPCompra"": ""23066640000108-1-000052/2025"", ""aplicacaoMargemPreferencia"": false, ""aplicacaoBeneficioMeEpp"": false, ""situacaoCompraItemResultadoId"": 1, ""porteFornecedorNome"": ""ME"", ""situacaoCompraItemResultadoNome"": ""Informado"", ""sequencialResultado"": 1, ""naturezaJuridicaNome"": ""Sociedade Empresária Limitada"", ""localidadeFornecedor"": null, ""aplicacaoCriterioDesempate"": false, ""naturezaJuridicaId"": ""2062""}";2026-09-12T20:18:00.951186
23066640000108-1-000052/2025;4;1;28171519000151;SPORT DANCE LTDA;PJ;ME;5.0;382.0;1910.0;1;Informado;2026-01-10;;0;sentinela/ausente sem motivo nem situacao de cancelamento -> nao cancelado;;1;Não se aplica;;"{""indicadorSubcontratacao"": false, ""numeroItem"": 4, ""dataInclusao"": ""2026-01-10T12:37:58"", ""niFornecedor"": ""28171519000151"", ""dataCancelamento"": null, ""dataAtualizacao"": ""2026-01-10T12:37:58"", ""tipoPessoa"": ""PJ"", ""nomeRazaoSocialFornecedor"": ""SPORT DANCE LTDA"", ""valorTotalHomologado"": 1910.0, ""reservaRemanescente"": {""codigo"": 1, ""nome"": ""Não se aplica""}, ""timezoneCotacaoMoedaEstrangeira"": null, ""moedaEstrangeira"": null, ""valorNominalMoedaEstrangeira"": null, ""dataCotacaoMoedaEstrangeira"": null, ""codigoPais"": ""BRA"", ""porteFornecedorId"": 1, ""quantidadeHomologada"": 5.0, ""valorUnitarioHomologado"": 382.0, ""percentualDesconto"": 0.0, ""amparoLegalMargemPreferencia"": null, ""amparoLegalCriterioDesempate"": null, ""paisOrigemProdutoServico"": null, ""localidadeExterior"": null, ""ordemClassificacaoSrp"": null, ""dataResultado"": ""2026-01-10"", ""motivoCancelamento"": null, ""numeroControlePNCPCompra"": ""23066640000108-1-000052/2025"", ""situacaoCompraItemResultadoId"": 1, ""porteFornecedorNome"": ""ME"", ""situacaoCompraItemResultadoNome"": ""Informado"", ""sequencialResultado"": 1, ""naturezaJuridicaNome"": ""Sociedade Empresária Limitada"", ""localidadeFornecedor"": null, ""aplicacaoMargemPreferencia"": false, ""aplicacaoBeneficioMeEpp"": false, ""aplicacaoCriterioDesempate"": false, ""naturezaJuridicaId"": ""2062""}";2026-09-12T20:18:07.453673
23066640000108-1-000052/2025;5;1;28171519000151;SPORT DANCE LTDA;PJ;ME;10.0;283.0;2830.0;1;Informado;2026-01-10;;0;sentinela/ausente sem motivo nem situacao de cancelamento -> nao cancelado;;1;Não se aplica;;"{""indicadorSubcontratacao"": false, ""numeroItem"": 5, ""dataInclusao"": ""2026-01-10T12:37:59"", ""niFornecedor"": ""28171519000151"", ""dataCancelamento"": null, ""dataAtualizacao"": ""2026-01-10T12:37:59"", ""tipoPessoa"": ""PJ"", ""nomeRazaoSocialFornecedor"": ""SPORT DANCE LTDA"", ""valorTotalHomologado"": 2830.0, ""reservaRemanescente"": {""codigo"": 1, ""nome"": ""Não se aplica""}, ""timezoneCotacaoMoedaEstrangeira"": null, ""moedaEstrangeira"": null, ""valorNominalMoedaEstrangeira"": null, ""dataCotacaoMoedaEstrangeira"": null, ""codigoPais"": ""BRA"", ""porteFornecedorId"": 1, ""quantidadeHomologada"": 10.0, ""valorUnitarioHomologado"": 283.0, ""percentualDesconto"": 0.0, ""amparoLegalMargemPreferencia"": null, ""amparoLegalCriterioDesempate"": null, ""paisOrigemProdutoServico"": null, ""localidadeExterior"": null, ""ordemClassificacaoSrp"": null, ""dataResultado"": ""2026-01-10"", ""motivoCancelamento"": null, ""numeroControlePNCPCompra"": ""23066640000108-1-000052/2025"", ""situacaoCompraItemResultadoId"": 1, ""porteFornecedorNome"": ""ME"", ""situacaoCompraItemResultadoNome"": ""Informado"", ""sequencialResultado"": 1, ""naturezaJuridicaNome"": ""Sociedade Empresária Limitada"", ""localidadeFornecedor"": null, ""aplicacaoMargemPreferencia"": false, ""aplicacaoBeneficioMeEpp"": false, ""aplicacaoCriterioDesempate"": false, ""naturezaJuridicaId"": ""2062""}";2026-09-12T20:18:13.562936
23066640000108-1-000052/2025;6;1;28171519000151;SPORT DANCE LTDA;PJ;ME;200.0;9.0;1800.0;1;Informado;2026-01-10;;0;sentinela/ausente sem motivo nem situacao de cancelamento -> nao cancelado;;1;Não se aplica;;"{""indicadorSubcontratacao"": false, ""numeroItem"": 6, ""dataInclusao"": ""2026-01-10T12:38:00"", ""niFornecedor"": ""28171519000151"", ""dataCancelamento"": null, ""dataAtualizacao"": ""2026-01-10T12:38:00"", ""tipoPessoa"": ""PJ"", ""nomeRazaoSocialFornecedor"": ""SPORT DANCE LTDA"", ""valorTotalHomologado"": 1800.0, ""reservaRemanescente"": {""codigo"": 1, ""nome"": ""Não se aplica""}, ""timezoneCotacaoMoedaEstrangeira"": null, ""moedaEstrangeira"": null, ""valorNominalMoedaEstrangeira"": null, ""dataCotacaoMoedaEstrangeira"": null, ""codigoPais"": ""BRA"", ""porteFornecedorId"": 1, ""quantidadeHomologada"": 200.0, ""valorUnitarioHomologado"": 9.0, ""percentualDesconto"": 0.0, ""amparoLegalMargemPreferencia"": null, ""amparoLegalCriterioDesempate"": null, ""paisOrigemProdutoServico"": null, ""localidadeExterior"": null, ""ordemClassificacaoSrp"": null, ""dataResultado"": ""2026-01-10"", ""motivoCancelamento"": null, ""numeroControlePNCPCompra"": ""23066640000108-1-000052/2025"", ""situacaoCompraItemResultadoId"": 1, ""porteFornecedorNome"": ""ME"", ""situacaoCompraItemResultadoNome"": ""Informado"", ""sequencialResultado"": 1, ""naturezaJuridicaNome"": ""Sociedade Empresária Limitada"", ""localidadeFornecedor"": null, ""aplicacaoMargemPreferencia"": false, ""aplicacaoBeneficioMeEpp"": false, ""aplicacaoCriterioDesempate"": false, ""naturezaJuridicaId"": ""2062""}";2026-09-12T20:18:21.252429
23066640000108-1-000052/2025;7;1;28171519000151;SPORT DANCE LTDA;PJ;ME;200.0;9.0;1800.0;1;Informado;2026-01-10;;0;sentinela/ausente sem motivo nem situacao de cancelamento -> nao cancelado;;1;Não se aplica;;"{""naturezaJuridicaId"": ""2062"", ""reservaRemanescente"": {""codigo"": 1, ""nome"": ""Não se aplica""}, ""timezoneCotacaoMoedaEstrangeira"": null, ""moedaEstrangeira"": null, ""indicadorSubcontratacao"": false, ""dataInclusao"": ""2026-01-10T12:38:00"", ""numeroItem"": 7, ""niFornecedor"": ""28171519000151"", ""dataCancelamento"": null, ""dataAtualizacao"": ""2026-01-10T12:38:00"", ""tipoPessoa"": ""PJ"", ""nomeRazaoSocialFornecedor"": ""SPORT DANCE LTDA"", ""valorTotalHomologado"": 1800.0, ""valorNominalMoedaEstrangeira"": null, ""dataCotacaoMoedaEstrangeira"": null, ""codigoPais"": ""BRA"", ""porteFornecedorId"": 1, ""quantidadeHomologada"": 200.0, ""valorUnitarioHomologado"": 9.0, ""percentualDesconto"": 0.0, ""amparoLegalMargemPreferencia"": null, ""amparoLegalCriterioDesempate"": null, ""paisOrigemProdutoServico"": null, ""localidadeExterior"": null, ""ordemClassificacaoSrp"": null, ""dataResultado"": ""2026-01-10"", ""motivoCancelamento"": null, ""numeroControlePNCPCompra"": ""23066640000108-1-000052/2025"", ""aplicacaoMargemPreferencia"": false, ""aplicacaoBeneficioMeEpp"": false, ""aplicacaoCriterioDesempate"": false, ""situacaoCompraItemResultadoId"": 1, ""porteFornecedorNome"": ""ME"", ""situacaoCompraItemResultadoNome"": ""Informado"", ""sequencialResultado"": 1, ""naturezaJuridicaNome"": ""Sociedade Empresária Limitada"", ""localidadeFornecedor"": null}";2026-09-12T20:18:22.135230
23066640000108-1-000052/2025;8;1;28171519000151;SPORT DANCE LTDA;PJ;ME;100.0;7.18;718.0;1;Informado;2026-01-10;;0;sentinela/ausente sem motivo nem situacao de cancelamento -> nao cancelado;;1;Não se aplica;;"{""indicadorSubcontratacao"": false, ""numeroItem"": 8, ""dataInclusao"": ""2026-01-10T12:38:01"", ""niFornecedor"": ""28171519000151"", ""dataCancelamento"": null, ""dataAtualizacao"": ""2026-01-10T12:38:01"", ""tipoPessoa"": ""PJ"", ""nomeRazaoSocialFornecedor"": ""SPORT DANCE LTDA"", ""valorTotalHomologado"": 718.0, ""reservaRemanescente"": {""codigo"": 1, ""nome"": ""Não se aplica""}, ""timezoneCotacaoMoedaEstrangeira"": null, ""moedaEstrangeira"": null, ""valorNominalMoedaEstrangeira"": null, ""dataCotacaoMoedaEstrangeira"": null, ""codigoPais"": ""BRA"", ""porteFornecedorId"": 1, ""quantidadeHomologada"": 100.0, ""valorUnitarioHomologado"": 7.18, ""percentualDesconto"": 0.0, ""amparoLegalMargemPreferencia"": null, ""amparoLegalCriterioDesempate"": null, ""paisOrigemProdutoServico"": null, ""localidadeExterior"": null, ""ordemClassificacaoSrp"": null, ""dataResultado"": ""2026-01-10"", ""motivoCancelamento"": null, ""numeroControlePNCPCompra"": ""23066640000108-1-000052/2025"", ""situacaoCompraItemResultadoId"": 1, ""porteFornecedorNome"": ""ME"", ""situacaoCompraItemResultadoNome"": ""Informado"", ""sequencialResultado"": 1, ""naturezaJuridicaNome"": ""Sociedade Empresária Limitada"", ""localidadeFornecedor"": null, ""aplicacaoMargemPreferencia"": false, ""aplicacaoBeneficioMeEpp"": false, ""aplicacaoCriterioDesempate"": false, ""naturezaJuridicaId"": ""2062""}";2026-09-12T20:18:30.272586
23066640000108-1-000052/2025;9;1;28171519000151;SPORT DANCE LTDA;PJ;ME;5.0;750.0;3750.0;1;Informado;2026-01-10;;0;sentinela/ausente sem motivo nem situacao de cancelamento -> nao cancelado;;1;Não se aplica;;"{""indicadorSubcontratacao"": false, ""numeroItem"": 9, ""dataInclusao"": ""2026-01-10T12:38:01"", ""niFornecedor"": ""28171519000151"", ""dataCancelamento"": null, ""dataAtualizacao"": ""2026-01-10T12:38:01"", ""tipoPessoa"": ""PJ"", ""nomeRazaoSocialFornecedor"": ""SPORT DANCE LTDA"", ""valorTotalHomologado"": 3750.0, ""reservaRemanescente"": {""codigo"": 1, ""nome"": ""Não se aplica""}, ""timezoneCotacaoMoedaEstrangeira"": null, ""moedaEstrangeira"": null, ""valorNominalMoedaEstrangeira"": null, ""dataCotacaoMoedaEstrangeira"": null, ""codigoPais"": ""BRA"", ""porteFornecedorId"": 1, ""quantidadeHomologada"": 5.0, ""valorUnitarioHomologado"": 750.0, ""percentualDesconto"": 0.0, ""amparoLegalMargemPreferencia"": null, ""amparoLegalCriterioDesempate"": null, ""paisOrigemProdutoServico"": null, ""localidadeExterior"": null, ""ordemClassificacaoSrp"": null, ""dataResultado"": ""2026-01-10"", ""motivoCancelamento"": null, ""numeroControlePNCPCompra"": ""23066640000108-1-000052/2025"", ""situacaoCompraItemResultadoId"": 1, ""porteFornecedorNome"": ""ME"", ""situacaoCompraItemResultadoNome"": ""Informado"", ""sequencialResultado"": 1, ""naturezaJuridicaNome"": ""Sociedade Empresária Limitada"", ""localidadeFornecedor"": null, ""aplicacaoMargemPreferencia"": false, ""aplicacaoBeneficioMeEpp"": false, ""aplicacaoCriterioDesempate"": false, ""naturezaJuridicaId"": ""2062""}";2026-09-12T20:18:38.651706
23066640000108-1-000052/2025;10;1;28171519000151;SPORT DANCE LTDA;PJ;ME;5.0;665.33;3326.65;1;Informado;2026-01-10;;0;sentinela/ausente sem motivo nem situacao de cancelamento -> nao cancelado;;1;Não se aplica;;"{""indicadorSubcontratacao"": false, ""numeroItem"": 10, ""dataInclusao"": ""2026-01-10T12:38:01"", ""niFornecedor"": ""28171519000151"", ""dataCancelamento"": null, ""dataAtualizacao"": ""2026-01-10T12:38:01"", ""tipoPessoa"": ""PJ"", ""nomeRazaoSocialFornecedor"": ""SPORT DANCE LTDA"", ""valorTotalHomologado"": 3326.65, ""reservaRemanescente"": {""codigo"": 1, ""nome"": ""Não se aplica""}, ""timezoneCotacaoMoedaEstrangeira"": null, ""moedaEstrangeira"": null, ""valorNominalMoedaEstrangeira"": null, ""dataCotacaoMoedaEstrangeira"": null, ""codigoPais"": ""BRA"", ""porteFornecedorId"": 1, ""quantidadeHomologada"": 5.0, ""valorUnitarioHomologado"": 665.33, ""percentualDesconto"": 0.0, ""amparoLegalMargemPreferencia"": null, ""amparoLegalCriterioDesempate"": null, ""paisOrigemProdutoServico"": null, ""localidadeExterior"": null, ""ordemClassificacaoSrp"": null, ""dataResultado"": ""2026-01-10"", ""motivoCancelamento"": null, ""numeroControlePNCPCompra"": ""23066640000108-1-000052/2025"", ""situacaoCompraItemResultadoId"": 1, ""porteFornecedorNome"": ""ME"", ""situacaoCompraItemResultadoNome"": ""Informado"", ""sequencialResultado"": 1, ""naturezaJuridicaNome"": ""Sociedade Empresária Limitada"", ""localidadeFornecedor"": null, ""aplicacaoMargemPreferencia"": false, ""aplicacaoBeneficioMeEpp"": false, ""aplicacaoCriterioDesempate"": false, ""naturezaJuridicaId"": ""2062""}";2026-09-12T20:18:46.095619
34926188000115-1-000003/2025;4222;1;41835803000143;CARVALHO COMERCIO & SERVICOS LTDA;PJ;ME;150.0;43.14;6471.0;1;Informado;2025-11-26;;0;sentinela/ausente sem motivo nem situacao de cancelamento -> nao cancelado;;1;Não se aplica;1.0;"{""indicadorSubcontratacao"": false, ""numeroItem"": 4222, ""dataInclusao"": ""2025-11-26T14:50:00"", ""niFornecedor"": ""41835803000143"", ""dataCancelamento"": null, ""dataAtualizacao"": ""2025-11-26T18:35:00"", ""tipoPessoa"": ""PJ"", ""nomeRazaoSocialFornecedor"": ""CARVALHO COMERCIO & SERVICOS LTDA"", ""valorTotalHomologado"": 6471.0, ""reservaRemanescente"": {""codigo"": 1, ""nome"": ""Não se aplica""}, ""timezoneCotacaoMoedaEstrangeira"": null, ""moedaEstrangeira"": null, ""valorNominalMoedaEstrangeira"": null, ""dataCotacaoMoedaEstrangeira"": null, ""codigoPais"": ""BRA"", ""porteFornecedorId"": 1, ""quantidadeHomologada"": 150.0, ""valorUnitarioHomologado"": 43.14, ""percentualDesconto"": 24.9869, ""amparoLegalMargemPreferencia"": null, ""amparoLegalCriterioDesempate"": null, ""paisOrigemProdutoServico"": null, ""localidadeExterior"": null, ""ordemClassificacaoSrp"": 1, ""dataResultado"": ""2025-11-26"", ""motivoCancelamento"": null, ""numeroControlePNCPCompra"": ""34926188000115-1-000003/2025"", ""situacaoCompraItemResultadoId"": 1, ""porteFornecedorNome"": ""ME"", ""situacaoCompraItemResultadoNome"": ""Informado"", ""sequencialResultado"": 1, ""naturezaJuridicaNome"": null, ""localidadeFornecedor"": null, ""aplicacaoMargemPreferencia"": false, ""aplicacaoBeneficioMeEpp"": true, ""aplicacaoCriterioDesempate"": false, ""naturezaJuridicaId"": null}";2026-09-12T20:18:54.063600
11633713000109-1-000026/2025;4250;1;41835803000143;CARVALHO COMERCIO & SERVICOS LTDA;PJ;ME;150.0;21.77;3265.5;1;Informado;2025-11-25;;0;sentinela/ausente sem motivo nem situacao de cancelamento -> nao cancelado;;1;Não se aplica;1.0;"{""indicadorSubcontratacao"": false, ""numeroItem"": 4250, ""dataInclusao"": ""2025-11-25T12:00:00"", ""niFornecedor"": ""41835803000143"", ""dataCancelamento"": null, ""dataAtualizacao"": ""2025-11-25T12:00:00"", ""tipoPessoa"": ""PJ"", ""nomeRazaoSocialFornecedor"": ""CARVALHO COMERCIO & SERVICOS LTDA"", ""valorTotalHomologado"": 3265.5, ""reservaRemanescente"": {""codigo"": 1, ""nome"": ""Não se aplica""}, ""timezoneCotacaoMoedaEstrangeira"": null, ""moedaEstrangeira"": null, ""valorNominalMoedaEstrangeira"": null, ""dataCotacaoMoedaEstrangeira"": null, ""codigoPais"": ""BRA"", ""porteFornecedorId"": 1, ""quantidadeHomologada"": 150.0, ""valorUnitarioHomologado"": 21.77, ""percentualDesconto"": 24.9827, ""amparoLegalMargemPreferencia"": null, ""amparoLegalCriterioDesempate"": null, ""paisOrigemProdutoServico"": null, ""localidadeExterior"": null, ""ordemClassificacaoSrp"": 1, ""dataResultado"": ""2025-11-25"", ""motivoCancelamento"": null, ""numeroControlePNCPCompra"": ""11633713000109-1-000026/2025"", ""situacaoCompraItemResultadoId"": 1, ""porteFornecedorNome"": ""ME"", ""situacaoCompraItemResultadoNome"": ""Informado"", ""sequencialResultado"": 1, ""naturezaJuridicaNome"": null, ""localidadeFornecedor"": null, ""aplicacaoMargemPreferencia"": false, ""aplicacaoBeneficioMeEpp"": true, ""aplicacaoCriterioDesempate"": false, ""naturezaJuridicaId"": null}";2026-09-12T20:19:01.844497
11633713000109-1-000026/2025;4255;1;41835803000143;CARVALHO COMERCIO & SERVICOS LTDA;PJ;ME;150.0;21.77;3265.5;1;Informado;2025-11-25;;0;sentinela/ausente sem motivo nem situacao de cancelamento -> nao cancelado;;1;Não se aplica;1.0;"{""indicadorSubcontratacao"": false, ""numeroItem"": 4255, ""dataInclusao"": ""2025-11-25T12:55:00"", ""niFornecedor"": ""41835803000143"", ""dataCancelamento"": null, ""dataAtualizacao"": ""2025-11-25T12:55:00"", ""tipoPessoa"": ""PJ"", ""nomeRazaoSocialFornecedor"": ""CARVALHO COMERCIO & SERVICOS LTDA"", ""valorTotalHomologado"": 3265.5, ""reservaRemanescente"": {""codigo"": 1, ""nome"": ""Não se aplica""}, ""timezoneCotacaoMoedaEstrangeira"": null, ""moedaEstrangeira"": null, ""valorNominalMoedaEstrangeira"": null, ""dataCotacaoMoedaEstrangeira"": null, ""codigoPais"": ""BRA"", ""porteFornecedorId"": 1, ""quantidadeHomologada"": 150.0, ""valorUnitarioHomologado"": 21.77, ""percentualDesconto"": 25.3941, ""amparoLegalMargemPreferencia"": null, ""amparoLegalCriterioDesempate"": null, ""paisOrigemProdutoServico"": null, ""localidadeExterior"": null, ""ordemClassificacaoSrp"": 1, ""dataResultado"": ""2025-11-25"", ""motivoCancelamento"": null, ""numeroControlePNCPCompra"": ""11633713000109-1-000026/2025"", ""situacaoCompraItemResultadoId"": 1, ""porteFornecedorNome"": ""ME"", ""situacaoCompraItemResultadoNome"": ""Informado"", ""sequencialResultado"": 1, ""naturezaJuridicaNome"": null, ""localidadeFornecedor"": null, ""aplicacaoMargemPreferencia"": false, ""aplicacaoBeneficioMeEpp"": true, ""aplicacaoCriterioDesempate"": false, ""naturezaJuridicaId"": null}";2026-09-12T20:19:10.154568
11633713000109-1-000026/2025;4258;1;41835803000143;CARVALHO COMERCIO & SERVICOS LTDA;PJ;ME;150.0;22.2;3330.0;1;Informado;2025-11-25;;0;sentinela/ausente sem motivo nem situacao de cancelamento -> nao cancelado;;1;Não se aplica;1.0;"{""indicadorSubcontratacao"": false, ""numeroItem"": 4258, ""dataInclusao"": ""2025-11-25T13:25:00"", ""niFornecedor"": ""41835803000143"", ""dataCancelamento"": null, ""dataAtualizacao"": ""2025-11-25T13:25:00"", ""tipoPessoa"": ""PJ"", ""nomeRazaoSocialFornecedor"": ""CARVALHO COMERCIO & SERVICOS LTDA"", ""valorTotalHomologado"": 3330.0, ""reservaRemanescente"": {""codigo"": 1, ""nome"": ""Não se aplica""}, ""timezoneCotacaoMoedaEstrangeira"": null, ""moedaEstrangeira"": null, ""valorNominalMoedaEstrangeira"": null, ""dataCotacaoMoedaEstrangeira"": null, ""codigoPais"": ""BRA"", ""porteFornecedorId"": 1, ""quantidadeHomologada"": 150.0, ""valorUnitarioHomologado"": 22.2, ""percentualDesconto"": 25.0, ""amparoLegalMargemPreferencia"": null, ""amparoLegalCriterioDesempate"": null, ""paisOrigemProdutoServico"": null, ""localidadeExterior"": null, ""ordemClassificacaoSrp"": 1, ""dataResultado"": ""2025-11-25"", ""motivoCancelamento"": null, ""numeroControlePNCPCompra"": ""11633713000109-1-000026/2025"", ""situacaoCompraItemResultadoId"": 1, ""porteFornecedorNome"": ""ME"", ""situacaoCompraItemResultadoNome"": ""Informado"", ""sequencialResultado"": 1, ""naturezaJuridicaNome"": null, ""localidadeFornecedor"": null, ""aplicacaoMargemPreferencia"": false, ""aplicacaoBeneficioMeEpp"": true, ""aplicacaoCriterioDesempate"": false, ""naturezaJuridicaId"": null}";2026-09-12T20:19:19.373510
32665025000109-1-000003/2025;6769335;1;07354397000169;M. M. SANTOS LTDA;PJ;EPP;20.0;65.0;1300.0;1;Informado;2025-11-25;;0;sentinela/ausente sem motivo nem situacao de cancelamento -> nao cancelado;;1;Não se aplica;1.0;"{""indicadorSubcontratacao"": false, ""numeroItem"": 6769335, ""dataInclusao"": ""2025-11-25T16:01:11"", ""niFornecedor"": ""07354397000169"", ""dataCancelamento"": null, ""dataAtualizacao"": ""2025-11-25T16:01:11"", ""tipoPessoa"": ""PJ"", ""nomeRazaoSocialFornecedor"": ""M. M. SANTOS LTDA"", ""valorTotalHomologado"": 1300.0, ""reservaRemanescente"": {""codigo"": 1, ""nome"": ""Não se aplica""}, ""timezoneCotacaoMoedaEstrangeira"": null, ""moedaEstrangeira"": null, ""valorNominalMoedaEstrangeira"": null, ""dataCotacaoMoedaEstrangeira"": null, ""codigoPais"": ""BRA"", ""porteFornecedorId"": 2, ""quantidadeHomologada"": 20.0, ""valorUnitarioHomologado"": 65.0, ""percentualDesconto"": 7.1428, ""amparoLegalMargemPreferencia"": null, ""amparoLegalCriterioDesempate"": null, ""paisOrigemProdutoServico"": null, ""localidadeExterior"": null, ""ordemClassificacaoSrp"": 1, ""dataResultado"": ""2025-11-25"", ""motivoCancelamento"": null, ""numeroControlePNCPCompra"": ""32665025000109-1-000003/2025"", ""situacaoCompraItemResultadoId"": 1, ""porteFornecedorNome"": ""EPP"", ""situacaoCompraItemResultadoNome"": ""Informado"", ""sequencialResultado"": 1, ""naturezaJuridicaNome"": null, ""localidadeFornecedor"": null, ""aplicacaoMargemPreferencia"": false, ""aplicacaoBeneficioMeEpp"": false, ""aplicacaoCriterioDesempate"": false, ""naturezaJuridicaId"": null}";2026-09-12T20:19:29.162115
08186277000162-1-000008/2025;4268;1;10505707000103;R.FIGUEIREDO DA COSTA;PJ;ME;160.0;193.05;30888.0;1;Informado;2025-12-01;;0;sentinela/ausente sem motivo nem situacao de cancelamento -> nao cancelado;;1;Não se aplica;1.0;"{""indicadorSubcontratacao"": false, ""numeroItem"": 4268, ""dataInclusao"": ""2025-12-01T10:35:01"", ""niFornecedor"": ""10505707000103"", ""dataCancelamento"": null, ""dataAtualizacao"": ""2025-12-01T10:35:01"", ""tipoPessoa"": ""PJ"", ""nomeRazaoSocialFornecedor"": ""R.FIGUEIREDO DA COSTA"", ""valorTotalHomologado"": 30888.0, ""reservaRemanescente"": {""codigo"": 1, ""nome"": ""Não se aplica""}, ""timezoneCotacaoMoedaEstrangeira"": null, ""moedaEstrangeira"": null, ""valorNominalMoedaEstrangeira"": null, ""dataCotacaoMoedaEstrangeira"": null, ""codigoPais"": ""BRA"", ""porteFornecedorId"": 1, ""quantidadeHomologada"": 160.0, ""valorUnitarioHomologado"": 193.05, ""percentualDesconto"": 25.0, ""amparoLegalMargemPreferencia"": null, ""amparoLegalCriterioDesempate"": null, ""paisOrigemProdutoServico"": null, ""localidadeExterior"": null, ""ordemClassificacaoSrp"": 1, ""dataResultado"": ""2025-12-01"", ""motivoCancelamento"": null, ""numeroControlePNCPCompra"": ""08186277000162-1-000008/2025"", ""situacaoCompraItemResultadoId"": 1, ""porteFornecedorNome"": ""ME"", ""situacaoCompraItemResultadoNome"": ""Informado"", ""sequencialResultado"": 1, ""naturezaJuridicaNome"": null, ""localidadeFornecedor"": null, ""aplicacaoMargemPreferencia"": false, ""aplicacaoBeneficioMeEpp"": true, ""aplicacaoCriterioDesempate"": false, ""naturezaJuridicaId"": null}";2026-09-12T20:19:38.451661
10820882000195-1-000070/2025;1;1;10505707000103;R. FIGUEIREDO DA COSTA;PJ;ME;500.0;23.8;11900.0;1;Informado;2025-12-01;;0;sentinela/ausente sem motivo nem situacao de cancelamento -> nao cancelado;;1;Não se aplica;1.0;"{""indicadorSubcontratacao"": false, ""dataInclusao"": ""2025-12-02T14:41:43"", ""numeroItem"": 1, ""niFornecedor"": ""10505707000103"", ""dataCancelamento"": null, ""dataAtualizacao"": ""2025-12-02T14:41:43"", ""tipoPessoa"": ""PJ"", ""nomeRazaoSocialFornecedor"": ""R. FIGUEIREDO DA COSTA"", ""valorTotalHomologado"": 11900.0, ""reservaRemanescente"": {""codigo"": 1, ""nome"": ""Não se aplica""}, ""timezoneCotacaoMoedaEstrangeira"": null, ""moedaEstrangeira"": null, ""valorNominalMoedaEstrangeira"": null, ""dataCotacaoMoedaEstrangeira"": null, ""codigoPais"": ""BRA"", ""porteFornecedorId"": 1, ""quantidadeHomologada"": 500.0, ""valorUnitarioHomologado"": 23.8, ""percentualDesconto"": 0.0, ""amparoLegalMargemPreferencia"": null, ""amparoLegalCriterioDesempate"": null, ""paisOrigemProdutoServico"": null, ""localidadeExterior"": null, ""ordemClassificacaoSrp"": 1, ""dataResultado"": ""2025-12-01"", ""motivoCancelamento"": null, ""numeroControlePNCPCompra"": ""10820882000195-1-000070/2025"", ""situacaoCompraItemResultadoId"": 1, ""porteFornecedorNome"": ""ME"", ""situacaoCompraItemResultadoNome"": ""Informado"", ""sequencialResultado"": 1, ""naturezaJuridicaNome"": ""Empresário (Individual)"", ""localidadeFornecedor"": null, ""aplicacaoMargemPreferencia"": false, ""aplicacaoBeneficioMeEpp"": false, ""aplicacaoCriterioDesempate"": false, ""naturezaJuridicaId"": ""2135""}";2026-09-12T20:19:39.330619
31443333000119-1-000025/2025;4389;1;61848742000166;TIFANNY SARRAFF BARBOSA DOS SANTOS;PJ;ME;150.0;280.88;42132.0;1;Informado;2026-01-06;;0;sentinela/ausente sem motivo nem situacao de cancelamento -> nao cancelado;;1;Não se aplica;1.0;"{""indicadorSubcontratacao"": false, ""dataInclusao"": ""2026-01-06T11:50:00"", ""numeroItem"": 4389, ""niFornecedor"": ""61848742000166"", ""dataCancelamento"": null, ""dataAtualizacao"": ""2026-01-06T11:50:00"", ""tipoPessoa"": ""PJ"", ""nomeRazaoSocialFornecedor"": ""TIFANNY SARRAFF BARBOSA DOS SANTOS"", ""valorTotalHomologado"": 42132.0, ""reservaRemanescente"": {""codigo"": 1, ""nome"": ""Não se aplica""}, ""timezoneCotacaoMoedaEstrangeira"": null, ""moedaEstrangeira"": null, ""valorNominalMoedaEstrangeira"": null, ""dataCotacaoMoedaEstrangeira"": null, ""codigoPais"": ""BRA"", ""porteFornecedorId"": 1, ""quantidadeHomologada"": 150.0, ""valorUnitarioHomologado"": 280.88, ""percentualDesconto"": 24.9986, ""amparoLegalMargemPreferencia"": null, ""amparoLegalCriterioDesempate"": null, ""paisOrigemProdutoServico"": null, ""localidadeExterior"": null, ""ordemClassificacaoSrp"": 1, ""dataResultado"": ""2026-01-06"", ""motivoCancelamento"": null, ""numeroControlePNCPCompra"": ""31443333000119-1-000025/2025"", ""situacaoCompraItemResultadoId"": 1, ""porteFornecedorNome"": ""ME"", ""situacaoCompraItemResultadoNome"": ""Informado"", ""sequencialResultado"": 1, ""naturezaJuridicaNome"": null, ""localidadeFornecedor"": null, ""aplicacaoMargemPreferencia"": false, ""aplicacaoBeneficioMeEpp"": true, ""aplicacaoCriterioDesempate"": false, ""naturezaJuridicaId"": null}";2026-09-12T20:19:40.211115
11762249000150-1-000004/2025;4424;1;36692856000112;36.692.856 JOAO VICTOR CUMARU DOS SANTOS;PJ;ME;6.0;25.51;153.06;1;Informado;2026-02-06;;0;sentinela/ausente sem motivo nem situacao de cancelamento -> nao cancelado;;1;Não se aplica;1.0;"{""indicadorSubcontratacao"": false, ""numeroItem"": 4424, ""dataInclusao"": ""2026-02-06T09:15:00"", ""niFornecedor"": ""36692856000112"", ""dataCancelamento"": null, ""dataAtualizacao"": ""2026-02-06T09:15:00"", ""tipoPessoa"": ""PJ"", ""nomeRazaoSocialFornecedor"": ""36.692.856 JOAO VICTOR CUMARU DOS SANTOS"", ""valorTotalHomologado"": 153.06, ""reservaRemanescente"": {""codigo"": 1, ""nome"": ""Não se aplica""}, ""timezoneCotacaoMoedaEstrangeira"": null, ""moedaEstrangeira"": null, ""valorNominalMoedaEstrangeira"": null, ""dataCotacaoMoedaEstrangeira"": null, ""codigoPais"": ""BRA"", ""porteFornecedorId"": 1, ""quantidadeHomologada"": 6.0, ""valorUnitarioHomologado"": 25.51, ""percentualDesconto"": 38.2922, ""amparoLegalMargemPreferencia"": null, ""amparoLegalCriterioDesempate"": null, ""paisOrigemProdutoServico"": null, ""localidadeExterior"": null, ""ordemClassificacaoSrp"": 1, ""dataResultado"": ""2026-02-06"", ""motivoCancelamento"": null, ""numeroControlePNCPCompra"": ""11762249000150-1-000004/2025"", ""situacaoCompraItemResultadoId"": 1, ""porteFornecedorNome"": ""ME"", ""situacaoCompraItemResultadoNome"": ""Informado"", ""sequencialResultado"": 1, ""naturezaJuridicaNome"": null, ""localidadeFornecedor"": null, ""aplicacaoMargemPreferencia"": false, ""aplicacaoBeneficioMeEpp"": true, ""aplicacaoCriterioDesempate"": false, ""naturezaJuridicaId"": null}";2026-09-12T20:19:50.239865
34865584000180-1-000007/2025;3;1;10505707000103;R. FIGUEIREDO DA COSTA;PJ;ME;5.0;29.0;145.0;1;Informado;2025-12-16;;0;sentinela/ausente sem motivo nem situacao de cancelamento -> nao cancelado;;1;Não se aplica;1.0;"{""indicadorSubcontratacao"": false, ""numeroItem"": 3, ""dataInclusao"": ""2025-12-16T11:19:10"", ""niFornecedor"": ""10505707000103"", ""dataCancelamento"": null, ""dataAtualizacao"": ""2025-12-16T11:19:10"", ""tipoPessoa"": ""PJ"", ""nomeRazaoSocialFornecedor"": ""R. FIGUEIREDO DA COSTA"", ""valorTotalHomologado"": 145.0, ""reservaRemanescente"": {""codigo"": 1, ""nome"": ""Não se aplica""}, ""timezoneCotacaoMoedaEstrangeira"": null, ""moedaEstrangeira"": null, ""valorNominalMoedaEstrangeira"": null, ""dataCotacaoMoedaEstrangeira"": null, ""codigoPais"": ""BRA"", ""porteFornecedorId"": 1, ""quantidadeHomologada"": 5.0, ""valorUnitarioHomologado"": 29.0, ""percentualDesconto"": 0.0, ""amparoLegalMargemPreferencia"": null, ""amparoLegalCriterioDesempate"": null, ""paisOrigemProdutoServico"": null, ""localidadeExterior"": null, ""ordemClassificacaoSrp"": 1, ""dataResultado"": ""2025-12-16"", ""motivoCancelamento"": null, ""numeroControlePNCPCompra"": ""34865584000180-1-000007/2025"", ""situacaoCompraItemResultadoId"": 1, ""porteFornecedorNome"": ""ME"", ""situacaoCompraItemResultadoNome"": ""Informado"", ""sequencialResultado"": 1, ""naturezaJuridicaNome"": ""Empresário (Individual)"", ""localidadeFornecedor"": null, ""aplicacaoMargemPreferencia"": false, ""aplicacaoBeneficioMeEpp"": false, ""aplicacaoCriterioDesempate"": false, ""naturezaJuridicaId"": ""2135""}";2026-09-12T20:20:02.476292
34865584000180-1-000007/2025;4;1;10505707000103;R. FIGUEIREDO DA COSTA;PJ;ME;5.0;29.0;145.0;1;Informado;2025-12-16;;0;sentinela/ausente sem motivo nem situacao de cancelamento -> nao cancelado;;1;Não se aplica;1.0;"{""indicadorSubcontratacao"": false, ""numeroItem"": 4, ""dataInclusao"": ""2025-12-16T11:19:04"", ""niFornecedor"": ""10505707000103"", ""dataCancelamento"": null, ""dataAtualizacao"": ""2025-12-16T11:19:04"", ""tipoPessoa"": ""PJ"", ""nomeRazaoSocialFornecedor"": ""R. FIGUEIREDO DA COSTA"", ""valorTotalHomologado"": 145.0, ""reservaRemanescente"": {""codigo"": 1, ""nome"": ""Não se aplica""}, ""timezoneCotacaoMoedaEstrangeira"": null, ""moedaEstrangeira"": null, ""valorNominalMoedaEstrangeira"": null, ""dataCotacaoMoedaEstrangeira"": null, ""codigoPais"": ""BRA"", ""porteFornecedorId"": 1, ""quantidadeHomologada"": 5.0, ""valorUnitarioHomologado"": 29.0, ""percentualDesconto"": 0.0, ""amparoLegalMargemPreferencia"": null, ""amparoLegalCriterioDesempate"": null, ""paisOrigemProdutoServico"": null, ""localidadeExterior"": null, ""ordemClassificacaoSrp"": 1, ""dataResultado"": ""2025-12-16"", ""motivoCancelamento"": null, ""numeroControlePNCPCompra"": ""34865584000180-1-000007/2025"", ""situacaoCompraItemResultadoId"": 1, ""porteFornecedorNome"": ""ME"", ""situacaoCompraItemResultadoNome"": ""Informado"", ""sequencialResultado"": 1, ""naturezaJuridicaNome"": ""Empresário (Individual)"", ""localidadeFornecedor"": null, ""aplicacaoMargemPreferencia"": false, ""aplicacaoBeneficioMeEpp"": false, ""aplicacaoCriterioDesempate"": false, ""naturezaJuridicaId"": ""2135""}";2026-09-12T20:20:15.840090
00743471000190-1-000001/2025;3;1;36692856000112;J. V. CUMARU DOS SANTOS LTDA;PJ;ME;1.0;12433.3;12433.3;1;Informado;2026-01-15;;0;sentinela/ausente sem motivo nem situacao de cancelamento -> nao cancelado;;1;Não se aplica;;"{""indicadorSubcontratacao"": false, ""numeroItem"": 3, ""dataInclusao"": ""2026-01-15T11:45:07"", ""niFornecedor"": ""36692856000112"", ""dataCancelamento"": null, ""dataAtualizacao"": ""2026-01-15T11:45:07"", ""tipoPessoa"": ""PJ"", ""nomeRazaoSocialFornecedor"": ""J. V. CUMARU DOS SANTOS LTDA"", ""valorTotalHomologado"": 12433.3, ""reservaRemanescente"": {""codigo"": 1, ""nome"": ""Não se aplica""}, ""timezoneCotacaoMoedaEstrangeira"": null, ""moedaEstrangeira"": null, ""valorNominalMoedaEstrangeira"": null, ""dataCotacaoMoedaEstrangeira"": null, ""codigoPais"": ""BRA"", ""porteFornecedorId"": 1, ""quantidadeHomologada"": 1.0, ""valorUnitarioHomologado"": 12433.3, ""percentualDesconto"": 0.0, ""amparoLegalMargemPreferencia"": null, ""amparoLegalCriterioDesempate"": {""id"": 157, ""nome"": ""Instrução normativa de critério de julgamento e/ou edital (Sorteio)"", ""descricao"": ""Critério de desempate: Realização de sorteio."", ""statusAtivo"": true}, ""paisOrigemProdutoServico"": null, ""localidadeExterior"": null, ""ordemClassificacaoSrp"": null, ""dataResultado"": ""2026-01-15"", ""motivoCancelamento"": null, ""numeroControlePNCPCompra"": ""00743471000190-1-000001/2025"", ""situacaoCompraItemResultadoId"": 1, ""porteFornecedorNome"": ""ME"", ""situacaoCompraItemResultadoNome"": ""Informado"", ""sequencialResultado"": 1, ""naturezaJuridicaNome"": ""Sociedade Empresária Limitada"", ""localidadeFornecedor"": null, ""aplicacaoMargemPreferencia"": false, ""aplicacaoBeneficioMeEpp"": false, ""aplicacaoCriterioDesempate"": true, ""naturezaJuridicaId"": ""2062""}";2026-09-12T20:20:31.060214
34868257000181-1-000072/2025;3;1;62565110000158;R&F SOLUCOES INTEGRADAS LTDA;PJ;ME;15.0;128.06;1920.9;1;Informado;2025-12-30;;0;sentinela/ausente sem motivo nem situacao de cancelamento -> nao cancelado;;1;Não se aplica;;"{""indicadorSubcontratacao"": false, ""numeroItem"": 3, ""dataInclusao"": ""2025-12-30T17:09:13"", ""niFornecedor"": ""62565110000158"", ""dataCancelamento"": null, ""dataAtualizacao"": ""2025-12-30T17:09:13"", ""tipoPessoa"": ""PJ"", ""nomeRazaoSocialFornecedor"": ""R&F SOLUCOES INTEGRADAS LTDA"", ""valorTotalHomologado"": 1920.9, ""reservaRemanescente"": {""codigo"": 1, ""nome"": ""Não se aplica""}, ""timezoneCotacaoMoedaEstrangeira"": null, ""moedaEstrangeira"": null, ""valorNominalMoedaEstrangeira"": null, ""dataCotacaoMoedaEstrangeira"": null, ""codigoPais"": ""BRA"", ""porteFornecedorId"": 1, ""quantidadeHomologada"": 15.0, ""valorUnitarioHomologado"": 128.06, ""percentualDesconto"": 0.0, ""amparoLegalMargemPreferencia"": null, ""amparoLegalCriterioDesempate"": null, ""paisOrigemProdutoServico"": null, ""localidadeExterior"": null, ""ordemClassificacaoSrp"": null, ""dataResultado"": ""2025-12-30"", ""motivoCancelamento"": null, ""numeroControlePNCPCompra"": ""34868257000181-1-000072/2025"", ""situacaoCompraItemResultadoId"": 1, ""porteFornecedorNome"": ""ME"", ""situacaoCompraItemResultadoNome"": ""Informado"", ""sequencialResultado"": 1, ""naturezaJuridicaNome"": ""Sociedade Empresária Limitada"", ""localidadeFornecedor"": null, ""aplicacaoMargemPreferencia"": false, ""aplicacaoBeneficioMeEpp"": false, ""aplicacaoCriterioDesempate"": false, ""naturezaJuridicaId"": ""2062""}";2026-09-12T20:20:43.673425
34865584000180-1-000020/2025;1;1;10505707000103;R. FIGUEIREDO DA COSTA;PJ;ME;1.0;1500.0;1500.0;1;Informado;2025-12-29;;0;sentinela/ausente sem motivo nem situacao de cancelamento -> nao cancelado;;1;Não se aplica;1.0;"{""indicadorSubcontratacao"": false, ""numeroItem"": 1, ""dataInclusao"": ""2025-12-29T17:50:50"", ""niFornecedor"": ""10505707000103"", ""dataCancelamento"": null, ""dataAtualizacao"": ""2025-12-29T17:50:50"", ""tipoPessoa"": ""PJ"", ""nomeRazaoSocialFornecedor"": ""R. FIGUEIREDO DA COSTA"", ""valorTotalHomologado"": 1500.0, ""reservaRemanescente"": {""codigo"": 1, ""nome"": ""Não se aplica""}, ""timezoneCotacaoMoedaEstrangeira"": null, ""moedaEstrangeira"": null, ""valorNominalMoedaEstrangeira"": null, ""dataCotacaoMoedaEstrangeira"": null, ""codigoPais"": ""BRA"", ""porteFornecedorId"": 1, ""quantidadeHomologada"": 1.0, ""valorUnitarioHomologado"": 1500.0, ""percentualDesconto"": 0.0, ""amparoLegalMargemPreferencia"": null, ""amparoLegalCriterioDesempate"": null, ""paisOrigemProdutoServico"": null, ""localidadeExterior"": null, ""ordemClassificacaoSrp"": 1, ""dataResultado"": ""2025-12-29"", ""motivoCancelamento"": null, ""numeroControlePNCPCompra"": ""34865584000180-1-000020/2025"", ""situacaoCompraItemResultadoId"": 1, ""porteFornecedorNome"": ""ME"", ""situacaoCompraItemResultadoNome"": ""Informado"", ""sequencialResultado"": 1, ""naturezaJuridicaNome"": ""Empresário (Individual)"", ""localidadeFornecedor"": null, ""aplicacaoMargemPreferencia"": false, ""aplicacaoBeneficioMeEpp"": false, ""aplicacaoCriterioDesempate"": false, ""naturezaJuridicaId"": ""2135""}";2026-09-12T20:20:55.859595
34870246000136-1-000091/2025;2;1;34048805000127;EQUINOX AMAZON EQUIPAMENTOS DE PROTECAO INDIVIDUAL LTDA;PJ;Demais;20.0;179.0;3580.0;1;Informado;2026-01-06;;0;sentinela/ausente sem motivo nem situacao de cancelamento -> nao cancelado;;1;Não se aplica;1.0;"{""indicadorSubcontratacao"": false, ""numeroItem"": 2, ""dataInclusao"": ""2026-01-06T09:27:19"", ""niFornecedor"": ""34048805000127"", ""dataCancelamento"": null, ""dataAtualizacao"": ""2026-01-06T09:27:19"", ""tipoPessoa"": ""PJ"", ""nomeRazaoSocialFornecedor"": ""EQUINOX AMAZON EQUIPAMENTOS DE PROTECAO INDIVIDUAL LTDA"", ""valorTotalHomologado"": 3580.0, ""reservaRemanescente"": {""codigo"": 1, ""nome"": ""Não se aplica""}, ""timezoneCotacaoMoedaEstrangeira"": null, ""moedaEstrangeira"": null, ""valorNominalMoedaEstrangeira"": null, ""dataCotacaoMoedaEstrangeira"": null, ""codigoPais"": ""BRA"", ""porteFornecedorId"": 3, ""quantidadeHomologada"": 20.0, ""valorUnitarioHomologado"": 179.0, ""percentualDesconto"": 0.0, ""amparoLegalMargemPreferencia"": null, ""amparoLegalCriterioDesempate"": null, ""paisOrigemProdutoServico"": null, ""localidadeExterior"": null, ""ordemClassificacaoSrp"": 1, ""dataResultado"": ""2026-01-06"", ""motivoCancelamento"": null, ""numeroControlePNCPCompra"": ""34870246000136-1-000091/2025"", ""situacaoCompraItemResultadoId"": 1, ""porteFornecedorNome"": ""Demais"", ""situacaoCompraItemResultadoNome"": ""Informado"", ""sequencialResultado"": 1, ""naturezaJuridicaNome"": ""Sociedade Empresária Limitada"", ""localidadeFornecedor"": null, ""aplicacaoMargemPreferencia"": false, ""aplicacaoBeneficioMeEpp"": false, ""aplicacaoCriterioDesempate"": false, ""naturezaJuridicaId"": ""2062""}";2026-09-12T20:21:08.050099
15126437000305-1-000174/2026;10;1;21496889000110;NORT MAIS LTDA;PJ;ME;40.0;11.17;446.8;1;Informado;2026-02-05;;0;sentinela/ausente sem motivo nem situacao de cancelamento -> nao cancelado;;1;Não se aplica;;"{""indicadorSubcontratacao"": false, ""numeroItem"": 10, ""dataInclusao"": ""2026-02-05T14:51:48"", ""niFornecedor"": ""21496889000110"", ""dataCancelamento"": null, ""dataAtualizacao"": ""2026-02-05T14:51:48"", ""tipoPessoa"": ""PJ"", ""nomeRazaoSocialFornecedor"": ""NORT MAIS LTDA"", ""valorTotalHomologado"": 446.8, ""reservaRemanescente"": {""codigo"": 1, ""nome"": ""Não se aplica""}, ""timezoneCotacaoMoedaEstrangeira"": null, ""moedaEstrangeira"": null, ""valorNominalMoedaEstrangeira"": null, ""dataCotacaoMoedaEstrangeira"": null, ""codigoPais"": ""BRA"", ""porteFornecedorId"": 1, ""quantidadeHomologada"": 40.0, ""valorUnitarioHomologado"": 11.17, ""percentualDesconto"": 0.0, ""amparoLegalMargemPreferencia"": null, ""amparoLegalCriterioDesempate"": null, ""paisOrigemProdutoServico"": null, ""localidadeExterior"": null, ""ordemClassificacaoSrp"": null, ""dataResultado"": ""2026-02-05"", ""motivoCancelamento"": null, ""numeroControlePNCPCompra"": ""15126437000305-1-000174/2026"", ""situacaoCompraItemResultadoId"": 1, ""porteFornecedorNome"": ""ME"", ""situacaoCompraItemResultadoNome"": ""Informado"", ""sequencialResultado"": 1, ""naturezaJuridicaNome"": ""Sociedade Empresária Limitada"", ""localidadeFornecedor"": null, ""aplicacaoMargemPreferencia"": false, ""aplicacaoBeneficioMeEpp"": false, ""aplicacaoCriterioDesempate"": false, ""naturezaJuridicaId"": ""2062""}";2026-09-12T20:21:17.972239
00394502000144-1-000515/2026;2;1;60060410000150;HSD CIA LTDA;PJ;ME;50.0;61.0;3050.0;1;Informado;2026-02-16;;0;sentinela/ausente sem motivo nem situacao de cancelamento -> nao cancelado;;1;Não se aplica;;"{""indicadorSubcontratacao"": false, ""dataInclusao"": ""2026-02-16T09:36:37"", ""numeroItem"": 2, ""niFornecedor"": ""60060410000150"", ""dataCancelamento"": null, ""dataAtualizacao"": ""2026-02-16T09:36:37"", ""tipoPessoa"": ""PJ"", ""nomeRazaoSocialFornecedor"": ""HSD CIA LTDA"", ""valorTotalHomologado"": 3050.0, ""reservaRemanescente"": {""codigo"": 1, ""nome"": ""Não se aplica""}, ""timezoneCotacaoMoedaEstrangeira"": null, ""moedaEstrangeira"": null, ""valorNominalMoedaEstrangeira"": null, ""dataCotacaoMoedaEstrangeira"": null, ""codigoPais"": ""BRA"", ""porteFornecedorId"": 1, ""quantidadeHomologada"": 50.0, ""valorUnitarioHomologado"": 61.0, ""percentualDesconto"": 0.0, ""amparoLegalMargemPreferencia"": null, ""amparoLegalCriterioDesempate"": null, ""paisOrigemProdutoServico"": null, ""localidadeExterior"": null, ""ordemClassificacaoSrp"": null, ""dataResultado"": ""2026-02-16"", ""motivoCancelamento"": null, ""numeroControlePNCPCompra"": ""00394502000144-1-000515/2026"", ""situacaoCompraItemResultadoId"": 1, ""porteFornecedorNome"": ""ME"", ""situacaoCompraItemResultadoNome"": ""Informado"", ""sequencialResultado"": 1, ""naturezaJuridicaNome"": ""Sociedade Empresária Limitada"", ""localidadeFornecedor"": null, ""aplicacaoMargemPreferencia"": false, ""aplicacaoBeneficioMeEpp"": false, ""aplicacaoCriterioDesempate"": false, ""naturezaJuridicaId"": ""2062""}";2026-09-12T20:21:18.848644
11778652000178-1-000006/2025;7;1;60664535000199;I. SANTANA DIAS;PJ;Não Informado;60.0;47.9;2874.0;1;Informado;2026-02-03;;0;sentinela/ausente sem motivo nem situacao de cancelamento -> nao cancelado;;1;Não se aplica;1.0;"{""indicadorSubcontratacao"": false, ""numeroItem"": 7, ""dataInclusao"": ""2026-02-03T11:22:37"", ""niFornecedor"": ""60664535000199"", ""dataCancelamento"": null, ""dataAtualizacao"": ""2026-02-03T11:26:35"", ""tipoPessoa"": ""PJ"", ""nomeRazaoSocialFornecedor"": ""I. SANTANA DIAS"", ""valorTotalHomologado"": 2874.0, ""reservaRemanescente"": {""codigo"": 1, ""nome"": ""Não se aplica""}, ""timezoneCotacaoMoedaEstrangeira"": null, ""moedaEstrangeira"": null, ""valorNominalMoedaEstrangeira"": null, ""dataCotacaoMoedaEstrangeira"": null, ""codigoPais"": ""BRA"", ""porteFornecedorId"": 5, ""quantidadeHomologada"": 60.0, ""valorUnitarioHomologado"": 47.9, ""percentualDesconto"": 0.0, ""amparoLegalMargemPreferencia"": null, ""amparoLegalCriterioDesempate"": null, ""paisOrigemProdutoServico"": null, ""localidadeExterior"": null, ""ordemClassificacaoSrp"": 1, ""dataResultado"": ""2026-02-03"", ""motivoCancelamento"": null, ""numeroControlePNCPCompra"": ""11778652000178-1-000006/2025"", ""situacaoCompraItemResultadoId"": 1, ""porteFornecedorNome"": ""Não Informado"", ""situacaoCompraItemResultadoNome"": ""Informado"", ""sequencialResultado"": 1, ""naturezaJuridicaNome"": ""Natureza Jurídica não informada"", ""localidadeFornecedor"": null, ""aplicacaoMargemPreferencia"": false, ""aplicacaoBeneficioMeEpp"": false, ""aplicacaoCriterioDesempate"": false, ""naturezaJuridicaId"": ""8885""}";2026-09-12T20:21:28.751193
11778652000178-1-000006/2025;8;1;60664535000199;I. SANTANA DIAS;PJ;Não Informado;60.0;47.9;2874.0;1;Informado;2026-02-03;;0;sentinela/ausente sem motivo nem situacao de cancelamento -> nao cancelado;;1;Não se aplica;1.0;"{""indicadorSubcontratacao"": false, ""numeroItem"": 8, ""dataInclusao"": ""2026-02-03T11:22:37"", ""niFornecedor"": ""60664535000199"", ""dataCancelamento"": null, ""dataAtualizacao"": ""2026-02-03T11:26:36"", ""tipoPessoa"": ""PJ"", ""nomeRazaoSocialFornecedor"": ""I. SANTANA DIAS"", ""valorTotalHomologado"": 2874.0, ""reservaRemanescente"": {""codigo"": 1, ""nome"": ""Não se aplica""}, ""timezoneCotacaoMoedaEstrangeira"": null, ""moedaEstrangeira"": null, ""valorNominalMoedaEstrangeira"": null, ""dataCotacaoMoedaEstrangeira"": null, ""codigoPais"": ""BRA"", ""porteFornecedorId"": 5, ""quantidadeHomologada"": 60.0, ""valorUnitarioHomologado"": 47.9, ""percentualDesconto"": 0.0, ""amparoLegalMargemPreferencia"": null, ""amparoLegalCriterioDesempate"": null, ""paisOrigemProdutoServico"": null, ""localidadeExterior"": null, ""ordemClassificacaoSrp"": 1, ""dataResultado"": ""2026-02-03"", ""motivoCancelamento"": null, ""numeroControlePNCPCompra"": ""11778652000178-1-000006/2025"", ""situacaoCompraItemResultadoId"": 1, ""porteFornecedorNome"": ""Não Informado"", ""situacaoCompraItemResultadoNome"": ""Informado"", ""sequencialResultado"": 1, ""naturezaJuridicaNome"": ""Natureza Jurídica não informada"", ""localidadeFornecedor"": null, ""aplicacaoMargemPreferencia"": false, ""aplicacaoBeneficioMeEpp"": false, ""aplicacaoCriterioDesempate"": false, ""naturezaJuridicaId"": ""8885""}";2026-09-12T20:21:40.461736
02954346000154-1-000001/2026;5249;1;47959767000106;ENGECOM COMERCIO E SERVIÇOS LTDA;PJ;ME;24.0;20.0;480.0;1;Informado;2026-03-23;;0;sentinela/ausente sem motivo nem situacao de cancelamento -> nao cancelado;;1;Não se aplica;1.0;"{""indicadorSubcontratacao"": false, ""numeroItem"": 5249, ""dataInclusao"": ""2026-03-23T14:20:00"", ""niFornecedor"": ""47959767000106"", ""dataCancelamento"": null, ""dataAtualizacao"": ""2026-03-23T14:20:00"", ""tipoPessoa"": ""PJ"", ""nomeRazaoSocialFornecedor"": ""ENGECOM COMERCIO E SERVIÇOS LTDA"", ""valorTotalHomologado"": 480.0, ""reservaRemanescente"": {""codigo"": 1, ""nome"": ""Não se aplica""}, ""timezoneCotacaoMoedaEstrangeira"": null, ""moedaEstrangeira"": null, ""valorNominalMoedaEstrangeira"": null, ""dataCotacaoMoedaEstrangeira"": null, ""codigoPais"": ""BRA"", ""porteFornecedorId"": 1, ""quantidadeHomologada"": 24.0, ""valorUnitarioHomologado"": 20.0, ""percentualDesconto"": 20.0, ""amparoLegalMargemPreferencia"": null, ""amparoLegalCriterioDesempate"": null, ""paisOrigemProdutoServico"": null, ""localidadeExterior"": null, ""ordemClassificacaoSrp"": 1, ""dataResultado"": ""2026-03-23"", ""motivoCancelamento"": null, ""numeroControlePNCPCompra"": ""02954346000154-1-000001/2026"", ""situacaoCompraItemResultadoId"": 1, ""porteFornecedorNome"": ""ME"", ""situacaoCompraItemResultadoNome"": ""Informado"", ""sequencialResultado"": 1, ""naturezaJuridicaNome"": null, ""localidadeFornecedor"": null, ""aplicacaoMargemPreferencia"": false, ""aplicacaoBeneficioMeEpp"": true, ""aplicacaoCriterioDesempate"": false, ""naturezaJuridicaId"": null}";2026-09-12T20:21:53.160539
02954346000154-1-000001/2026;5250;1;47959767000106;ENGECOM COMERCIO E SERVIÇOS LTDA;PJ;ME;160.0;18.0;2880.0;1;Informado;2026-03-23;;0;sentinela/ausente sem motivo nem situacao de cancelamento -> nao cancelado;;1;Não se aplica;3.0;"{""indicadorSubcontratacao"": false, ""numeroItem"": 5250, ""dataInclusao"": ""2026-03-23T14:30:00"", ""niFornecedor"": ""47959767000106"", ""dataCancelamento"": null, ""dataAtualizacao"": ""2026-03-23T14:30:00"", ""tipoPessoa"": ""PJ"", ""nomeRazaoSocialFornecedor"": ""ENGECOM COMERCIO E SERVIÇOS LTDA"", ""valorTotalHomologado"": 2880.0, ""reservaRemanescente"": {""codigo"": 1, ""nome"": ""Não se aplica""}, ""timezoneCotacaoMoedaEstrangeira"": null, ""moedaEstrangeira"": null, ""valorNominalMoedaEstrangeira"": null, ""dataCotacaoMoedaEstrangeira"": null, ""codigoPais"": ""BRA"", ""porteFornecedorId"": 1, ""quantidadeHomologada"": 160.0, ""valorUnitarioHomologado"": 18.0, ""percentualDesconto"": 12.1951, ""amparoLegalMargemPreferencia"": null, ""amparoLegalCriterioDesempate"": null, ""paisOrigemProdutoServico"": null, ""localidadeExterior"": null, ""ordemClassificacaoSrp"": 3, ""dataResultado"": ""2026-03-23"", ""motivoCancelamento"": null, ""numeroControlePNCPCompra"": ""02954346000154-1-000001/2026"", ""situacaoCompraItemResultadoId"": 1, ""porteFornecedorNome"": ""ME"", ""situacaoCompraItemResultadoNome"": ""Informado"", ""sequencialResultado"": 1, ""naturezaJuridicaNome"": null, ""localidadeFornecedor"": null, ""aplicacaoMargemPreferencia"": false, ""aplicacaoBeneficioMeEpp"": true, ""aplicacaoCriterioDesempate"": false, ""naturezaJuridicaId"": null}";2026-09-12T20:22:04.342409
02954346000154-1-000001/2026;5251;1;47959767000106;ENGECOM COMERCIO E SERVIÇOS LTDA;PJ;ME;160.0;18.0;2880.0;1;Informado;2026-03-23;;0;sentinela/ausente sem motivo nem situacao de cancelamento -> nao cancelado;;1;Não se aplica;1.0;"{""naturezaJuridicaId"": null, ""reservaRemanescente"": {""codigo"": 1, ""nome"": ""Não se aplica""}, ""timezoneCotacaoMoedaEstrangeira"": null, ""moedaEstrangeira"": null, ""indicadorSubcontratacao"": false, ""dataInclusao"": ""2026-03-23T14:40:00"", ""numeroItem"": 5251, ""niFornecedor"": ""47959767000106"", ""dataCancelamento"": null, ""dataAtualizacao"": ""2026-03-23T14:40:00"", ""tipoPessoa"": ""PJ"", ""nomeRazaoSocialFornecedor"": ""ENGECOM COMERCIO E SERVIÇOS LTDA"", ""valorTotalHomologado"": 2880.0, ""valorNominalMoedaEstrangeira"": null, ""dataCotacaoMoedaEstrangeira"": null, ""codigoPais"": ""BRA"", ""porteFornecedorId"": 1, ""quantidadeHomologada"": 160.0, ""valorUnitarioHomologado"": 18.0, ""percentualDesconto"": 9.5477, ""amparoLegalMargemPreferencia"": null, ""amparoLegalCriterioDesempate"": null, ""paisOrigemProdutoServico"": null, ""localidadeExterior"": null, ""ordemClassificacaoSrp"": 1, ""dataResultado"": ""2026-03-23"", ""motivoCancelamento"": null, ""numeroControlePNCPCompra"": ""02954346000154-1-000001/2026"", ""aplicacaoMargemPreferencia"": false, ""aplicacaoBeneficioMeEpp"": true, ""aplicacaoCriterioDesempate"": false, ""situacaoCompraItemResultadoId"": 1, ""porteFornecedorNome"": ""ME"", ""situacaoCompraItemResultadoNome"": ""Informado"", ""sequencialResultado"": 1, ""naturezaJuridicaNome"": null, ""localidadeFornecedor"": null}";2026-09-12T20:22:05.220645
02954346000154-1-000001/2026;5252;1;47959767000106;ENGECOM COMERCIO E SERVIÇOS LTDA;PJ;ME;40.0;6.78;271.2;1;Informado;2026-03-23;;0;sentinela/ausente sem motivo nem situacao de cancelamento -> nao cancelado;;1;Não se aplica;3.0;"{""indicadorSubcontratacao"": false, ""numeroItem"": 5252, ""dataInclusao"": ""2026-03-23T14:50:00"", ""niFornecedor"": ""47959767000106"", ""dataCancelamento"": null, ""dataAtualizacao"": ""2026-03-23T14:50:00"", ""tipoPessoa"": ""PJ"", ""nomeRazaoSocialFornecedor"": ""ENGECOM COMERCIO E SERVIÇOS LTDA"", ""valorTotalHomologado"": 271.2, ""reservaRemanescente"": {""codigo"": 1, ""nome"": ""Não se aplica""}, ""timezoneCotacaoMoedaEstrangeira"": null, ""moedaEstrangeira"": null, ""valorNominalMoedaEstrangeira"": null, ""dataCotacaoMoedaEstrangeira"": null, ""codigoPais"": ""BRA"", ""porteFornecedorId"": 1, ""quantidadeHomologada"": 40.0, ""valorUnitarioHomologado"": 6.78, ""percentualDesconto"": 0.0, ""amparoLegalMargemPreferencia"": null, ""amparoLegalCriterioDesempate"": null, ""paisOrigemProdutoServico"": null, ""localidadeExterior"": null, ""ordemClassificacaoSrp"": 3, ""dataResultado"": ""2026-03-23"", ""motivoCancelamento"": null, ""numeroControlePNCPCompra"": ""02954346000154-1-000001/2026"", ""situacaoCompraItemResultadoId"": 1, ""porteFornecedorNome"": ""ME"", ""situacaoCompraItemResultadoNome"": ""Informado"", ""sequencialResultado"": 1, ""naturezaJuridicaNome"": null, ""localidadeFornecedor"": null, ""aplicacaoMargemPreferencia"": false, ""aplicacaoBeneficioMeEpp"": true, ""aplicacaoCriterioDesempate"": false, ""naturezaJuridicaId"": null}";2026-09-12T20:22:15.330660
02954346000154-1-000001/2026;5254;1;47959767000106;ENGECOM COMERCIO E SERVIÇOS LTDA;PJ;ME;24.0;77.0;1848.0;1;Informado;2026-03-23;;0;sentinela/ausente sem motivo nem situacao de cancelamento -> nao cancelado;;1;Não se aplica;1.0;"{""indicadorSubcontratacao"": false, ""numeroItem"": 5254, ""dataInclusao"": ""2026-03-23T15:15:00"", ""niFornecedor"": ""47959767000106"", ""dataCancelamento"": null, ""dataAtualizacao"": ""2026-03-23T15:15:00"", ""tipoPessoa"": ""PJ"", ""nomeRazaoSocialFornecedor"": ""ENGECOM COMERCIO E SERVIÇOS LTDA"", ""valorTotalHomologado"": 1848.0, ""reservaRemanescente"": {""codigo"": 1, ""nome"": ""Não se aplica""}, ""timezoneCotacaoMoedaEstrangeira"": null, ""moedaEstrangeira"": null, ""valorNominalMoedaEstrangeira"": null, ""dataCotacaoMoedaEstrangeira"": null, ""codigoPais"": ""BRA"", ""porteFornecedorId"": 1, ""quantidadeHomologada"": 24.0, ""valorUnitarioHomologado"": 77.0, ""percentualDesconto"": 0.2849, ""amparoLegalMargemPreferencia"": null, ""amparoLegalCriterioDesempate"": null, ""paisOrigemProdutoServico"": null, ""localidadeExterior"": null, ""ordemClassificacaoSrp"": 1, ""dataResultado"": ""2026-03-23"", ""motivoCancelamento"": null, ""numeroControlePNCPCompra"": ""02954346000154-1-000001/2026"", ""situacaoCompraItemResultadoId"": 1, ""porteFornecedorNome"": ""ME"", ""situacaoCompraItemResultadoNome"": ""Informado"", ""sequencialResultado"": 1, ""naturezaJuridicaNome"": null, ""localidadeFornecedor"": null, ""aplicacaoMargemPreferencia"": false, ""aplicacaoBeneficioMeEpp"": true, ""aplicacaoCriterioDesempate"": false, ""naturezaJuridicaId"": null}";2026-09-12T20:22:25.861584
02954346000154-1-000001/2026;5257;1;47959767000106;ENGECOM COMERCIO E SERVIÇOS LTDA;PJ;ME;40.0;90.0;3600.0;1;Informado;2026-03-23;;0;sentinela/ausente sem motivo nem situacao de cancelamento -> nao cancelado;;1;Não se aplica;1.0;"{""indicadorSubcontratacao"": false, ""numeroItem"": 5257, ""dataInclusao"": ""2026-03-23T15:45:00"", ""niFornecedor"": ""47959767000106"", ""dataCancelamento"": null, ""dataAtualizacao"": ""2026-03-23T15:45:00"", ""tipoPessoa"": ""PJ"", ""nomeRazaoSocialFornecedor"": ""ENGECOM COMERCIO E SERVIÇOS LTDA"", ""valorTotalHomologado"": 3600.0, ""reservaRemanescente"": {""codigo"": 1, ""nome"": ""Não se aplica""}, ""timezoneCotacaoMoedaEstrangeira"": null, ""moedaEstrangeira"": null, ""valorNominalMoedaEstrangeira"": null, ""dataCotacaoMoedaEstrangeira"": null, ""codigoPais"": ""BRA"", ""porteFornecedorId"": 1, ""quantidadeHomologada"": 40.0, ""valorUnitarioHomologado"": 90.0, ""percentualDesconto"": 28.543, ""amparoLegalMargemPreferencia"": null, ""amparoLegalCriterioDesempate"": null, ""paisOrigemProdutoServico"": null, ""localidadeExterior"": null, ""ordemClassificacaoSrp"": 1, ""dataResultado"": ""2026-03-23"", ""motivoCancelamento"": null, ""numeroControlePNCPCompra"": ""02954346000154-1-000001/2026"", ""situacaoCompraItemResultadoId"": 1, ""porteFornecedorNome"": ""ME"", ""situacaoCompraItemResultadoNome"": ""Informado"", ""sequencialResultado"": 1, ""naturezaJuridicaNome"": null, ""localidadeFornecedor"": null, ""aplicacaoMargemPreferencia"": false, ""aplicacaoBeneficioMeEpp"": true, ""aplicacaoCriterioDesempate"": false, ""naturezaJuridicaId"": null}";2026-09-12T20:22:38.769174
11762196000178-1-000006/2026;5349;1;36692856000112;36.692.856 JOAO VICTOR CUMARU DOS SANTOS;PJ;ME;80.0;5.89;471.2;1;Informado;2026-04-23;;0;sentinela/ausente sem motivo nem situacao de cancelamento -> nao cancelado;;1;Não se aplica;1.0;"{""indicadorSubcontratacao"": false, ""numeroItem"": 5349, ""dataInclusao"": ""2026-04-23T15:20:00"", ""niFornecedor"": ""36692856000112"", ""dataCancelamento"": null, ""dataAtualizacao"": ""2026-04-23T15:20:00"", ""tipoPessoa"": ""PJ"", ""nomeRazaoSocialFornecedor"": ""36.692.856 JOAO VICTOR CUMARU DOS SANTOS"", ""valorTotalHomologado"": 471.2, ""reservaRemanescente"": {""codigo"": 1, ""nome"": ""Não se aplica""}, ""timezoneCotacaoMoedaEstrangeira"": null, ""moedaEstrangeira"": null, ""valorNominalMoedaEstrangeira"": null, ""dataCotacaoMoedaEstrangeira"": null, ""codigoPais"": ""BRA"", ""porteFornecedorId"": 1, ""quantidadeHomologada"": 80.0, ""valorUnitarioHomologado"": 5.89, ""percentualDesconto"": 54.6574, ""amparoLegalMargemPreferencia"": null, ""amparoLegalCriterioDesempate"": null, ""paisOrigemProdutoServico"": null, ""localidadeExterior"": null, ""ordemClassificacaoSrp"": 1, ""dataResultado"": ""2026-04-23"", ""motivoCancelamento"": null, ""numeroControlePNCPCompra"": ""11762196000178-1-000006/2026"", ""situacaoCompraItemResultadoId"": 1, ""porteFornecedorNome"": ""ME"", ""situacaoCompraItemResultadoNome"": ""Informado"", ""sequencialResultado"": 1, ""naturezaJuridicaNome"": null, ""localidadeFornecedor"": null, ""aplicacaoMargemPreferencia"": false, ""aplicacaoBeneficioMeEpp"": false, ""aplicacaoCriterioDesempate"": false, ""naturezaJuridicaId"": null}";2026-09-12T20:23:10.460607
11762179000130-1-000016/2026;5;1;04437177000100;A. SALOMAO DE ALMEIDA;PJ;ME;25.0;32.58;814.5;1;Informado;2026-04-22;;0;sentinela/ausente sem motivo nem situacao de cancelamento -> nao cancelado;;1;Não se aplica;1.0;"{""indicadorSubcontratacao"": false, ""numeroItem"": 5, ""dataInclusao"": ""2026-04-22T15:56:52"", ""niFornecedor"": ""04437177000100"", ""dataCancelamento"": null, ""dataAtualizacao"": ""2026-04-22T15:56:52"", ""tipoPessoa"": ""PJ"", ""nomeRazaoSocialFornecedor"": ""A. SALOMAO DE ALMEIDA"", ""valorTotalHomologado"": 814.5, ""reservaRemanescente"": {""codigo"": 1, ""nome"": ""Não se aplica""}, ""timezoneCotacaoMoedaEstrangeira"": null, ""moedaEstrangeira"": null, ""valorNominalMoedaEstrangeira"": null, ""dataCotacaoMoedaEstrangeira"": null, ""codigoPais"": ""BRA"", ""porteFornecedorId"": 1, ""quantidadeHomologada"": 25.0, ""valorUnitarioHomologado"": 32.58, ""percentualDesconto"": 0.0, ""amparoLegalMargemPreferencia"": null, ""amparoLegalCriterioDesempate"": null, ""paisOrigemProdutoServico"": null, ""localidadeExterior"": null, ""ordemClassificacaoSrp"": 1, ""dataResultado"": ""2026-04-22"", ""motivoCancelamento"": null, ""numeroControlePNCPCompra"": ""11762179000130-1-000016/2026"", ""situacaoCompraItemResultadoId"": 1, ""porteFornecedorNome"": ""ME"", ""situacaoCompraItemResultadoNome"": ""Informado"", ""sequencialResultado"": 1, ""naturezaJuridicaNome"": ""Empresário (Individual)"", ""localidadeFornecedor"": null, ""aplicacaoMargemPreferencia"": false, ""aplicacaoBeneficioMeEpp"": false, ""aplicacaoCriterioDesempate"": false, ""naturezaJuridicaId"": ""2135""}";2026-09-12T20:23:21.167067
11762179000130-1-000016/2026;6;1;04437177000100;A. SALOMAO DE ALMEIDA;PJ;ME;15.0;39.33;589.95;1;Informado;2026-04-22;;0;sentinela/ausente sem motivo nem situacao de cancelamento -> nao cancelado;;1;Não se aplica;1.0;"{""indicadorSubcontratacao"": false, ""numeroItem"": 6, ""dataInclusao"": ""2026-04-22T15:56:55"", ""niFornecedor"": ""04437177000100"", ""dataCancelamento"": null, ""dataAtualizacao"": ""2026-04-22T15:56:55"", ""tipoPessoa"": ""PJ"", ""nomeRazaoSocialFornecedor"": ""A. SALOMAO DE ALMEIDA"", ""valorTotalHomologado"": 589.95, ""reservaRemanescente"": {""codigo"": 1, ""nome"": ""Não se aplica""}, ""timezoneCotacaoMoedaEstrangeira"": null, ""moedaEstrangeira"": null, ""valorNominalMoedaEstrangeira"": null, ""dataCotacaoMoedaEstrangeira"": null, ""codigoPais"": ""BRA"", ""porteFornecedorId"": 1, ""quantidadeHomologada"": 15.0, ""valorUnitarioHomologado"": 39.33, ""percentualDesconto"": 0.0, ""amparoLegalMargemPreferencia"": null, ""amparoLegalCriterioDesempate"": null, ""paisOrigemProdutoServico"": null, ""localidadeExterior"": null, ""ordemClassificacaoSrp"": 1, ""dataResultado"": ""2026-04-22"", ""motivoCancelamento"": null, ""numeroControlePNCPCompra"": ""11762179000130-1-000016/2026"", ""situacaoCompraItemResultadoId"": 1, ""porteFornecedorNome"": ""ME"", ""situacaoCompraItemResultadoNome"": ""Informado"", ""sequencialResultado"": 1, ""naturezaJuridicaNome"": ""Empresário (Individual)"", ""localidadeFornecedor"": null, ""aplicacaoMargemPreferencia"": false, ""aplicacaoBeneficioMeEpp"": false, ""aplicacaoCriterioDesempate"": false, ""naturezaJuridicaId"": ""2135""}";2026-09-12T20:23:32.451421
11762179000130-1-000016/2026;7;1;04437177000100;A. SALOMAO DE ALMEIDA;PJ;ME;10.0;38.75;387.5;1;Informado;2026-04-22;;0;sentinela/ausente sem motivo nem situacao de cancelamento -> nao cancelado;;1;Não se aplica;1.0;"{""indicadorSubcontratacao"": false, ""numeroItem"": 7, ""dataInclusao"": ""2026-04-22T15:56:56"", ""niFornecedor"": ""04437177000100"", ""dataCancelamento"": null, ""dataAtualizacao"": ""2026-04-22T15:56:56"", ""tipoPessoa"": ""PJ"", ""nomeRazaoSocialFornecedor"": ""A. SALOMAO DE ALMEIDA"", ""valorTotalHomologado"": 387.5, ""reservaRemanescente"": {""codigo"": 1, ""nome"": ""Não se aplica""}, ""timezoneCotacaoMoedaEstrangeira"": null, ""moedaEstrangeira"": null, ""valorNominalMoedaEstrangeira"": null, ""dataCotacaoMoedaEstrangeira"": null, ""codigoPais"": ""BRA"", ""porteFornecedorId"": 1, ""quantidadeHomologada"": 10.0, ""valorUnitarioHomologado"": 38.75, ""percentualDesconto"": 0.0, ""amparoLegalMargemPreferencia"": null, ""amparoLegalCriterioDesempate"": null, ""paisOrigemProdutoServico"": null, ""localidadeExterior"": null, ""ordemClassificacaoSrp"": 1, ""dataResultado"": ""2026-04-22"", ""motivoCancelamento"": null, ""numeroControlePNCPCompra"": ""11762179000130-1-000016/2026"", ""situacaoCompraItemResultadoId"": 1, ""porteFornecedorNome"": ""ME"", ""situacaoCompraItemResultadoNome"": ""Informado"", ""sequencialResultado"": 1, ""naturezaJuridicaNome"": ""Empresário (Individual)"", ""localidadeFornecedor"": null, ""aplicacaoMargemPreferencia"": false, ""aplicacaoBeneficioMeEpp"": false, ""aplicacaoCriterioDesempate"": false, ""naturezaJuridicaId"": ""2135""}";2026-09-12T20:23:42.841236
84408731000160-1-000002/2026;7;1;65585519000124;65.585.519 MAYCON MONTEIRO PANTOJA;PJ;ME;6.0;30.0;180.0;1;Informado;2026-05-18;;0;sentinela/ausente sem motivo nem situacao de cancelamento -> nao cancelado;;1;Não se aplica;;"{""indicadorSubcontratacao"": false, ""dataInclusao"": ""2026-05-18T11:57:23"", ""numeroItem"": 7, ""niFornecedor"": ""65585519000124"", ""dataCancelamento"": null, ""dataAtualizacao"": ""2026-05-18T11:57:23"", ""tipoPessoa"": ""PJ"", ""nomeRazaoSocialFornecedor"": ""65.585.519 MAYCON MONTEIRO PANTOJA"", ""valorTotalHomologado"": 180.0, ""reservaRemanescente"": {""codigo"": 1, ""nome"": ""Não se aplica""}, ""timezoneCotacaoMoedaEstrangeira"": null, ""moedaEstrangeira"": null, ""valorNominalMoedaEstrangeira"": null, ""dataCotacaoMoedaEstrangeira"": null, ""codigoPais"": ""BRA"", ""porteFornecedorId"": 1, ""quantidadeHomologada"": 6.0, ""valorUnitarioHomologado"": 30.0, ""percentualDesconto"": 0.0, ""amparoLegalMargemPreferencia"": null, ""amparoLegalCriterioDesempate"": null, ""paisOrigemProdutoServico"": null, ""localidadeExterior"": null, ""ordemClassificacaoSrp"": null, ""dataResultado"": ""2026-05-18"", ""motivoCancelamento"": null, ""numeroControlePNCPCompra"": ""84408731000160-1-000002/2026"", ""situacaoCompraItemResultadoId"": 1, ""porteFornecedorNome"": ""ME"", ""situacaoCompraItemResultadoNome"": ""Informado"", ""sequencialResultado"": 1, ""naturezaJuridicaNome"": ""Empresário (Individual)"", ""localidadeFornecedor"": null, ""aplicacaoMargemPreferencia"": false, ""aplicacaoBeneficioMeEpp"": false, ""aplicacaoCriterioDesempate"": false, ""naturezaJuridicaId"": ""2135""}";2026-09-12T20:25:14.522478
84408731000160-1-000002/2026;8;1;65585519000124;65.585.519 MAYCON MONTEIRO PANTOJA;PJ;ME;6.0;30.0;180.0;1;Informado;2026-05-18;;0;sentinela/ausente sem motivo nem situacao de cancelamento -> nao cancelado;;1;Não se aplica;;"{""naturezaJuridicaId"": ""2135"", ""reservaRemanescente"": {""codigo"": 1, ""nome"": ""Não se aplica""}, ""timezoneCotacaoMoedaEstrangeira"": null, ""moedaEstrangeira"": null, ""indicadorSubcontratacao"": false, ""dataInclusao"": ""2026-05-18T11:57:23"", ""numeroItem"": 8, ""niFornecedor"": ""65585519000124"", ""dataCancelamento"": null, ""dataAtualizacao"": ""2026-05-18T11:57:23"", ""tipoPessoa"": ""PJ"", ""nomeRazaoSocialFornecedor"": ""65.585.519 MAYCON MONTEIRO PANTOJA"", ""valorTotalHomologado"": 180.0, ""valorNominalMoedaEstrangeira"": null, ""dataCotacaoMoedaEstrangeira"": null, ""codigoPais"": ""BRA"", ""porteFornecedorId"": 1, ""quantidadeHomologada"": 6.0, ""valorUnitarioHomologado"": 30.0, ""percentualDesconto"": 0.0, ""amparoLegalMargemPreferencia"": null, ""amparoLegalCriterioDesempate"": null, ""paisOrigemProdutoServico"": null, ""localidadeExterior"": null, ""ordemClassificacaoSrp"": null, ""dataResultado"": ""2026-05-18"", ""motivoCancelamento"": null, ""numeroControlePNCPCompra"": ""84408731000160-1-000002/2026"", ""aplicacaoMargemPreferencia"": false, ""aplicacaoBeneficioMeEpp"": false, ""aplicacaoCriterioDesempate"": false, ""situacaoCompraItemResultadoId"": 1, ""porteFornecedorNome"": ""ME"", ""situacaoCompraItemResultadoNome"": ""Informado"", ""sequencialResultado"": 1, ""naturezaJuridicaNome"": ""Empresário (Individual)"", ""localidadeFornecedor"": null}";2026-09-12T20:25:15.409693
84408731000160-1-000002/2026;9;1;65585519000124;65.585.519 MAYCON MONTEIRO PANTOJA;PJ;ME;6.0;30.0;180.0;1;Informado;2026-05-18;;0;sentinela/ausente sem motivo nem situacao de cancelamento -> nao cancelado;;1;Não se aplica;;"{""indicadorSubcontratacao"": false, ""numeroItem"": 9, ""dataInclusao"": ""2026-05-18T11:57:24"", ""niFornecedor"": ""65585519000124"", ""dataCancelamento"": null, ""dataAtualizacao"": ""2026-05-18T11:57:24"", ""tipoPessoa"": ""PJ"", ""nomeRazaoSocialFornecedor"": ""65.585.519 MAYCON MONTEIRO PANTOJA"", ""valorTotalHomologado"": 180.0, ""reservaRemanescente"": {""codigo"": 1, ""nome"": ""Não se aplica""}, ""timezoneCotacaoMoedaEstrangeira"": null, ""moedaEstrangeira"": null, ""valorNominalMoedaEstrangeira"": null, ""dataCotacaoMoedaEstrangeira"": null, ""codigoPais"": ""BRA"", ""porteFornecedorId"": 1, ""quantidadeHomologada"": 6.0, ""valorUnitarioHomologado"": 30.0, ""percentualDesconto"": 0.0, ""amparoLegalMargemPreferencia"": null, ""amparoLegalCriterioDesempate"": null, ""paisOrigemProdutoServico"": null, ""localidadeExterior"": null, ""ordemClassificacaoSrp"": null, ""dataResultado"": ""2026-05-18"", ""motivoCancelamento"": null, ""numeroControlePNCPCompra"": ""84408731000160-1-000002/2026"", ""situacaoCompraItemResultadoId"": 1, ""porteFornecedorNome"": ""ME"", ""situacaoCompraItemResultadoNome"": ""Informado"", ""sequencialResultado"": 1, ""naturezaJuridicaNome"": ""Empresário (Individual)"", ""localidadeFornecedor"": null, ""aplicacaoMargemPreferencia"": false, ""aplicacaoBeneficioMeEpp"": false, ""aplicacaoCriterioDesempate"": false, ""naturezaJuridicaId"": ""2135""}";2026-09-12T20:25:24.651331
25002757000145-1-000003/2026;5612;1;10400122000129;AL NOGUEIRA COMERCIO E SERVIÇOS;PJ;ME;12.0;198.0;2376.0;1;Informado;2026-06-01;;0;sentinela/ausente sem motivo nem situacao de cancelamento -> nao cancelado;;1;Não se aplica;2.0;"{""indicadorSubcontratacao"": false, ""dataInclusao"": ""2026-06-01T15:05:00"", ""numeroItem"": 5612, ""niFornecedor"": ""10400122000129"", ""dataCancelamento"": null, ""dataAtualizacao"": ""2026-06-01T15:05:00"", ""tipoPessoa"": ""PJ"", ""nomeRazaoSocialFornecedor"": ""AL NOGUEIRA COMERCIO E SERVIÇOS"", ""valorTotalHomologado"": 2376.0, ""reservaRemanescente"": {""codigo"": 1, ""nome"": ""Não se aplica""}, ""timezoneCotacaoMoedaEstrangeira"": null, ""moedaEstrangeira"": null, ""valorNominalMoedaEstrangeira"": null, ""dataCotacaoMoedaEstrangeira"": null, ""codigoPais"": ""BRA"", ""porteFornecedorId"": 1, ""quantidadeHomologada"": 12.0, ""valorUnitarioHomologado"": 198.0, ""percentualDesconto"": 0.0, ""amparoLegalMargemPreferencia"": null, ""amparoLegalCriterioDesempate"": null, ""paisOrigemProdutoServico"": null, ""localidadeExterior"": null, ""ordemClassificacaoSrp"": 2, ""dataResultado"": ""2026-06-01"", ""motivoCancelamento"": null, ""numeroControlePNCPCompra"": ""25002757000145-1-000003/2026"", ""situacaoCompraItemResultadoId"": 1, ""porteFornecedorNome"": ""ME"", ""situacaoCompraItemResultadoNome"": ""Informado"", ""sequencialResultado"": 1, ""naturezaJuridicaNome"": null, ""localidadeFornecedor"": null, ""aplicacaoMargemPreferencia"": false, ""aplicacaoBeneficioMeEpp"": true, ""aplicacaoCriterioDesempate"": false, ""naturezaJuridicaId"": null}";2026-09-12T20:26:24.434036
25002757000145-1-000003/2026;5613;1;10400122000129;AL NOGUEIRA COMERCIO E SERVIÇOS;PJ;ME;12.0;198.0;2376.0;1;Informado;2026-06-01;;0;sentinela/ausente sem motivo nem situacao de cancelamento -> nao cancelado;;1;Não se aplica;2.0;"{""indicadorSubcontratacao"": false, ""numeroItem"": 5613, ""dataInclusao"": ""2026-06-01T15:15:00"", ""niFornecedor"": ""10400122000129"", ""dataCancelamento"": null, ""dataAtualizacao"": ""2026-06-01T15:15:00"", ""tipoPessoa"": ""PJ"", ""nomeRazaoSocialFornecedor"": ""AL NOGUEIRA COMERCIO E SERVIÇOS"", ""valorTotalHomologado"": 2376.0, ""reservaRemanescente"": {""codigo"": 1, ""nome"": ""Não se aplica""}, ""timezoneCotacaoMoedaEstrangeira"": null, ""moedaEstrangeira"": null, ""valorNominalMoedaEstrangeira"": null, ""dataCotacaoMoedaEstrangeira"": null, ""codigoPais"": ""BRA"", ""porteFornecedorId"": 1, ""quantidadeHomologada"": 12.0, ""valorUnitarioHomologado"": 198.0, ""percentualDesconto"": 0.0, ""amparoLegalMargemPreferencia"": null, ""amparoLegalCriterioDesempate"": null, ""paisOrigemProdutoServico"": null, ""localidadeExterior"": null, ""ordemClassificacaoSrp"": 2, ""dataResultado"": ""2026-06-01"", ""motivoCancelamento"": null, ""numeroControlePNCPCompra"": ""25002757000145-1-000003/2026"", ""situacaoCompraItemResultadoId"": 1, ""porteFornecedorNome"": ""ME"", ""situacaoCompraItemResultadoNome"": ""Informado"", ""sequencialResultado"": 1, ""naturezaJuridicaNome"": null, ""localidadeFornecedor"": null, ""aplicacaoMargemPreferencia"": false, ""aplicacaoBeneficioMeEpp"": true, ""aplicacaoCriterioDesempate"": false, ""naturezaJuridicaId"": null}";2026-09-12T20:26:31.593141
25002757000145-1-000003/2026;5614;1;10400122000129;AL NOGUEIRA COMERCIO E SERVIÇOS;PJ;ME;16.0;198.0;3168.0;1;Informado;2026-06-01;;0;sentinela/ausente sem motivo nem situacao de cancelamento -> nao cancelado;;1;Não se aplica;2.0;"{""indicadorSubcontratacao"": false, ""numeroItem"": 5614, ""dataInclusao"": ""2026-06-01T15:25:00"", ""niFornecedor"": ""10400122000129"", ""dataCancelamento"": null, ""dataAtualizacao"": ""2026-06-01T15:25:00"", ""tipoPessoa"": ""PJ"", ""nomeRazaoSocialFornecedor"": ""AL NOGUEIRA COMERCIO E SERVIÇOS"", ""valorTotalHomologado"": 3168.0, ""reservaRemanescente"": {""codigo"": 1, ""nome"": ""Não se aplica""}, ""timezoneCotacaoMoedaEstrangeira"": null, ""moedaEstrangeira"": null, ""valorNominalMoedaEstrangeira"": null, ""dataCotacaoMoedaEstrangeira"": null, ""codigoPais"": ""BRA"", ""porteFornecedorId"": 1, ""quantidadeHomologada"": 16.0, ""valorUnitarioHomologado"": 198.0, ""percentualDesconto"": 0.0, ""amparoLegalMargemPreferencia"": null, ""amparoLegalCriterioDesempate"": null, ""paisOrigemProdutoServico"": null, ""localidadeExterior"": null, ""ordemClassificacaoSrp"": 2, ""dataResultado"": ""2026-06-01"", ""motivoCancelamento"": null, ""numeroControlePNCPCompra"": ""25002757000145-1-000003/2026"", ""situacaoCompraItemResultadoId"": 1, ""porteFornecedorNome"": ""ME"", ""situacaoCompraItemResultadoNome"": ""Informado"", ""sequencialResultado"": 1, ""naturezaJuridicaNome"": null, ""localidadeFornecedor"": null, ""aplicacaoMargemPreferencia"": false, ""aplicacaoBeneficioMeEpp"": true, ""aplicacaoCriterioDesempate"": false, ""naturezaJuridicaId"": null}";2026-09-12T20:26:38.059302
25002757000145-1-000003/2026;5615;1;10400122000129;AL NOGUEIRA COMERCIO E SERVIÇOS;PJ;ME;12.0;198.0;2376.0;1;Informado;2026-06-01;;0;sentinela/ausente sem motivo nem situacao de cancelamento -> nao cancelado;;1;Não se aplica;2.0;"{""indicadorSubcontratacao"": false, ""numeroItem"": 5615, ""dataInclusao"": ""2026-06-01T15:35:00"", ""niFornecedor"": ""10400122000129"", ""dataCancelamento"": null, ""dataAtualizacao"": ""2026-06-01T15:35:00"", ""tipoPessoa"": ""PJ"", ""nomeRazaoSocialFornecedor"": ""AL NOGUEIRA COMERCIO E SERVIÇOS"", ""valorTotalHomologado"": 2376.0, ""reservaRemanescente"": {""codigo"": 1, ""nome"": ""Não se aplica""}, ""timezoneCotacaoMoedaEstrangeira"": null, ""moedaEstrangeira"": null, ""valorNominalMoedaEstrangeira"": null, ""dataCotacaoMoedaEstrangeira"": null, ""codigoPais"": ""BRA"", ""porteFornecedorId"": 1, ""quantidadeHomologada"": 12.0, ""valorUnitarioHomologado"": 198.0, ""percentualDesconto"": 0.0, ""amparoLegalMargemPreferencia"": null, ""amparoLegalCriterioDesempate"": null, ""paisOrigemProdutoServico"": null, ""localidadeExterior"": null, ""ordemClassificacaoSrp"": 2, ""dataResultado"": ""2026-06-01"", ""motivoCancelamento"": null, ""numeroControlePNCPCompra"": ""25002757000145-1-000003/2026"", ""situacaoCompraItemResultadoId"": 1, ""porteFornecedorNome"": ""ME"", ""situacaoCompraItemResultadoNome"": ""Informado"", ""sequencialResultado"": 1, ""naturezaJuridicaNome"": null, ""localidadeFornecedor"": null, ""aplicacaoMargemPreferencia"": false, ""aplicacaoBeneficioMeEpp"": true, ""aplicacaoCriterioDesempate"": false, ""naturezaJuridicaId"": null}";2026-09-12T20:26:43.760974
25002757000145-1-000003/2026;5616;1;10400122000129;AL NOGUEIRA COMERCIO E SERVIÇOS;PJ;ME;12.0;198.0;2376.0;1;Informado;2026-06-01;;0;sentinela/ausente sem motivo nem situacao de cancelamento -> nao cancelado;;1;Não se aplica;2.0;"{""indicadorSubcontratacao"": false, ""numeroItem"": 5616, ""dataInclusao"": ""2026-06-01T15:45:00"", ""niFornecedor"": ""10400122000129"", ""dataCancelamento"": null, ""dataAtualizacao"": ""2026-06-01T15:45:00"", ""tipoPessoa"": ""PJ"", ""nomeRazaoSocialFornecedor"": ""AL NOGUEIRA COMERCIO E SERVIÇOS"", ""valorTotalHomologado"": 2376.0, ""reservaRemanescente"": {""codigo"": 1, ""nome"": ""Não se aplica""}, ""timezoneCotacaoMoedaEstrangeira"": null, ""moedaEstrangeira"": null, ""valorNominalMoedaEstrangeira"": null, ""dataCotacaoMoedaEstrangeira"": null, ""codigoPais"": ""BRA"", ""porteFornecedorId"": 1, ""quantidadeHomologada"": 12.0, ""valorUnitarioHomologado"": 198.0, ""percentualDesconto"": 0.0, ""amparoLegalMargemPreferencia"": null, ""amparoLegalCriterioDesempate"": null, ""paisOrigemProdutoServico"": null, ""localidadeExterior"": null, ""ordemClassificacaoSrp"": 2, ""dataResultado"": ""2026-06-01"", ""motivoCancelamento"": null, ""numeroControlePNCPCompra"": ""25002757000145-1-000003/2026"", ""situacaoCompraItemResultadoId"": 1, ""porteFornecedorNome"": ""ME"", ""situacaoCompraItemResultadoNome"": ""Informado"", ""sequencialResultado"": 1, ""naturezaJuridicaNome"": null, ""localidadeFornecedor"": null, ""aplicacaoMargemPreferencia"": false, ""aplicacaoBeneficioMeEpp"": true, ""aplicacaoCriterioDesempate"": false, ""naturezaJuridicaId"": null}";2026-09-12T20:26:49.549669
25002757000145-1-000003/2026;5617;1;10400122000129;AL NOGUEIRA COMERCIO E SERVIÇOS;PJ;ME;8.0;198.0;1584.0;1;Informado;2026-06-01;;0;sentinela/ausente sem motivo nem situacao de cancelamento -> nao cancelado;;1;Não se aplica;2.0;"{""indicadorSubcontratacao"": false, ""niFornecedor"": ""10400122000129"", ""dataCancelamento"": null, ""dataAtualizacao"": ""2026-06-01T15:55:01"", ""tipoPessoa"": ""PJ"", ""nomeRazaoSocialFornecedor"": ""AL NOGUEIRA COMERCIO E SERVIÇOS"", ""dataInclusao"": ""2026-06-01T15:55:01"", ""numeroItem"": 5617, ""valorTotalHomologado"": 1584.0, ""reservaRemanescente"": {""codigo"": 1, ""nome"": ""Não se aplica""}, ""timezoneCotacaoMoedaEstrangeira"": null, ""moedaEstrangeira"": null, ""valorNominalMoedaEstrangeira"": null, ""dataCotacaoMoedaEstrangeira"": null, ""codigoPais"": ""BRA"", ""porteFornecedorId"": 1, ""quantidadeHomologada"": 8.0, ""valorUnitarioHomologado"": 198.0, ""percentualDesconto"": 0.0, ""amparoLegalMargemPreferencia"": null, ""amparoLegalCriterioDesempate"": null, ""paisOrigemProdutoServico"": null, ""localidadeExterior"": null, ""ordemClassificacaoSrp"": 2, ""dataResultado"": ""2026-06-01"", ""motivoCancelamento"": null, ""numeroControlePNCPCompra"": ""25002757000145-1-000003/2026"", ""aplicacaoMargemPreferencia"": false, ""aplicacaoBeneficioMeEpp"": true, ""situacaoCompraItemResultadoId"": 1, ""porteFornecedorNome"": ""ME"", ""situacaoCompraItemResultadoNome"": ""Informado"", ""sequencialResultado"": 1, ""naturezaJuridicaNome"": null, ""localidadeFornecedor"": null, ""aplicacaoCriterioDesempate"": false, ""naturezaJuridicaId"": null}";2026-09-12T20:26:50.430674
25002757000145-1-000003/2026;5618;1;10400122000129;AL NOGUEIRA COMERCIO E SERVIÇOS;PJ;ME;16.0;198.0;3168.0;1;Informado;2026-06-01;;0;sentinela/ausente sem motivo nem situacao de cancelamento -> nao cancelado;;1;Não se aplica;2.0;"{""indicadorSubcontratacao"": false, ""numeroItem"": 5618, ""dataInclusao"": ""2026-06-01T16:10:00"", ""niFornecedor"": ""10400122000129"", ""dataCancelamento"": null, ""dataAtualizacao"": ""2026-06-01T16:10:00"", ""tipoPessoa"": ""PJ"", ""nomeRazaoSocialFornecedor"": ""AL NOGUEIRA COMERCIO E SERVIÇOS"", ""valorTotalHomologado"": 3168.0, ""reservaRemanescente"": {""codigo"": 1, ""nome"": ""Não se aplica""}, ""timezoneCotacaoMoedaEstrangeira"": null, ""moedaEstrangeira"": null, ""valorNominalMoedaEstrangeira"": null, ""dataCotacaoMoedaEstrangeira"": null, ""codigoPais"": ""BRA"", ""porteFornecedorId"": 1, ""quantidadeHomologada"": 16.0, ""valorUnitarioHomologado"": 198.0, ""percentualDesconto"": 0.0, ""amparoLegalMargemPreferencia"": null, ""amparoLegalCriterioDesempate"": null, ""paisOrigemProdutoServico"": null, ""localidadeExterior"": null, ""ordemClassificacaoSrp"": 2, ""dataResultado"": ""2026-06-01"", ""motivoCancelamento"": null, ""numeroControlePNCPCompra"": ""25002757000145-1-000003/2026"", ""situacaoCompraItemResultadoId"": 1, ""porteFornecedorNome"": ""ME"", ""situacaoCompraItemResultadoNome"": ""Informado"", ""sequencialResultado"": 1, ""naturezaJuridicaNome"": null, ""localidadeFornecedor"": null, ""aplicacaoMargemPreferencia"": false, ""aplicacaoBeneficioMeEpp"": true, ""aplicacaoCriterioDesempate"": false, ""naturezaJuridicaId"": null}";2026-09-12T20:26:56.240091
25002757000145-1-000003/2026;5619;1;10400122000129;AL NOGUEIRA COMERCIO E SERVIÇOS;PJ;ME;32.0;198.0;6336.0;1;Informado;2026-06-01;;0;sentinela/ausente sem motivo nem situacao de cancelamento -> nao cancelado;;1;Não se aplica;2.0;"{""indicadorSubcontratacao"": false, ""numeroItem"": 5619, ""dataInclusao"": ""2026-06-01T16:20:00"", ""niFornecedor"": ""10400122000129"", ""dataCancelamento"": null, ""dataAtualizacao"": ""2026-06-01T16:20:00"", ""tipoPessoa"": ""PJ"", ""nomeRazaoSocialFornecedor"": ""AL NOGUEIRA COMERCIO E SERVIÇOS"", ""valorTotalHomologado"": 6336.0, ""reservaRemanescente"": {""codigo"": 1, ""nome"": ""Não se aplica""}, ""timezoneCotacaoMoedaEstrangeira"": null, ""moedaEstrangeira"": null, ""valorNominalMoedaEstrangeira"": null, ""dataCotacaoMoedaEstrangeira"": null, ""codigoPais"": ""BRA"", ""porteFornecedorId"": 1, ""quantidadeHomologada"": 32.0, ""valorUnitarioHomologado"": 198.0, ""percentualDesconto"": 0.0, ""amparoLegalMargemPreferencia"": null, ""amparoLegalCriterioDesempate"": null, ""paisOrigemProdutoServico"": null, ""localidadeExterior"": null, ""ordemClassificacaoSrp"": 2, ""dataResultado"": ""2026-06-01"", ""motivoCancelamento"": null, ""numeroControlePNCPCompra"": ""25002757000145-1-000003/2026"", ""situacaoCompraItemResultadoId"": 1, ""porteFornecedorNome"": ""ME"", ""situacaoCompraItemResultadoNome"": ""Informado"", ""sequencialResultado"": 1, ""naturezaJuridicaNome"": null, ""localidadeFornecedor"": null, ""aplicacaoMargemPreferencia"": false, ""aplicacaoBeneficioMeEpp"": true, ""aplicacaoCriterioDesempate"": false, ""naturezaJuridicaId"": null}";2026-09-12T20:27:01.650379
25002757000145-1-000003/2026;5620;1;10400122000129;AL NOGUEIRA COMERCIO E SERVIÇOS;PJ;ME;32.0;198.0;6336.0;1;Informado;2026-06-01;;0;sentinela/ausente sem motivo nem situacao de cancelamento -> nao cancelado;;1;Não se aplica;2.0;"{""indicadorSubcontratacao"": false, ""niFornecedor"": ""10400122000129"", ""dataCancelamento"": null, ""dataAtualizacao"": ""2026-06-01T16:30:00"", ""tipoPessoa"": ""PJ"", ""nomeRazaoSocialFornecedor"": ""AL NOGUEIRA COMERCIO E SERVIÇOS"", ""dataInclusao"": ""2026-06-01T16:30:00"", ""numeroItem"": 5620, ""valorTotalHomologado"": 6336.0, ""reservaRemanescente"": {""codigo"": 1, ""nome"": ""Não se aplica""}, ""timezoneCotacaoMoedaEstrangeira"": null, ""moedaEstrangeira"": null, ""valorNominalMoedaEstrangeira"": null, ""dataCotacaoMoedaEstrangeira"": null, ""codigoPais"": ""BRA"", ""porteFornecedorId"": 1, ""quantidadeHomologada"": 32.0, ""valorUnitarioHomologado"": 198.0, ""percentualDesconto"": 0.0, ""amparoLegalMargemPreferencia"": null, ""amparoLegalCriterioDesempate"": null, ""paisOrigemProdutoServico"": null, ""localidadeExterior"": null, ""ordemClassificacaoSrp"": 2, ""dataResultado"": ""2026-06-01"", ""motivoCancelamento"": null, ""numeroControlePNCPCompra"": ""25002757000145-1-000003/2026"", ""aplicacaoMargemPreferencia"": false, ""aplicacaoBeneficioMeEpp"": true, ""situacaoCompraItemResultadoId"": 1, ""porteFornecedorNome"": ""ME"", ""situacaoCompraItemResultadoNome"": ""Informado"", ""sequencialResultado"": 1, ""naturezaJuridicaNome"": null, ""localidadeFornecedor"": null, ""aplicacaoCriterioDesempate"": false, ""naturezaJuridicaId"": null}";2026-09-12T20:27:02.532418
25002757000145-1-000003/2026;5621;1;10400122000129;AL NOGUEIRA COMERCIO E SERVIÇOS;PJ;ME;8.0;198.0;1584.0;1;Informado;2026-06-01;;0;sentinela/ausente sem motivo nem situacao de cancelamento -> nao cancelado;;1;Não se aplica;2.0;"{""indicadorSubcontratacao"": false, ""numeroItem"": 5621, ""dataInclusao"": ""2026-06-01T16:40:00"", ""niFornecedor"": ""10400122000129"", ""dataCancelamento"": null, ""dataAtualizacao"": ""2026-06-01T16:40:00"", ""tipoPessoa"": ""PJ"", ""nomeRazaoSocialFornecedor"": ""AL NOGUEIRA COMERCIO E SERVIÇOS"", ""valorTotalHomologado"": 1584.0, ""reservaRemanescente"": {""codigo"": 1, ""nome"": ""Não se aplica""}, ""timezoneCotacaoMoedaEstrangeira"": null, ""moedaEstrangeira"": null, ""valorNominalMoedaEstrangeira"": null, ""dataCotacaoMoedaEstrangeira"": null, ""codigoPais"": ""BRA"", ""porteFornecedorId"": 1, ""quantidadeHomologada"": 8.0, ""valorUnitarioHomologado"": 198.0, ""percentualDesconto"": 0.0, ""amparoLegalMargemPreferencia"": null, ""amparoLegalCriterioDesempate"": null, ""paisOrigemProdutoServico"": null, ""localidadeExterior"": null, ""ordemClassificacaoSrp"": 2, ""dataResultado"": ""2026-06-01"", ""motivoCancelamento"": null, ""numeroControlePNCPCompra"": ""25002757000145-1-000003/2026"", ""situacaoCompraItemResultadoId"": 1, ""porteFornecedorNome"": ""ME"", ""situacaoCompraItemResultadoNome"": ""Informado"", ""sequencialResultado"": 1, ""naturezaJuridicaNome"": null, ""localidadeFornecedor"": null, ""aplicacaoMargemPreferencia"": false, ""aplicacaoBeneficioMeEpp"": true, ""aplicacaoCriterioDesempate"": false, ""naturezaJuridicaId"": null}";2026-09-12T20:27:08.872161
34870576000121-1-000048/2026;8;1;10505707000103;R. FIGUEIREDO DA COSTA;PJ;ME;1.0;26.0;26.0;1;Informado;2026-07-22;;0;sentinela/ausente sem motivo nem situacao de cancelamento -> nao cancelado;;1;Não se aplica;;"{""indicadorSubcontratacao"": false, ""numeroItem"": 8, ""dataInclusao"": ""2026-07-22T13:49:40"", ""niFornecedor"": ""10505707000103"", ""dataCancelamento"": null, ""dataAtualizacao"": ""2026-07-22T13:49:40"", ""tipoPessoa"": ""PJ"", ""nomeRazaoSocialFornecedor"": ""R. FIGUEIREDO DA COSTA"", ""valorTotalHomologado"": 26.0, ""reservaRemanescente"": {""codigo"": 1, ""nome"": ""Não se aplica""}, ""timezoneCotacaoMoedaEstrangeira"": null, ""moedaEstrangeira"": null, ""valorNominalMoedaEstrangeira"": null, ""dataCotacaoMoedaEstrangeira"": null, ""codigoPais"": ""BRA"", ""porteFornecedorId"": 1, ""quantidadeHomologada"": 1.0, ""valorUnitarioHomologado"": 26.0, ""percentualDesconto"": 0.0, ""amparoLegalMargemPreferencia"": null, ""amparoLegalCriterioDesempate"": null, ""paisOrigemProdutoServico"": null, ""localidadeExterior"": null, ""ordemClassificacaoSrp"": null, ""dataResultado"": ""2026-07-22"", ""motivoCancelamento"": null, ""numeroControlePNCPCompra"": ""34870576000121-1-000048/2026"", ""situacaoCompraItemResultadoId"": 1, ""porteFornecedorNome"": ""ME"", ""situacaoCompraItemResultadoNome"": ""Informado"", ""sequencialResultado"": 1, ""naturezaJuridicaNome"": ""Empresário (Individual)"", ""localidadeFornecedor"": null, ""aplicacaoMargemPreferencia"": false, ""aplicacaoBeneficioMeEpp"": false, ""aplicacaoCriterioDesempate"": false, ""naturezaJuridicaId"": ""2135""}";2026-09-12T20:27:15.596329
00508903000188-1-001109/2026;2;1;55145448000195;SPEED LIFE RUN LTDA;PJ;ME;1.0;5900.0;5900.0;1;Informado;2026-07-09;;0;sentinela/ausente sem motivo nem situacao de cancelamento -> nao cancelado;;1;Não se aplica;;"{""indicadorSubcontratacao"": false, ""numeroItem"": 2, ""dataInclusao"": ""2026-07-09T12:45:33"", ""niFornecedor"": ""55145448000195"", ""dataCancelamento"": null, ""dataAtualizacao"": ""2026-07-09T12:45:33"", ""tipoPessoa"": ""PJ"", ""nomeRazaoSocialFornecedor"": ""SPEED LIFE RUN LTDA"", ""valorTotalHomologado"": 5900.0, ""reservaRemanescente"": {""codigo"": 1, ""nome"": ""Não se aplica""}, ""timezoneCotacaoMoedaEstrangeira"": null, ""moedaEstrangeira"": null, ""valorNominalMoedaEstrangeira"": null, ""dataCotacaoMoedaEstrangeira"": null, ""codigoPais"": ""BRA"", ""porteFornecedorId"": 1, ""quantidadeHomologada"": 1.0, ""valorUnitarioHomologado"": 5900.0, ""percentualDesconto"": 0.0, ""amparoLegalMargemPreferencia"": null, ""amparoLegalCriterioDesempate"": null, ""paisOrigemProdutoServico"": null, ""localidadeExterior"": null, ""ordemClassificacaoSrp"": null, ""dataResultado"": ""2026-07-09"", ""motivoCancelamento"": null, ""numeroControlePNCPCompra"": ""00508903000188-1-001109/2026"", ""situacaoCompraItemResultadoId"": 1, ""porteFornecedorNome"": ""ME"", ""situacaoCompraItemResultadoNome"": ""Informado"", ""sequencialResultado"": 1, ""naturezaJuridicaNome"": ""Sociedade Empresária Limitada"", ""localidadeFornecedor"": null, ""aplicacaoMargemPreferencia"": false, ""aplicacaoBeneficioMeEpp"": false, ""aplicacaoCriterioDesempate"": false, ""naturezaJuridicaId"": ""2062""}";2026-09-12T20:27:26.431277
00508903000188-1-001109/2026;3;1;50282249000105;LC LOS COSTAS ARTIGOS MILITARES LTDA;PJ;ME;1.0;2268.0;2268.0;1;Informado;2026-07-09;;0;sentinela/ausente sem motivo nem situacao de cancelamento -> nao cancelado;;1;Não se aplica;;"{""indicadorSubcontratacao"": false, ""numeroItem"": 3, ""dataInclusao"": ""2026-07-09T12:45:34"", ""niFornecedor"": ""50282249000105"", ""dataCancelamento"": null, ""dataAtualizacao"": ""2026-07-09T12:45:34"", ""tipoPessoa"": ""PJ"", ""nomeRazaoSocialFornecedor"": ""LC LOS COSTAS ARTIGOS MILITARES LTDA"", ""valorTotalHomologado"": 2268.0, ""reservaRemanescente"": {""codigo"": 1, ""nome"": ""Não se aplica""}, ""timezoneCotacaoMoedaEstrangeira"": null, ""moedaEstrangeira"": null, ""valorNominalMoedaEstrangeira"": null, ""dataCotacaoMoedaEstrangeira"": null, ""codigoPais"": ""BRA"", ""porteFornecedorId"": 1, ""quantidadeHomologada"": 1.0, ""valorUnitarioHomologado"": 2268.0, ""percentualDesconto"": 0.0, ""amparoLegalMargemPreferencia"": null, ""amparoLegalCriterioDesempate"": null, ""paisOrigemProdutoServico"": null, ""localidadeExterior"": null, ""ordemClassificacaoSrp"": null, ""dataResultado"": ""2026-07-09"", ""motivoCancelamento"": null, ""numeroControlePNCPCompra"": ""00508903000188-1-001109/2026"", ""situacaoCompraItemResultadoId"": 1, ""porteFornecedorNome"": ""ME"", ""situacaoCompraItemResultadoNome"": ""Informado"", ""sequencialResultado"": 1, ""naturezaJuridicaNome"": ""Sociedade Empresária Limitada"", ""localidadeFornecedor"": null, ""aplicacaoMargemPreferencia"": false, ""aplicacaoBeneficioMeEpp"": false, ""aplicacaoCriterioDesempate"": false, ""naturezaJuridicaId"": ""2062""}";2026-09-12T20:27:32.060636
50956623000100-1-000007/2026;7707210;1;62697272000140;A C F COMERCIO E SERVICOS LTDA;PJ;ME;81.0;22.93;1857.33;1;Informado;2026-07-08;;0;sentinela/ausente sem motivo nem situacao de cancelamento -> nao cancelado;;1;Não se aplica;1.0;"{""indicadorSubcontratacao"": false, ""numeroItem"": 7707210, ""dataInclusao"": ""2026-07-08T17:15:08"", ""niFornecedor"": ""62697272000140"", ""dataCancelamento"": null, ""dataAtualizacao"": ""2026-07-08T17:15:08"", ""tipoPessoa"": ""PJ"", ""nomeRazaoSocialFornecedor"": ""A C F COMERCIO E SERVICOS LTDA"", ""valorTotalHomologado"": 1857.33, ""reservaRemanescente"": {""codigo"": 1, ""nome"": ""Não se aplica""}, ""timezoneCotacaoMoedaEstrangeira"": null, ""moedaEstrangeira"": null, ""valorNominalMoedaEstrangeira"": null, ""dataCotacaoMoedaEstrangeira"": null, ""codigoPais"": ""BRA"", ""porteFornecedorId"": 1, ""quantidadeHomologada"": 81.0, ""valorUnitarioHomologado"": 22.93, ""percentualDesconto"": 43.5916, ""amparoLegalMargemPreferencia"": null, ""amparoLegalCriterioDesempate"": null, ""paisOrigemProdutoServico"": null, ""localidadeExterior"": null, ""ordemClassificacaoSrp"": 1, ""dataResultado"": ""2026-07-08"", ""motivoCancelamento"": null, ""numeroControlePNCPCompra"": ""50956623000100-1-000007/2026"", ""situacaoCompraItemResultadoId"": 1, ""porteFornecedorNome"": ""ME"", ""situacaoCompraItemResultadoNome"": ""Informado"", ""sequencialResultado"": 1, ""naturezaJuridicaNome"": null, ""localidadeFornecedor"": null, ""aplicacaoMargemPreferencia"": false, ""aplicacaoBeneficioMeEpp"": false, ""aplicacaoCriterioDesempate"": false, ""naturezaJuridicaId"": null}";2026-09-12T20:27:37.351247
50956623000100-1-000007/2026;7707211;1;62697272000140;A C F COMERCIO E SERVICOS LTDA;PJ;ME;84.0;21.44;1800.96;1;Informado;2026-07-08;;0;sentinela/ausente sem motivo nem situacao de cancelamento -> nao cancelado;;1;Não se aplica;1.0;"{""indicadorSubcontratacao"": false, ""numeroItem"": 7707211, ""dataInclusao"": ""2026-07-08T17:15:09"", ""niFornecedor"": ""62697272000140"", ""dataCancelamento"": null, ""dataAtualizacao"": ""2026-07-08T17:15:09"", ""tipoPessoa"": ""PJ"", ""nomeRazaoSocialFornecedor"": ""A C F COMERCIO E SERVICOS LTDA"", ""valorTotalHomologado"": 1800.96, ""reservaRemanescente"": {""codigo"": 1, ""nome"": ""Não se aplica""}, ""timezoneCotacaoMoedaEstrangeira"": null, ""moedaEstrangeira"": null, ""valorNominalMoedaEstrangeira"": null, ""dataCotacaoMoedaEstrangeira"": null, ""codigoPais"": ""BRA"", ""porteFornecedorId"": 1, ""quantidadeHomologada"": 84.0, ""valorUnitarioHomologado"": 21.44, ""percentualDesconto"": 43.5789, ""amparoLegalMargemPreferencia"": null, ""amparoLegalCriterioDesempate"": null, ""paisOrigemProdutoServico"": null, ""localidadeExterior"": null, ""ordemClassificacaoSrp"": 1, ""dataResultado"": ""2026-07-08"", ""motivoCancelamento"": null, ""numeroControlePNCPCompra"": ""50956623000100-1-000007/2026"", ""situacaoCompraItemResultadoId"": 1, ""porteFornecedorNome"": ""ME"", ""situacaoCompraItemResultadoNome"": ""Informado"", ""sequencialResultado"": 1, ""naturezaJuridicaNome"": null, ""localidadeFornecedor"": null, ""aplicacaoMargemPreferencia"": false, ""aplicacaoBeneficioMeEpp"": false, ""aplicacaoCriterioDesempate"": false, ""naturezaJuridicaId"": null}";2026-09-12T20:27:43.139551
00394577000559-1-000004/2026;1;1;91603676287;IANDRA SOUSA;PF;Não Informado;100.0;6.3;630.0;1;Informado;2026-08-04;;0;sentinela/ausente sem motivo nem situacao de cancelamento -> nao cancelado;;1;Não se aplica;1.0;"{""indicadorSubcontratacao"": false, ""numeroItem"": 1, ""dataInclusao"": ""2026-08-04T23:50:19"", ""niFornecedor"": ""91603676287"", ""dataCancelamento"": null, ""dataAtualizacao"": ""2026-08-04T23:50:29"", ""tipoPessoa"": ""PF"", ""nomeRazaoSocialFornecedor"": ""IANDRA SOUSA"", ""valorTotalHomologado"": 630.0, ""reservaRemanescente"": {""codigo"": 1, ""nome"": ""Não se aplica""}, ""timezoneCotacaoMoedaEstrangeira"": null, ""moedaEstrangeira"": null, ""valorNominalMoedaEstrangeira"": null, ""dataCotacaoMoedaEstrangeira"": null, ""codigoPais"": ""BRA"", ""porteFornecedorId"": 5, ""quantidadeHomologada"": 100.0, ""valorUnitarioHomologado"": 6.3, ""percentualDesconto"": 0.0, ""amparoLegalMargemPreferencia"": null, ""amparoLegalCriterioDesempate"": null, ""paisOrigemProdutoServico"": null, ""localidadeExterior"": null, ""ordemClassificacaoSrp"": 1, ""dataResultado"": ""2026-08-04"", ""motivoCancelamento"": null, ""numeroControlePNCPCompra"": ""00394577000559-1-000004/2026"", ""situacaoCompraItemResultadoId"": 1, ""porteFornecedorNome"": ""Não Informado"", ""situacaoCompraItemResultadoNome"": ""Informado"", ""sequencialResultado"": 1, ""naturezaJuridicaNome"": ""Natureza Jurídica não informada"", ""localidadeFornecedor"": null, ""aplicacaoMargemPreferencia"": false, ""aplicacaoBeneficioMeEpp"": false, ""aplicacaoCriterioDesempate"": false, ""naturezaJuridicaId"": ""8885""}";2026-09-12T20:27:48.860803
00394577000125-1-000009/2026;5798;1;10400122000129;AL NOGUEIRA COMERCIO E SERVIÇOS;PJ;ME;30.0;383.33;11499.9;1;Informado;2026-09-08;;0;sentinela/ausente sem motivo nem situacao de cancelamento -> nao cancelado;;1;Não se aplica;1.0;"{""indicadorSubcontratacao"": false, ""numeroItem"": 5798, ""dataInclusao"": ""2026-09-08T11:05:31"", ""niFornecedor"": ""10400122000129"", ""dataCancelamento"": null, ""dataAtualizacao"": ""2026-09-08T11:05:31"", ""tipoPessoa"": ""PJ"", ""nomeRazaoSocialFornecedor"": ""AL NOGUEIRA COMERCIO E SERVIÇOS"", ""valorTotalHomologado"": 11499.9, ""reservaRemanescente"": {""codigo"": 1, ""nome"": ""Não se aplica""}, ""timezoneCotacaoMoedaEstrangeira"": null, ""moedaEstrangeira"": null, ""valorNominalMoedaEstrangeira"": null, ""dataCotacaoMoedaEstrangeira"": null, ""codigoPais"": ""BRA"", ""porteFornecedorId"": 1, ""quantidadeHomologada"": 30.0, ""valorUnitarioHomologado"": 383.33, ""percentualDesconto"": 0.4337, ""amparoLegalMargemPreferencia"": null, ""amparoLegalCriterioDesempate"": null, ""paisOrigemProdutoServico"": null, ""localidadeExterior"": null, ""ordemClassificacaoSrp"": 1, ""dataResultado"": ""2026-09-08"", ""motivoCancelamento"": null, ""numeroControlePNCPCompra"": ""00394577000125-1-000009/2026"", ""situacaoCompraItemResultadoId"": 1, ""porteFornecedorNome"": ""ME"", ""situacaoCompraItemResultadoNome"": ""Informado"", ""sequencialResultado"": 1, ""naturezaJuridicaNome"": null, ""localidadeFornecedor"": null, ""aplicacaoMargemPreferencia"": false, ""aplicacaoBeneficioMeEpp"": true, ""aplicacaoCriterioDesempate"": false, ""naturezaJuridicaId"": null}";2026-09-12T20:27:54.039067
34927343000118-1-000051/2026;1;1;65992498000161;M V DE MELO PRIME GESTAO E SOLUCOES;PJ;ME;25.0;77.0;1925.0;1;Informado;2026-09-01;;0;sentinela/ausente sem motivo nem situacao de cancelamento -> nao cancelado;;1;Não se aplica;;"{""indicadorSubcontratacao"": false, ""numeroItem"": 1, ""dataInclusao"": ""2026-09-01T15:32:48"", ""niFornecedor"": ""65992498000161"", ""dataCancelamento"": null, ""dataAtualizacao"": ""2026-09-01T15:32:48"", ""tipoPessoa"": ""PJ"", ""nomeRazaoSocialFornecedor"": ""M V DE MELO PRIME GESTAO E SOLUCOES"", ""valorTotalHomologado"": 1925.0, ""reservaRemanescente"": {""codigo"": 1, ""nome"": ""Não se aplica""}, ""timezoneCotacaoMoedaEstrangeira"": null, ""moedaEstrangeira"": null, ""valorNominalMoedaEstrangeira"": null, ""dataCotacaoMoedaEstrangeira"": null, ""codigoPais"": ""BRA"", ""porteFornecedorId"": 1, ""quantidadeHomologada"": 25.0, ""valorUnitarioHomologado"": 77.0, ""percentualDesconto"": 0.0, ""amparoLegalMargemPreferencia"": null, ""amparoLegalCriterioDesempate"": null, ""paisOrigemProdutoServico"": null, ""localidadeExterior"": null, ""ordemClassificacaoSrp"": null, ""dataResultado"": ""2026-09-01"", ""motivoCancelamento"": null, ""numeroControlePNCPCompra"": ""34927343000118-1-000051/2026"", ""situacaoCompraItemResultadoId"": 1, ""porteFornecedorNome"": ""ME"", ""situacaoCompraItemResultadoNome"": ""Informado"", ""sequencialResultado"": 1, ""naturezaJuridicaNome"": ""Empresário (Individual)"", ""localidadeFornecedor"": null, ""aplicacaoMargemPreferencia"": false, ""aplicacaoBeneficioMeEpp"": false, ""aplicacaoCriterioDesempate"": false, ""naturezaJuridicaId"": ""2135""}";2026-09-12T20:27:59.537995
26461699000180-1-000284/2026;4;1;10505707000103;R. FIGUEIREDO DA COSTA;PJ;ME;4.0;5.6;22.4;1;Informado;2026-09-11;;0;sentinela/ausente sem motivo nem situacao de cancelamento -> nao cancelado;;1;Não se aplica;;"{""indicadorSubcontratacao"": false, ""numeroItem"": 4, ""dataInclusao"": ""2026-09-11T12:42:09"", ""niFornecedor"": ""10505707000103"", ""dataCancelamento"": null, ""dataAtualizacao"": ""2026-09-11T12:42:09"", ""tipoPessoa"": ""PJ"", ""nomeRazaoSocialFornecedor"": ""R. FIGUEIREDO DA COSTA"", ""valorTotalHomologado"": 22.4, ""reservaRemanescente"": {""codigo"": 1, ""nome"": ""Não se aplica""}, ""timezoneCotacaoMoedaEstrangeira"": null, ""moedaEstrangeira"": null, ""valorNominalMoedaEstrangeira"": null, ""dataCotacaoMoedaEstrangeira"": null, ""codigoPais"": ""BRA"", ""porteFornecedorId"": 1, ""quantidadeHomologada"": 4.0, ""valorUnitarioHomologado"": 5.6, ""percentualDesconto"": 0.0, ""amparoLegalMargemPreferencia"": null, ""amparoLegalCriterioDesempate"": null, ""paisOrigemProdutoServico"": null, ""localidadeExterior"": null, ""ordemClassificacaoSrp"": null, ""dataResultado"": ""2026-09-11"", ""motivoCancelamento"": null, ""numeroControlePNCPCompra"": ""26461699000180-1-000284/2026"", ""situacaoCompraItemResultadoId"": 1, ""porteFornecedorNome"": ""ME"", ""situacaoCompraItemResultadoNome"": ""Informado"", ""sequencialResultado"": 1, ""naturezaJuridicaNome"": ""Empresário (Individual)"", ""localidadeFornecedor"": null, ""aplicacaoMargemPreferencia"": false, ""aplicacaoBeneficioMeEpp"": false, ""aplicacaoCriterioDesempate"": false, ""naturezaJuridicaId"": ""2135""}";2026-09-12T20:28:06.629458
10820882000195-1-000033/2025;1;1;61505900000185;G3 LICITACOES LTDA;PJ;Demais;6.0;100.0;600.0;1;Informado;2025-08-15;;0;sentinela/ausente sem motivo nem situacao de cancelamento -> nao cancelado;;1;Não se aplica;1.0;"{""indicadorSubcontratacao"": false, ""numeroItem"": 1, ""dataInclusao"": ""2025-08-15T09:26:10"", ""niFornecedor"": ""61505900000185"", ""dataCancelamento"": null, ""dataAtualizacao"": ""2025-08-15T09:26:10"", ""tipoPessoa"": ""PJ"", ""nomeRazaoSocialFornecedor"": ""G3 LICITACOES LTDA"", ""valorTotalHomologado"": 600.0, ""reservaRemanescente"": {""codigo"": 1, ""nome"": ""Não se aplica""}, ""timezoneCotacaoMoedaEstrangeira"": null, ""moedaEstrangeira"": null, ""valorNominalMoedaEstrangeira"": null, ""dataCotacaoMoedaEstrangeira"": null, ""codigoPais"": ""BRA"", ""porteFornecedorId"": 3, ""quantidadeHomologada"": 6.0, ""valorUnitarioHomologado"": 100.0, ""percentualDesconto"": 0.0, ""amparoLegalMargemPreferencia"": null, ""amparoLegalCriterioDesempate"": null, ""paisOrigemProdutoServico"": null, ""localidadeExterior"": null, ""ordemClassificacaoSrp"": 1, ""dataResultado"": ""2025-08-15"", ""motivoCancelamento"": null, ""numeroControlePNCPCompra"": ""10820882000195-1-000033/2025"", ""situacaoCompraItemResultadoId"": 1, ""porteFornecedorNome"": ""Demais"", ""situacaoCompraItemResultadoNome"": ""Informado"", ""sequencialResultado"": 1, ""naturezaJuridicaNome"": null, ""localidadeFornecedor"": null, ""aplicacaoMargemPreferencia"": false, ""aplicacaoBeneficioMeEpp"": false, ""aplicacaoCriterioDesempate"": false, ""naturezaJuridicaId"": null}";2026-09-12T20:28:13.449807
10820882000195-1-000033/2025;2;1;49174963000109;MVX COMERCIO E SERVICOS LTDA;PJ;Demais;6.0;99.8;598.8;1;Informado;2025-08-15;;0;sentinela/ausente sem motivo nem situacao de cancelamento -> nao cancelado;;1;Não se aplica;1.0;"{""indicadorSubcontratacao"": false, ""numeroItem"": 2, ""dataInclusao"": ""2025-08-15T09:26:11"", ""niFornecedor"": ""49174963000109"", ""dataCancelamento"": null, ""dataAtualizacao"": ""2025-08-15T09:26:11"", ""tipoPessoa"": ""PJ"", ""nomeRazaoSocialFornecedor"": ""MVX COMERCIO E SERVICOS LTDA"", ""valorTotalHomologado"": 598.8, ""reservaRemanescente"": {""codigo"": 1, ""nome"": ""Não se aplica""}, ""timezoneCotacaoMoedaEstrangeira"": null, ""moedaEstrangeira"": null, ""valorNominalMoedaEstrangeira"": null, ""dataCotacaoMoedaEstrangeira"": null, ""codigoPais"": ""BRA"", ""porteFornecedorId"": 3, ""quantidadeHomologada"": 6.0, ""valorUnitarioHomologado"": 99.8, ""percentualDesconto"": 0.0, ""amparoLegalMargemPreferencia"": null, ""amparoLegalCriterioDesempate"": null, ""paisOrigemProdutoServico"": null, ""localidadeExterior"": null, ""ordemClassificacaoSrp"": 1, ""dataResultado"": ""2025-08-15"", ""motivoCancelamento"": null, ""numeroControlePNCPCompra"": ""10820882000195-1-000033/2025"", ""situacaoCompraItemResultadoId"": 1, ""porteFornecedorNome"": ""Demais"", ""situacaoCompraItemResultadoNome"": ""Informado"", ""sequencialResultado"": 1, ""naturezaJuridicaNome"": null, ""localidadeFornecedor"": null, ""aplicacaoMargemPreferencia"": false, ""aplicacaoBeneficioMeEpp"": false, ""aplicacaoCriterioDesempate"": false, ""naturezaJuridicaId"": null}";2026-09-12T20:28:19.958993
10820882000195-1-000033/2025;3;1;49174963000109;MVX COMERCIO E SERVICOS LTDA;PJ;Demais;6.0;120.13;720.78;1;Informado;2025-08-15;;0;sentinela/ausente sem motivo nem situacao de cancelamento -> nao cancelado;;1;Não se aplica;1.0;"{""indicadorSubcontratacao"": false, ""niFornecedor"": ""49174963000109"", ""dataCancelamento"": null, ""dataAtualizacao"": ""2025-08-15T09:26:13"", ""tipoPessoa"": ""PJ"", ""nomeRazaoSocialFornecedor"": ""MVX COMERCIO E SERVICOS LTDA"", ""dataInclusao"": ""2025-08-15T09:26:13"", ""numeroItem"": 3, ""valorTotalHomologado"": 720.78, ""reservaRemanescente"": {""codigo"": 1, ""nome"": ""Não se aplica""}, ""timezoneCotacaoMoedaEstrangeira"": null, ""moedaEstrangeira"": null, ""valorNominalMoedaEstrangeira"": null, ""dataCotacaoMoedaEstrangeira"": null, ""codigoPais"": ""BRA"", ""porteFornecedorId"": 3, ""quantidadeHomologada"": 6.0, ""valorUnitarioHomologado"": 120.13, ""percentualDesconto"": 0.0, ""amparoLegalMargemPreferencia"": null, ""amparoLegalCriterioDesempate"": null, ""paisOrigemProdutoServico"": null, ""localidadeExterior"": null, ""ordemClassificacaoSrp"": 1, ""dataResultado"": ""2025-08-15"", ""motivoCancelamento"": null, ""numeroControlePNCPCompra"": ""10820882000195-1-000033/2025"", ""aplicacaoMargemPreferencia"": false, ""aplicacaoBeneficioMeEpp"": false, ""situacaoCompraItemResultadoId"": 1, ""porteFornecedorNome"": ""Demais"", ""situacaoCompraItemResultadoNome"": ""Informado"", ""sequencialResultado"": 1, ""naturezaJuridicaNome"": null, ""localidadeFornecedor"": null, ""aplicacaoCriterioDesempate"": false, ""naturezaJuridicaId"": null}";2026-09-12T20:28:20.838209
10820882000195-1-000033/2025;4;1;49174963000109;MVX COMERCIO E SERVICOS LTDA;PJ;Demais;6.0;114.77;688.62;1;Informado;2025-08-15;;0;sentinela/ausente sem motivo nem situacao de cancelamento -> nao cancelado;;1;Não se aplica;1.0;"{""indicadorSubcontratacao"": false, ""niFornecedor"": ""49174963000109"", ""dataCancelamento"": null, ""dataAtualizacao"": ""2025-08-15T09:26:15"", ""tipoPessoa"": ""PJ"", ""nomeRazaoSocialFornecedor"": ""MVX COMERCIO E SERVICOS LTDA"", ""dataInclusao"": ""2025-08-15T09:26:15"", ""numeroItem"": 4, ""valorTotalHomologado"": 688.62, ""reservaRemanescente"": {""codigo"": 1, ""nome"": ""Não se aplica""}, ""timezoneCotacaoMoedaEstrangeira"": null, ""moedaEstrangeira"": null, ""valorNominalMoedaEstrangeira"": null, ""dataCotacaoMoedaEstrangeira"": null, ""codigoPais"": ""BRA"", ""porteFornecedorId"": 3, ""quantidadeHomologada"": 6.0, ""valorUnitarioHomologado"": 114.77, ""percentualDesconto"": 0.0, ""amparoLegalMargemPreferencia"": null, ""amparoLegalCriterioDesempate"": null, ""paisOrigemProdutoServico"": null, ""localidadeExterior"": null, ""ordemClassificacaoSrp"": 1, ""dataResultado"": ""2025-08-15"", ""motivoCancelamento"": null, ""numeroControlePNCPCompra"": ""10820882000195-1-000033/2025"", ""aplicacaoMargemPreferencia"": false, ""aplicacaoBeneficioMeEpp"": false, ""situacaoCompraItemResultadoId"": 1, ""porteFornecedorNome"": ""Demais"", ""situacaoCompraItemResultadoNome"": ""Informado"", ""sequencialResultado"": 1, ""naturezaJuridicaNome"": null, ""localidadeFornecedor"": null, ""aplicacaoCriterioDesempate"": false, ""naturezaJuridicaId"": null}";2026-09-12T20:28:21.729782
10820882000195-1-000033/2025;6;1;61505900000185;G3 LICITACOES LTDA;PJ;Demais;6.0;100.0;600.0;1;Informado;2025-08-15;;0;sentinela/ausente sem motivo nem situacao de cancelamento -> nao cancelado;;1;Não se aplica;1.0;"{""indicadorSubcontratacao"": false, ""numeroItem"": 6, ""dataInclusao"": ""2025-08-15T09:26:19"", ""niFornecedor"": ""61505900000185"", ""dataCancelamento"": null, ""dataAtualizacao"": ""2025-08-15T09:26:19"", ""tipoPessoa"": ""PJ"", ""nomeRazaoSocialFornecedor"": ""G3 LICITACOES LTDA"", ""valorTotalHomologado"": 600.0, ""reservaRemanescente"": {""codigo"": 1, ""nome"": ""Não se aplica""}, ""timezoneCotacaoMoedaEstrangeira"": null, ""moedaEstrangeira"": null, ""valorNominalMoedaEstrangeira"": null, ""dataCotacaoMoedaEstrangeira"": null, ""codigoPais"": ""BRA"", ""porteFornecedorId"": 3, ""quantidadeHomologada"": 6.0, ""valorUnitarioHomologado"": 100.0, ""percentualDesconto"": 0.0, ""amparoLegalMargemPreferencia"": null, ""amparoLegalCriterioDesempate"": null, ""paisOrigemProdutoServico"": null, ""localidadeExterior"": null, ""ordemClassificacaoSrp"": 1, ""dataResultado"": ""2025-08-15"", ""motivoCancelamento"": null, ""numeroControlePNCPCompra"": ""10820882000195-1-000033/2025"", ""situacaoCompraItemResultadoId"": 1, ""porteFornecedorNome"": ""Demais"", ""situacaoCompraItemResultadoNome"": ""Informado"", ""sequencialResultado"": 1, ""naturezaJuridicaNome"": null, ""localidadeFornecedor"": null, ""aplicacaoMargemPreferencia"": false, ""aplicacaoBeneficioMeEpp"": false, ""aplicacaoCriterioDesempate"": false, ""naturezaJuridicaId"": null}";2026-09-12T20:28:28.258360
10820882000195-1-000033/2025;8;1;49174963000109;MVX COMERCIO E SERVICOS LTDA;PJ;Demais;6.0;137.72;826.32;1;Informado;2025-08-15;;0;sentinela/ausente sem motivo nem situacao de cancelamento -> nao cancelado;;1;Não se aplica;1.0;"{""indicadorSubcontratacao"": false, ""numeroItem"": 8, ""dataInclusao"": ""2025-08-15T09:26:22"", ""niFornecedor"": ""49174963000109"", ""dataCancelamento"": null, ""dataAtualizacao"": ""2025-08-15T09:26:22"", ""tipoPessoa"": ""PJ"", ""nomeRazaoSocialFornecedor"": ""MVX COMERCIO E SERVICOS LTDA"", ""valorTotalHomologado"": 826.32, ""reservaRemanescente"": {""codigo"": 1, ""nome"": ""Não se aplica""}, ""timezoneCotacaoMoedaEstrangeira"": null, ""moedaEstrangeira"": null, ""valorNominalMoedaEstrangeira"": null, ""dataCotacaoMoedaEstrangeira"": null, ""codigoPais"": ""BRA"", ""porteFornecedorId"": 3, ""quantidadeHomologada"": 6.0, ""valorUnitarioHomologado"": 137.72, ""percentualDesconto"": 0.0, ""amparoLegalMargemPreferencia"": null, ""amparoLegalCriterioDesempate"": null, ""paisOrigemProdutoServico"": null, ""localidadeExterior"": null, ""ordemClassificacaoSrp"": 1, ""dataResultado"": ""2025-08-15"", ""motivoCancelamento"": null, ""numeroControlePNCPCompra"": ""10820882000195-1-000033/2025"", ""situacaoCompraItemResultadoId"": 1, ""porteFornecedorNome"": ""Demais"", ""situacaoCompraItemResultadoNome"": ""Informado"", ""sequencialResultado"": 1, ""naturezaJuridicaNome"": null, ""localidadeFornecedor"": null, ""aplicacaoMargemPreferencia"": false, ""aplicacaoBeneficioMeEpp"": false, ""aplicacaoCriterioDesempate"": false, ""naturezaJuridicaId"": null}";2026-09-12T20:28:35.649190
21744847000150-1-001597/2025;2;1;59989144000165;ADH COMERCIAL DE DISPENSA E LICITACOES LTDA;PJ;Demais;15.0;9.29;139.35;1;Informado;2025-08-20;;0;sentinela/ausente sem motivo nem situacao de cancelamento -> nao cancelado;;1;Não se aplica;1.0;"{""indicadorSubcontratacao"": false, ""numeroItem"": 2, ""dataInclusao"": ""2025-08-20T16:48:18"", ""niFornecedor"": ""59989144000165"", ""dataCancelamento"": null, ""dataAtualizacao"": ""2025-08-20T16:48:18"", ""tipoPessoa"": ""PJ"", ""nomeRazaoSocialFornecedor"": ""ADH COMERCIAL DE DISPENSA E LICITACOES LTDA"", ""valorTotalHomologado"": 139.35, ""reservaRemanescente"": {""codigo"": 1, ""nome"": ""Não se aplica""}, ""timezoneCotacaoMoedaEstrangeira"": null, ""moedaEstrangeira"": null, ""valorNominalMoedaEstrangeira"": null, ""dataCotacaoMoedaEstrangeira"": null, ""codigoPais"": ""BRA"", ""porteFornecedorId"": 3, ""quantidadeHomologada"": 15.0, ""valorUnitarioHomologado"": 9.29, ""percentualDesconto"": 0.0, ""amparoLegalMargemPreferencia"": null, ""amparoLegalCriterioDesempate"": null, ""paisOrigemProdutoServico"": null, ""localidadeExterior"": null, ""ordemClassificacaoSrp"": 1, ""dataResultado"": ""2025-08-20"", ""motivoCancelamento"": null, ""numeroControlePNCPCompra"": ""21744847000150-1-001597/2025"", ""situacaoCompraItemResultadoId"": 1, ""porteFornecedorNome"": ""Demais"", ""situacaoCompraItemResultadoNome"": ""Informado"", ""sequencialResultado"": 1, ""naturezaJuridicaNome"": null, ""localidadeFornecedor"": null, ""aplicacaoMargemPreferencia"": false, ""aplicacaoBeneficioMeEpp"": false, ""aplicacaoCriterioDesempate"": false, ""naturezaJuridicaId"": null}";2026-09-12T20:28:42.238334
21744847000150-1-001597/2025;4;1;59989144000165;ADH COMERCIAL DE DISPENSA E LICITACOES LTDA;PJ;Demais;3.0;39.99;119.97;1;Informado;2025-08-20;;0;sentinela/ausente sem motivo nem situacao de cancelamento -> nao cancelado;;1;Não se aplica;1.0;"{""indicadorSubcontratacao"": false, ""numeroItem"": 4, ""dataInclusao"": ""2025-08-20T16:48:21"", ""niFornecedor"": ""59989144000165"", ""dataCancelamento"": null, ""dataAtualizacao"": ""2025-08-20T16:48:21"", ""tipoPessoa"": ""PJ"", ""nomeRazaoSocialFornecedor"": ""ADH COMERCIAL DE DISPENSA E LICITACOES LTDA"", ""valorTotalHomologado"": 119.97, ""reservaRemanescente"": {""codigo"": 1, ""nome"": ""Não se aplica""}, ""timezoneCotacaoMoedaEstrangeira"": null, ""moedaEstrangeira"": null, ""valorNominalMoedaEstrangeira"": null, ""dataCotacaoMoedaEstrangeira"": null, ""codigoPais"": ""BRA"", ""porteFornecedorId"": 3, ""quantidadeHomologada"": 3.0, ""valorUnitarioHomologado"": 39.99, ""percentualDesconto"": 0.0, ""amparoLegalMargemPreferencia"": null, ""amparoLegalCriterioDesempate"": null, ""paisOrigemProdutoServico"": null, ""localidadeExterior"": null, ""ordemClassificacaoSrp"": 1, ""dataResultado"": ""2025-08-20"", ""motivoCancelamento"": null, ""numeroControlePNCPCompra"": ""21744847000150-1-001597/2025"", ""situacaoCompraItemResultadoId"": 1, ""porteFornecedorNome"": ""Demais"", ""situacaoCompraItemResultadoNome"": ""Informado"", ""sequencialResultado"": 1, ""naturezaJuridicaNome"": null, ""localidadeFornecedor"": null, ""aplicacaoMargemPreferencia"": false, ""aplicacaoBeneficioMeEpp"": false, ""aplicacaoCriterioDesempate"": false, ""naturezaJuridicaId"": null}";2026-09-12T20:28:48.971100
06023862000116-1-000004/2025;3779;1;40392359000176;IMPROVISU COMÉRCIO E REPRESENTAÇÃO LTDA;PJ;ME;60.0;230.0;13800.0;1;Informado;2025-09-15;;0;sentinela/ausente sem motivo nem situacao de cancelamento -> nao cancelado;;1;Não se aplica;2.0;"{""indicadorSubcontratacao"": false, ""numeroItem"": 3779, ""dataInclusao"": ""2025-09-15T12:20:00"", ""niFornecedor"": ""40392359000176"", ""dataCancelamento"": null, ""dataAtualizacao"": ""2025-09-15T12:20:00"", ""tipoPessoa"": ""PJ"", ""nomeRazaoSocialFornecedor"": ""IMPROVISU COMÉRCIO E REPRESENTAÇÃO LTDA"", ""valorTotalHomologado"": 13800.0, ""reservaRemanescente"": {""codigo"": 1, ""nome"": ""Não se aplica""}, ""timezoneCotacaoMoedaEstrangeira"": null, ""moedaEstrangeira"": null, ""valorNominalMoedaEstrangeira"": null, ""dataCotacaoMoedaEstrangeira"": null, ""codigoPais"": ""BRA"", ""porteFornecedorId"": 1, ""quantidadeHomologada"": 60.0, ""valorUnitarioHomologado"": 230.0, ""percentualDesconto"": 30.5135, ""amparoLegalMargemPreferencia"": null, ""amparoLegalCriterioDesempate"": null, ""paisOrigemProdutoServico"": null, ""localidadeExterior"": null, ""ordemClassificacaoSrp"": 2, ""dataResultado"": ""2025-09-15"", ""motivoCancelamento"": null, ""numeroControlePNCPCompra"": ""06023862000116-1-000004/2025"", ""situacaoCompraItemResultadoId"": 1, ""porteFornecedorNome"": ""ME"", ""situacaoCompraItemResultadoNome"": ""Informado"", ""sequencialResultado"": 1, ""naturezaJuridicaNome"": null, ""localidadeFornecedor"": null, ""aplicacaoMargemPreferencia"": false, ""aplicacaoBeneficioMeEpp"": true, ""aplicacaoCriterioDesempate"": false, ""naturezaJuridicaId"": null}";2026-09-12T20:28:54.561397
06023862000116-1-000004/2025;3780;1;40392359000176;IMPROVISU COMÉRCIO E REPRESENTAÇÃO LTDA;PJ;ME;100.0;230.0;23000.0;1;Informado;2025-09-15;;0;sentinela/ausente sem motivo nem situacao de cancelamento -> nao cancelado;;1;Não se aplica;2.0;"{""indicadorSubcontratacao"": false, ""dataInclusao"": ""2025-09-15T12:30:00"", ""numeroItem"": 3780, ""niFornecedor"": ""40392359000176"", ""dataCancelamento"": null, ""dataAtualizacao"": ""2025-09-15T12:30:00"", ""tipoPessoa"": ""PJ"", ""nomeRazaoSocialFornecedor"": ""IMPROVISU COMÉRCIO E REPRESENTAÇÃO LTDA"", ""valorTotalHomologado"": 23000.0, ""reservaRemanescente"": {""codigo"": 1, ""nome"": ""Não se aplica""}, ""timezoneCotacaoMoedaEstrangeira"": null, ""moedaEstrangeira"": null, ""valorNominalMoedaEstrangeira"": null, ""dataCotacaoMoedaEstrangeira"": null, ""codigoPais"": ""BRA"", ""porteFornecedorId"": 1, ""quantidadeHomologada"": 100.0, ""valorUnitarioHomologado"": 230.0, ""percentualDesconto"": 30.5135, ""amparoLegalMargemPreferencia"": null, ""amparoLegalCriterioDesempate"": null, ""paisOrigemProdutoServico"": null, ""localidadeExterior"": null, ""ordemClassificacaoSrp"": 2, ""dataResultado"": ""2025-09-15"", ""motivoCancelamento"": null, ""numeroControlePNCPCompra"": ""06023862000116-1-000004/2025"", ""situacaoCompraItemResultadoId"": 1, ""porteFornecedorNome"": ""ME"", ""situacaoCompraItemResultadoNome"": ""Informado"", ""sequencialResultado"": 1, ""naturezaJuridicaNome"": null, ""localidadeFornecedor"": null, ""aplicacaoMargemPreferencia"": false, ""aplicacaoBeneficioMeEpp"": true, ""aplicacaoCriterioDesempate"": false, ""naturezaJuridicaId"": null}";2026-09-12T20:28:55.439746
